Copyright 1986-2022 Xilinx, Inc. All Rights Reserved. Copyright 2022-2025 Advanced Micro Devices, Inc. All Rights Reserved.
---------------------------------------------------------------------------------------------------------------------------------------------------------------------------------------
| Tool Version : Vivado v.2025.2 (lin64) Build 6299465 Fri Nov 14 12:34:56 MST 2025
| Date         : Thu Mar  5 14:49:31 2026
| Host         : serg running 64-bit Ubuntu 24.04.3 LTS
| Command      : report_bus_skew -warn_on_violation -file top_design_wrapper_bus_skew_routed.rpt -pb top_design_wrapper_bus_skew_routed.pb -rpx top_design_wrapper_bus_skew_routed.rpx
| Design       : top_design_wrapper
| Device       : 7z020-clg400
| Speed File   : -2  PRODUCTION 1.12 2019-11-22
| Design State : Routed
---------------------------------------------------------------------------------------------------------------------------------------------------------------------------------------

Bus Skew Report

Table of Contents
-----------------
1. Bus Skew Report Summary
2. Bus Skew Report Per Constraint

1. Bus Skew Report Summary
--------------------------

Id  Position  From                            To                              Corner  Requirement(ns)  Actual(ns)  Slack(ns)
--  --------  ------------------------------  ------------------------------  ------  ---------------  ----------  ---------
1   159       [get_cells [list {top_design_i/v_axi4s_vid_out_0/inst/COUPLER_INST/generate_async_fifo.FIFO_INST/XPM_FIFO_ASYNC_INST/gnuram_async_fifo.xpm_fifo_base_inst/gen_cdc_pntr.rd_pntr_cdc_inst/src_gray_ff_reg[0]} {top_design_i/v_axi4s_vid_out_0/inst/COUPLER_INST/generate_async_fifo.FIFO_INST/XPM_FIFO_ASYNC_INST/gnuram_async_fifo.xpm_fifo_base_inst/gen_cdc_pntr.rd_pntr_cdc_inst/src_gray_ff_reg[1]} {top_design_i/v_axi4s_vid_out_0/inst/COUPLER_INST/generate_async_fifo.FIFO_INST/XPM_FIFO_ASYNC_INST/gnuram_async_fifo.xpm_fifo_base_inst/gen_cdc_pntr.rd_pntr_cdc_inst/src_gray_ff_reg[2]} {top_design_i/v_axi4s_vid_out_0/inst/COUPLER_INST/generate_async_fifo.FIFO_INST/XPM_FIFO_ASYNC_INST/gnuram_async_fifo.xpm_fifo_base_inst/gen_cdc_pntr.rd_pntr_cdc_inst/src_gray_ff_reg[3]} {top_design_i/v_axi4s_vid_out_0/inst/COUPLER_INST/generate_async_fifo.FIFO_INST/XPM_FIFO_ASYNC_INST/gnuram_async_fifo.xpm_fifo_base_inst/gen_cdc_pntr.rd_pntr_cdc_inst/src_gray_ff_reg[4]} {top_design_i/v_axi4s_vid_out_0/inst/COUPLER_INST/generate_async_fifo.FIFO_INST/XPM_FIFO_ASYNC_INST/gnuram_async_fifo.xpm_fifo_base_inst/gen_cdc_pntr.rd_pntr_cdc_inst/src_gray_ff_reg[5]} {top_design_i/v_axi4s_vid_out_0/inst/COUPLER_INST/generate_async_fifo.FIFO_INST/XPM_FIFO_ASYNC_INST/gnuram_async_fifo.xpm_fifo_base_inst/gen_cdc_pntr.rd_pntr_cdc_inst/src_gray_ff_reg[6]} {top_design_i/v_axi4s_vid_out_0/inst/COUPLER_INST/generate_async_fifo.FIFO_INST/XPM_FIFO_ASYNC_INST/gnuram_async_fifo.xpm_fifo_base_inst/gen_cdc_pntr.rd_pntr_cdc_inst/src_gray_ff_reg[7]} {top_design_i/v_axi4s_vid_out_0/inst/COUPLER_INST/generate_async_fifo.FIFO_INST/XPM_FIFO_ASYNC_INST/gnuram_async_fifo.xpm_fifo_base_inst/gen_cdc_pntr.rd_pntr_cdc_inst/src_gray_ff_reg[8]} {top_design_i/v_axi4s_vid_out_0/inst/COUPLER_INST/generate_async_fifo.FIFO_INST/XPM_FIFO_ASYNC_INST/gnuram_async_fifo.xpm_fifo_base_inst/gen_cdc_pntr.rd_pntr_cdc_inst/src_gray_ff_reg[9]}]]
                                              [get_cells [list {top_design_i/v_axi4s_vid_out_0/inst/COUPLER_INST/generate_async_fifo.FIFO_INST/XPM_FIFO_ASYNC_INST/gnuram_async_fifo.xpm_fifo_base_inst/gen_cdc_pntr.rd_pntr_cdc_inst/dest_graysync_ff_reg[0][0]} {top_design_i/v_axi4s_vid_out_0/inst/COUPLER_INST/generate_async_fifo.FIFO_INST/XPM_FIFO_ASYNC_INST/gnuram_async_fifo.xpm_fifo_base_inst/gen_cdc_pntr.rd_pntr_cdc_inst/dest_graysync_ff_reg[0][1]} {top_design_i/v_axi4s_vid_out_0/inst/COUPLER_INST/generate_async_fifo.FIFO_INST/XPM_FIFO_ASYNC_INST/gnuram_async_fifo.xpm_fifo_base_inst/gen_cdc_pntr.rd_pntr_cdc_inst/dest_graysync_ff_reg[0][2]} {top_design_i/v_axi4s_vid_out_0/inst/COUPLER_INST/generate_async_fifo.FIFO_INST/XPM_FIFO_ASYNC_INST/gnuram_async_fifo.xpm_fifo_base_inst/gen_cdc_pntr.rd_pntr_cdc_inst/dest_graysync_ff_reg[0][3]} {top_design_i/v_axi4s_vid_out_0/inst/COUPLER_INST/generate_async_fifo.FIFO_INST/XPM_FIFO_ASYNC_INST/gnuram_async_fifo.xpm_fifo_base_inst/gen_cdc_pntr.rd_pntr_cdc_inst/dest_graysync_ff_reg[0][4]} {top_design_i/v_axi4s_vid_out_0/inst/COUPLER_INST/generate_async_fifo.FIFO_INST/XPM_FIFO_ASYNC_INST/gnuram_async_fifo.xpm_fifo_base_inst/gen_cdc_pntr.rd_pntr_cdc_inst/dest_graysync_ff_reg[0][5]} {top_design_i/v_axi4s_vid_out_0/inst/COUPLER_INST/generate_async_fifo.FIFO_INST/XPM_FIFO_ASYNC_INST/gnuram_async_fifo.xpm_fifo_base_inst/gen_cdc_pntr.rd_pntr_cdc_inst/dest_graysync_ff_reg[0][6]} {top_design_i/v_axi4s_vid_out_0/inst/COUPLER_INST/generate_async_fifo.FIFO_INST/XPM_FIFO_ASYNC_INST/gnuram_async_fifo.xpm_fifo_base_inst/gen_cdc_pntr.rd_pntr_cdc_inst/dest_graysync_ff_reg[0][7]} {top_design_i/v_axi4s_vid_out_0/inst/COUPLER_INST/generate_async_fifo.FIFO_INST/XPM_FIFO_ASYNC_INST/gnuram_async_fifo.xpm_fifo_base_inst/gen_cdc_pntr.rd_pntr_cdc_inst/dest_graysync_ff_reg[0][8]} {top_design_i/v_axi4s_vid_out_0/inst/COUPLER_INST/generate_async_fifo.FIFO_INST/XPM_FIFO_ASYNC_INST/gnuram_async_fifo.xpm_fifo_base_inst/gen_cdc_pntr.rd_pntr_cdc_inst/dest_graysync_ff_reg[0][9]}]]
                                                                              Slow              6.666       1.017      5.649
2   161       [get_cells [list {top_design_i/v_axi4s_vid_out_0/inst/COUPLER_INST/generate_async_fifo.FIFO_INST/XPM_FIFO_ASYNC_INST/gnuram_async_fifo.xpm_fifo_base_inst/gen_cdc_pntr.wr_pntr_cdc_inst/src_gray_ff_reg[0]} {top_design_i/v_axi4s_vid_out_0/inst/COUPLER_INST/generate_async_fifo.FIFO_INST/XPM_FIFO_ASYNC_INST/gnuram_async_fifo.xpm_fifo_base_inst/gen_cdc_pntr.wr_pntr_cdc_inst/src_gray_ff_reg[1]} {top_design_i/v_axi4s_vid_out_0/inst/COUPLER_INST/generate_async_fifo.FIFO_INST/XPM_FIFO_ASYNC_INST/gnuram_async_fifo.xpm_fifo_base_inst/gen_cdc_pntr.wr_pntr_cdc_inst/src_gray_ff_reg[2]} {top_design_i/v_axi4s_vid_out_0/inst/COUPLER_INST/generate_async_fifo.FIFO_INST/XPM_FIFO_ASYNC_INST/gnuram_async_fifo.xpm_fifo_base_inst/gen_cdc_pntr.wr_pntr_cdc_inst/src_gray_ff_reg[3]} {top_design_i/v_axi4s_vid_out_0/inst/COUPLER_INST/generate_async_fifo.FIFO_INST/XPM_FIFO_ASYNC_INST/gnuram_async_fifo.xpm_fifo_base_inst/gen_cdc_pntr.wr_pntr_cdc_inst/src_gray_ff_reg[4]} {top_design_i/v_axi4s_vid_out_0/inst/COUPLER_INST/generate_async_fifo.FIFO_INST/XPM_FIFO_ASYNC_INST/gnuram_async_fifo.xpm_fifo_base_inst/gen_cdc_pntr.wr_pntr_cdc_inst/src_gray_ff_reg[5]} {top_design_i/v_axi4s_vid_out_0/inst/COUPLER_INST/generate_async_fifo.FIFO_INST/XPM_FIFO_ASYNC_INST/gnuram_async_fifo.xpm_fifo_base_inst/gen_cdc_pntr.wr_pntr_cdc_inst/src_gray_ff_reg[6]} {top_design_i/v_axi4s_vid_out_0/inst/COUPLER_INST/generate_async_fifo.FIFO_INST/XPM_FIFO_ASYNC_INST/gnuram_async_fifo.xpm_fifo_base_inst/gen_cdc_pntr.wr_pntr_cdc_inst/src_gray_ff_reg[7]} {top_design_i/v_axi4s_vid_out_0/inst/COUPLER_INST/generate_async_fifo.FIFO_INST/XPM_FIFO_ASYNC_INST/gnuram_async_fifo.xpm_fifo_base_inst/gen_cdc_pntr.wr_pntr_cdc_inst/src_gray_ff_reg[8]} {top_design_i/v_axi4s_vid_out_0/inst/COUPLER_INST/generate_async_fifo.FIFO_INST/XPM_FIFO_ASYNC_INST/gnuram_async_fifo.xpm_fifo_base_inst/gen_cdc_pntr.wr_pntr_cdc_inst/src_gray_ff_reg[9]}]]
                                              [get_cells [list {top_design_i/v_axi4s_vid_out_0/inst/COUPLER_INST/generate_async_fifo.FIFO_INST/XPM_FIFO_ASYNC_INST/gnuram_async_fifo.xpm_fifo_base_inst/gen_cdc_pntr.wr_pntr_cdc_inst/dest_graysync_ff_reg[0][0]} {top_design_i/v_axi4s_vid_out_0/inst/COUPLER_INST/generate_async_fifo.FIFO_INST/XPM_FIFO_ASYNC_INST/gnuram_async_fifo.xpm_fifo_base_inst/gen_cdc_pntr.wr_pntr_cdc_inst/dest_graysync_ff_reg[0][1]} {top_design_i/v_axi4s_vid_out_0/inst/COUPLER_INST/generate_async_fifo.FIFO_INST/XPM_FIFO_ASYNC_INST/gnuram_async_fifo.xpm_fifo_base_inst/gen_cdc_pntr.wr_pntr_cdc_inst/dest_graysync_ff_reg[0][2]} {top_design_i/v_axi4s_vid_out_0/inst/COUPLER_INST/generate_async_fifo.FIFO_INST/XPM_FIFO_ASYNC_INST/gnuram_async_fifo.xpm_fifo_base_inst/gen_cdc_pntr.wr_pntr_cdc_inst/dest_graysync_ff_reg[0][3]} {top_design_i/v_axi4s_vid_out_0/inst/COUPLER_INST/generate_async_fifo.FIFO_INST/XPM_FIFO_ASYNC_INST/gnuram_async_fifo.xpm_fifo_base_inst/gen_cdc_pntr.wr_pntr_cdc_inst/dest_graysync_ff_reg[0][4]} {top_design_i/v_axi4s_vid_out_0/inst/COUPLER_INST/generate_async_fifo.FIFO_INST/XPM_FIFO_ASYNC_INST/gnuram_async_fifo.xpm_fifo_base_inst/gen_cdc_pntr.wr_pntr_cdc_inst/dest_graysync_ff_reg[0][5]} {top_design_i/v_axi4s_vid_out_0/inst/COUPLER_INST/generate_async_fifo.FIFO_INST/XPM_FIFO_ASYNC_INST/gnuram_async_fifo.xpm_fifo_base_inst/gen_cdc_pntr.wr_pntr_cdc_inst/dest_graysync_ff_reg[0][6]} {top_design_i/v_axi4s_vid_out_0/inst/COUPLER_INST/generate_async_fifo.FIFO_INST/XPM_FIFO_ASYNC_INST/gnuram_async_fifo.xpm_fifo_base_inst/gen_cdc_pntr.wr_pntr_cdc_inst/dest_graysync_ff_reg[0][7]} {top_design_i/v_axi4s_vid_out_0/inst/COUPLER_INST/generate_async_fifo.FIFO_INST/XPM_FIFO_ASYNC_INST/gnuram_async_fifo.xpm_fifo_base_inst/gen_cdc_pntr.wr_pntr_cdc_inst/dest_graysync_ff_reg[0][8]} {top_design_i/v_axi4s_vid_out_0/inst/COUPLER_INST/generate_async_fifo.FIFO_INST/XPM_FIFO_ASYNC_INST/gnuram_async_fifo.xpm_fifo_base_inst/gen_cdc_pntr.wr_pntr_cdc_inst/dest_graysync_ff_reg[0][9]}]]
                                                                              Slow              6.666       0.771      5.895
3   163       [get_cells [list {top_design_i/v_axi4s_vid_out_0/inst/COUPLER_INST/generate_async_fifo.FIFO_INST/XPM_FIFO_ASYNC_INST/gnuram_async_fifo.xpm_fifo_base_inst/gen_cdc_pntr.wr_pntr_cdc_dc_inst/src_gray_ff_reg[0]} \
          {top_design_i/v_axi4s_vid_out_0/inst/COUPLER_INST/generate_async_fifo.FIFO_INST/XPM_FIFO_ASYNC_INST/gnuram_async_fifo.xpm_fifo_base_inst/gen_cdc_pntr.wr_pntr_cdc_dc_inst/src_gray_ff_reg[10]} \
          {top_design_i/v_axi4s_vid_out_0/inst/COUPLER_INST/generate_async_fifo.FIFO_INST/XPM_FIFO_ASYNC_INST/gnuram_async_fifo.xpm_fifo_base_inst/gen_cdc_pntr.wr_pntr_cdc_dc_inst/src_gray_ff_reg[1]} \
          {top_design_i/v_axi4s_vid_out_0/inst/COUPLER_INST/generate_async_fifo.FIFO_INST/XPM_FIFO_ASYNC_INST/gnuram_async_fifo.xpm_fifo_base_inst/gen_cdc_pntr.wr_pntr_cdc_dc_inst/src_gray_ff_reg[2]} \
          {top_design_i/v_axi4s_vid_out_0/inst/COUPLER_INST/generate_async_fifo.FIFO_INST/XPM_FIFO_ASYNC_INST/gnuram_async_fifo.xpm_fifo_base_inst/gen_cdc_pntr.wr_pntr_cdc_dc_inst/src_gray_ff_reg[3]} \
          {top_design_i/v_axi4s_vid_out_0/inst/COUPLER_INST/generate_async_fifo.FIFO_INST/XPM_FIFO_ASYNC_INST/gnuram_async_fifo.xpm_fifo_base_inst/gen_cdc_pntr.wr_pntr_cdc_dc_inst/src_gray_ff_reg[4]} \
          {top_design_i/v_axi4s_vid_out_0/inst/COUPLER_INST/generate_async_fifo.FIFO_INST/XPM_FIFO_ASYNC_INST/gnuram_async_fifo.xpm_fifo_base_inst/gen_cdc_pntr.wr_pntr_cdc_dc_inst/src_gray_ff_reg[5]} \
          {top_design_i/v_axi4s_vid_out_0/inst/COUPLER_INST/generate_async_fifo.FIFO_INST/XPM_FIFO_ASYNC_INST/gnuram_async_fifo.xpm_fifo_base_inst/gen_cdc_pntr.wr_pntr_cdc_dc_inst/src_gray_ff_reg[6]} \
          {top_design_i/v_axi4s_vid_out_0/inst/COUPLER_INST/generate_async_fifo.FIFO_INST/XPM_FIFO_ASYNC_INST/gnuram_async_fifo.xpm_fifo_base_inst/gen_cdc_pntr.wr_pntr_cdc_dc_inst/src_gray_ff_reg[7]} \
          {top_design_i/v_axi4s_vid_out_0/inst/COUPLER_INST/generate_async_fifo.FIFO_INST/XPM_FIFO_ASYNC_INST/gnuram_async_fifo.xpm_fifo_base_inst/gen_cdc_pntr.wr_pntr_cdc_dc_inst/src_gray_ff_reg[8]} \
          {top_design_i/v_axi4s_vid_out_0/inst/COUPLER_INST/generate_async_fifo.FIFO_INST/XPM_FIFO_ASYNC_INST/gnuram_async_fifo.xpm_fifo_base_inst/gen_cdc_pntr.wr_pntr_cdc_dc_inst/src_gray_ff_reg[9]}]]
                                              [get_cells [list {top_design_i/v_axi4s_vid_out_0/inst/COUPLER_INST/generate_async_fifo.FIFO_INST/XPM_FIFO_ASYNC_INST/gnuram_async_fifo.xpm_fifo_base_inst/gen_cdc_pntr.wr_pntr_cdc_dc_inst/dest_graysync_ff_reg[0][0]} \
          {top_design_i/v_axi4s_vid_out_0/inst/COUPLER_INST/generate_async_fifo.FIFO_INST/XPM_FIFO_ASYNC_INST/gnuram_async_fifo.xpm_fifo_base_inst/gen_cdc_pntr.wr_pntr_cdc_dc_inst/dest_graysync_ff_reg[0][10]} \
          {top_design_i/v_axi4s_vid_out_0/inst/COUPLER_INST/generate_async_fifo.FIFO_INST/XPM_FIFO_ASYNC_INST/gnuram_async_fifo.xpm_fifo_base_inst/gen_cdc_pntr.wr_pntr_cdc_dc_inst/dest_graysync_ff_reg[0][1]} \
          {top_design_i/v_axi4s_vid_out_0/inst/COUPLER_INST/generate_async_fifo.FIFO_INST/XPM_FIFO_ASYNC_INST/gnuram_async_fifo.xpm_fifo_base_inst/gen_cdc_pntr.wr_pntr_cdc_dc_inst/dest_graysync_ff_reg[0][2]} \
          {top_design_i/v_axi4s_vid_out_0/inst/COUPLER_INST/generate_async_fifo.FIFO_INST/XPM_FIFO_ASYNC_INST/gnuram_async_fifo.xpm_fifo_base_inst/gen_cdc_pntr.wr_pntr_cdc_dc_inst/dest_graysync_ff_reg[0][3]} \
          {top_design_i/v_axi4s_vid_out_0/inst/COUPLER_INST/generate_async_fifo.FIFO_INST/XPM_FIFO_ASYNC_INST/gnuram_async_fifo.xpm_fifo_base_inst/gen_cdc_pntr.wr_pntr_cdc_dc_inst/dest_graysync_ff_reg[0][4]} \
          {top_design_i/v_axi4s_vid_out_0/inst/COUPLER_INST/generate_async_fifo.FIFO_INST/XPM_FIFO_ASYNC_INST/gnuram_async_fifo.xpm_fifo_base_inst/gen_cdc_pntr.wr_pntr_cdc_dc_inst/dest_graysync_ff_reg[0][5]} \
          {top_design_i/v_axi4s_vid_out_0/inst/COUPLER_INST/generate_async_fifo.FIFO_INST/XPM_FIFO_ASYNC_INST/gnuram_async_fifo.xpm_fifo_base_inst/gen_cdc_pntr.wr_pntr_cdc_dc_inst/dest_graysync_ff_reg[0][6]} \
          {top_design_i/v_axi4s_vid_out_0/inst/COUPLER_INST/generate_async_fifo.FIFO_INST/XPM_FIFO_ASYNC_INST/gnuram_async_fifo.xpm_fifo_base_inst/gen_cdc_pntr.wr_pntr_cdc_dc_inst/dest_graysync_ff_reg[0][7]} \
          {top_design_i/v_axi4s_vid_out_0/inst/COUPLER_INST/generate_async_fifo.FIFO_INST/XPM_FIFO_ASYNC_INST/gnuram_async_fifo.xpm_fifo_base_inst/gen_cdc_pntr.wr_pntr_cdc_dc_inst/dest_graysync_ff_reg[0][8]} \
          {top_design_i/v_axi4s_vid_out_0/inst/COUPLER_INST/generate_async_fifo.FIFO_INST/XPM_FIFO_ASYNC_INST/gnuram_async_fifo.xpm_fifo_base_inst/gen_cdc_pntr.wr_pntr_cdc_dc_inst/dest_graysync_ff_reg[0][9]}]]
                                                                              Slow              6.666       0.648      6.018
4   165       [get_cells [list {top_design_i/v_axi4s_vid_out_0/inst/COUPLER_INST/generate_async_fifo.FIFO_INST/XPM_FIFO_ASYNC_INST/gnuram_async_fifo.xpm_fifo_base_inst/gen_cdc_pntr.rd_pntr_cdc_dc_inst/src_gray_ff_reg[0]} \
          {top_design_i/v_axi4s_vid_out_0/inst/COUPLER_INST/generate_async_fifo.FIFO_INST/XPM_FIFO_ASYNC_INST/gnuram_async_fifo.xpm_fifo_base_inst/gen_cdc_pntr.rd_pntr_cdc_dc_inst/src_gray_ff_reg[10]} \
          {top_design_i/v_axi4s_vid_out_0/inst/COUPLER_INST/generate_async_fifo.FIFO_INST/XPM_FIFO_ASYNC_INST/gnuram_async_fifo.xpm_fifo_base_inst/gen_cdc_pntr.rd_pntr_cdc_dc_inst/src_gray_ff_reg[1]} \
          {top_design_i/v_axi4s_vid_out_0/inst/COUPLER_INST/generate_async_fifo.FIFO_INST/XPM_FIFO_ASYNC_INST/gnuram_async_fifo.xpm_fifo_base_inst/gen_cdc_pntr.rd_pntr_cdc_dc_inst/src_gray_ff_reg[2]} \
          {top_design_i/v_axi4s_vid_out_0/inst/COUPLER_INST/generate_async_fifo.FIFO_INST/XPM_FIFO_ASYNC_INST/gnuram_async_fifo.xpm_fifo_base_inst/gen_cdc_pntr.rd_pntr_cdc_dc_inst/src_gray_ff_reg[3]} \
          {top_design_i/v_axi4s_vid_out_0/inst/COUPLER_INST/generate_async_fifo.FIFO_INST/XPM_FIFO_ASYNC_INST/gnuram_async_fifo.xpm_fifo_base_inst/gen_cdc_pntr.rd_pntr_cdc_dc_inst/src_gray_ff_reg[4]} \
          {top_design_i/v_axi4s_vid_out_0/inst/COUPLER_INST/generate_async_fifo.FIFO_INST/XPM_FIFO_ASYNC_INST/gnuram_async_fifo.xpm_fifo_base_inst/gen_cdc_pntr.rd_pntr_cdc_dc_inst/src_gray_ff_reg[5]} \
          {top_design_i/v_axi4s_vid_out_0/inst/COUPLER_INST/generate_async_fifo.FIFO_INST/XPM_FIFO_ASYNC_INST/gnuram_async_fifo.xpm_fifo_base_inst/gen_cdc_pntr.rd_pntr_cdc_dc_inst/src_gray_ff_reg[6]} \
          {top_design_i/v_axi4s_vid_out_0/inst/COUPLER_INST/generate_async_fifo.FIFO_INST/XPM_FIFO_ASYNC_INST/gnuram_async_fifo.xpm_fifo_base_inst/gen_cdc_pntr.rd_pntr_cdc_dc_inst/src_gray_ff_reg[7]} \
          {top_design_i/v_axi4s_vid_out_0/inst/COUPLER_INST/generate_async_fifo.FIFO_INST/XPM_FIFO_ASYNC_INST/gnuram_async_fifo.xpm_fifo_base_inst/gen_cdc_pntr.rd_pntr_cdc_dc_inst/src_gray_ff_reg[8]} \
          {top_design_i/v_axi4s_vid_out_0/inst/COUPLER_INST/generate_async_fifo.FIFO_INST/XPM_FIFO_ASYNC_INST/gnuram_async_fifo.xpm_fifo_base_inst/gen_cdc_pntr.rd_pntr_cdc_dc_inst/src_gray_ff_reg[9]}]]
                                              [get_cells [list {top_design_i/v_axi4s_vid_out_0/inst/COUPLER_INST/generate_async_fifo.FIFO_INST/XPM_FIFO_ASYNC_INST/gnuram_async_fifo.xpm_fifo_base_inst/gen_cdc_pntr.rd_pntr_cdc_dc_inst/dest_graysync_ff_reg[0][0]} \
          {top_design_i/v_axi4s_vid_out_0/inst/COUPLER_INST/generate_async_fifo.FIFO_INST/XPM_FIFO_ASYNC_INST/gnuram_async_fifo.xpm_fifo_base_inst/gen_cdc_pntr.rd_pntr_cdc_dc_inst/dest_graysync_ff_reg[0][10]} \
          {top_design_i/v_axi4s_vid_out_0/inst/COUPLER_INST/generate_async_fifo.FIFO_INST/XPM_FIFO_ASYNC_INST/gnuram_async_fifo.xpm_fifo_base_inst/gen_cdc_pntr.rd_pntr_cdc_dc_inst/dest_graysync_ff_reg[0][1]} \
          {top_design_i/v_axi4s_vid_out_0/inst/COUPLER_INST/generate_async_fifo.FIFO_INST/XPM_FIFO_ASYNC_INST/gnuram_async_fifo.xpm_fifo_base_inst/gen_cdc_pntr.rd_pntr_cdc_dc_inst/dest_graysync_ff_reg[0][2]} \
          {top_design_i/v_axi4s_vid_out_0/inst/COUPLER_INST/generate_async_fifo.FIFO_INST/XPM_FIFO_ASYNC_INST/gnuram_async_fifo.xpm_fifo_base_inst/gen_cdc_pntr.rd_pntr_cdc_dc_inst/dest_graysync_ff_reg[0][3]} \
          {top_design_i/v_axi4s_vid_out_0/inst/COUPLER_INST/generate_async_fifo.FIFO_INST/XPM_FIFO_ASYNC_INST/gnuram_async_fifo.xpm_fifo_base_inst/gen_cdc_pntr.rd_pntr_cdc_dc_inst/dest_graysync_ff_reg[0][4]} \
          {top_design_i/v_axi4s_vid_out_0/inst/COUPLER_INST/generate_async_fifo.FIFO_INST/XPM_FIFO_ASYNC_INST/gnuram_async_fifo.xpm_fifo_base_inst/gen_cdc_pntr.rd_pntr_cdc_dc_inst/dest_graysync_ff_reg[0][5]} \
          {top_design_i/v_axi4s_vid_out_0/inst/COUPLER_INST/generate_async_fifo.FIFO_INST/XPM_FIFO_ASYNC_INST/gnuram_async_fifo.xpm_fifo_base_inst/gen_cdc_pntr.rd_pntr_cdc_dc_inst/dest_graysync_ff_reg[0][6]} \
          {top_design_i/v_axi4s_vid_out_0/inst/COUPLER_INST/generate_async_fifo.FIFO_INST/XPM_FIFO_ASYNC_INST/gnuram_async_fifo.xpm_fifo_base_inst/gen_cdc_pntr.rd_pntr_cdc_dc_inst/dest_graysync_ff_reg[0][7]} \
          {top_design_i/v_axi4s_vid_out_0/inst/COUPLER_INST/generate_async_fifo.FIFO_INST/XPM_FIFO_ASYNC_INST/gnuram_async_fifo.xpm_fifo_base_inst/gen_cdc_pntr.rd_pntr_cdc_dc_inst/dest_graysync_ff_reg[0][8]} \
          {top_design_i/v_axi4s_vid_out_0/inst/COUPLER_INST/generate_async_fifo.FIFO_INST/XPM_FIFO_ASYNC_INST/gnuram_async_fifo.xpm_fifo_base_inst/gen_cdc_pntr.rd_pntr_cdc_dc_inst/dest_graysync_ff_reg[0][9]}]]
                                                                              Slow              6.666       0.942      5.724
5   185       [get_cells [list {top_design_i/axi_smc/inst/m02_nodes/m02_b_node/inst/inst_mi_handler/gen_normal_area.inst_fifo_node_payld/gen_reg_fifo_async.inst_reg_fifo_async/gen_xpm_cdc_handshake_array[0].inst_cdc_handshake/src_hsdata_ff_reg[6]} {top_design_i/axi_smc/inst/m02_nodes/m02_b_node/inst/inst_mi_handler/gen_normal_area.inst_fifo_node_payld/gen_reg_fifo_async.inst_reg_fifo_async/gen_xpm_cdc_handshake_array[0].inst_cdc_handshake/src_hsdata_ff_reg[5]}]]
                                              [get_cells [list {top_design_i/axi_smc/inst/m02_nodes/m02_b_node/inst/inst_mi_handler/gen_normal_area.inst_fifo_node_payld/gen_reg_fifo_async.inst_reg_fifo_async/gen_xpm_cdc_handshake_array[0].inst_cdc_handshake/dest_hsdata_ff_reg[6]} {top_design_i/axi_smc/inst/m02_nodes/m02_b_node/inst/inst_mi_handler/gen_normal_area.inst_fifo_node_payld/gen_reg_fifo_async.inst_reg_fifo_async/gen_xpm_cdc_handshake_array[0].inst_cdc_handshake/dest_hsdata_ff_reg[5]}]]
                                                                              Slow             30.000       0.354     29.646
6   187       [get_cells [list {top_design_i/axi_smc/inst/m04_nodes/m04_b_node/inst/inst_mi_handler/gen_normal_area.inst_fifo_node_payld/gen_reg_fifo_async.inst_reg_fifo_async/gen_xpm_cdc_handshake_array[0].inst_cdc_handshake/src_hsdata_ff_reg[6]} {top_design_i/axi_smc/inst/m04_nodes/m04_b_node/inst/inst_mi_handler/gen_normal_area.inst_fifo_node_payld/gen_reg_fifo_async.inst_reg_fifo_async/gen_xpm_cdc_handshake_array[0].inst_cdc_handshake/src_hsdata_ff_reg[5]}]]
                                              [get_cells [list {top_design_i/axi_smc/inst/m04_nodes/m04_b_node/inst/inst_mi_handler/gen_normal_area.inst_fifo_node_payld/gen_reg_fifo_async.inst_reg_fifo_async/gen_xpm_cdc_handshake_array[0].inst_cdc_handshake/dest_hsdata_ff_reg[6]} {top_design_i/axi_smc/inst/m04_nodes/m04_b_node/inst/inst_mi_handler/gen_normal_area.inst_fifo_node_payld/gen_reg_fifo_async.inst_reg_fifo_async/gen_xpm_cdc_handshake_array[0].inst_cdc_handshake/dest_hsdata_ff_reg[5]}]]
                                                                              Slow             30.000       0.361     29.639
7   189       [get_cells [list {top_design_i/axi_smc/inst/m03_nodes/m03_b_node/inst/inst_mi_handler/gen_normal_area.inst_fifo_node_payld/gen_reg_fifo_async.inst_reg_fifo_async/gen_xpm_cdc_handshake_array[0].inst_cdc_handshake/src_hsdata_ff_reg[6]} {top_design_i/axi_smc/inst/m03_nodes/m03_b_node/inst/inst_mi_handler/gen_normal_area.inst_fifo_node_payld/gen_reg_fifo_async.inst_reg_fifo_async/gen_xpm_cdc_handshake_array[0].inst_cdc_handshake/src_hsdata_ff_reg[5]}]]
                                              [get_cells [list {top_design_i/axi_smc/inst/m03_nodes/m03_b_node/inst/inst_mi_handler/gen_normal_area.inst_fifo_node_payld/gen_reg_fifo_async.inst_reg_fifo_async/gen_xpm_cdc_handshake_array[0].inst_cdc_handshake/dest_hsdata_ff_reg[6]} {top_design_i/axi_smc/inst/m03_nodes/m03_b_node/inst/inst_mi_handler/gen_normal_area.inst_fifo_node_payld/gen_reg_fifo_async.inst_reg_fifo_async/gen_xpm_cdc_handshake_array[0].inst_cdc_handshake/dest_hsdata_ff_reg[5]}]]
                                                                              Slow             30.000       0.542     29.458
8   191       [get_cells [list {top_design_i/axi_smc/inst/m02_nodes/m02_r_node/inst/inst_mi_handler/gen_normal_area.inst_fifo_node_payld/gen_reg_fifo_async.inst_reg_fifo_async/gen_xpm_cdc_handshake_array[0].inst_cdc_handshake/src_hsdata_ff_reg[43]} \
          {top_design_i/axi_smc/inst/m02_nodes/m02_r_node/inst/inst_mi_handler/gen_normal_area.inst_fifo_node_payld/gen_reg_fifo_async.inst_reg_fifo_async/gen_xpm_cdc_handshake_array[0].inst_cdc_handshake/src_hsdata_ff_reg[44]} \
          {top_design_i/axi_smc/inst/m02_nodes/m02_r_node/inst/inst_mi_handler/gen_normal_area.inst_fifo_node_payld/gen_reg_fifo_async.inst_reg_fifo_async/gen_xpm_cdc_handshake_array[0].inst_cdc_handshake/src_hsdata_ff_reg[45]} \
          {top_design_i/axi_smc/inst/m02_nodes/m02_r_node/inst/inst_mi_handler/gen_normal_area.inst_fifo_node_payld/gen_reg_fifo_async.inst_reg_fifo_async/gen_xpm_cdc_handshake_array[0].inst_cdc_handshake/src_hsdata_ff_reg[46]} \
          {top_design_i/axi_smc/inst/m02_nodes/m02_r_node/inst/inst_mi_handler/gen_normal_area.inst_fifo_node_payld/gen_reg_fifo_async.inst_reg_fifo_async/gen_xpm_cdc_handshake_array[0].inst_cdc_handshake/src_hsdata_ff_reg[47]} \
          {top_design_i/axi_smc/inst/m02_nodes/m02_r_node/inst/inst_mi_handler/gen_normal_area.inst_fifo_node_payld/gen_reg_fifo_async.inst_reg_fifo_async/gen_xpm_cdc_handshake_array[0].inst_cdc_handshake/src_hsdata_ff_reg[52]} \
          {top_design_i/axi_smc/inst/m02_nodes/m02_r_node/inst/inst_mi_handler/gen_normal_area.inst_fifo_node_payld/gen_reg_fifo_async.inst_reg_fifo_async/gen_xpm_cdc_handshake_array[0].inst_cdc_handshake/src_hsdata_ff_reg[51]} \
          {top_design_i/axi_smc/inst/m02_nodes/m02_r_node/inst/inst_mi_handler/gen_normal_area.inst_fifo_node_payld/gen_reg_fifo_async.inst_reg_fifo_async/gen_xpm_cdc_handshake_array[0].inst_cdc_handshake/src_hsdata_ff_reg[50]} \
          {top_design_i/axi_smc/inst/m02_nodes/m02_r_node/inst/inst_mi_handler/gen_normal_area.inst_fifo_node_payld/gen_reg_fifo_async.inst_reg_fifo_async/gen_xpm_cdc_handshake_array[0].inst_cdc_handshake/src_hsdata_ff_reg[48]} \
          {top_design_i/axi_smc/inst/m02_nodes/m02_r_node/inst/inst_mi_handler/gen_normal_area.inst_fifo_node_payld/gen_reg_fifo_async.inst_reg_fifo_async/gen_xpm_cdc_handshake_array[0].inst_cdc_handshake/src_hsdata_ff_reg[18]} \
          {top_design_i/axi_smc/inst/m02_nodes/m02_r_node/inst/inst_mi_handler/gen_normal_area.inst_fifo_node_payld/gen_reg_fifo_async.inst_reg_fifo_async/gen_xpm_cdc_handshake_array[0].inst_cdc_handshake/src_hsdata_ff_reg[19]} \
          {top_design_i/axi_smc/inst/m02_nodes/m02_r_node/inst/inst_mi_handler/gen_normal_area.inst_fifo_node_payld/gen_reg_fifo_async.inst_reg_fifo_async/gen_xpm_cdc_handshake_array[0].inst_cdc_handshake/src_hsdata_ff_reg[21]} \
          {top_design_i/axi_smc/inst/m02_nodes/m02_r_node/inst/inst_mi_handler/gen_normal_area.inst_fifo_node_payld/gen_reg_fifo_async.inst_reg_fifo_async/gen_xpm_cdc_handshake_array[0].inst_cdc_handshake/src_hsdata_ff_reg[22]} \
          {top_design_i/axi_smc/inst/m02_nodes/m02_r_node/inst/inst_mi_handler/gen_normal_area.inst_fifo_node_payld/gen_reg_fifo_async.inst_reg_fifo_async/gen_xpm_cdc_handshake_array[0].inst_cdc_handshake/src_hsdata_ff_reg[23]} \
          {top_design_i/axi_smc/inst/m02_nodes/m02_r_node/inst/inst_mi_handler/gen_normal_area.inst_fifo_node_payld/gen_reg_fifo_async.inst_reg_fifo_async/gen_xpm_cdc_handshake_array[0].inst_cdc_handshake/src_hsdata_ff_reg[24]} \
          {top_design_i/axi_smc/inst/m02_nodes/m02_r_node/inst/inst_mi_handler/gen_normal_area.inst_fifo_node_payld/gen_reg_fifo_async.inst_reg_fifo_async/gen_xpm_cdc_handshake_array[0].inst_cdc_handshake/src_hsdata_ff_reg[25]} \
          {top_design_i/axi_smc/inst/m02_nodes/m02_r_node/inst/inst_mi_handler/gen_normal_area.inst_fifo_node_payld/gen_reg_fifo_async.inst_reg_fifo_async/gen_xpm_cdc_handshake_array[0].inst_cdc_handshake/src_hsdata_ff_reg[26]} \
          {top_design_i/axi_smc/inst/m02_nodes/m02_r_node/inst/inst_mi_handler/gen_normal_area.inst_fifo_node_payld/gen_reg_fifo_async.inst_reg_fifo_async/gen_xpm_cdc_handshake_array[0].inst_cdc_handshake/src_hsdata_ff_reg[27]} \
          {top_design_i/axi_smc/inst/m02_nodes/m02_r_node/inst/inst_mi_handler/gen_normal_area.inst_fifo_node_payld/gen_reg_fifo_async.inst_reg_fifo_async/gen_xpm_cdc_handshake_array[0].inst_cdc_handshake/src_hsdata_ff_reg[28]} \
          {top_design_i/axi_smc/inst/m02_nodes/m02_r_node/inst/inst_mi_handler/gen_normal_area.inst_fifo_node_payld/gen_reg_fifo_async.inst_reg_fifo_async/gen_xpm_cdc_handshake_array[0].inst_cdc_handshake/src_hsdata_ff_reg[29]} \
          {top_design_i/axi_smc/inst/m02_nodes/m02_r_node/inst/inst_mi_handler/gen_normal_area.inst_fifo_node_payld/gen_reg_fifo_async.inst_reg_fifo_async/gen_xpm_cdc_handshake_array[0].inst_cdc_handshake/src_hsdata_ff_reg[30]} \
          {top_design_i/axi_smc/inst/m02_nodes/m02_r_node/inst/inst_mi_handler/gen_normal_area.inst_fifo_node_payld/gen_reg_fifo_async.inst_reg_fifo_async/gen_xpm_cdc_handshake_array[0].inst_cdc_handshake/src_hsdata_ff_reg[31]} \
          {top_design_i/axi_smc/inst/m02_nodes/m02_r_node/inst/inst_mi_handler/gen_normal_area.inst_fifo_node_payld/gen_reg_fifo_async.inst_reg_fifo_async/gen_xpm_cdc_handshake_array[0].inst_cdc_handshake/src_hsdata_ff_reg[32]} \
          {top_design_i/axi_smc/inst/m02_nodes/m02_r_node/inst/inst_mi_handler/gen_normal_area.inst_fifo_node_payld/gen_reg_fifo_async.inst_reg_fifo_async/gen_xpm_cdc_handshake_array[0].inst_cdc_handshake/src_hsdata_ff_reg[33]} \
          {top_design_i/axi_smc/inst/m02_nodes/m02_r_node/inst/inst_mi_handler/gen_normal_area.inst_fifo_node_payld/gen_reg_fifo_async.inst_reg_fifo_async/gen_xpm_cdc_handshake_array[0].inst_cdc_handshake/src_hsdata_ff_reg[34]} \
          {top_design_i/axi_smc/inst/m02_nodes/m02_r_node/inst/inst_mi_handler/gen_normal_area.inst_fifo_node_payld/gen_reg_fifo_async.inst_reg_fifo_async/gen_xpm_cdc_handshake_array[0].inst_cdc_handshake/src_hsdata_ff_reg[35]} \
          {top_design_i/axi_smc/inst/m02_nodes/m02_r_node/inst/inst_mi_handler/gen_normal_area.inst_fifo_node_payld/gen_reg_fifo_async.inst_reg_fifo_async/gen_xpm_cdc_handshake_array[0].inst_cdc_handshake/src_hsdata_ff_reg[36]} \
          {top_design_i/axi_smc/inst/m02_nodes/m02_r_node/inst/inst_mi_handler/gen_normal_area.inst_fifo_node_payld/gen_reg_fifo_async.inst_reg_fifo_async/gen_xpm_cdc_handshake_array[0].inst_cdc_handshake/src_hsdata_ff_reg[37]} \
          {top_design_i/axi_smc/inst/m02_nodes/m02_r_node/inst/inst_mi_handler/gen_normal_area.inst_fifo_node_payld/gen_reg_fifo_async.inst_reg_fifo_async/gen_xpm_cdc_handshake_array[0].inst_cdc_handshake/src_hsdata_ff_reg[38]} \
          {top_design_i/axi_smc/inst/m02_nodes/m02_r_node/inst/inst_mi_handler/gen_normal_area.inst_fifo_node_payld/gen_reg_fifo_async.inst_reg_fifo_async/gen_xpm_cdc_handshake_array[0].inst_cdc_handshake/src_hsdata_ff_reg[39]} \
          {top_design_i/axi_smc/inst/m02_nodes/m02_r_node/inst/inst_mi_handler/gen_normal_area.inst_fifo_node_payld/gen_reg_fifo_async.inst_reg_fifo_async/gen_xpm_cdc_handshake_array[0].inst_cdc_handshake/src_hsdata_ff_reg[49]} \
          {top_design_i/axi_smc/inst/m02_nodes/m02_r_node/inst/inst_mi_handler/gen_normal_area.inst_fifo_node_payld/gen_reg_fifo_async.inst_reg_fifo_async/gen_xpm_cdc_handshake_array[0].inst_cdc_handshake/src_hsdata_ff_reg[40]} \
          {top_design_i/axi_smc/inst/m02_nodes/m02_r_node/inst/inst_mi_handler/gen_normal_area.inst_fifo_node_payld/gen_reg_fifo_async.inst_reg_fifo_async/gen_xpm_cdc_handshake_array[0].inst_cdc_handshake/src_hsdata_ff_reg[41]} \
          {top_design_i/axi_smc/inst/m02_nodes/m02_r_node/inst/inst_mi_handler/gen_normal_area.inst_fifo_node_payld/gen_reg_fifo_async.inst_reg_fifo_async/gen_xpm_cdc_handshake_array[0].inst_cdc_handshake/src_hsdata_ff_reg[42]}]]
                                              [get_cells [list {top_design_i/axi_smc/inst/m02_nodes/m02_r_node/inst/inst_mi_handler/gen_normal_area.inst_fifo_node_payld/gen_reg_fifo_async.inst_reg_fifo_async/gen_xpm_cdc_handshake_array[0].inst_cdc_handshake/dest_hsdata_ff_reg[40]} \
          {top_design_i/axi_smc/inst/m02_nodes/m02_r_node/inst/inst_mi_handler/gen_normal_area.inst_fifo_node_payld/gen_reg_fifo_async.inst_reg_fifo_async/gen_xpm_cdc_handshake_array[0].inst_cdc_handshake/dest_hsdata_ff_reg[41]} \
          {top_design_i/axi_smc/inst/m02_nodes/m02_r_node/inst/inst_mi_handler/gen_normal_area.inst_fifo_node_payld/gen_reg_fifo_async.inst_reg_fifo_async/gen_xpm_cdc_handshake_array[0].inst_cdc_handshake/dest_hsdata_ff_reg[42]} \
          {top_design_i/axi_smc/inst/m02_nodes/m02_r_node/inst/inst_mi_handler/gen_normal_area.inst_fifo_node_payld/gen_reg_fifo_async.inst_reg_fifo_async/gen_xpm_cdc_handshake_array[0].inst_cdc_handshake/dest_hsdata_ff_reg[43]} \
          {top_design_i/axi_smc/inst/m02_nodes/m02_r_node/inst/inst_mi_handler/gen_normal_area.inst_fifo_node_payld/gen_reg_fifo_async.inst_reg_fifo_async/gen_xpm_cdc_handshake_array[0].inst_cdc_handshake/dest_hsdata_ff_reg[44]} \
          {top_design_i/axi_smc/inst/m02_nodes/m02_r_node/inst/inst_mi_handler/gen_normal_area.inst_fifo_node_payld/gen_reg_fifo_async.inst_reg_fifo_async/gen_xpm_cdc_handshake_array[0].inst_cdc_handshake/dest_hsdata_ff_reg[52]} \
          {top_design_i/axi_smc/inst/m02_nodes/m02_r_node/inst/inst_mi_handler/gen_normal_area.inst_fifo_node_payld/gen_reg_fifo_async.inst_reg_fifo_async/gen_xpm_cdc_handshake_array[0].inst_cdc_handshake/dest_hsdata_ff_reg[51]} \
          {top_design_i/axi_smc/inst/m02_nodes/m02_r_node/inst/inst_mi_handler/gen_normal_area.inst_fifo_node_payld/gen_reg_fifo_async.inst_reg_fifo_async/gen_xpm_cdc_handshake_array[0].inst_cdc_handshake/dest_hsdata_ff_reg[50]} \
          {top_design_i/axi_smc/inst/m02_nodes/m02_r_node/inst/inst_mi_handler/gen_normal_area.inst_fifo_node_payld/gen_reg_fifo_async.inst_reg_fifo_async/gen_xpm_cdc_handshake_array[0].inst_cdc_handshake/dest_hsdata_ff_reg[45]} \
          {top_design_i/axi_smc/inst/m02_nodes/m02_r_node/inst/inst_mi_handler/gen_normal_area.inst_fifo_node_payld/gen_reg_fifo_async.inst_reg_fifo_async/gen_xpm_cdc_handshake_array[0].inst_cdc_handshake/dest_hsdata_ff_reg[18]} \
          {top_design_i/axi_smc/inst/m02_nodes/m02_r_node/inst/inst_mi_handler/gen_normal_area.inst_fifo_node_payld/gen_reg_fifo_async.inst_reg_fifo_async/gen_xpm_cdc_handshake_array[0].inst_cdc_handshake/dest_hsdata_ff_reg[19]} \
          {top_design_i/axi_smc/inst/m02_nodes/m02_r_node/inst/inst_mi_handler/gen_normal_area.inst_fifo_node_payld/gen_reg_fifo_async.inst_reg_fifo_async/gen_xpm_cdc_handshake_array[0].inst_cdc_handshake/dest_hsdata_ff_reg[49]} \
          {top_design_i/axi_smc/inst/m02_nodes/m02_r_node/inst/inst_mi_handler/gen_normal_area.inst_fifo_node_payld/gen_reg_fifo_async.inst_reg_fifo_async/gen_xpm_cdc_handshake_array[0].inst_cdc_handshake/dest_hsdata_ff_reg[48]} \
          {top_design_i/axi_smc/inst/m02_nodes/m02_r_node/inst/inst_mi_handler/gen_normal_area.inst_fifo_node_payld/gen_reg_fifo_async.inst_reg_fifo_async/gen_xpm_cdc_handshake_array[0].inst_cdc_handshake/dest_hsdata_ff_reg[21]} \
          {top_design_i/axi_smc/inst/m02_nodes/m02_r_node/inst/inst_mi_handler/gen_normal_area.inst_fifo_node_payld/gen_reg_fifo_async.inst_reg_fifo_async/gen_xpm_cdc_handshake_array[0].inst_cdc_handshake/dest_hsdata_ff_reg[22]} \
          {top_design_i/axi_smc/inst/m02_nodes/m02_r_node/inst/inst_mi_handler/gen_normal_area.inst_fifo_node_payld/gen_reg_fifo_async.inst_reg_fifo_async/gen_xpm_cdc_handshake_array[0].inst_cdc_handshake/dest_hsdata_ff_reg[23]} \
          {top_design_i/axi_smc/inst/m02_nodes/m02_r_node/inst/inst_mi_handler/gen_normal_area.inst_fifo_node_payld/gen_reg_fifo_async.inst_reg_fifo_async/gen_xpm_cdc_handshake_array[0].inst_cdc_handshake/dest_hsdata_ff_reg[24]} \
          {top_design_i/axi_smc/inst/m02_nodes/m02_r_node/inst/inst_mi_handler/gen_normal_area.inst_fifo_node_payld/gen_reg_fifo_async.inst_reg_fifo_async/gen_xpm_cdc_handshake_array[0].inst_cdc_handshake/dest_hsdata_ff_reg[25]} \
          {top_design_i/axi_smc/inst/m02_nodes/m02_r_node/inst/inst_mi_handler/gen_normal_area.inst_fifo_node_payld/gen_reg_fifo_async.inst_reg_fifo_async/gen_xpm_cdc_handshake_array[0].inst_cdc_handshake/dest_hsdata_ff_reg[26]} \
          {top_design_i/axi_smc/inst/m02_nodes/m02_r_node/inst/inst_mi_handler/gen_normal_area.inst_fifo_node_payld/gen_reg_fifo_async.inst_reg_fifo_async/gen_xpm_cdc_handshake_array[0].inst_cdc_handshake/dest_hsdata_ff_reg[27]} \
          {top_design_i/axi_smc/inst/m02_nodes/m02_r_node/inst/inst_mi_handler/gen_normal_area.inst_fifo_node_payld/gen_reg_fifo_async.inst_reg_fifo_async/gen_xpm_cdc_handshake_array[0].inst_cdc_handshake/dest_hsdata_ff_reg[28]} \
          {top_design_i/axi_smc/inst/m02_nodes/m02_r_node/inst/inst_mi_handler/gen_normal_area.inst_fifo_node_payld/gen_reg_fifo_async.inst_reg_fifo_async/gen_xpm_cdc_handshake_array[0].inst_cdc_handshake/dest_hsdata_ff_reg[29]} \
          {top_design_i/axi_smc/inst/m02_nodes/m02_r_node/inst/inst_mi_handler/gen_normal_area.inst_fifo_node_payld/gen_reg_fifo_async.inst_reg_fifo_async/gen_xpm_cdc_handshake_array[0].inst_cdc_handshake/dest_hsdata_ff_reg[47]} \
          {top_design_i/axi_smc/inst/m02_nodes/m02_r_node/inst/inst_mi_handler/gen_normal_area.inst_fifo_node_payld/gen_reg_fifo_async.inst_reg_fifo_async/gen_xpm_cdc_handshake_array[0].inst_cdc_handshake/dest_hsdata_ff_reg[30]} \
          {top_design_i/axi_smc/inst/m02_nodes/m02_r_node/inst/inst_mi_handler/gen_normal_area.inst_fifo_node_payld/gen_reg_fifo_async.inst_reg_fifo_async/gen_xpm_cdc_handshake_array[0].inst_cdc_handshake/dest_hsdata_ff_reg[31]} \
          {top_design_i/axi_smc/inst/m02_nodes/m02_r_node/inst/inst_mi_handler/gen_normal_area.inst_fifo_node_payld/gen_reg_fifo_async.inst_reg_fifo_async/gen_xpm_cdc_handshake_array[0].inst_cdc_handshake/dest_hsdata_ff_reg[32]} \
          {top_design_i/axi_smc/inst/m02_nodes/m02_r_node/inst/inst_mi_handler/gen_normal_area.inst_fifo_node_payld/gen_reg_fifo_async.inst_reg_fifo_async/gen_xpm_cdc_handshake_array[0].inst_cdc_handshake/dest_hsdata_ff_reg[33]} \
          {top_design_i/axi_smc/inst/m02_nodes/m02_r_node/inst/inst_mi_handler/gen_normal_area.inst_fifo_node_payld/gen_reg_fifo_async.inst_reg_fifo_async/gen_xpm_cdc_handshake_array[0].inst_cdc_handshake/dest_hsdata_ff_reg[34]} \
          {top_design_i/axi_smc/inst/m02_nodes/m02_r_node/inst/inst_mi_handler/gen_normal_area.inst_fifo_node_payld/gen_reg_fifo_async.inst_reg_fifo_async/gen_xpm_cdc_handshake_array[0].inst_cdc_handshake/dest_hsdata_ff_reg[35]} \
          {top_design_i/axi_smc/inst/m02_nodes/m02_r_node/inst/inst_mi_handler/gen_normal_area.inst_fifo_node_payld/gen_reg_fifo_async.inst_reg_fifo_async/gen_xpm_cdc_handshake_array[0].inst_cdc_handshake/dest_hsdata_ff_reg[36]} \
          {top_design_i/axi_smc/inst/m02_nodes/m02_r_node/inst/inst_mi_handler/gen_normal_area.inst_fifo_node_payld/gen_reg_fifo_async.inst_reg_fifo_async/gen_xpm_cdc_handshake_array[0].inst_cdc_handshake/dest_hsdata_ff_reg[37]} \
          {top_design_i/axi_smc/inst/m02_nodes/m02_r_node/inst/inst_mi_handler/gen_normal_area.inst_fifo_node_payld/gen_reg_fifo_async.inst_reg_fifo_async/gen_xpm_cdc_handshake_array[0].inst_cdc_handshake/dest_hsdata_ff_reg[38]} \
          {top_design_i/axi_smc/inst/m02_nodes/m02_r_node/inst/inst_mi_handler/gen_normal_area.inst_fifo_node_payld/gen_reg_fifo_async.inst_reg_fifo_async/gen_xpm_cdc_handshake_array[0].inst_cdc_handshake/dest_hsdata_ff_reg[39]} \
          {top_design_i/axi_smc/inst/m02_nodes/m02_r_node/inst/inst_mi_handler/gen_normal_area.inst_fifo_node_payld/gen_reg_fifo_async.inst_reg_fifo_async/gen_xpm_cdc_handshake_array[0].inst_cdc_handshake/dest_hsdata_ff_reg[46]}]]
                                                                              Slow             30.000       0.917     29.083
9   193       [get_cells [list {top_design_i/axi_smc/inst/m04_nodes/m04_r_node/inst/inst_mi_handler/gen_normal_area.inst_fifo_node_payld/gen_reg_fifo_async.inst_reg_fifo_async/gen_xpm_cdc_handshake_array[0].inst_cdc_handshake/src_hsdata_ff_reg[43]} \
          {top_design_i/axi_smc/inst/m04_nodes/m04_r_node/inst/inst_mi_handler/gen_normal_area.inst_fifo_node_payld/gen_reg_fifo_async.inst_reg_fifo_async/gen_xpm_cdc_handshake_array[0].inst_cdc_handshake/src_hsdata_ff_reg[44]} \
          {top_design_i/axi_smc/inst/m04_nodes/m04_r_node/inst/inst_mi_handler/gen_normal_area.inst_fifo_node_payld/gen_reg_fifo_async.inst_reg_fifo_async/gen_xpm_cdc_handshake_array[0].inst_cdc_handshake/src_hsdata_ff_reg[45]} \
          {top_design_i/axi_smc/inst/m04_nodes/m04_r_node/inst/inst_mi_handler/gen_normal_area.inst_fifo_node_payld/gen_reg_fifo_async.inst_reg_fifo_async/gen_xpm_cdc_handshake_array[0].inst_cdc_handshake/src_hsdata_ff_reg[46]} \
          {top_design_i/axi_smc/inst/m04_nodes/m04_r_node/inst/inst_mi_handler/gen_normal_area.inst_fifo_node_payld/gen_reg_fifo_async.inst_reg_fifo_async/gen_xpm_cdc_handshake_array[0].inst_cdc_handshake/src_hsdata_ff_reg[47]} \
          {top_design_i/axi_smc/inst/m04_nodes/m04_r_node/inst/inst_mi_handler/gen_normal_area.inst_fifo_node_payld/gen_reg_fifo_async.inst_reg_fifo_async/gen_xpm_cdc_handshake_array[0].inst_cdc_handshake/src_hsdata_ff_reg[52]} \
          {top_design_i/axi_smc/inst/m04_nodes/m04_r_node/inst/inst_mi_handler/gen_normal_area.inst_fifo_node_payld/gen_reg_fifo_async.inst_reg_fifo_async/gen_xpm_cdc_handshake_array[0].inst_cdc_handshake/src_hsdata_ff_reg[51]} \
          {top_design_i/axi_smc/inst/m04_nodes/m04_r_node/inst/inst_mi_handler/gen_normal_area.inst_fifo_node_payld/gen_reg_fifo_async.inst_reg_fifo_async/gen_xpm_cdc_handshake_array[0].inst_cdc_handshake/src_hsdata_ff_reg[50]} \
          {top_design_i/axi_smc/inst/m04_nodes/m04_r_node/inst/inst_mi_handler/gen_normal_area.inst_fifo_node_payld/gen_reg_fifo_async.inst_reg_fifo_async/gen_xpm_cdc_handshake_array[0].inst_cdc_handshake/src_hsdata_ff_reg[48]} \
          {top_design_i/axi_smc/inst/m04_nodes/m04_r_node/inst/inst_mi_handler/gen_normal_area.inst_fifo_node_payld/gen_reg_fifo_async.inst_reg_fifo_async/gen_xpm_cdc_handshake_array[0].inst_cdc_handshake/src_hsdata_ff_reg[18]} \
          {top_design_i/axi_smc/inst/m04_nodes/m04_r_node/inst/inst_mi_handler/gen_normal_area.inst_fifo_node_payld/gen_reg_fifo_async.inst_reg_fifo_async/gen_xpm_cdc_handshake_array[0].inst_cdc_handshake/src_hsdata_ff_reg[19]} \
          {top_design_i/axi_smc/inst/m04_nodes/m04_r_node/inst/inst_mi_handler/gen_normal_area.inst_fifo_node_payld/gen_reg_fifo_async.inst_reg_fifo_async/gen_xpm_cdc_handshake_array[0].inst_cdc_handshake/src_hsdata_ff_reg[21]} \
          {top_design_i/axi_smc/inst/m04_nodes/m04_r_node/inst/inst_mi_handler/gen_normal_area.inst_fifo_node_payld/gen_reg_fifo_async.inst_reg_fifo_async/gen_xpm_cdc_handshake_array[0].inst_cdc_handshake/src_hsdata_ff_reg[22]} \
          {top_design_i/axi_smc/inst/m04_nodes/m04_r_node/inst/inst_mi_handler/gen_normal_area.inst_fifo_node_payld/gen_reg_fifo_async.inst_reg_fifo_async/gen_xpm_cdc_handshake_array[0].inst_cdc_handshake/src_hsdata_ff_reg[23]} \
          {top_design_i/axi_smc/inst/m04_nodes/m04_r_node/inst/inst_mi_handler/gen_normal_area.inst_fifo_node_payld/gen_reg_fifo_async.inst_reg_fifo_async/gen_xpm_cdc_handshake_array[0].inst_cdc_handshake/src_hsdata_ff_reg[24]} \
          {top_design_i/axi_smc/inst/m04_nodes/m04_r_node/inst/inst_mi_handler/gen_normal_area.inst_fifo_node_payld/gen_reg_fifo_async.inst_reg_fifo_async/gen_xpm_cdc_handshake_array[0].inst_cdc_handshake/src_hsdata_ff_reg[25]} \
          {top_design_i/axi_smc/inst/m04_nodes/m04_r_node/inst/inst_mi_handler/gen_normal_area.inst_fifo_node_payld/gen_reg_fifo_async.inst_reg_fifo_async/gen_xpm_cdc_handshake_array[0].inst_cdc_handshake/src_hsdata_ff_reg[26]} \
          {top_design_i/axi_smc/inst/m04_nodes/m04_r_node/inst/inst_mi_handler/gen_normal_area.inst_fifo_node_payld/gen_reg_fifo_async.inst_reg_fifo_async/gen_xpm_cdc_handshake_array[0].inst_cdc_handshake/src_hsdata_ff_reg[27]} \
          {top_design_i/axi_smc/inst/m04_nodes/m04_r_node/inst/inst_mi_handler/gen_normal_area.inst_fifo_node_payld/gen_reg_fifo_async.inst_reg_fifo_async/gen_xpm_cdc_handshake_array[0].inst_cdc_handshake/src_hsdata_ff_reg[28]} \
          {top_design_i/axi_smc/inst/m04_nodes/m04_r_node/inst/inst_mi_handler/gen_normal_area.inst_fifo_node_payld/gen_reg_fifo_async.inst_reg_fifo_async/gen_xpm_cdc_handshake_array[0].inst_cdc_handshake/src_hsdata_ff_reg[29]} \
          {top_design_i/axi_smc/inst/m04_nodes/m04_r_node/inst/inst_mi_handler/gen_normal_area.inst_fifo_node_payld/gen_reg_fifo_async.inst_reg_fifo_async/gen_xpm_cdc_handshake_array[0].inst_cdc_handshake/src_hsdata_ff_reg[30]} \
          {top_design_i/axi_smc/inst/m04_nodes/m04_r_node/inst/inst_mi_handler/gen_normal_area.inst_fifo_node_payld/gen_reg_fifo_async.inst_reg_fifo_async/gen_xpm_cdc_handshake_array[0].inst_cdc_handshake/src_hsdata_ff_reg[31]} \
          {top_design_i/axi_smc/inst/m04_nodes/m04_r_node/inst/inst_mi_handler/gen_normal_area.inst_fifo_node_payld/gen_reg_fifo_async.inst_reg_fifo_async/gen_xpm_cdc_handshake_array[0].inst_cdc_handshake/src_hsdata_ff_reg[32]} \
          {top_design_i/axi_smc/inst/m04_nodes/m04_r_node/inst/inst_mi_handler/gen_normal_area.inst_fifo_node_payld/gen_reg_fifo_async.inst_reg_fifo_async/gen_xpm_cdc_handshake_array[0].inst_cdc_handshake/src_hsdata_ff_reg[33]} \
          {top_design_i/axi_smc/inst/m04_nodes/m04_r_node/inst/inst_mi_handler/gen_normal_area.inst_fifo_node_payld/gen_reg_fifo_async.inst_reg_fifo_async/gen_xpm_cdc_handshake_array[0].inst_cdc_handshake/src_hsdata_ff_reg[34]} \
          {top_design_i/axi_smc/inst/m04_nodes/m04_r_node/inst/inst_mi_handler/gen_normal_area.inst_fifo_node_payld/gen_reg_fifo_async.inst_reg_fifo_async/gen_xpm_cdc_handshake_array[0].inst_cdc_handshake/src_hsdata_ff_reg[35]} \
          {top_design_i/axi_smc/inst/m04_nodes/m04_r_node/inst/inst_mi_handler/gen_normal_area.inst_fifo_node_payld/gen_reg_fifo_async.inst_reg_fifo_async/gen_xpm_cdc_handshake_array[0].inst_cdc_handshake/src_hsdata_ff_reg[36]} \
          {top_design_i/axi_smc/inst/m04_nodes/m04_r_node/inst/inst_mi_handler/gen_normal_area.inst_fifo_node_payld/gen_reg_fifo_async.inst_reg_fifo_async/gen_xpm_cdc_handshake_array[0].inst_cdc_handshake/src_hsdata_ff_reg[37]} \
          {top_design_i/axi_smc/inst/m04_nodes/m04_r_node/inst/inst_mi_handler/gen_normal_area.inst_fifo_node_payld/gen_reg_fifo_async.inst_reg_fifo_async/gen_xpm_cdc_handshake_array[0].inst_cdc_handshake/src_hsdata_ff_reg[38]} \
          {top_design_i/axi_smc/inst/m04_nodes/m04_r_node/inst/inst_mi_handler/gen_normal_area.inst_fifo_node_payld/gen_reg_fifo_async.inst_reg_fifo_async/gen_xpm_cdc_handshake_array[0].inst_cdc_handshake/src_hsdata_ff_reg[39]} \
          {top_design_i/axi_smc/inst/m04_nodes/m04_r_node/inst/inst_mi_handler/gen_normal_area.inst_fifo_node_payld/gen_reg_fifo_async.inst_reg_fifo_async/gen_xpm_cdc_handshake_array[0].inst_cdc_handshake/src_hsdata_ff_reg[49]} \
          {top_design_i/axi_smc/inst/m04_nodes/m04_r_node/inst/inst_mi_handler/gen_normal_area.inst_fifo_node_payld/gen_reg_fifo_async.inst_reg_fifo_async/gen_xpm_cdc_handshake_array[0].inst_cdc_handshake/src_hsdata_ff_reg[40]} \
          {top_design_i/axi_smc/inst/m04_nodes/m04_r_node/inst/inst_mi_handler/gen_normal_area.inst_fifo_node_payld/gen_reg_fifo_async.inst_reg_fifo_async/gen_xpm_cdc_handshake_array[0].inst_cdc_handshake/src_hsdata_ff_reg[41]} \
          {top_design_i/axi_smc/inst/m04_nodes/m04_r_node/inst/inst_mi_handler/gen_normal_area.inst_fifo_node_payld/gen_reg_fifo_async.inst_reg_fifo_async/gen_xpm_cdc_handshake_array[0].inst_cdc_handshake/src_hsdata_ff_reg[42]}]]
                                              [get_cells [list {top_design_i/axi_smc/inst/m04_nodes/m04_r_node/inst/inst_mi_handler/gen_normal_area.inst_fifo_node_payld/gen_reg_fifo_async.inst_reg_fifo_async/gen_xpm_cdc_handshake_array[0].inst_cdc_handshake/dest_hsdata_ff_reg[40]} \
          {top_design_i/axi_smc/inst/m04_nodes/m04_r_node/inst/inst_mi_handler/gen_normal_area.inst_fifo_node_payld/gen_reg_fifo_async.inst_reg_fifo_async/gen_xpm_cdc_handshake_array[0].inst_cdc_handshake/dest_hsdata_ff_reg[41]} \
          {top_design_i/axi_smc/inst/m04_nodes/m04_r_node/inst/inst_mi_handler/gen_normal_area.inst_fifo_node_payld/gen_reg_fifo_async.inst_reg_fifo_async/gen_xpm_cdc_handshake_array[0].inst_cdc_handshake/dest_hsdata_ff_reg[42]} \
          {top_design_i/axi_smc/inst/m04_nodes/m04_r_node/inst/inst_mi_handler/gen_normal_area.inst_fifo_node_payld/gen_reg_fifo_async.inst_reg_fifo_async/gen_xpm_cdc_handshake_array[0].inst_cdc_handshake/dest_hsdata_ff_reg[43]} \
          {top_design_i/axi_smc/inst/m04_nodes/m04_r_node/inst/inst_mi_handler/gen_normal_area.inst_fifo_node_payld/gen_reg_fifo_async.inst_reg_fifo_async/gen_xpm_cdc_handshake_array[0].inst_cdc_handshake/dest_hsdata_ff_reg[44]} \
          {top_design_i/axi_smc/inst/m04_nodes/m04_r_node/inst/inst_mi_handler/gen_normal_area.inst_fifo_node_payld/gen_reg_fifo_async.inst_reg_fifo_async/gen_xpm_cdc_handshake_array[0].inst_cdc_handshake/dest_hsdata_ff_reg[52]} \
          {top_design_i/axi_smc/inst/m04_nodes/m04_r_node/inst/inst_mi_handler/gen_normal_area.inst_fifo_node_payld/gen_reg_fifo_async.inst_reg_fifo_async/gen_xpm_cdc_handshake_array[0].inst_cdc_handshake/dest_hsdata_ff_reg[51]} \
          {top_design_i/axi_smc/inst/m04_nodes/m04_r_node/inst/inst_mi_handler/gen_normal_area.inst_fifo_node_payld/gen_reg_fifo_async.inst_reg_fifo_async/gen_xpm_cdc_handshake_array[0].inst_cdc_handshake/dest_hsdata_ff_reg[50]} \
          {top_design_i/axi_smc/inst/m04_nodes/m04_r_node/inst/inst_mi_handler/gen_normal_area.inst_fifo_node_payld/gen_reg_fifo_async.inst_reg_fifo_async/gen_xpm_cdc_handshake_array[0].inst_cdc_handshake/dest_hsdata_ff_reg[45]} \
          {top_design_i/axi_smc/inst/m04_nodes/m04_r_node/inst/inst_mi_handler/gen_normal_area.inst_fifo_node_payld/gen_reg_fifo_async.inst_reg_fifo_async/gen_xpm_cdc_handshake_array[0].inst_cdc_handshake/dest_hsdata_ff_reg[18]} \
          {top_design_i/axi_smc/inst/m04_nodes/m04_r_node/inst/inst_mi_handler/gen_normal_area.inst_fifo_node_payld/gen_reg_fifo_async.inst_reg_fifo_async/gen_xpm_cdc_handshake_array[0].inst_cdc_handshake/dest_hsdata_ff_reg[19]} \
          {top_design_i/axi_smc/inst/m04_nodes/m04_r_node/inst/inst_mi_handler/gen_normal_area.inst_fifo_node_payld/gen_reg_fifo_async.inst_reg_fifo_async/gen_xpm_cdc_handshake_array[0].inst_cdc_handshake/dest_hsdata_ff_reg[49]} \
          {top_design_i/axi_smc/inst/m04_nodes/m04_r_node/inst/inst_mi_handler/gen_normal_area.inst_fifo_node_payld/gen_reg_fifo_async.inst_reg_fifo_async/gen_xpm_cdc_handshake_array[0].inst_cdc_handshake/dest_hsdata_ff_reg[48]} \
          {top_design_i/axi_smc/inst/m04_nodes/m04_r_node/inst/inst_mi_handler/gen_normal_area.inst_fifo_node_payld/gen_reg_fifo_async.inst_reg_fifo_async/gen_xpm_cdc_handshake_array[0].inst_cdc_handshake/dest_hsdata_ff_reg[21]} \
          {top_design_i/axi_smc/inst/m04_nodes/m04_r_node/inst/inst_mi_handler/gen_normal_area.inst_fifo_node_payld/gen_reg_fifo_async.inst_reg_fifo_async/gen_xpm_cdc_handshake_array[0].inst_cdc_handshake/dest_hsdata_ff_reg[22]} \
          {top_design_i/axi_smc/inst/m04_nodes/m04_r_node/inst/inst_mi_handler/gen_normal_area.inst_fifo_node_payld/gen_reg_fifo_async.inst_reg_fifo_async/gen_xpm_cdc_handshake_array[0].inst_cdc_handshake/dest_hsdata_ff_reg[23]} \
          {top_design_i/axi_smc/inst/m04_nodes/m04_r_node/inst/inst_mi_handler/gen_normal_area.inst_fifo_node_payld/gen_reg_fifo_async.inst_reg_fifo_async/gen_xpm_cdc_handshake_array[0].inst_cdc_handshake/dest_hsdata_ff_reg[24]} \
          {top_design_i/axi_smc/inst/m04_nodes/m04_r_node/inst/inst_mi_handler/gen_normal_area.inst_fifo_node_payld/gen_reg_fifo_async.inst_reg_fifo_async/gen_xpm_cdc_handshake_array[0].inst_cdc_handshake/dest_hsdata_ff_reg[25]} \
          {top_design_i/axi_smc/inst/m04_nodes/m04_r_node/inst/inst_mi_handler/gen_normal_area.inst_fifo_node_payld/gen_reg_fifo_async.inst_reg_fifo_async/gen_xpm_cdc_handshake_array[0].inst_cdc_handshake/dest_hsdata_ff_reg[26]} \
          {top_design_i/axi_smc/inst/m04_nodes/m04_r_node/inst/inst_mi_handler/gen_normal_area.inst_fifo_node_payld/gen_reg_fifo_async.inst_reg_fifo_async/gen_xpm_cdc_handshake_array[0].inst_cdc_handshake/dest_hsdata_ff_reg[27]} \
          {top_design_i/axi_smc/inst/m04_nodes/m04_r_node/inst/inst_mi_handler/gen_normal_area.inst_fifo_node_payld/gen_reg_fifo_async.inst_reg_fifo_async/gen_xpm_cdc_handshake_array[0].inst_cdc_handshake/dest_hsdata_ff_reg[28]} \
          {top_design_i/axi_smc/inst/m04_nodes/m04_r_node/inst/inst_mi_handler/gen_normal_area.inst_fifo_node_payld/gen_reg_fifo_async.inst_reg_fifo_async/gen_xpm_cdc_handshake_array[0].inst_cdc_handshake/dest_hsdata_ff_reg[29]} \
          {top_design_i/axi_smc/inst/m04_nodes/m04_r_node/inst/inst_mi_handler/gen_normal_area.inst_fifo_node_payld/gen_reg_fifo_async.inst_reg_fifo_async/gen_xpm_cdc_handshake_array[0].inst_cdc_handshake/dest_hsdata_ff_reg[47]} \
          {top_design_i/axi_smc/inst/m04_nodes/m04_r_node/inst/inst_mi_handler/gen_normal_area.inst_fifo_node_payld/gen_reg_fifo_async.inst_reg_fifo_async/gen_xpm_cdc_handshake_array[0].inst_cdc_handshake/dest_hsdata_ff_reg[30]} \
          {top_design_i/axi_smc/inst/m04_nodes/m04_r_node/inst/inst_mi_handler/gen_normal_area.inst_fifo_node_payld/gen_reg_fifo_async.inst_reg_fifo_async/gen_xpm_cdc_handshake_array[0].inst_cdc_handshake/dest_hsdata_ff_reg[31]} \
          {top_design_i/axi_smc/inst/m04_nodes/m04_r_node/inst/inst_mi_handler/gen_normal_area.inst_fifo_node_payld/gen_reg_fifo_async.inst_reg_fifo_async/gen_xpm_cdc_handshake_array[0].inst_cdc_handshake/dest_hsdata_ff_reg[32]} \
          {top_design_i/axi_smc/inst/m04_nodes/m04_r_node/inst/inst_mi_handler/gen_normal_area.inst_fifo_node_payld/gen_reg_fifo_async.inst_reg_fifo_async/gen_xpm_cdc_handshake_array[0].inst_cdc_handshake/dest_hsdata_ff_reg[33]} \
          {top_design_i/axi_smc/inst/m04_nodes/m04_r_node/inst/inst_mi_handler/gen_normal_area.inst_fifo_node_payld/gen_reg_fifo_async.inst_reg_fifo_async/gen_xpm_cdc_handshake_array[0].inst_cdc_handshake/dest_hsdata_ff_reg[34]} \
          {top_design_i/axi_smc/inst/m04_nodes/m04_r_node/inst/inst_mi_handler/gen_normal_area.inst_fifo_node_payld/gen_reg_fifo_async.inst_reg_fifo_async/gen_xpm_cdc_handshake_array[0].inst_cdc_handshake/dest_hsdata_ff_reg[35]} \
          {top_design_i/axi_smc/inst/m04_nodes/m04_r_node/inst/inst_mi_handler/gen_normal_area.inst_fifo_node_payld/gen_reg_fifo_async.inst_reg_fifo_async/gen_xpm_cdc_handshake_array[0].inst_cdc_handshake/dest_hsdata_ff_reg[36]} \
          {top_design_i/axi_smc/inst/m04_nodes/m04_r_node/inst/inst_mi_handler/gen_normal_area.inst_fifo_node_payld/gen_reg_fifo_async.inst_reg_fifo_async/gen_xpm_cdc_handshake_array[0].inst_cdc_handshake/dest_hsdata_ff_reg[37]} \
          {top_design_i/axi_smc/inst/m04_nodes/m04_r_node/inst/inst_mi_handler/gen_normal_area.inst_fifo_node_payld/gen_reg_fifo_async.inst_reg_fifo_async/gen_xpm_cdc_handshake_array[0].inst_cdc_handshake/dest_hsdata_ff_reg[38]} \
          {top_design_i/axi_smc/inst/m04_nodes/m04_r_node/inst/inst_mi_handler/gen_normal_area.inst_fifo_node_payld/gen_reg_fifo_async.inst_reg_fifo_async/gen_xpm_cdc_handshake_array[0].inst_cdc_handshake/dest_hsdata_ff_reg[39]} \
          {top_design_i/axi_smc/inst/m04_nodes/m04_r_node/inst/inst_mi_handler/gen_normal_area.inst_fifo_node_payld/gen_reg_fifo_async.inst_reg_fifo_async/gen_xpm_cdc_handshake_array[0].inst_cdc_handshake/dest_hsdata_ff_reg[46]}]]
                                                                              Slow             30.000       0.954     29.046
10  195       [get_cells [list {top_design_i/axi_smc/inst/m03_nodes/m03_r_node/inst/inst_mi_handler/gen_normal_area.inst_fifo_node_payld/gen_reg_fifo_async.inst_reg_fifo_async/gen_xpm_cdc_handshake_array[0].inst_cdc_handshake/src_hsdata_ff_reg[43]} \
          {top_design_i/axi_smc/inst/m03_nodes/m03_r_node/inst/inst_mi_handler/gen_normal_area.inst_fifo_node_payld/gen_reg_fifo_async.inst_reg_fifo_async/gen_xpm_cdc_handshake_array[0].inst_cdc_handshake/src_hsdata_ff_reg[44]} \
          {top_design_i/axi_smc/inst/m03_nodes/m03_r_node/inst/inst_mi_handler/gen_normal_area.inst_fifo_node_payld/gen_reg_fifo_async.inst_reg_fifo_async/gen_xpm_cdc_handshake_array[0].inst_cdc_handshake/src_hsdata_ff_reg[45]} \
          {top_design_i/axi_smc/inst/m03_nodes/m03_r_node/inst/inst_mi_handler/gen_normal_area.inst_fifo_node_payld/gen_reg_fifo_async.inst_reg_fifo_async/gen_xpm_cdc_handshake_array[0].inst_cdc_handshake/src_hsdata_ff_reg[46]} \
          {top_design_i/axi_smc/inst/m03_nodes/m03_r_node/inst/inst_mi_handler/gen_normal_area.inst_fifo_node_payld/gen_reg_fifo_async.inst_reg_fifo_async/gen_xpm_cdc_handshake_array[0].inst_cdc_handshake/src_hsdata_ff_reg[47]} \
          {top_design_i/axi_smc/inst/m03_nodes/m03_r_node/inst/inst_mi_handler/gen_normal_area.inst_fifo_node_payld/gen_reg_fifo_async.inst_reg_fifo_async/gen_xpm_cdc_handshake_array[0].inst_cdc_handshake/src_hsdata_ff_reg[52]} \
          {top_design_i/axi_smc/inst/m03_nodes/m03_r_node/inst/inst_mi_handler/gen_normal_area.inst_fifo_node_payld/gen_reg_fifo_async.inst_reg_fifo_async/gen_xpm_cdc_handshake_array[0].inst_cdc_handshake/src_hsdata_ff_reg[51]} \
          {top_design_i/axi_smc/inst/m03_nodes/m03_r_node/inst/inst_mi_handler/gen_normal_area.inst_fifo_node_payld/gen_reg_fifo_async.inst_reg_fifo_async/gen_xpm_cdc_handshake_array[0].inst_cdc_handshake/src_hsdata_ff_reg[50]} \
          {top_design_i/axi_smc/inst/m03_nodes/m03_r_node/inst/inst_mi_handler/gen_normal_area.inst_fifo_node_payld/gen_reg_fifo_async.inst_reg_fifo_async/gen_xpm_cdc_handshake_array[0].inst_cdc_handshake/src_hsdata_ff_reg[48]} \
          {top_design_i/axi_smc/inst/m03_nodes/m03_r_node/inst/inst_mi_handler/gen_normal_area.inst_fifo_node_payld/gen_reg_fifo_async.inst_reg_fifo_async/gen_xpm_cdc_handshake_array[0].inst_cdc_handshake/src_hsdata_ff_reg[18]} \
          {top_design_i/axi_smc/inst/m03_nodes/m03_r_node/inst/inst_mi_handler/gen_normal_area.inst_fifo_node_payld/gen_reg_fifo_async.inst_reg_fifo_async/gen_xpm_cdc_handshake_array[0].inst_cdc_handshake/src_hsdata_ff_reg[19]} \
          {top_design_i/axi_smc/inst/m03_nodes/m03_r_node/inst/inst_mi_handler/gen_normal_area.inst_fifo_node_payld/gen_reg_fifo_async.inst_reg_fifo_async/gen_xpm_cdc_handshake_array[0].inst_cdc_handshake/src_hsdata_ff_reg[21]} \
          {top_design_i/axi_smc/inst/m03_nodes/m03_r_node/inst/inst_mi_handler/gen_normal_area.inst_fifo_node_payld/gen_reg_fifo_async.inst_reg_fifo_async/gen_xpm_cdc_handshake_array[0].inst_cdc_handshake/src_hsdata_ff_reg[22]} \
          {top_design_i/axi_smc/inst/m03_nodes/m03_r_node/inst/inst_mi_handler/gen_normal_area.inst_fifo_node_payld/gen_reg_fifo_async.inst_reg_fifo_async/gen_xpm_cdc_handshake_array[0].inst_cdc_handshake/src_hsdata_ff_reg[23]} \
          {top_design_i/axi_smc/inst/m03_nodes/m03_r_node/inst/inst_mi_handler/gen_normal_area.inst_fifo_node_payld/gen_reg_fifo_async.inst_reg_fifo_async/gen_xpm_cdc_handshake_array[0].inst_cdc_handshake/src_hsdata_ff_reg[24]} \
          {top_design_i/axi_smc/inst/m03_nodes/m03_r_node/inst/inst_mi_handler/gen_normal_area.inst_fifo_node_payld/gen_reg_fifo_async.inst_reg_fifo_async/gen_xpm_cdc_handshake_array[0].inst_cdc_handshake/src_hsdata_ff_reg[25]} \
          {top_design_i/axi_smc/inst/m03_nodes/m03_r_node/inst/inst_mi_handler/gen_normal_area.inst_fifo_node_payld/gen_reg_fifo_async.inst_reg_fifo_async/gen_xpm_cdc_handshake_array[0].inst_cdc_handshake/src_hsdata_ff_reg[26]} \
          {top_design_i/axi_smc/inst/m03_nodes/m03_r_node/inst/inst_mi_handler/gen_normal_area.inst_fifo_node_payld/gen_reg_fifo_async.inst_reg_fifo_async/gen_xpm_cdc_handshake_array[0].inst_cdc_handshake/src_hsdata_ff_reg[27]} \
          {top_design_i/axi_smc/inst/m03_nodes/m03_r_node/inst/inst_mi_handler/gen_normal_area.inst_fifo_node_payld/gen_reg_fifo_async.inst_reg_fifo_async/gen_xpm_cdc_handshake_array[0].inst_cdc_handshake/src_hsdata_ff_reg[28]} \
          {top_design_i/axi_smc/inst/m03_nodes/m03_r_node/inst/inst_mi_handler/gen_normal_area.inst_fifo_node_payld/gen_reg_fifo_async.inst_reg_fifo_async/gen_xpm_cdc_handshake_array[0].inst_cdc_handshake/src_hsdata_ff_reg[29]} \
          {top_design_i/axi_smc/inst/m03_nodes/m03_r_node/inst/inst_mi_handler/gen_normal_area.inst_fifo_node_payld/gen_reg_fifo_async.inst_reg_fifo_async/gen_xpm_cdc_handshake_array[0].inst_cdc_handshake/src_hsdata_ff_reg[30]} \
          {top_design_i/axi_smc/inst/m03_nodes/m03_r_node/inst/inst_mi_handler/gen_normal_area.inst_fifo_node_payld/gen_reg_fifo_async.inst_reg_fifo_async/gen_xpm_cdc_handshake_array[0].inst_cdc_handshake/src_hsdata_ff_reg[31]} \
          {top_design_i/axi_smc/inst/m03_nodes/m03_r_node/inst/inst_mi_handler/gen_normal_area.inst_fifo_node_payld/gen_reg_fifo_async.inst_reg_fifo_async/gen_xpm_cdc_handshake_array[0].inst_cdc_handshake/src_hsdata_ff_reg[32]} \
          {top_design_i/axi_smc/inst/m03_nodes/m03_r_node/inst/inst_mi_handler/gen_normal_area.inst_fifo_node_payld/gen_reg_fifo_async.inst_reg_fifo_async/gen_xpm_cdc_handshake_array[0].inst_cdc_handshake/src_hsdata_ff_reg[33]} \
          {top_design_i/axi_smc/inst/m03_nodes/m03_r_node/inst/inst_mi_handler/gen_normal_area.inst_fifo_node_payld/gen_reg_fifo_async.inst_reg_fifo_async/gen_xpm_cdc_handshake_array[0].inst_cdc_handshake/src_hsdata_ff_reg[34]} \
          {top_design_i/axi_smc/inst/m03_nodes/m03_r_node/inst/inst_mi_handler/gen_normal_area.inst_fifo_node_payld/gen_reg_fifo_async.inst_reg_fifo_async/gen_xpm_cdc_handshake_array[0].inst_cdc_handshake/src_hsdata_ff_reg[35]} \
          {top_design_i/axi_smc/inst/m03_nodes/m03_r_node/inst/inst_mi_handler/gen_normal_area.inst_fifo_node_payld/gen_reg_fifo_async.inst_reg_fifo_async/gen_xpm_cdc_handshake_array[0].inst_cdc_handshake/src_hsdata_ff_reg[36]} \
          {top_design_i/axi_smc/inst/m03_nodes/m03_r_node/inst/inst_mi_handler/gen_normal_area.inst_fifo_node_payld/gen_reg_fifo_async.inst_reg_fifo_async/gen_xpm_cdc_handshake_array[0].inst_cdc_handshake/src_hsdata_ff_reg[37]} \
          {top_design_i/axi_smc/inst/m03_nodes/m03_r_node/inst/inst_mi_handler/gen_normal_area.inst_fifo_node_payld/gen_reg_fifo_async.inst_reg_fifo_async/gen_xpm_cdc_handshake_array[0].inst_cdc_handshake/src_hsdata_ff_reg[38]} \
          {top_design_i/axi_smc/inst/m03_nodes/m03_r_node/inst/inst_mi_handler/gen_normal_area.inst_fifo_node_payld/gen_reg_fifo_async.inst_reg_fifo_async/gen_xpm_cdc_handshake_array[0].inst_cdc_handshake/src_hsdata_ff_reg[39]} \
          {top_design_i/axi_smc/inst/m03_nodes/m03_r_node/inst/inst_mi_handler/gen_normal_area.inst_fifo_node_payld/gen_reg_fifo_async.inst_reg_fifo_async/gen_xpm_cdc_handshake_array[0].inst_cdc_handshake/src_hsdata_ff_reg[49]} \
          {top_design_i/axi_smc/inst/m03_nodes/m03_r_node/inst/inst_mi_handler/gen_normal_area.inst_fifo_node_payld/gen_reg_fifo_async.inst_reg_fifo_async/gen_xpm_cdc_handshake_array[0].inst_cdc_handshake/src_hsdata_ff_reg[40]} \
          {top_design_i/axi_smc/inst/m03_nodes/m03_r_node/inst/inst_mi_handler/gen_normal_area.inst_fifo_node_payld/gen_reg_fifo_async.inst_reg_fifo_async/gen_xpm_cdc_handshake_array[0].inst_cdc_handshake/src_hsdata_ff_reg[41]} \
          {top_design_i/axi_smc/inst/m03_nodes/m03_r_node/inst/inst_mi_handler/gen_normal_area.inst_fifo_node_payld/gen_reg_fifo_async.inst_reg_fifo_async/gen_xpm_cdc_handshake_array[0].inst_cdc_handshake/src_hsdata_ff_reg[42]}]]
                                              [get_cells [list {top_design_i/axi_smc/inst/m03_nodes/m03_r_node/inst/inst_mi_handler/gen_normal_area.inst_fifo_node_payld/gen_reg_fifo_async.inst_reg_fifo_async/gen_xpm_cdc_handshake_array[0].inst_cdc_handshake/dest_hsdata_ff_reg[40]} \
          {top_design_i/axi_smc/inst/m03_nodes/m03_r_node/inst/inst_mi_handler/gen_normal_area.inst_fifo_node_payld/gen_reg_fifo_async.inst_reg_fifo_async/gen_xpm_cdc_handshake_array[0].inst_cdc_handshake/dest_hsdata_ff_reg[41]} \
          {top_design_i/axi_smc/inst/m03_nodes/m03_r_node/inst/inst_mi_handler/gen_normal_area.inst_fifo_node_payld/gen_reg_fifo_async.inst_reg_fifo_async/gen_xpm_cdc_handshake_array[0].inst_cdc_handshake/dest_hsdata_ff_reg[42]} \
          {top_design_i/axi_smc/inst/m03_nodes/m03_r_node/inst/inst_mi_handler/gen_normal_area.inst_fifo_node_payld/gen_reg_fifo_async.inst_reg_fifo_async/gen_xpm_cdc_handshake_array[0].inst_cdc_handshake/dest_hsdata_ff_reg[43]} \
          {top_design_i/axi_smc/inst/m03_nodes/m03_r_node/inst/inst_mi_handler/gen_normal_area.inst_fifo_node_payld/gen_reg_fifo_async.inst_reg_fifo_async/gen_xpm_cdc_handshake_array[0].inst_cdc_handshake/dest_hsdata_ff_reg[44]} \
          {top_design_i/axi_smc/inst/m03_nodes/m03_r_node/inst/inst_mi_handler/gen_normal_area.inst_fifo_node_payld/gen_reg_fifo_async.inst_reg_fifo_async/gen_xpm_cdc_handshake_array[0].inst_cdc_handshake/dest_hsdata_ff_reg[52]} \
          {top_design_i/axi_smc/inst/m03_nodes/m03_r_node/inst/inst_mi_handler/gen_normal_area.inst_fifo_node_payld/gen_reg_fifo_async.inst_reg_fifo_async/gen_xpm_cdc_handshake_array[0].inst_cdc_handshake/dest_hsdata_ff_reg[51]} \
          {top_design_i/axi_smc/inst/m03_nodes/m03_r_node/inst/inst_mi_handler/gen_normal_area.inst_fifo_node_payld/gen_reg_fifo_async.inst_reg_fifo_async/gen_xpm_cdc_handshake_array[0].inst_cdc_handshake/dest_hsdata_ff_reg[50]} \
          {top_design_i/axi_smc/inst/m03_nodes/m03_r_node/inst/inst_mi_handler/gen_normal_area.inst_fifo_node_payld/gen_reg_fifo_async.inst_reg_fifo_async/gen_xpm_cdc_handshake_array[0].inst_cdc_handshake/dest_hsdata_ff_reg[45]} \
          {top_design_i/axi_smc/inst/m03_nodes/m03_r_node/inst/inst_mi_handler/gen_normal_area.inst_fifo_node_payld/gen_reg_fifo_async.inst_reg_fifo_async/gen_xpm_cdc_handshake_array[0].inst_cdc_handshake/dest_hsdata_ff_reg[18]} \
          {top_design_i/axi_smc/inst/m03_nodes/m03_r_node/inst/inst_mi_handler/gen_normal_area.inst_fifo_node_payld/gen_reg_fifo_async.inst_reg_fifo_async/gen_xpm_cdc_handshake_array[0].inst_cdc_handshake/dest_hsdata_ff_reg[19]} \
          {top_design_i/axi_smc/inst/m03_nodes/m03_r_node/inst/inst_mi_handler/gen_normal_area.inst_fifo_node_payld/gen_reg_fifo_async.inst_reg_fifo_async/gen_xpm_cdc_handshake_array[0].inst_cdc_handshake/dest_hsdata_ff_reg[49]} \
          {top_design_i/axi_smc/inst/m03_nodes/m03_r_node/inst/inst_mi_handler/gen_normal_area.inst_fifo_node_payld/gen_reg_fifo_async.inst_reg_fifo_async/gen_xpm_cdc_handshake_array[0].inst_cdc_handshake/dest_hsdata_ff_reg[48]} \
          {top_design_i/axi_smc/inst/m03_nodes/m03_r_node/inst/inst_mi_handler/gen_normal_area.inst_fifo_node_payld/gen_reg_fifo_async.inst_reg_fifo_async/gen_xpm_cdc_handshake_array[0].inst_cdc_handshake/dest_hsdata_ff_reg[21]} \
          {top_design_i/axi_smc/inst/m03_nodes/m03_r_node/inst/inst_mi_handler/gen_normal_area.inst_fifo_node_payld/gen_reg_fifo_async.inst_reg_fifo_async/gen_xpm_cdc_handshake_array[0].inst_cdc_handshake/dest_hsdata_ff_reg[22]} \
          {top_design_i/axi_smc/inst/m03_nodes/m03_r_node/inst/inst_mi_handler/gen_normal_area.inst_fifo_node_payld/gen_reg_fifo_async.inst_reg_fifo_async/gen_xpm_cdc_handshake_array[0].inst_cdc_handshake/dest_hsdata_ff_reg[23]} \
          {top_design_i/axi_smc/inst/m03_nodes/m03_r_node/inst/inst_mi_handler/gen_normal_area.inst_fifo_node_payld/gen_reg_fifo_async.inst_reg_fifo_async/gen_xpm_cdc_handshake_array[0].inst_cdc_handshake/dest_hsdata_ff_reg[24]} \
          {top_design_i/axi_smc/inst/m03_nodes/m03_r_node/inst/inst_mi_handler/gen_normal_area.inst_fifo_node_payld/gen_reg_fifo_async.inst_reg_fifo_async/gen_xpm_cdc_handshake_array[0].inst_cdc_handshake/dest_hsdata_ff_reg[25]} \
          {top_design_i/axi_smc/inst/m03_nodes/m03_r_node/inst/inst_mi_handler/gen_normal_area.inst_fifo_node_payld/gen_reg_fifo_async.inst_reg_fifo_async/gen_xpm_cdc_handshake_array[0].inst_cdc_handshake/dest_hsdata_ff_reg[26]} \
          {top_design_i/axi_smc/inst/m03_nodes/m03_r_node/inst/inst_mi_handler/gen_normal_area.inst_fifo_node_payld/gen_reg_fifo_async.inst_reg_fifo_async/gen_xpm_cdc_handshake_array[0].inst_cdc_handshake/dest_hsdata_ff_reg[27]} \
          {top_design_i/axi_smc/inst/m03_nodes/m03_r_node/inst/inst_mi_handler/gen_normal_area.inst_fifo_node_payld/gen_reg_fifo_async.inst_reg_fifo_async/gen_xpm_cdc_handshake_array[0].inst_cdc_handshake/dest_hsdata_ff_reg[28]} \
          {top_design_i/axi_smc/inst/m03_nodes/m03_r_node/inst/inst_mi_handler/gen_normal_area.inst_fifo_node_payld/gen_reg_fifo_async.inst_reg_fifo_async/gen_xpm_cdc_handshake_array[0].inst_cdc_handshake/dest_hsdata_ff_reg[29]} \
          {top_design_i/axi_smc/inst/m03_nodes/m03_r_node/inst/inst_mi_handler/gen_normal_area.inst_fifo_node_payld/gen_reg_fifo_async.inst_reg_fifo_async/gen_xpm_cdc_handshake_array[0].inst_cdc_handshake/dest_hsdata_ff_reg[47]} \
          {top_design_i/axi_smc/inst/m03_nodes/m03_r_node/inst/inst_mi_handler/gen_normal_area.inst_fifo_node_payld/gen_reg_fifo_async.inst_reg_fifo_async/gen_xpm_cdc_handshake_array[0].inst_cdc_handshake/dest_hsdata_ff_reg[30]} \
          {top_design_i/axi_smc/inst/m03_nodes/m03_r_node/inst/inst_mi_handler/gen_normal_area.inst_fifo_node_payld/gen_reg_fifo_async.inst_reg_fifo_async/gen_xpm_cdc_handshake_array[0].inst_cdc_handshake/dest_hsdata_ff_reg[31]} \
          {top_design_i/axi_smc/inst/m03_nodes/m03_r_node/inst/inst_mi_handler/gen_normal_area.inst_fifo_node_payld/gen_reg_fifo_async.inst_reg_fifo_async/gen_xpm_cdc_handshake_array[0].inst_cdc_handshake/dest_hsdata_ff_reg[32]} \
          {top_design_i/axi_smc/inst/m03_nodes/m03_r_node/inst/inst_mi_handler/gen_normal_area.inst_fifo_node_payld/gen_reg_fifo_async.inst_reg_fifo_async/gen_xpm_cdc_handshake_array[0].inst_cdc_handshake/dest_hsdata_ff_reg[33]} \
          {top_design_i/axi_smc/inst/m03_nodes/m03_r_node/inst/inst_mi_handler/gen_normal_area.inst_fifo_node_payld/gen_reg_fifo_async.inst_reg_fifo_async/gen_xpm_cdc_handshake_array[0].inst_cdc_handshake/dest_hsdata_ff_reg[34]} \
          {top_design_i/axi_smc/inst/m03_nodes/m03_r_node/inst/inst_mi_handler/gen_normal_area.inst_fifo_node_payld/gen_reg_fifo_async.inst_reg_fifo_async/gen_xpm_cdc_handshake_array[0].inst_cdc_handshake/dest_hsdata_ff_reg[35]} \
          {top_design_i/axi_smc/inst/m03_nodes/m03_r_node/inst/inst_mi_handler/gen_normal_area.inst_fifo_node_payld/gen_reg_fifo_async.inst_reg_fifo_async/gen_xpm_cdc_handshake_array[0].inst_cdc_handshake/dest_hsdata_ff_reg[36]} \
          {top_design_i/axi_smc/inst/m03_nodes/m03_r_node/inst/inst_mi_handler/gen_normal_area.inst_fifo_node_payld/gen_reg_fifo_async.inst_reg_fifo_async/gen_xpm_cdc_handshake_array[0].inst_cdc_handshake/dest_hsdata_ff_reg[37]} \
          {top_design_i/axi_smc/inst/m03_nodes/m03_r_node/inst/inst_mi_handler/gen_normal_area.inst_fifo_node_payld/gen_reg_fifo_async.inst_reg_fifo_async/gen_xpm_cdc_handshake_array[0].inst_cdc_handshake/dest_hsdata_ff_reg[38]} \
          {top_design_i/axi_smc/inst/m03_nodes/m03_r_node/inst/inst_mi_handler/gen_normal_area.inst_fifo_node_payld/gen_reg_fifo_async.inst_reg_fifo_async/gen_xpm_cdc_handshake_array[0].inst_cdc_handshake/dest_hsdata_ff_reg[39]} \
          {top_design_i/axi_smc/inst/m03_nodes/m03_r_node/inst/inst_mi_handler/gen_normal_area.inst_fifo_node_payld/gen_reg_fifo_async.inst_reg_fifo_async/gen_xpm_cdc_handshake_array[0].inst_cdc_handshake/dest_hsdata_ff_reg[46]}]]
                                                                              Slow             30.000       1.109     28.891
11  197       [get_cells [list {top_design_i/axi_smc/inst/m02_nodes/m02_w_node/inst/inst_mi_handler/gen_normal_area.inst_fifo_node_payld/gen_reg_fifo_async.inst_reg_fifo_async/gen_xpm_cdc_handshake_array[0].inst_cdc_handshake/src_hsdata_ff_reg[49]} \
          {top_design_i/axi_smc/inst/m02_nodes/m02_w_node/inst/inst_mi_handler/gen_normal_area.inst_fifo_node_payld/gen_reg_fifo_async.inst_reg_fifo_async/gen_xpm_cdc_handshake_array[0].inst_cdc_handshake/src_hsdata_ff_reg[50]} \
          {top_design_i/axi_smc/inst/m02_nodes/m02_w_node/inst/inst_mi_handler/gen_normal_area.inst_fifo_node_payld/gen_reg_fifo_async.inst_reg_fifo_async/gen_xpm_cdc_handshake_array[0].inst_cdc_handshake/src_hsdata_ff_reg[51]} \
          {top_design_i/axi_smc/inst/m02_nodes/m02_w_node/inst/inst_mi_handler/gen_normal_area.inst_fifo_node_payld/gen_reg_fifo_async.inst_reg_fifo_async/gen_xpm_cdc_handshake_array[0].inst_cdc_handshake/src_hsdata_ff_reg[52]} \
          {top_design_i/axi_smc/inst/m02_nodes/m02_w_node/inst/inst_mi_handler/gen_normal_area.inst_fifo_node_payld/gen_reg_fifo_async.inst_reg_fifo_async/gen_xpm_cdc_handshake_array[0].inst_cdc_handshake/src_hsdata_ff_reg[57]} \
          {top_design_i/axi_smc/inst/m02_nodes/m02_w_node/inst/inst_mi_handler/gen_normal_area.inst_fifo_node_payld/gen_reg_fifo_async.inst_reg_fifo_async/gen_xpm_cdc_handshake_array[0].inst_cdc_handshake/src_hsdata_ff_reg[56]} \
          {top_design_i/axi_smc/inst/m02_nodes/m02_w_node/inst/inst_mi_handler/gen_normal_area.inst_fifo_node_payld/gen_reg_fifo_async.inst_reg_fifo_async/gen_xpm_cdc_handshake_array[0].inst_cdc_handshake/src_hsdata_ff_reg[55]} \
          {top_design_i/axi_smc/inst/m02_nodes/m02_w_node/inst/inst_mi_handler/gen_normal_area.inst_fifo_node_payld/gen_reg_fifo_async.inst_reg_fifo_async/gen_xpm_cdc_handshake_array[0].inst_cdc_handshake/src_hsdata_ff_reg[54]} \
          {top_design_i/axi_smc/inst/m02_nodes/m02_w_node/inst/inst_mi_handler/gen_normal_area.inst_fifo_node_payld/gen_reg_fifo_async.inst_reg_fifo_async/gen_xpm_cdc_handshake_array[0].inst_cdc_handshake/src_hsdata_ff_reg[53]} \
          {top_design_i/axi_smc/inst/m02_nodes/m02_w_node/inst/inst_mi_handler/gen_normal_area.inst_fifo_node_payld/gen_reg_fifo_async.inst_reg_fifo_async/gen_xpm_cdc_handshake_array[0].inst_cdc_handshake/src_hsdata_ff_reg[22]} \
          {top_design_i/axi_smc/inst/m02_nodes/m02_w_node/inst/inst_mi_handler/gen_normal_area.inst_fifo_node_payld/gen_reg_fifo_async.inst_reg_fifo_async/gen_xpm_cdc_handshake_array[0].inst_cdc_handshake/src_hsdata_ff_reg[23]} \
          {top_design_i/axi_smc/inst/m02_nodes/m02_w_node/inst/inst_mi_handler/gen_normal_area.inst_fifo_node_payld/gen_reg_fifo_async.inst_reg_fifo_async/gen_xpm_cdc_handshake_array[0].inst_cdc_handshake/src_hsdata_ff_reg[24]} \
          {top_design_i/axi_smc/inst/m02_nodes/m02_w_node/inst/inst_mi_handler/gen_normal_area.inst_fifo_node_payld/gen_reg_fifo_async.inst_reg_fifo_async/gen_xpm_cdc_handshake_array[0].inst_cdc_handshake/src_hsdata_ff_reg[25]} \
          {top_design_i/axi_smc/inst/m02_nodes/m02_w_node/inst/inst_mi_handler/gen_normal_area.inst_fifo_node_payld/gen_reg_fifo_async.inst_reg_fifo_async/gen_xpm_cdc_handshake_array[0].inst_cdc_handshake/src_hsdata_ff_reg[26]} \
          {top_design_i/axi_smc/inst/m02_nodes/m02_w_node/inst/inst_mi_handler/gen_normal_area.inst_fifo_node_payld/gen_reg_fifo_async.inst_reg_fifo_async/gen_xpm_cdc_handshake_array[0].inst_cdc_handshake/src_hsdata_ff_reg[27]} \
          {top_design_i/axi_smc/inst/m02_nodes/m02_w_node/inst/inst_mi_handler/gen_normal_area.inst_fifo_node_payld/gen_reg_fifo_async.inst_reg_fifo_async/gen_xpm_cdc_handshake_array[0].inst_cdc_handshake/src_hsdata_ff_reg[28]} \
          {top_design_i/axi_smc/inst/m02_nodes/m02_w_node/inst/inst_mi_handler/gen_normal_area.inst_fifo_node_payld/gen_reg_fifo_async.inst_reg_fifo_async/gen_xpm_cdc_handshake_array[0].inst_cdc_handshake/src_hsdata_ff_reg[29]} \
          {top_design_i/axi_smc/inst/m02_nodes/m02_w_node/inst/inst_mi_handler/gen_normal_area.inst_fifo_node_payld/gen_reg_fifo_async.inst_reg_fifo_async/gen_xpm_cdc_handshake_array[0].inst_cdc_handshake/src_hsdata_ff_reg[30]} \
          {top_design_i/axi_smc/inst/m02_nodes/m02_w_node/inst/inst_mi_handler/gen_normal_area.inst_fifo_node_payld/gen_reg_fifo_async.inst_reg_fifo_async/gen_xpm_cdc_handshake_array[0].inst_cdc_handshake/src_hsdata_ff_reg[31]} \
          {top_design_i/axi_smc/inst/m02_nodes/m02_w_node/inst/inst_mi_handler/gen_normal_area.inst_fifo_node_payld/gen_reg_fifo_async.inst_reg_fifo_async/gen_xpm_cdc_handshake_array[0].inst_cdc_handshake/src_hsdata_ff_reg[32]} \
          {top_design_i/axi_smc/inst/m02_nodes/m02_w_node/inst/inst_mi_handler/gen_normal_area.inst_fifo_node_payld/gen_reg_fifo_async.inst_reg_fifo_async/gen_xpm_cdc_handshake_array[0].inst_cdc_handshake/src_hsdata_ff_reg[33]} \
          {top_design_i/axi_smc/inst/m02_nodes/m02_w_node/inst/inst_mi_handler/gen_normal_area.inst_fifo_node_payld/gen_reg_fifo_async.inst_reg_fifo_async/gen_xpm_cdc_handshake_array[0].inst_cdc_handshake/src_hsdata_ff_reg[34]} \
          {top_design_i/axi_smc/inst/m02_nodes/m02_w_node/inst/inst_mi_handler/gen_normal_area.inst_fifo_node_payld/gen_reg_fifo_async.inst_reg_fifo_async/gen_xpm_cdc_handshake_array[0].inst_cdc_handshake/src_hsdata_ff_reg[35]} \
          {top_design_i/axi_smc/inst/m02_nodes/m02_w_node/inst/inst_mi_handler/gen_normal_area.inst_fifo_node_payld/gen_reg_fifo_async.inst_reg_fifo_async/gen_xpm_cdc_handshake_array[0].inst_cdc_handshake/src_hsdata_ff_reg[36]} \
          {top_design_i/axi_smc/inst/m02_nodes/m02_w_node/inst/inst_mi_handler/gen_normal_area.inst_fifo_node_payld/gen_reg_fifo_async.inst_reg_fifo_async/gen_xpm_cdc_handshake_array[0].inst_cdc_handshake/src_hsdata_ff_reg[37]} \
          {top_design_i/axi_smc/inst/m02_nodes/m02_w_node/inst/inst_mi_handler/gen_normal_area.inst_fifo_node_payld/gen_reg_fifo_async.inst_reg_fifo_async/gen_xpm_cdc_handshake_array[0].inst_cdc_handshake/src_hsdata_ff_reg[38]} \
          {top_design_i/axi_smc/inst/m02_nodes/m02_w_node/inst/inst_mi_handler/gen_normal_area.inst_fifo_node_payld/gen_reg_fifo_async.inst_reg_fifo_async/gen_xpm_cdc_handshake_array[0].inst_cdc_handshake/src_hsdata_ff_reg[39]} \
          {top_design_i/axi_smc/inst/m02_nodes/m02_w_node/inst/inst_mi_handler/gen_normal_area.inst_fifo_node_payld/gen_reg_fifo_async.inst_reg_fifo_async/gen_xpm_cdc_handshake_array[0].inst_cdc_handshake/src_hsdata_ff_reg[40]} \
          {top_design_i/axi_smc/inst/m02_nodes/m02_w_node/inst/inst_mi_handler/gen_normal_area.inst_fifo_node_payld/gen_reg_fifo_async.inst_reg_fifo_async/gen_xpm_cdc_handshake_array[0].inst_cdc_handshake/src_hsdata_ff_reg[41]} \
          {top_design_i/axi_smc/inst/m02_nodes/m02_w_node/inst/inst_mi_handler/gen_normal_area.inst_fifo_node_payld/gen_reg_fifo_async.inst_reg_fifo_async/gen_xpm_cdc_handshake_array[0].inst_cdc_handshake/src_hsdata_ff_reg[42]} \
          {top_design_i/axi_smc/inst/m02_nodes/m02_w_node/inst/inst_mi_handler/gen_normal_area.inst_fifo_node_payld/gen_reg_fifo_async.inst_reg_fifo_async/gen_xpm_cdc_handshake_array[0].inst_cdc_handshake/src_hsdata_ff_reg[43]} \
          {top_design_i/axi_smc/inst/m02_nodes/m02_w_node/inst/inst_mi_handler/gen_normal_area.inst_fifo_node_payld/gen_reg_fifo_async.inst_reg_fifo_async/gen_xpm_cdc_handshake_array[0].inst_cdc_handshake/src_hsdata_ff_reg[44]} \
          {top_design_i/axi_smc/inst/m02_nodes/m02_w_node/inst/inst_mi_handler/gen_normal_area.inst_fifo_node_payld/gen_reg_fifo_async.inst_reg_fifo_async/gen_xpm_cdc_handshake_array[0].inst_cdc_handshake/src_hsdata_ff_reg[45]} \
          {top_design_i/axi_smc/inst/m02_nodes/m02_w_node/inst/inst_mi_handler/gen_normal_area.inst_fifo_node_payld/gen_reg_fifo_async.inst_reg_fifo_async/gen_xpm_cdc_handshake_array[0].inst_cdc_handshake/src_hsdata_ff_reg[46]} \
          {top_design_i/axi_smc/inst/m02_nodes/m02_w_node/inst/inst_mi_handler/gen_normal_area.inst_fifo_node_payld/gen_reg_fifo_async.inst_reg_fifo_async/gen_xpm_cdc_handshake_array[0].inst_cdc_handshake/src_hsdata_ff_reg[47]} \
          {top_design_i/axi_smc/inst/m02_nodes/m02_w_node/inst/inst_mi_handler/gen_normal_area.inst_fifo_node_payld/gen_reg_fifo_async.inst_reg_fifo_async/gen_xpm_cdc_handshake_array[0].inst_cdc_handshake/src_hsdata_ff_reg[48]}]]
                                              [get_cells [list {top_design_i/axi_smc/inst/m02_nodes/m02_w_node/inst/inst_mi_handler/gen_normal_area.inst_fifo_node_payld/gen_reg_fifo_async.inst_reg_fifo_async/gen_xpm_cdc_handshake_array[0].inst_cdc_handshake/dest_hsdata_ff_reg[42]} \
          {top_design_i/axi_smc/inst/m02_nodes/m02_w_node/inst/inst_mi_handler/gen_normal_area.inst_fifo_node_payld/gen_reg_fifo_async.inst_reg_fifo_async/gen_xpm_cdc_handshake_array[0].inst_cdc_handshake/dest_hsdata_ff_reg[43]} \
          {top_design_i/axi_smc/inst/m02_nodes/m02_w_node/inst/inst_mi_handler/gen_normal_area.inst_fifo_node_payld/gen_reg_fifo_async.inst_reg_fifo_async/gen_xpm_cdc_handshake_array[0].inst_cdc_handshake/dest_hsdata_ff_reg[44]} \
          {top_design_i/axi_smc/inst/m02_nodes/m02_w_node/inst/inst_mi_handler/gen_normal_area.inst_fifo_node_payld/gen_reg_fifo_async.inst_reg_fifo_async/gen_xpm_cdc_handshake_array[0].inst_cdc_handshake/dest_hsdata_ff_reg[45]} \
          {top_design_i/axi_smc/inst/m02_nodes/m02_w_node/inst/inst_mi_handler/gen_normal_area.inst_fifo_node_payld/gen_reg_fifo_async.inst_reg_fifo_async/gen_xpm_cdc_handshake_array[0].inst_cdc_handshake/dest_hsdata_ff_reg[46]} \
          {top_design_i/axi_smc/inst/m02_nodes/m02_w_node/inst/inst_mi_handler/gen_normal_area.inst_fifo_node_payld/gen_reg_fifo_async.inst_reg_fifo_async/gen_xpm_cdc_handshake_array[0].inst_cdc_handshake/dest_hsdata_ff_reg[47]} \
          {top_design_i/axi_smc/inst/m02_nodes/m02_w_node/inst/inst_mi_handler/gen_normal_area.inst_fifo_node_payld/gen_reg_fifo_async.inst_reg_fifo_async/gen_xpm_cdc_handshake_array[0].inst_cdc_handshake/dest_hsdata_ff_reg[48]} \
          {top_design_i/axi_smc/inst/m02_nodes/m02_w_node/inst/inst_mi_handler/gen_normal_area.inst_fifo_node_payld/gen_reg_fifo_async.inst_reg_fifo_async/gen_xpm_cdc_handshake_array[0].inst_cdc_handshake/dest_hsdata_ff_reg[49]} \
          {top_design_i/axi_smc/inst/m02_nodes/m02_w_node/inst/inst_mi_handler/gen_normal_area.inst_fifo_node_payld/gen_reg_fifo_async.inst_reg_fifo_async/gen_xpm_cdc_handshake_array[0].inst_cdc_handshake/dest_hsdata_ff_reg[57]} \
          {top_design_i/axi_smc/inst/m02_nodes/m02_w_node/inst/inst_mi_handler/gen_normal_area.inst_fifo_node_payld/gen_reg_fifo_async.inst_reg_fifo_async/gen_xpm_cdc_handshake_array[0].inst_cdc_handshake/dest_hsdata_ff_reg[50]} \
          {top_design_i/axi_smc/inst/m02_nodes/m02_w_node/inst/inst_mi_handler/gen_normal_area.inst_fifo_node_payld/gen_reg_fifo_async.inst_reg_fifo_async/gen_xpm_cdc_handshake_array[0].inst_cdc_handshake/dest_hsdata_ff_reg[51]} \
          {top_design_i/axi_smc/inst/m02_nodes/m02_w_node/inst/inst_mi_handler/gen_normal_area.inst_fifo_node_payld/gen_reg_fifo_async.inst_reg_fifo_async/gen_xpm_cdc_handshake_array[0].inst_cdc_handshake/dest_hsdata_ff_reg[52]} \
          {top_design_i/axi_smc/inst/m02_nodes/m02_w_node/inst/inst_mi_handler/gen_normal_area.inst_fifo_node_payld/gen_reg_fifo_async.inst_reg_fifo_async/gen_xpm_cdc_handshake_array[0].inst_cdc_handshake/dest_hsdata_ff_reg[53]} \
          {top_design_i/axi_smc/inst/m02_nodes/m02_w_node/inst/inst_mi_handler/gen_normal_area.inst_fifo_node_payld/gen_reg_fifo_async.inst_reg_fifo_async/gen_xpm_cdc_handshake_array[0].inst_cdc_handshake/dest_hsdata_ff_reg[54]} \
          {top_design_i/axi_smc/inst/m02_nodes/m02_w_node/inst/inst_mi_handler/gen_normal_area.inst_fifo_node_payld/gen_reg_fifo_async.inst_reg_fifo_async/gen_xpm_cdc_handshake_array[0].inst_cdc_handshake/dest_hsdata_ff_reg[22]} \
          {top_design_i/axi_smc/inst/m02_nodes/m02_w_node/inst/inst_mi_handler/gen_normal_area.inst_fifo_node_payld/gen_reg_fifo_async.inst_reg_fifo_async/gen_xpm_cdc_handshake_array[0].inst_cdc_handshake/dest_hsdata_ff_reg[23]} \
          {top_design_i/axi_smc/inst/m02_nodes/m02_w_node/inst/inst_mi_handler/gen_normal_area.inst_fifo_node_payld/gen_reg_fifo_async.inst_reg_fifo_async/gen_xpm_cdc_handshake_array[0].inst_cdc_handshake/dest_hsdata_ff_reg[24]} \
          {top_design_i/axi_smc/inst/m02_nodes/m02_w_node/inst/inst_mi_handler/gen_normal_area.inst_fifo_node_payld/gen_reg_fifo_async.inst_reg_fifo_async/gen_xpm_cdc_handshake_array[0].inst_cdc_handshake/dest_hsdata_ff_reg[25]} \
          {top_design_i/axi_smc/inst/m02_nodes/m02_w_node/inst/inst_mi_handler/gen_normal_area.inst_fifo_node_payld/gen_reg_fifo_async.inst_reg_fifo_async/gen_xpm_cdc_handshake_array[0].inst_cdc_handshake/dest_hsdata_ff_reg[26]} \
          {top_design_i/axi_smc/inst/m02_nodes/m02_w_node/inst/inst_mi_handler/gen_normal_area.inst_fifo_node_payld/gen_reg_fifo_async.inst_reg_fifo_async/gen_xpm_cdc_handshake_array[0].inst_cdc_handshake/dest_hsdata_ff_reg[27]} \
          {top_design_i/axi_smc/inst/m02_nodes/m02_w_node/inst/inst_mi_handler/gen_normal_area.inst_fifo_node_payld/gen_reg_fifo_async.inst_reg_fifo_async/gen_xpm_cdc_handshake_array[0].inst_cdc_handshake/dest_hsdata_ff_reg[28]} \
          {top_design_i/axi_smc/inst/m02_nodes/m02_w_node/inst/inst_mi_handler/gen_normal_area.inst_fifo_node_payld/gen_reg_fifo_async.inst_reg_fifo_async/gen_xpm_cdc_handshake_array[0].inst_cdc_handshake/dest_hsdata_ff_reg[29]} \
          {top_design_i/axi_smc/inst/m02_nodes/m02_w_node/inst/inst_mi_handler/gen_normal_area.inst_fifo_node_payld/gen_reg_fifo_async.inst_reg_fifo_async/gen_xpm_cdc_handshake_array[0].inst_cdc_handshake/dest_hsdata_ff_reg[55]} \
          {top_design_i/axi_smc/inst/m02_nodes/m02_w_node/inst/inst_mi_handler/gen_normal_area.inst_fifo_node_payld/gen_reg_fifo_async.inst_reg_fifo_async/gen_xpm_cdc_handshake_array[0].inst_cdc_handshake/dest_hsdata_ff_reg[30]} \
          {top_design_i/axi_smc/inst/m02_nodes/m02_w_node/inst/inst_mi_handler/gen_normal_area.inst_fifo_node_payld/gen_reg_fifo_async.inst_reg_fifo_async/gen_xpm_cdc_handshake_array[0].inst_cdc_handshake/dest_hsdata_ff_reg[31]} \
          {top_design_i/axi_smc/inst/m02_nodes/m02_w_node/inst/inst_mi_handler/gen_normal_area.inst_fifo_node_payld/gen_reg_fifo_async.inst_reg_fifo_async/gen_xpm_cdc_handshake_array[0].inst_cdc_handshake/dest_hsdata_ff_reg[32]} \
          {top_design_i/axi_smc/inst/m02_nodes/m02_w_node/inst/inst_mi_handler/gen_normal_area.inst_fifo_node_payld/gen_reg_fifo_async.inst_reg_fifo_async/gen_xpm_cdc_handshake_array[0].inst_cdc_handshake/dest_hsdata_ff_reg[33]} \
          {top_design_i/axi_smc/inst/m02_nodes/m02_w_node/inst/inst_mi_handler/gen_normal_area.inst_fifo_node_payld/gen_reg_fifo_async.inst_reg_fifo_async/gen_xpm_cdc_handshake_array[0].inst_cdc_handshake/dest_hsdata_ff_reg[34]} \
          {top_design_i/axi_smc/inst/m02_nodes/m02_w_node/inst/inst_mi_handler/gen_normal_area.inst_fifo_node_payld/gen_reg_fifo_async.inst_reg_fifo_async/gen_xpm_cdc_handshake_array[0].inst_cdc_handshake/dest_hsdata_ff_reg[35]} \
          {top_design_i/axi_smc/inst/m02_nodes/m02_w_node/inst/inst_mi_handler/gen_normal_area.inst_fifo_node_payld/gen_reg_fifo_async.inst_reg_fifo_async/gen_xpm_cdc_handshake_array[0].inst_cdc_handshake/dest_hsdata_ff_reg[36]} \
          {top_design_i/axi_smc/inst/m02_nodes/m02_w_node/inst/inst_mi_handler/gen_normal_area.inst_fifo_node_payld/gen_reg_fifo_async.inst_reg_fifo_async/gen_xpm_cdc_handshake_array[0].inst_cdc_handshake/dest_hsdata_ff_reg[37]} \
          {top_design_i/axi_smc/inst/m02_nodes/m02_w_node/inst/inst_mi_handler/gen_normal_area.inst_fifo_node_payld/gen_reg_fifo_async.inst_reg_fifo_async/gen_xpm_cdc_handshake_array[0].inst_cdc_handshake/dest_hsdata_ff_reg[38]} \
          {top_design_i/axi_smc/inst/m02_nodes/m02_w_node/inst/inst_mi_handler/gen_normal_area.inst_fifo_node_payld/gen_reg_fifo_async.inst_reg_fifo_async/gen_xpm_cdc_handshake_array[0].inst_cdc_handshake/dest_hsdata_ff_reg[39]} \
          {top_design_i/axi_smc/inst/m02_nodes/m02_w_node/inst/inst_mi_handler/gen_normal_area.inst_fifo_node_payld/gen_reg_fifo_async.inst_reg_fifo_async/gen_xpm_cdc_handshake_array[0].inst_cdc_handshake/dest_hsdata_ff_reg[56]} \
          {top_design_i/axi_smc/inst/m02_nodes/m02_w_node/inst/inst_mi_handler/gen_normal_area.inst_fifo_node_payld/gen_reg_fifo_async.inst_reg_fifo_async/gen_xpm_cdc_handshake_array[0].inst_cdc_handshake/dest_hsdata_ff_reg[40]} \
          {top_design_i/axi_smc/inst/m02_nodes/m02_w_node/inst/inst_mi_handler/gen_normal_area.inst_fifo_node_payld/gen_reg_fifo_async.inst_reg_fifo_async/gen_xpm_cdc_handshake_array[0].inst_cdc_handshake/dest_hsdata_ff_reg[41]}]]
                                                                              Slow             19.998       0.725     19.273
12  199       [get_cells [list {top_design_i/axi_smc/inst/m04_nodes/m04_w_node/inst/inst_mi_handler/gen_normal_area.inst_fifo_node_payld/gen_reg_fifo_async.inst_reg_fifo_async/gen_xpm_cdc_handshake_array[0].inst_cdc_handshake/src_hsdata_ff_reg[31]} \
          {top_design_i/axi_smc/inst/m04_nodes/m04_w_node/inst/inst_mi_handler/gen_normal_area.inst_fifo_node_payld/gen_reg_fifo_async.inst_reg_fifo_async/gen_xpm_cdc_handshake_array[0].inst_cdc_handshake/src_hsdata_ff_reg[32]} \
          {top_design_i/axi_smc/inst/m04_nodes/m04_w_node/inst/inst_mi_handler/gen_normal_area.inst_fifo_node_payld/gen_reg_fifo_async.inst_reg_fifo_async/gen_xpm_cdc_handshake_array[0].inst_cdc_handshake/src_hsdata_ff_reg[33]} \
          {top_design_i/axi_smc/inst/m04_nodes/m04_w_node/inst/inst_mi_handler/gen_normal_area.inst_fifo_node_payld/gen_reg_fifo_async.inst_reg_fifo_async/gen_xpm_cdc_handshake_array[0].inst_cdc_handshake/src_hsdata_ff_reg[34]} \
          {top_design_i/axi_smc/inst/m04_nodes/m04_w_node/inst/inst_mi_handler/gen_normal_area.inst_fifo_node_payld/gen_reg_fifo_async.inst_reg_fifo_async/gen_xpm_cdc_handshake_array[0].inst_cdc_handshake/src_hsdata_ff_reg[35]} \
          {top_design_i/axi_smc/inst/m04_nodes/m04_w_node/inst/inst_mi_handler/gen_normal_area.inst_fifo_node_payld/gen_reg_fifo_async.inst_reg_fifo_async/gen_xpm_cdc_handshake_array[0].inst_cdc_handshake/src_hsdata_ff_reg[36]} \
          {top_design_i/axi_smc/inst/m04_nodes/m04_w_node/inst/inst_mi_handler/gen_normal_area.inst_fifo_node_payld/gen_reg_fifo_async.inst_reg_fifo_async/gen_xpm_cdc_handshake_array[0].inst_cdc_handshake/src_hsdata_ff_reg[37]} \
          {top_design_i/axi_smc/inst/m04_nodes/m04_w_node/inst/inst_mi_handler/gen_normal_area.inst_fifo_node_payld/gen_reg_fifo_async.inst_reg_fifo_async/gen_xpm_cdc_handshake_array[0].inst_cdc_handshake/src_hsdata_ff_reg[38]} \
          {top_design_i/axi_smc/inst/m04_nodes/m04_w_node/inst/inst_mi_handler/gen_normal_area.inst_fifo_node_payld/gen_reg_fifo_async.inst_reg_fifo_async/gen_xpm_cdc_handshake_array[0].inst_cdc_handshake/src_hsdata_ff_reg[39]} \
          {top_design_i/axi_smc/inst/m04_nodes/m04_w_node/inst/inst_mi_handler/gen_normal_area.inst_fifo_node_payld/gen_reg_fifo_async.inst_reg_fifo_async/gen_xpm_cdc_handshake_array[0].inst_cdc_handshake/src_hsdata_ff_reg[22]} \
          {top_design_i/axi_smc/inst/m04_nodes/m04_w_node/inst/inst_mi_handler/gen_normal_area.inst_fifo_node_payld/gen_reg_fifo_async.inst_reg_fifo_async/gen_xpm_cdc_handshake_array[0].inst_cdc_handshake/src_hsdata_ff_reg[23]} \
          {top_design_i/axi_smc/inst/m04_nodes/m04_w_node/inst/inst_mi_handler/gen_normal_area.inst_fifo_node_payld/gen_reg_fifo_async.inst_reg_fifo_async/gen_xpm_cdc_handshake_array[0].inst_cdc_handshake/src_hsdata_ff_reg[24]} \
          {top_design_i/axi_smc/inst/m04_nodes/m04_w_node/inst/inst_mi_handler/gen_normal_area.inst_fifo_node_payld/gen_reg_fifo_async.inst_reg_fifo_async/gen_xpm_cdc_handshake_array[0].inst_cdc_handshake/src_hsdata_ff_reg[25]} \
          {top_design_i/axi_smc/inst/m04_nodes/m04_w_node/inst/inst_mi_handler/gen_normal_area.inst_fifo_node_payld/gen_reg_fifo_async.inst_reg_fifo_async/gen_xpm_cdc_handshake_array[0].inst_cdc_handshake/src_hsdata_ff_reg[26]} \
          {top_design_i/axi_smc/inst/m04_nodes/m04_w_node/inst/inst_mi_handler/gen_normal_area.inst_fifo_node_payld/gen_reg_fifo_async.inst_reg_fifo_async/gen_xpm_cdc_handshake_array[0].inst_cdc_handshake/src_hsdata_ff_reg[27]} \
          {top_design_i/axi_smc/inst/m04_nodes/m04_w_node/inst/inst_mi_handler/gen_normal_area.inst_fifo_node_payld/gen_reg_fifo_async.inst_reg_fifo_async/gen_xpm_cdc_handshake_array[0].inst_cdc_handshake/src_hsdata_ff_reg[28]} \
          {top_design_i/axi_smc/inst/m04_nodes/m04_w_node/inst/inst_mi_handler/gen_normal_area.inst_fifo_node_payld/gen_reg_fifo_async.inst_reg_fifo_async/gen_xpm_cdc_handshake_array[0].inst_cdc_handshake/src_hsdata_ff_reg[29]} \
          {top_design_i/axi_smc/inst/m04_nodes/m04_w_node/inst/inst_mi_handler/gen_normal_area.inst_fifo_node_payld/gen_reg_fifo_async.inst_reg_fifo_async/gen_xpm_cdc_handshake_array[0].inst_cdc_handshake/src_hsdata_ff_reg[30]}]]
                                              [get_cells [list {top_design_i/axi_smc/inst/m04_nodes/m04_w_node/inst/inst_mi_handler/gen_normal_area.inst_fifo_node_payld/gen_reg_fifo_async.inst_reg_fifo_async/gen_xpm_cdc_handshake_array[0].inst_cdc_handshake/dest_hsdata_ff_reg[26]} \
          {top_design_i/axi_smc/inst/m04_nodes/m04_w_node/inst/inst_mi_handler/gen_normal_area.inst_fifo_node_payld/gen_reg_fifo_async.inst_reg_fifo_async/gen_xpm_cdc_handshake_array[0].inst_cdc_handshake/dest_hsdata_ff_reg[27]} \
          {top_design_i/axi_smc/inst/m04_nodes/m04_w_node/inst/inst_mi_handler/gen_normal_area.inst_fifo_node_payld/gen_reg_fifo_async.inst_reg_fifo_async/gen_xpm_cdc_handshake_array[0].inst_cdc_handshake/dest_hsdata_ff_reg[28]} \
          {top_design_i/axi_smc/inst/m04_nodes/m04_w_node/inst/inst_mi_handler/gen_normal_area.inst_fifo_node_payld/gen_reg_fifo_async.inst_reg_fifo_async/gen_xpm_cdc_handshake_array[0].inst_cdc_handshake/dest_hsdata_ff_reg[29]} \
          {top_design_i/axi_smc/inst/m04_nodes/m04_w_node/inst/inst_mi_handler/gen_normal_area.inst_fifo_node_payld/gen_reg_fifo_async.inst_reg_fifo_async/gen_xpm_cdc_handshake_array[0].inst_cdc_handshake/dest_hsdata_ff_reg[39]} \
          {top_design_i/axi_smc/inst/m04_nodes/m04_w_node/inst/inst_mi_handler/gen_normal_area.inst_fifo_node_payld/gen_reg_fifo_async.inst_reg_fifo_async/gen_xpm_cdc_handshake_array[0].inst_cdc_handshake/dest_hsdata_ff_reg[30]} \
          {top_design_i/axi_smc/inst/m04_nodes/m04_w_node/inst/inst_mi_handler/gen_normal_area.inst_fifo_node_payld/gen_reg_fifo_async.inst_reg_fifo_async/gen_xpm_cdc_handshake_array[0].inst_cdc_handshake/dest_hsdata_ff_reg[31]} \
          {top_design_i/axi_smc/inst/m04_nodes/m04_w_node/inst/inst_mi_handler/gen_normal_area.inst_fifo_node_payld/gen_reg_fifo_async.inst_reg_fifo_async/gen_xpm_cdc_handshake_array[0].inst_cdc_handshake/dest_hsdata_ff_reg[32]} \
          {top_design_i/axi_smc/inst/m04_nodes/m04_w_node/inst/inst_mi_handler/gen_normal_area.inst_fifo_node_payld/gen_reg_fifo_async.inst_reg_fifo_async/gen_xpm_cdc_handshake_array[0].inst_cdc_handshake/dest_hsdata_ff_reg[33]} \
          {top_design_i/axi_smc/inst/m04_nodes/m04_w_node/inst/inst_mi_handler/gen_normal_area.inst_fifo_node_payld/gen_reg_fifo_async.inst_reg_fifo_async/gen_xpm_cdc_handshake_array[0].inst_cdc_handshake/dest_hsdata_ff_reg[34]} \
          {top_design_i/axi_smc/inst/m04_nodes/m04_w_node/inst/inst_mi_handler/gen_normal_area.inst_fifo_node_payld/gen_reg_fifo_async.inst_reg_fifo_async/gen_xpm_cdc_handshake_array[0].inst_cdc_handshake/dest_hsdata_ff_reg[35]} \
          {top_design_i/axi_smc/inst/m04_nodes/m04_w_node/inst/inst_mi_handler/gen_normal_area.inst_fifo_node_payld/gen_reg_fifo_async.inst_reg_fifo_async/gen_xpm_cdc_handshake_array[0].inst_cdc_handshake/dest_hsdata_ff_reg[36]} \
          {top_design_i/axi_smc/inst/m04_nodes/m04_w_node/inst/inst_mi_handler/gen_normal_area.inst_fifo_node_payld/gen_reg_fifo_async.inst_reg_fifo_async/gen_xpm_cdc_handshake_array[0].inst_cdc_handshake/dest_hsdata_ff_reg[37]} \
          {top_design_i/axi_smc/inst/m04_nodes/m04_w_node/inst/inst_mi_handler/gen_normal_area.inst_fifo_node_payld/gen_reg_fifo_async.inst_reg_fifo_async/gen_xpm_cdc_handshake_array[0].inst_cdc_handshake/dest_hsdata_ff_reg[38]} \
          {top_design_i/axi_smc/inst/m04_nodes/m04_w_node/inst/inst_mi_handler/gen_normal_area.inst_fifo_node_payld/gen_reg_fifo_async.inst_reg_fifo_async/gen_xpm_cdc_handshake_array[0].inst_cdc_handshake/dest_hsdata_ff_reg[22]} \
          {top_design_i/axi_smc/inst/m04_nodes/m04_w_node/inst/inst_mi_handler/gen_normal_area.inst_fifo_node_payld/gen_reg_fifo_async.inst_reg_fifo_async/gen_xpm_cdc_handshake_array[0].inst_cdc_handshake/dest_hsdata_ff_reg[23]} \
          {top_design_i/axi_smc/inst/m04_nodes/m04_w_node/inst/inst_mi_handler/gen_normal_area.inst_fifo_node_payld/gen_reg_fifo_async.inst_reg_fifo_async/gen_xpm_cdc_handshake_array[0].inst_cdc_handshake/dest_hsdata_ff_reg[24]} \
          {top_design_i/axi_smc/inst/m04_nodes/m04_w_node/inst/inst_mi_handler/gen_normal_area.inst_fifo_node_payld/gen_reg_fifo_async.inst_reg_fifo_async/gen_xpm_cdc_handshake_array[0].inst_cdc_handshake/dest_hsdata_ff_reg[25]}]]
                                                                              Slow             19.998       0.677     19.321
13  201       [get_cells [list {top_design_i/axi_smc/inst/m03_nodes/m03_w_node/inst/inst_mi_handler/gen_normal_area.inst_fifo_node_payld/gen_reg_fifo_async.inst_reg_fifo_async/gen_xpm_cdc_handshake_array[0].inst_cdc_handshake/src_hsdata_ff_reg[49]} \
          {top_design_i/axi_smc/inst/m03_nodes/m03_w_node/inst/inst_mi_handler/gen_normal_area.inst_fifo_node_payld/gen_reg_fifo_async.inst_reg_fifo_async/gen_xpm_cdc_handshake_array[0].inst_cdc_handshake/src_hsdata_ff_reg[50]} \
          {top_design_i/axi_smc/inst/m03_nodes/m03_w_node/inst/inst_mi_handler/gen_normal_area.inst_fifo_node_payld/gen_reg_fifo_async.inst_reg_fifo_async/gen_xpm_cdc_handshake_array[0].inst_cdc_handshake/src_hsdata_ff_reg[51]} \
          {top_design_i/axi_smc/inst/m03_nodes/m03_w_node/inst/inst_mi_handler/gen_normal_area.inst_fifo_node_payld/gen_reg_fifo_async.inst_reg_fifo_async/gen_xpm_cdc_handshake_array[0].inst_cdc_handshake/src_hsdata_ff_reg[52]} \
          {top_design_i/axi_smc/inst/m03_nodes/m03_w_node/inst/inst_mi_handler/gen_normal_area.inst_fifo_node_payld/gen_reg_fifo_async.inst_reg_fifo_async/gen_xpm_cdc_handshake_array[0].inst_cdc_handshake/src_hsdata_ff_reg[57]} \
          {top_design_i/axi_smc/inst/m03_nodes/m03_w_node/inst/inst_mi_handler/gen_normal_area.inst_fifo_node_payld/gen_reg_fifo_async.inst_reg_fifo_async/gen_xpm_cdc_handshake_array[0].inst_cdc_handshake/src_hsdata_ff_reg[56]} \
          {top_design_i/axi_smc/inst/m03_nodes/m03_w_node/inst/inst_mi_handler/gen_normal_area.inst_fifo_node_payld/gen_reg_fifo_async.inst_reg_fifo_async/gen_xpm_cdc_handshake_array[0].inst_cdc_handshake/src_hsdata_ff_reg[55]} \
          {top_design_i/axi_smc/inst/m03_nodes/m03_w_node/inst/inst_mi_handler/gen_normal_area.inst_fifo_node_payld/gen_reg_fifo_async.inst_reg_fifo_async/gen_xpm_cdc_handshake_array[0].inst_cdc_handshake/src_hsdata_ff_reg[54]} \
          {top_design_i/axi_smc/inst/m03_nodes/m03_w_node/inst/inst_mi_handler/gen_normal_area.inst_fifo_node_payld/gen_reg_fifo_async.inst_reg_fifo_async/gen_xpm_cdc_handshake_array[0].inst_cdc_handshake/src_hsdata_ff_reg[53]} \
          {top_design_i/axi_smc/inst/m03_nodes/m03_w_node/inst/inst_mi_handler/gen_normal_area.inst_fifo_node_payld/gen_reg_fifo_async.inst_reg_fifo_async/gen_xpm_cdc_handshake_array[0].inst_cdc_handshake/src_hsdata_ff_reg[22]} \
          {top_design_i/axi_smc/inst/m03_nodes/m03_w_node/inst/inst_mi_handler/gen_normal_area.inst_fifo_node_payld/gen_reg_fifo_async.inst_reg_fifo_async/gen_xpm_cdc_handshake_array[0].inst_cdc_handshake/src_hsdata_ff_reg[23]} \
          {top_design_i/axi_smc/inst/m03_nodes/m03_w_node/inst/inst_mi_handler/gen_normal_area.inst_fifo_node_payld/gen_reg_fifo_async.inst_reg_fifo_async/gen_xpm_cdc_handshake_array[0].inst_cdc_handshake/src_hsdata_ff_reg[24]} \
          {top_design_i/axi_smc/inst/m03_nodes/m03_w_node/inst/inst_mi_handler/gen_normal_area.inst_fifo_node_payld/gen_reg_fifo_async.inst_reg_fifo_async/gen_xpm_cdc_handshake_array[0].inst_cdc_handshake/src_hsdata_ff_reg[25]} \
          {top_design_i/axi_smc/inst/m03_nodes/m03_w_node/inst/inst_mi_handler/gen_normal_area.inst_fifo_node_payld/gen_reg_fifo_async.inst_reg_fifo_async/gen_xpm_cdc_handshake_array[0].inst_cdc_handshake/src_hsdata_ff_reg[26]} \
          {top_design_i/axi_smc/inst/m03_nodes/m03_w_node/inst/inst_mi_handler/gen_normal_area.inst_fifo_node_payld/gen_reg_fifo_async.inst_reg_fifo_async/gen_xpm_cdc_handshake_array[0].inst_cdc_handshake/src_hsdata_ff_reg[27]} \
          {top_design_i/axi_smc/inst/m03_nodes/m03_w_node/inst/inst_mi_handler/gen_normal_area.inst_fifo_node_payld/gen_reg_fifo_async.inst_reg_fifo_async/gen_xpm_cdc_handshake_array[0].inst_cdc_handshake/src_hsdata_ff_reg[28]} \
          {top_design_i/axi_smc/inst/m03_nodes/m03_w_node/inst/inst_mi_handler/gen_normal_area.inst_fifo_node_payld/gen_reg_fifo_async.inst_reg_fifo_async/gen_xpm_cdc_handshake_array[0].inst_cdc_handshake/src_hsdata_ff_reg[29]} \
          {top_design_i/axi_smc/inst/m03_nodes/m03_w_node/inst/inst_mi_handler/gen_normal_area.inst_fifo_node_payld/gen_reg_fifo_async.inst_reg_fifo_async/gen_xpm_cdc_handshake_array[0].inst_cdc_handshake/src_hsdata_ff_reg[30]} \
          {top_design_i/axi_smc/inst/m03_nodes/m03_w_node/inst/inst_mi_handler/gen_normal_area.inst_fifo_node_payld/gen_reg_fifo_async.inst_reg_fifo_async/gen_xpm_cdc_handshake_array[0].inst_cdc_handshake/src_hsdata_ff_reg[31]} \
          {top_design_i/axi_smc/inst/m03_nodes/m03_w_node/inst/inst_mi_handler/gen_normal_area.inst_fifo_node_payld/gen_reg_fifo_async.inst_reg_fifo_async/gen_xpm_cdc_handshake_array[0].inst_cdc_handshake/src_hsdata_ff_reg[32]} \
          {top_design_i/axi_smc/inst/m03_nodes/m03_w_node/inst/inst_mi_handler/gen_normal_area.inst_fifo_node_payld/gen_reg_fifo_async.inst_reg_fifo_async/gen_xpm_cdc_handshake_array[0].inst_cdc_handshake/src_hsdata_ff_reg[33]} \
          {top_design_i/axi_smc/inst/m03_nodes/m03_w_node/inst/inst_mi_handler/gen_normal_area.inst_fifo_node_payld/gen_reg_fifo_async.inst_reg_fifo_async/gen_xpm_cdc_handshake_array[0].inst_cdc_handshake/src_hsdata_ff_reg[34]} \
          {top_design_i/axi_smc/inst/m03_nodes/m03_w_node/inst/inst_mi_handler/gen_normal_area.inst_fifo_node_payld/gen_reg_fifo_async.inst_reg_fifo_async/gen_xpm_cdc_handshake_array[0].inst_cdc_handshake/src_hsdata_ff_reg[35]} \
          {top_design_i/axi_smc/inst/m03_nodes/m03_w_node/inst/inst_mi_handler/gen_normal_area.inst_fifo_node_payld/gen_reg_fifo_async.inst_reg_fifo_async/gen_xpm_cdc_handshake_array[0].inst_cdc_handshake/src_hsdata_ff_reg[36]} \
          {top_design_i/axi_smc/inst/m03_nodes/m03_w_node/inst/inst_mi_handler/gen_normal_area.inst_fifo_node_payld/gen_reg_fifo_async.inst_reg_fifo_async/gen_xpm_cdc_handshake_array[0].inst_cdc_handshake/src_hsdata_ff_reg[37]} \
          {top_design_i/axi_smc/inst/m03_nodes/m03_w_node/inst/inst_mi_handler/gen_normal_area.inst_fifo_node_payld/gen_reg_fifo_async.inst_reg_fifo_async/gen_xpm_cdc_handshake_array[0].inst_cdc_handshake/src_hsdata_ff_reg[38]} \
          {top_design_i/axi_smc/inst/m03_nodes/m03_w_node/inst/inst_mi_handler/gen_normal_area.inst_fifo_node_payld/gen_reg_fifo_async.inst_reg_fifo_async/gen_xpm_cdc_handshake_array[0].inst_cdc_handshake/src_hsdata_ff_reg[39]} \
          {top_design_i/axi_smc/inst/m03_nodes/m03_w_node/inst/inst_mi_handler/gen_normal_area.inst_fifo_node_payld/gen_reg_fifo_async.inst_reg_fifo_async/gen_xpm_cdc_handshake_array[0].inst_cdc_handshake/src_hsdata_ff_reg[40]} \
          {top_design_i/axi_smc/inst/m03_nodes/m03_w_node/inst/inst_mi_handler/gen_normal_area.inst_fifo_node_payld/gen_reg_fifo_async.inst_reg_fifo_async/gen_xpm_cdc_handshake_array[0].inst_cdc_handshake/src_hsdata_ff_reg[41]} \
          {top_design_i/axi_smc/inst/m03_nodes/m03_w_node/inst/inst_mi_handler/gen_normal_area.inst_fifo_node_payld/gen_reg_fifo_async.inst_reg_fifo_async/gen_xpm_cdc_handshake_array[0].inst_cdc_handshake/src_hsdata_ff_reg[42]} \
          {top_design_i/axi_smc/inst/m03_nodes/m03_w_node/inst/inst_mi_handler/gen_normal_area.inst_fifo_node_payld/gen_reg_fifo_async.inst_reg_fifo_async/gen_xpm_cdc_handshake_array[0].inst_cdc_handshake/src_hsdata_ff_reg[43]} \
          {top_design_i/axi_smc/inst/m03_nodes/m03_w_node/inst/inst_mi_handler/gen_normal_area.inst_fifo_node_payld/gen_reg_fifo_async.inst_reg_fifo_async/gen_xpm_cdc_handshake_array[0].inst_cdc_handshake/src_hsdata_ff_reg[44]} \
          {top_design_i/axi_smc/inst/m03_nodes/m03_w_node/inst/inst_mi_handler/gen_normal_area.inst_fifo_node_payld/gen_reg_fifo_async.inst_reg_fifo_async/gen_xpm_cdc_handshake_array[0].inst_cdc_handshake/src_hsdata_ff_reg[45]} \
          {top_design_i/axi_smc/inst/m03_nodes/m03_w_node/inst/inst_mi_handler/gen_normal_area.inst_fifo_node_payld/gen_reg_fifo_async.inst_reg_fifo_async/gen_xpm_cdc_handshake_array[0].inst_cdc_handshake/src_hsdata_ff_reg[46]} \
          {top_design_i/axi_smc/inst/m03_nodes/m03_w_node/inst/inst_mi_handler/gen_normal_area.inst_fifo_node_payld/gen_reg_fifo_async.inst_reg_fifo_async/gen_xpm_cdc_handshake_array[0].inst_cdc_handshake/src_hsdata_ff_reg[47]} \
          {top_design_i/axi_smc/inst/m03_nodes/m03_w_node/inst/inst_mi_handler/gen_normal_area.inst_fifo_node_payld/gen_reg_fifo_async.inst_reg_fifo_async/gen_xpm_cdc_handshake_array[0].inst_cdc_handshake/src_hsdata_ff_reg[48]}]]
                                              [get_cells [list {top_design_i/axi_smc/inst/m03_nodes/m03_w_node/inst/inst_mi_handler/gen_normal_area.inst_fifo_node_payld/gen_reg_fifo_async.inst_reg_fifo_async/gen_xpm_cdc_handshake_array[0].inst_cdc_handshake/dest_hsdata_ff_reg[42]} \
          {top_design_i/axi_smc/inst/m03_nodes/m03_w_node/inst/inst_mi_handler/gen_normal_area.inst_fifo_node_payld/gen_reg_fifo_async.inst_reg_fifo_async/gen_xpm_cdc_handshake_array[0].inst_cdc_handshake/dest_hsdata_ff_reg[43]} \
          {top_design_i/axi_smc/inst/m03_nodes/m03_w_node/inst/inst_mi_handler/gen_normal_area.inst_fifo_node_payld/gen_reg_fifo_async.inst_reg_fifo_async/gen_xpm_cdc_handshake_array[0].inst_cdc_handshake/dest_hsdata_ff_reg[44]} \
          {top_design_i/axi_smc/inst/m03_nodes/m03_w_node/inst/inst_mi_handler/gen_normal_area.inst_fifo_node_payld/gen_reg_fifo_async.inst_reg_fifo_async/gen_xpm_cdc_handshake_array[0].inst_cdc_handshake/dest_hsdata_ff_reg[45]} \
          {top_design_i/axi_smc/inst/m03_nodes/m03_w_node/inst/inst_mi_handler/gen_normal_area.inst_fifo_node_payld/gen_reg_fifo_async.inst_reg_fifo_async/gen_xpm_cdc_handshake_array[0].inst_cdc_handshake/dest_hsdata_ff_reg[46]} \
          {top_design_i/axi_smc/inst/m03_nodes/m03_w_node/inst/inst_mi_handler/gen_normal_area.inst_fifo_node_payld/gen_reg_fifo_async.inst_reg_fifo_async/gen_xpm_cdc_handshake_array[0].inst_cdc_handshake/dest_hsdata_ff_reg[47]} \
          {top_design_i/axi_smc/inst/m03_nodes/m03_w_node/inst/inst_mi_handler/gen_normal_area.inst_fifo_node_payld/gen_reg_fifo_async.inst_reg_fifo_async/gen_xpm_cdc_handshake_array[0].inst_cdc_handshake/dest_hsdata_ff_reg[48]} \
          {top_design_i/axi_smc/inst/m03_nodes/m03_w_node/inst/inst_mi_handler/gen_normal_area.inst_fifo_node_payld/gen_reg_fifo_async.inst_reg_fifo_async/gen_xpm_cdc_handshake_array[0].inst_cdc_handshake/dest_hsdata_ff_reg[49]} \
          {top_design_i/axi_smc/inst/m03_nodes/m03_w_node/inst/inst_mi_handler/gen_normal_area.inst_fifo_node_payld/gen_reg_fifo_async.inst_reg_fifo_async/gen_xpm_cdc_handshake_array[0].inst_cdc_handshake/dest_hsdata_ff_reg[57]} \
          {top_design_i/axi_smc/inst/m03_nodes/m03_w_node/inst/inst_mi_handler/gen_normal_area.inst_fifo_node_payld/gen_reg_fifo_async.inst_reg_fifo_async/gen_xpm_cdc_handshake_array[0].inst_cdc_handshake/dest_hsdata_ff_reg[50]} \
          {top_design_i/axi_smc/inst/m03_nodes/m03_w_node/inst/inst_mi_handler/gen_normal_area.inst_fifo_node_payld/gen_reg_fifo_async.inst_reg_fifo_async/gen_xpm_cdc_handshake_array[0].inst_cdc_handshake/dest_hsdata_ff_reg[51]} \
          {top_design_i/axi_smc/inst/m03_nodes/m03_w_node/inst/inst_mi_handler/gen_normal_area.inst_fifo_node_payld/gen_reg_fifo_async.inst_reg_fifo_async/gen_xpm_cdc_handshake_array[0].inst_cdc_handshake/dest_hsdata_ff_reg[52]} \
          {top_design_i/axi_smc/inst/m03_nodes/m03_w_node/inst/inst_mi_handler/gen_normal_area.inst_fifo_node_payld/gen_reg_fifo_async.inst_reg_fifo_async/gen_xpm_cdc_handshake_array[0].inst_cdc_handshake/dest_hsdata_ff_reg[53]} \
          {top_design_i/axi_smc/inst/m03_nodes/m03_w_node/inst/inst_mi_handler/gen_normal_area.inst_fifo_node_payld/gen_reg_fifo_async.inst_reg_fifo_async/gen_xpm_cdc_handshake_array[0].inst_cdc_handshake/dest_hsdata_ff_reg[54]} \
          {top_design_i/axi_smc/inst/m03_nodes/m03_w_node/inst/inst_mi_handler/gen_normal_area.inst_fifo_node_payld/gen_reg_fifo_async.inst_reg_fifo_async/gen_xpm_cdc_handshake_array[0].inst_cdc_handshake/dest_hsdata_ff_reg[22]} \
          {top_design_i/axi_smc/inst/m03_nodes/m03_w_node/inst/inst_mi_handler/gen_normal_area.inst_fifo_node_payld/gen_reg_fifo_async.inst_reg_fifo_async/gen_xpm_cdc_handshake_array[0].inst_cdc_handshake/dest_hsdata_ff_reg[23]} \
          {top_design_i/axi_smc/inst/m03_nodes/m03_w_node/inst/inst_mi_handler/gen_normal_area.inst_fifo_node_payld/gen_reg_fifo_async.inst_reg_fifo_async/gen_xpm_cdc_handshake_array[0].inst_cdc_handshake/dest_hsdata_ff_reg[24]} \
          {top_design_i/axi_smc/inst/m03_nodes/m03_w_node/inst/inst_mi_handler/gen_normal_area.inst_fifo_node_payld/gen_reg_fifo_async.inst_reg_fifo_async/gen_xpm_cdc_handshake_array[0].inst_cdc_handshake/dest_hsdata_ff_reg[25]} \
          {top_design_i/axi_smc/inst/m03_nodes/m03_w_node/inst/inst_mi_handler/gen_normal_area.inst_fifo_node_payld/gen_reg_fifo_async.inst_reg_fifo_async/gen_xpm_cdc_handshake_array[0].inst_cdc_handshake/dest_hsdata_ff_reg[26]} \
          {top_design_i/axi_smc/inst/m03_nodes/m03_w_node/inst/inst_mi_handler/gen_normal_area.inst_fifo_node_payld/gen_reg_fifo_async.inst_reg_fifo_async/gen_xpm_cdc_handshake_array[0].inst_cdc_handshake/dest_hsdata_ff_reg[27]} \
          {top_design_i/axi_smc/inst/m03_nodes/m03_w_node/inst/inst_mi_handler/gen_normal_area.inst_fifo_node_payld/gen_reg_fifo_async.inst_reg_fifo_async/gen_xpm_cdc_handshake_array[0].inst_cdc_handshake/dest_hsdata_ff_reg[28]} \
          {top_design_i/axi_smc/inst/m03_nodes/m03_w_node/inst/inst_mi_handler/gen_normal_area.inst_fifo_node_payld/gen_reg_fifo_async.inst_reg_fifo_async/gen_xpm_cdc_handshake_array[0].inst_cdc_handshake/dest_hsdata_ff_reg[29]} \
          {top_design_i/axi_smc/inst/m03_nodes/m03_w_node/inst/inst_mi_handler/gen_normal_area.inst_fifo_node_payld/gen_reg_fifo_async.inst_reg_fifo_async/gen_xpm_cdc_handshake_array[0].inst_cdc_handshake/dest_hsdata_ff_reg[55]} \
          {top_design_i/axi_smc/inst/m03_nodes/m03_w_node/inst/inst_mi_handler/gen_normal_area.inst_fifo_node_payld/gen_reg_fifo_async.inst_reg_fifo_async/gen_xpm_cdc_handshake_array[0].inst_cdc_handshake/dest_hsdata_ff_reg[30]} \
          {top_design_i/axi_smc/inst/m03_nodes/m03_w_node/inst/inst_mi_handler/gen_normal_area.inst_fifo_node_payld/gen_reg_fifo_async.inst_reg_fifo_async/gen_xpm_cdc_handshake_array[0].inst_cdc_handshake/dest_hsdata_ff_reg[31]} \
          {top_design_i/axi_smc/inst/m03_nodes/m03_w_node/inst/inst_mi_handler/gen_normal_area.inst_fifo_node_payld/gen_reg_fifo_async.inst_reg_fifo_async/gen_xpm_cdc_handshake_array[0].inst_cdc_handshake/dest_hsdata_ff_reg[32]} \
          {top_design_i/axi_smc/inst/m03_nodes/m03_w_node/inst/inst_mi_handler/gen_normal_area.inst_fifo_node_payld/gen_reg_fifo_async.inst_reg_fifo_async/gen_xpm_cdc_handshake_array[0].inst_cdc_handshake/dest_hsdata_ff_reg[33]} \
          {top_design_i/axi_smc/inst/m03_nodes/m03_w_node/inst/inst_mi_handler/gen_normal_area.inst_fifo_node_payld/gen_reg_fifo_async.inst_reg_fifo_async/gen_xpm_cdc_handshake_array[0].inst_cdc_handshake/dest_hsdata_ff_reg[34]} \
          {top_design_i/axi_smc/inst/m03_nodes/m03_w_node/inst/inst_mi_handler/gen_normal_area.inst_fifo_node_payld/gen_reg_fifo_async.inst_reg_fifo_async/gen_xpm_cdc_handshake_array[0].inst_cdc_handshake/dest_hsdata_ff_reg[35]} \
          {top_design_i/axi_smc/inst/m03_nodes/m03_w_node/inst/inst_mi_handler/gen_normal_area.inst_fifo_node_payld/gen_reg_fifo_async.inst_reg_fifo_async/gen_xpm_cdc_handshake_array[0].inst_cdc_handshake/dest_hsdata_ff_reg[36]} \
          {top_design_i/axi_smc/inst/m03_nodes/m03_w_node/inst/inst_mi_handler/gen_normal_area.inst_fifo_node_payld/gen_reg_fifo_async.inst_reg_fifo_async/gen_xpm_cdc_handshake_array[0].inst_cdc_handshake/dest_hsdata_ff_reg[37]} \
          {top_design_i/axi_smc/inst/m03_nodes/m03_w_node/inst/inst_mi_handler/gen_normal_area.inst_fifo_node_payld/gen_reg_fifo_async.inst_reg_fifo_async/gen_xpm_cdc_handshake_array[0].inst_cdc_handshake/dest_hsdata_ff_reg[38]} \
          {top_design_i/axi_smc/inst/m03_nodes/m03_w_node/inst/inst_mi_handler/gen_normal_area.inst_fifo_node_payld/gen_reg_fifo_async.inst_reg_fifo_async/gen_xpm_cdc_handshake_array[0].inst_cdc_handshake/dest_hsdata_ff_reg[39]} \
          {top_design_i/axi_smc/inst/m03_nodes/m03_w_node/inst/inst_mi_handler/gen_normal_area.inst_fifo_node_payld/gen_reg_fifo_async.inst_reg_fifo_async/gen_xpm_cdc_handshake_array[0].inst_cdc_handshake/dest_hsdata_ff_reg[56]} \
          {top_design_i/axi_smc/inst/m03_nodes/m03_w_node/inst/inst_mi_handler/gen_normal_area.inst_fifo_node_payld/gen_reg_fifo_async.inst_reg_fifo_async/gen_xpm_cdc_handshake_array[0].inst_cdc_handshake/dest_hsdata_ff_reg[40]} \
          {top_design_i/axi_smc/inst/m03_nodes/m03_w_node/inst/inst_mi_handler/gen_normal_area.inst_fifo_node_payld/gen_reg_fifo_async.inst_reg_fifo_async/gen_xpm_cdc_handshake_array[0].inst_cdc_handshake/dest_hsdata_ff_reg[41]}]]
                                                                              Slow             19.998       0.916     19.082


2. Bus Skew Report Per Constraint
---------------------------------

Id: 1
set_bus_skew -from [get_cells [list {top_design_i/v_axi4s_vid_out_0/inst/COUPLER_INST/generate_async_fifo.FIFO_INST/XPM_FIFO_ASYNC_INST/gnuram_async_fifo.xpm_fifo_base_inst/gen_cdc_pntr.rd_pntr_cdc_inst/src_gray_ff_reg[0]} {top_design_i/v_axi4s_vid_out_0/inst/COUPLER_INST/generate_async_fifo.FIFO_INST/XPM_FIFO_ASYNC_INST/gnuram_async_fifo.xpm_fifo_base_inst/gen_cdc_pntr.rd_pntr_cdc_inst/src_gray_ff_reg[1]} {top_design_i/v_axi4s_vid_out_0/inst/COUPLER_INST/generate_async_fifo.FIFO_INST/XPM_FIFO_ASYNC_INST/gnuram_async_fifo.xpm_fifo_base_inst/gen_cdc_pntr.rd_pntr_cdc_inst/src_gray_ff_reg[2]} {top_design_i/v_axi4s_vid_out_0/inst/COUPLER_INST/generate_async_fifo.FIFO_INST/XPM_FIFO_ASYNC_INST/gnuram_async_fifo.xpm_fifo_base_inst/gen_cdc_pntr.rd_pntr_cdc_inst/src_gray_ff_reg[3]} {top_design_i/v_axi4s_vid_out_0/inst/COUPLER_INST/generate_async_fifo.FIFO_INST/XPM_FIFO_ASYNC_INST/gnuram_async_fifo.xpm_fifo_base_inst/gen_cdc_pntr.rd_pntr_cdc_inst/src_gray_ff_reg[4]} {top_design_i/v_axi4s_vid_out_0/inst/COUPLER_INST/generate_async_fifo.FIFO_INST/XPM_FIFO_ASYNC_INST/gnuram_async_fifo.xpm_fifo_base_inst/gen_cdc_pntr.rd_pntr_cdc_inst/src_gray_ff_reg[5]} {top_design_i/v_axi4s_vid_out_0/inst/COUPLER_INST/generate_async_fifo.FIFO_INST/XPM_FIFO_ASYNC_INST/gnuram_async_fifo.xpm_fifo_base_inst/gen_cdc_pntr.rd_pntr_cdc_inst/src_gray_ff_reg[6]} {top_design_i/v_axi4s_vid_out_0/inst/COUPLER_INST/generate_async_fifo.FIFO_INST/XPM_FIFO_ASYNC_INST/gnuram_async_fifo.xpm_fifo_base_inst/gen_cdc_pntr.rd_pntr_cdc_inst/src_gray_ff_reg[7]} {top_design_i/v_axi4s_vid_out_0/inst/COUPLER_INST/generate_async_fifo.FIFO_INST/XPM_FIFO_ASYNC_INST/gnuram_async_fifo.xpm_fifo_base_inst/gen_cdc_pntr.rd_pntr_cdc_inst/src_gray_ff_reg[8]} {top_design_i/v_axi4s_vid_out_0/inst/COUPLER_INST/generate_async_fifo.FIFO_INST/XPM_FIFO_ASYNC_INST/gnuram_async_fifo.xpm_fifo_base_inst/gen_cdc_pntr.rd_pntr_cdc_inst/src_gray_ff_reg[9]}]] -to [get_cells [list {top_design_i/v_axi4s_vid_out_0/inst/COUPLER_INST/generate_async_fifo.FIFO_INST/XPM_FIFO_ASYNC_INST/gnuram_async_fifo.xpm_fifo_base_inst/gen_cdc_pntr.rd_pntr_cdc_inst/dest_graysync_ff_reg[0][0]} {top_design_i/v_axi4s_vid_out_0/inst/COUPLER_INST/generate_async_fifo.FIFO_INST/XPM_FIFO_ASYNC_INST/gnuram_async_fifo.xpm_fifo_base_inst/gen_cdc_pntr.rd_pntr_cdc_inst/dest_graysync_ff_reg[0][1]} {top_design_i/v_axi4s_vid_out_0/inst/COUPLER_INST/generate_async_fifo.FIFO_INST/XPM_FIFO_ASYNC_INST/gnuram_async_fifo.xpm_fifo_base_inst/gen_cdc_pntr.rd_pntr_cdc_inst/dest_graysync_ff_reg[0][2]} {top_design_i/v_axi4s_vid_out_0/inst/COUPLER_INST/generate_async_fifo.FIFO_INST/XPM_FIFO_ASYNC_INST/gnuram_async_fifo.xpm_fifo_base_inst/gen_cdc_pntr.rd_pntr_cdc_inst/dest_graysync_ff_reg[0][3]} {top_design_i/v_axi4s_vid_out_0/inst/COUPLER_INST/generate_async_fifo.FIFO_INST/XPM_FIFO_ASYNC_INST/gnuram_async_fifo.xpm_fifo_base_inst/gen_cdc_pntr.rd_pntr_cdc_inst/dest_graysync_ff_reg[0][4]} {top_design_i/v_axi4s_vid_out_0/inst/COUPLER_INST/generate_async_fifo.FIFO_INST/XPM_FIFO_ASYNC_INST/gnuram_async_fifo.xpm_fifo_base_inst/gen_cdc_pntr.rd_pntr_cdc_inst/dest_graysync_ff_reg[0][5]} {top_design_i/v_axi4s_vid_out_0/inst/COUPLER_INST/generate_async_fifo.FIFO_INST/XPM_FIFO_ASYNC_INST/gnuram_async_fifo.xpm_fifo_base_inst/gen_cdc_pntr.rd_pntr_cdc_inst/dest_graysync_ff_reg[0][6]} {top_design_i/v_axi4s_vid_out_0/inst/COUPLER_INST/generate_async_fifo.FIFO_INST/XPM_FIFO_ASYNC_INST/gnuram_async_fifo.xpm_fifo_base_inst/gen_cdc_pntr.rd_pntr_cdc_inst/dest_graysync_ff_reg[0][7]} {top_design_i/v_axi4s_vid_out_0/inst/COUPLER_INST/generate_async_fifo.FIFO_INST/XPM_FIFO_ASYNC_INST/gnuram_async_fifo.xpm_fifo_base_inst/gen_cdc_pntr.rd_pntr_cdc_inst/dest_graysync_ff_reg[0][8]} {top_design_i/v_axi4s_vid_out_0/inst/COUPLER_INST/generate_async_fifo.FIFO_INST/XPM_FIFO_ASYNC_INST/gnuram_async_fifo.xpm_fifo_base_inst/gen_cdc_pntr.rd_pntr_cdc_inst/dest_graysync_ff_reg[0][9]}]] 6.666
Requirement: 6.666ns
Endpoints: 10

From Clock            To Clock              Endpoint Pin                    Reference Pin                   Corner  Actual(ns)  Slack(ns)
--------------------  --------------------  ------------------------------  ------------------------------  ------  ----------  ---------
axi_dynclk_0_PXL_CLK_O
                      clk_fpga_1            top_design_i/v_axi4s_vid_out_0/inst/COUPLER_INST/generate_async_fifo.FIFO_INST/XPM_FIFO_ASYNC_INST/gnuram_async_fifo.xpm_fifo_base_inst/gen_cdc_pntr.rd_pntr_cdc_inst/dest_graysync_ff_reg[0][9]/D
                                                                            top_design_i/v_axi4s_vid_out_0/inst/COUPLER_INST/generate_async_fifo.FIFO_INST/XPM_FIFO_ASYNC_INST/gnuram_async_fifo.xpm_fifo_base_inst/gen_cdc_pntr.rd_pntr_cdc_inst/dest_graysync_ff_reg[0][2]/D
                                                                                                            Slow         1.017      5.649


Slack (MET) :             5.649ns  (requirement - actual skew)
  Endpoint Source:        top_design_i/v_axi4s_vid_out_0/inst/COUPLER_INST/generate_async_fifo.FIFO_INST/XPM_FIFO_ASYNC_INST/gnuram_async_fifo.xpm_fifo_base_inst/gen_cdc_pntr.rd_pntr_cdc_inst/src_gray_ff_reg[9]/C
                            (rising edge-triggered cell FDRE clocked by axi_dynclk_0_PXL_CLK_O)
  Endpoint Destination:   top_design_i/v_axi4s_vid_out_0/inst/COUPLER_INST/generate_async_fifo.FIFO_INST/XPM_FIFO_ASYNC_INST/gnuram_async_fifo.xpm_fifo_base_inst/gen_cdc_pntr.rd_pntr_cdc_inst/dest_graysync_ff_reg[0][9]/D
                            (rising edge-triggered cell FDRE clocked by clk_fpga_1)
  Reference Source:       top_design_i/v_axi4s_vid_out_0/inst/COUPLER_INST/generate_async_fifo.FIFO_INST/XPM_FIFO_ASYNC_INST/gnuram_async_fifo.xpm_fifo_base_inst/gen_cdc_pntr.rd_pntr_cdc_inst/src_gray_ff_reg[2]/C
                            (rising edge-triggered cell FDRE clocked by axi_dynclk_0_PXL_CLK_O)
  Reference Destination:  top_design_i/v_axi4s_vid_out_0/inst/COUPLER_INST/generate_async_fifo.FIFO_INST/XPM_FIFO_ASYNC_INST/gnuram_async_fifo.xpm_fifo_base_inst/gen_cdc_pntr.rd_pntr_cdc_inst/dest_graysync_ff_reg[0][2]/D
                            (rising edge-triggered cell FDRE clocked by clk_fpga_1)
  Path Type:              Bus Skew (Max at Slow Process Corner)
  Requirement:            6.666ns
  Endpoint Relative Delay:    4.363ns
  Reference Relative Delay:   2.690ns
  Relative CRPR:              0.656ns
  Actual Bus Skew:            1.017ns  (Endpoint Relative Delay - Reference Relative Delay - Relative CRPR)

Endpoint path:
    Location             Delay type                Incr(ns)  Path(ns)    Netlist Resource(s)
  -------------------------------------------------------------------    -------------------
                         (clock axi_dynclk_0_PXL_CLK_O rise edge)
                                                      0.000     0.000 r  
    PS7_X0Y0             PS7                          0.000     0.000 r  top_design_i/processing_system7_0/inst/PS7_i/FCLKCLK[0]
                         net (fo=1, routed)           0.994     0.994    top_design_i/processing_system7_0/inst/FCLK_CLK0
    BUFGCTRL_X0Y17       BUFG (Prop_bufg_I_O)         0.085     1.079 r  top_design_i/processing_system7_0/inst/FCLK_CLK0_BUFG_inst/O
                         net (fo=1946, routed)        1.704     2.783    top_design_i/axi_dynclk_0/U0/Inst_mmcme2_drp/REF_CLK_I
    MMCME2_ADV_X1Y2      MMCME2_ADV (Prop_mmcme2_adv_CLKIN1_CLKOUT0)
                                                      0.077     2.860 r  top_design_i/axi_dynclk_0/U0/Inst_mmcme2_drp/mmcm_adv_inst/CLKOUT0
                         net (fo=2, routed)           0.916     3.776    top_design_i/axi_dynclk_0/U0/I
    BUFR_X1Y9            BUFR (Prop_bufr_I_O)         0.794     4.570 r  top_design_i/axi_dynclk_0/U0/BUFR_inst/O
                         net (fo=2844, routed)        0.812     5.382    top_design_i/v_axi4s_vid_out_0/inst/COUPLER_INST/generate_async_fifo.FIFO_INST/XPM_FIFO_ASYNC_INST/gnuram_async_fifo.xpm_fifo_base_inst/gen_cdc_pntr.rd_pntr_cdc_inst/src_clk
    SLICE_X86Y102        FDRE                                         r  top_design_i/v_axi4s_vid_out_0/inst/COUPLER_INST/generate_async_fifo.FIFO_INST/XPM_FIFO_ASYNC_INST/gnuram_async_fifo.xpm_fifo_base_inst/gen_cdc_pntr.rd_pntr_cdc_inst/src_gray_ff_reg[9]/C
  -------------------------------------------------------------------    -------------------
    SLICE_X86Y102        FDRE (Prop_fdre_C_Q)         0.398     5.780 r  top_design_i/v_axi4s_vid_out_0/inst/COUPLER_INST/generate_async_fifo.FIFO_INST/XPM_FIFO_ASYNC_INST/gnuram_async_fifo.xpm_fifo_base_inst/gen_cdc_pntr.rd_pntr_cdc_inst/src_gray_ff_reg[9]/Q
                         net (fo=1, routed)           0.702     6.482    top_design_i/v_axi4s_vid_out_0/inst/COUPLER_INST/generate_async_fifo.FIFO_INST/XPM_FIFO_ASYNC_INST/gnuram_async_fifo.xpm_fifo_base_inst/gen_cdc_pntr.rd_pntr_cdc_inst/async_path[9]
    SLICE_X86Y97         FDRE                                         r  top_design_i/v_axi4s_vid_out_0/inst/COUPLER_INST/generate_async_fifo.FIFO_INST/XPM_FIFO_ASYNC_INST/gnuram_async_fifo.xpm_fifo_base_inst/gen_cdc_pntr.rd_pntr_cdc_inst/dest_graysync_ff_reg[0][9]/D
  -------------------------------------------------------------------    -------------------

                         (clock clk_fpga_1 rise edge)
                                                      0.000     0.000 r  
    PS7_X0Y0             PS7                          0.000     0.000 r  top_design_i/processing_system7_0/inst/PS7_i/FCLKCLK[1]
                         net (fo=1, routed)           0.905     0.905    top_design_i/processing_system7_0/inst/FCLK_CLK_unbuffered[1]
    BUFGCTRL_X0Y16       BUFG (Prop_bufg_I_O)         0.077     0.982 r  top_design_i/processing_system7_0/inst/buffer_fclk_clk_1.FCLK_CLK_1_BUFG/O
                         net (fo=13123, routed)       1.294     2.277    top_design_i/v_axi4s_vid_out_0/inst/COUPLER_INST/generate_async_fifo.FIFO_INST/XPM_FIFO_ASYNC_INST/gnuram_async_fifo.xpm_fifo_base_inst/gen_cdc_pntr.rd_pntr_cdc_inst/dest_clk
    SLICE_X86Y97         FDRE                                         r  top_design_i/v_axi4s_vid_out_0/inst/COUPLER_INST/generate_async_fifo.FIFO_INST/XPM_FIFO_ASYNC_INST/gnuram_async_fifo.xpm_fifo_base_inst/gen_cdc_pntr.rd_pntr_cdc_inst/dest_graysync_ff_reg[0][9]/C
                         clock pessimism              0.000     2.277    
    SLICE_X86Y97         FDRE (Setup_fdre_C_D)       -0.158     2.119    top_design_i/v_axi4s_vid_out_0/inst/COUPLER_INST/generate_async_fifo.FIFO_INST/XPM_FIFO_ASYNC_INST/gnuram_async_fifo.xpm_fifo_base_inst/gen_cdc_pntr.rd_pntr_cdc_inst/dest_graysync_ff_reg[0][9]
  -------------------------------------------------------------------
                         data arrival                           6.482    
                         clock arrival                          2.119    
  -------------------------------------------------------------------
                         relative delay                         4.363    

Reference path:
    Location             Delay type                Incr(ns)  Path(ns)    Netlist Resource(s)
  -------------------------------------------------------------------    -------------------
                         (clock axi_dynclk_0_PXL_CLK_O rise edge)
                                                      0.000     0.000 r  
    PS7_X0Y0             PS7                          0.000     0.000 r  top_design_i/processing_system7_0/inst/PS7_i/FCLKCLK[0]
                         net (fo=1, routed)           0.905     0.905    top_design_i/processing_system7_0/inst/FCLK_CLK0
    BUFGCTRL_X0Y17       BUFG (Prop_bufg_I_O)         0.077     0.982 r  top_design_i/processing_system7_0/inst/FCLK_CLK0_BUFG_inst/O
                         net (fo=1946, routed)        1.522     2.504    top_design_i/axi_dynclk_0/U0/Inst_mmcme2_drp/REF_CLK_I
    MMCME2_ADV_X1Y2      MMCME2_ADV (Prop_mmcme2_adv_CLKIN1_CLKOUT0)
                                                      0.073     2.577 r  top_design_i/axi_dynclk_0/U0/Inst_mmcme2_drp/mmcm_adv_inst/CLKOUT0
                         net (fo=2, routed)           0.827     3.404    top_design_i/axi_dynclk_0/U0/I
    BUFR_X1Y9            BUFR (Prop_bufr_I_O)         0.725     4.129 r  top_design_i/axi_dynclk_0/U0/BUFR_inst/O
                         net (fo=2844, routed)        0.681     4.810    top_design_i/v_axi4s_vid_out_0/inst/COUPLER_INST/generate_async_fifo.FIFO_INST/XPM_FIFO_ASYNC_INST/gnuram_async_fifo.xpm_fifo_base_inst/gen_cdc_pntr.rd_pntr_cdc_inst/src_clk
    SLICE_X90Y100        FDRE                                         r  top_design_i/v_axi4s_vid_out_0/inst/COUPLER_INST/generate_async_fifo.FIFO_INST/XPM_FIFO_ASYNC_INST/gnuram_async_fifo.xpm_fifo_base_inst/gen_cdc_pntr.rd_pntr_cdc_inst/src_gray_ff_reg[2]/C
  -------------------------------------------------------------------    -------------------
    SLICE_X90Y100        FDRE (Prop_fdre_C_Q)         0.347     5.157 r  top_design_i/v_axi4s_vid_out_0/inst/COUPLER_INST/generate_async_fifo.FIFO_INST/XPM_FIFO_ASYNC_INST/gnuram_async_fifo.xpm_fifo_base_inst/gen_cdc_pntr.rd_pntr_cdc_inst/src_gray_ff_reg[2]/Q
                         net (fo=1, routed)           0.302     5.459    top_design_i/v_axi4s_vid_out_0/inst/COUPLER_INST/generate_async_fifo.FIFO_INST/XPM_FIFO_ASYNC_INST/gnuram_async_fifo.xpm_fifo_base_inst/gen_cdc_pntr.rd_pntr_cdc_inst/async_path[2]
    SLICE_X90Y97         FDRE                                         r  top_design_i/v_axi4s_vid_out_0/inst/COUPLER_INST/generate_async_fifo.FIFO_INST/XPM_FIFO_ASYNC_INST/gnuram_async_fifo.xpm_fifo_base_inst/gen_cdc_pntr.rd_pntr_cdc_inst/dest_graysync_ff_reg[0][2]/D
  -------------------------------------------------------------------    -------------------

                         (clock clk_fpga_1 rise edge)
                                                      0.000     0.000 r  
    PS7_X0Y0             PS7                          0.000     0.000 r  top_design_i/processing_system7_0/inst/PS7_i/FCLKCLK[1]
                         net (fo=1, routed)           0.994     0.994    top_design_i/processing_system7_0/inst/FCLK_CLK_unbuffered[1]
    BUFGCTRL_X0Y16       BUFG (Prop_bufg_I_O)         0.085     1.079 r  top_design_i/processing_system7_0/inst/buffer_fclk_clk_1.FCLK_CLK_1_BUFG/O
                         net (fo=13123, routed)       1.503     2.582    top_design_i/v_axi4s_vid_out_0/inst/COUPLER_INST/generate_async_fifo.FIFO_INST/XPM_FIFO_ASYNC_INST/gnuram_async_fifo.xpm_fifo_base_inst/gen_cdc_pntr.rd_pntr_cdc_inst/dest_clk
    SLICE_X90Y97         FDRE                                         r  top_design_i/v_axi4s_vid_out_0/inst/COUPLER_INST/generate_async_fifo.FIFO_INST/XPM_FIFO_ASYNC_INST/gnuram_async_fifo.xpm_fifo_base_inst/gen_cdc_pntr.rd_pntr_cdc_inst/dest_graysync_ff_reg[0][2]/C
                         clock pessimism              0.000     2.582    
    SLICE_X90Y97         FDRE (Hold_fdre_C_D)         0.187     2.769    top_design_i/v_axi4s_vid_out_0/inst/COUPLER_INST/generate_async_fifo.FIFO_INST/XPM_FIFO_ASYNC_INST/gnuram_async_fifo.xpm_fifo_base_inst/gen_cdc_pntr.rd_pntr_cdc_inst/dest_graysync_ff_reg[0][2]
  -------------------------------------------------------------------
                         data arrival                           5.459    
                         clock arrival                          2.769    
  -------------------------------------------------------------------
                         relative delay                         2.690    



Id: 2
set_bus_skew -from [get_cells [list {top_design_i/v_axi4s_vid_out_0/inst/COUPLER_INST/generate_async_fifo.FIFO_INST/XPM_FIFO_ASYNC_INST/gnuram_async_fifo.xpm_fifo_base_inst/gen_cdc_pntr.wr_pntr_cdc_inst/src_gray_ff_reg[0]} {top_design_i/v_axi4s_vid_out_0/inst/COUPLER_INST/generate_async_fifo.FIFO_INST/XPM_FIFO_ASYNC_INST/gnuram_async_fifo.xpm_fifo_base_inst/gen_cdc_pntr.wr_pntr_cdc_inst/src_gray_ff_reg[1]} {top_design_i/v_axi4s_vid_out_0/inst/COUPLER_INST/generate_async_fifo.FIFO_INST/XPM_FIFO_ASYNC_INST/gnuram_async_fifo.xpm_fifo_base_inst/gen_cdc_pntr.wr_pntr_cdc_inst/src_gray_ff_reg[2]} {top_design_i/v_axi4s_vid_out_0/inst/COUPLER_INST/generate_async_fifo.FIFO_INST/XPM_FIFO_ASYNC_INST/gnuram_async_fifo.xpm_fifo_base_inst/gen_cdc_pntr.wr_pntr_cdc_inst/src_gray_ff_reg[3]} {top_design_i/v_axi4s_vid_out_0/inst/COUPLER_INST/generate_async_fifo.FIFO_INST/XPM_FIFO_ASYNC_INST/gnuram_async_fifo.xpm_fifo_base_inst/gen_cdc_pntr.wr_pntr_cdc_inst/src_gray_ff_reg[4]} {top_design_i/v_axi4s_vid_out_0/inst/COUPLER_INST/generate_async_fifo.FIFO_INST/XPM_FIFO_ASYNC_INST/gnuram_async_fifo.xpm_fifo_base_inst/gen_cdc_pntr.wr_pntr_cdc_inst/src_gray_ff_reg[5]} {top_design_i/v_axi4s_vid_out_0/inst/COUPLER_INST/generate_async_fifo.FIFO_INST/XPM_FIFO_ASYNC_INST/gnuram_async_fifo.xpm_fifo_base_inst/gen_cdc_pntr.wr_pntr_cdc_inst/src_gray_ff_reg[6]} {top_design_i/v_axi4s_vid_out_0/inst/COUPLER_INST/generate_async_fifo.FIFO_INST/XPM_FIFO_ASYNC_INST/gnuram_async_fifo.xpm_fifo_base_inst/gen_cdc_pntr.wr_pntr_cdc_inst/src_gray_ff_reg[7]} {top_design_i/v_axi4s_vid_out_0/inst/COUPLER_INST/generate_async_fifo.FIFO_INST/XPM_FIFO_ASYNC_INST/gnuram_async_fifo.xpm_fifo_base_inst/gen_cdc_pntr.wr_pntr_cdc_inst/src_gray_ff_reg[8]} {top_design_i/v_axi4s_vid_out_0/inst/COUPLER_INST/generate_async_fifo.FIFO_INST/XPM_FIFO_ASYNC_INST/gnuram_async_fifo.xpm_fifo_base_inst/gen_cdc_pntr.wr_pntr_cdc_inst/src_gray_ff_reg[9]}]] -to [get_cells [list {top_design_i/v_axi4s_vid_out_0/inst/COUPLER_INST/generate_async_fifo.FIFO_INST/XPM_FIFO_ASYNC_INST/gnuram_async_fifo.xpm_fifo_base_inst/gen_cdc_pntr.wr_pntr_cdc_inst/dest_graysync_ff_reg[0][0]} {top_design_i/v_axi4s_vid_out_0/inst/COUPLER_INST/generate_async_fifo.FIFO_INST/XPM_FIFO_ASYNC_INST/gnuram_async_fifo.xpm_fifo_base_inst/gen_cdc_pntr.wr_pntr_cdc_inst/dest_graysync_ff_reg[0][1]} {top_design_i/v_axi4s_vid_out_0/inst/COUPLER_INST/generate_async_fifo.FIFO_INST/XPM_FIFO_ASYNC_INST/gnuram_async_fifo.xpm_fifo_base_inst/gen_cdc_pntr.wr_pntr_cdc_inst/dest_graysync_ff_reg[0][2]} {top_design_i/v_axi4s_vid_out_0/inst/COUPLER_INST/generate_async_fifo.FIFO_INST/XPM_FIFO_ASYNC_INST/gnuram_async_fifo.xpm_fifo_base_inst/gen_cdc_pntr.wr_pntr_cdc_inst/dest_graysync_ff_reg[0][3]} {top_design_i/v_axi4s_vid_out_0/inst/COUPLER_INST/generate_async_fifo.FIFO_INST/XPM_FIFO_ASYNC_INST/gnuram_async_fifo.xpm_fifo_base_inst/gen_cdc_pntr.wr_pntr_cdc_inst/dest_graysync_ff_reg[0][4]} {top_design_i/v_axi4s_vid_out_0/inst/COUPLER_INST/generate_async_fifo.FIFO_INST/XPM_FIFO_ASYNC_INST/gnuram_async_fifo.xpm_fifo_base_inst/gen_cdc_pntr.wr_pntr_cdc_inst/dest_graysync_ff_reg[0][5]} {top_design_i/v_axi4s_vid_out_0/inst/COUPLER_INST/generate_async_fifo.FIFO_INST/XPM_FIFO_ASYNC_INST/gnuram_async_fifo.xpm_fifo_base_inst/gen_cdc_pntr.wr_pntr_cdc_inst/dest_graysync_ff_reg[0][6]} {top_design_i/v_axi4s_vid_out_0/inst/COUPLER_INST/generate_async_fifo.FIFO_INST/XPM_FIFO_ASYNC_INST/gnuram_async_fifo.xpm_fifo_base_inst/gen_cdc_pntr.wr_pntr_cdc_inst/dest_graysync_ff_reg[0][7]} {top_design_i/v_axi4s_vid_out_0/inst/COUPLER_INST/generate_async_fifo.FIFO_INST/XPM_FIFO_ASYNC_INST/gnuram_async_fifo.xpm_fifo_base_inst/gen_cdc_pntr.wr_pntr_cdc_inst/dest_graysync_ff_reg[0][8]} {top_design_i/v_axi4s_vid_out_0/inst/COUPLER_INST/generate_async_fifo.FIFO_INST/XPM_FIFO_ASYNC_INST/gnuram_async_fifo.xpm_fifo_base_inst/gen_cdc_pntr.wr_pntr_cdc_inst/dest_graysync_ff_reg[0][9]}]] 6.666
Requirement: 6.666ns
Endpoints: 10

From Clock            To Clock              Endpoint Pin                    Reference Pin                   Corner  Actual(ns)  Slack(ns)
--------------------  --------------------  ------------------------------  ------------------------------  ------  ----------  ---------
clk_fpga_1            axi_dynclk_0_PXL_CLK_O
                                            top_design_i/v_axi4s_vid_out_0/inst/COUPLER_INST/generate_async_fifo.FIFO_INST/XPM_FIFO_ASYNC_INST/gnuram_async_fifo.xpm_fifo_base_inst/gen_cdc_pntr.wr_pntr_cdc_inst/dest_graysync_ff_reg[0][4]/D
                                                                            top_design_i/v_axi4s_vid_out_0/inst/COUPLER_INST/generate_async_fifo.FIFO_INST/XPM_FIFO_ASYNC_INST/gnuram_async_fifo.xpm_fifo_base_inst/gen_cdc_pntr.wr_pntr_cdc_inst/dest_graysync_ff_reg[0][0]/D
                                                                                                            Slow         0.771      5.895


Slack (MET) :             5.895ns  (requirement - actual skew)
  Endpoint Source:        top_design_i/v_axi4s_vid_out_0/inst/COUPLER_INST/generate_async_fifo.FIFO_INST/XPM_FIFO_ASYNC_INST/gnuram_async_fifo.xpm_fifo_base_inst/gen_cdc_pntr.wr_pntr_cdc_inst/src_gray_ff_reg[4]/C
                            (rising edge-triggered cell FDRE clocked by clk_fpga_1)
  Endpoint Destination:   top_design_i/v_axi4s_vid_out_0/inst/COUPLER_INST/generate_async_fifo.FIFO_INST/XPM_FIFO_ASYNC_INST/gnuram_async_fifo.xpm_fifo_base_inst/gen_cdc_pntr.wr_pntr_cdc_inst/dest_graysync_ff_reg[0][4]/D
                            (rising edge-triggered cell FDRE clocked by axi_dynclk_0_PXL_CLK_O)
  Reference Source:       top_design_i/v_axi4s_vid_out_0/inst/COUPLER_INST/generate_async_fifo.FIFO_INST/XPM_FIFO_ASYNC_INST/gnuram_async_fifo.xpm_fifo_base_inst/gen_cdc_pntr.wr_pntr_cdc_inst/src_gray_ff_reg[0]/C
                            (rising edge-triggered cell FDRE clocked by clk_fpga_1)
  Reference Destination:  top_design_i/v_axi4s_vid_out_0/inst/COUPLER_INST/generate_async_fifo.FIFO_INST/XPM_FIFO_ASYNC_INST/gnuram_async_fifo.xpm_fifo_base_inst/gen_cdc_pntr.wr_pntr_cdc_inst/dest_graysync_ff_reg[0][0]/D
                            (rising edge-triggered cell FDRE clocked by axi_dynclk_0_PXL_CLK_O)
  Path Type:              Bus Skew (Max at Slow Process Corner)
  Requirement:            6.666ns
  Endpoint Relative Delay:   -1.070ns
  Reference Relative Delay:  -2.530ns
  Relative CRPR:              0.688ns
  Actual Bus Skew:            0.771ns  (Endpoint Relative Delay - Reference Relative Delay - Relative CRPR)

Endpoint path:
    Location             Delay type                Incr(ns)  Path(ns)    Netlist Resource(s)
  -------------------------------------------------------------------    -------------------
                         (clock clk_fpga_1 rise edge)
                                                      0.000     0.000 r  
    PS7_X0Y0             PS7                          0.000     0.000 r  top_design_i/processing_system7_0/inst/PS7_i/FCLKCLK[1]
                         net (fo=1, routed)           0.994     0.994    top_design_i/processing_system7_0/inst/FCLK_CLK_unbuffered[1]
    BUFGCTRL_X0Y16       BUFG (Prop_bufg_I_O)         0.085     1.079 r  top_design_i/processing_system7_0/inst/buffer_fclk_clk_1.FCLK_CLK_1_BUFG/O
                         net (fo=13123, routed)       1.622     2.701    top_design_i/v_axi4s_vid_out_0/inst/COUPLER_INST/generate_async_fifo.FIFO_INST/XPM_FIFO_ASYNC_INST/gnuram_async_fifo.xpm_fifo_base_inst/gen_cdc_pntr.wr_pntr_cdc_inst/src_clk
    SLICE_X89Y102        FDRE                                         r  top_design_i/v_axi4s_vid_out_0/inst/COUPLER_INST/generate_async_fifo.FIFO_INST/XPM_FIFO_ASYNC_INST/gnuram_async_fifo.xpm_fifo_base_inst/gen_cdc_pntr.wr_pntr_cdc_inst/src_gray_ff_reg[4]/C
  -------------------------------------------------------------------    -------------------
    SLICE_X89Y102        FDRE (Prop_fdre_C_Q)         0.379     3.080 r  top_design_i/v_axi4s_vid_out_0/inst/COUPLER_INST/generate_async_fifo.FIFO_INST/XPM_FIFO_ASYNC_INST/gnuram_async_fifo.xpm_fifo_base_inst/gen_cdc_pntr.wr_pntr_cdc_inst/src_gray_ff_reg[4]/Q
                         net (fo=1, routed)           0.648     3.728    top_design_i/v_axi4s_vid_out_0/inst/COUPLER_INST/generate_async_fifo.FIFO_INST/XPM_FIFO_ASYNC_INST/gnuram_async_fifo.xpm_fifo_base_inst/gen_cdc_pntr.wr_pntr_cdc_inst/async_path[4]
    SLICE_X89Y104        FDRE                                         r  top_design_i/v_axi4s_vid_out_0/inst/COUPLER_INST/generate_async_fifo.FIFO_INST/XPM_FIFO_ASYNC_INST/gnuram_async_fifo.xpm_fifo_base_inst/gen_cdc_pntr.wr_pntr_cdc_inst/dest_graysync_ff_reg[0][4]/D
  -------------------------------------------------------------------    -------------------

                         (clock axi_dynclk_0_PXL_CLK_O rise edge)
                                                      0.000     0.000 r  
    PS7_X0Y0             PS7                          0.000     0.000 r  top_design_i/processing_system7_0/inst/PS7_i/FCLKCLK[0]
                         net (fo=1, routed)           0.905     0.905    top_design_i/processing_system7_0/inst/FCLK_CLK0
    BUFGCTRL_X0Y17       BUFG (Prop_bufg_I_O)         0.077     0.982 r  top_design_i/processing_system7_0/inst/FCLK_CLK0_BUFG_inst/O
                         net (fo=1946, routed)        1.522     2.504    top_design_i/axi_dynclk_0/U0/Inst_mmcme2_drp/REF_CLK_I
    MMCME2_ADV_X1Y2      MMCME2_ADV (Prop_mmcme2_adv_CLKIN1_CLKOUT0)
                                                      0.073     2.577 r  top_design_i/axi_dynclk_0/U0/Inst_mmcme2_drp/mmcm_adv_inst/CLKOUT0
                         net (fo=2, routed)           0.827     3.404    top_design_i/axi_dynclk_0/U0/I
    BUFR_X1Y9            BUFR (Prop_bufr_I_O)         0.725     4.129 r  top_design_i/axi_dynclk_0/U0/BUFR_inst/O
                         net (fo=2844, routed)        0.744     4.873    top_design_i/v_axi4s_vid_out_0/inst/COUPLER_INST/generate_async_fifo.FIFO_INST/XPM_FIFO_ASYNC_INST/gnuram_async_fifo.xpm_fifo_base_inst/gen_cdc_pntr.wr_pntr_cdc_inst/dest_clk
    SLICE_X89Y104        FDRE                                         r  top_design_i/v_axi4s_vid_out_0/inst/COUPLER_INST/generate_async_fifo.FIFO_INST/XPM_FIFO_ASYNC_INST/gnuram_async_fifo.xpm_fifo_base_inst/gen_cdc_pntr.wr_pntr_cdc_inst/dest_graysync_ff_reg[0][4]/C
                         clock pessimism              0.000     4.873    
    SLICE_X89Y104        FDRE (Setup_fdre_C_D)       -0.075     4.798    top_design_i/v_axi4s_vid_out_0/inst/COUPLER_INST/generate_async_fifo.FIFO_INST/XPM_FIFO_ASYNC_INST/gnuram_async_fifo.xpm_fifo_base_inst/gen_cdc_pntr.wr_pntr_cdc_inst/dest_graysync_ff_reg[0][4]
  -------------------------------------------------------------------
                         data arrival                           3.728    
                         clock arrival                          4.798    
  -------------------------------------------------------------------
                         relative delay                        -1.070    

Reference path:
    Location             Delay type                Incr(ns)  Path(ns)    Netlist Resource(s)
  -------------------------------------------------------------------    -------------------
                         (clock clk_fpga_1 rise edge)
                                                      0.000     0.000 r  
    PS7_X0Y0             PS7                          0.000     0.000 r  top_design_i/processing_system7_0/inst/PS7_i/FCLKCLK[1]
                         net (fo=1, routed)           0.905     0.905    top_design_i/processing_system7_0/inst/FCLK_CLK_unbuffered[1]
    BUFGCTRL_X0Y16       BUFG (Prop_bufg_I_O)         0.077     0.982 r  top_design_i/processing_system7_0/inst/buffer_fclk_clk_1.FCLK_CLK_1_BUFG/O
                         net (fo=13123, routed)       1.449     2.431    top_design_i/v_axi4s_vid_out_0/inst/COUPLER_INST/generate_async_fifo.FIFO_INST/XPM_FIFO_ASYNC_INST/gnuram_async_fifo.xpm_fifo_base_inst/gen_cdc_pntr.wr_pntr_cdc_inst/src_clk
    SLICE_X85Y105        FDRE                                         r  top_design_i/v_axi4s_vid_out_0/inst/COUPLER_INST/generate_async_fifo.FIFO_INST/XPM_FIFO_ASYNC_INST/gnuram_async_fifo.xpm_fifo_base_inst/gen_cdc_pntr.wr_pntr_cdc_inst/src_gray_ff_reg[0]/C
  -------------------------------------------------------------------    -------------------
    SLICE_X85Y105        FDRE (Prop_fdre_C_Q)         0.304     2.735 r  top_design_i/v_axi4s_vid_out_0/inst/COUPLER_INST/generate_async_fifo.FIFO_INST/XPM_FIFO_ASYNC_INST/gnuram_async_fifo.xpm_fifo_base_inst/gen_cdc_pntr.wr_pntr_cdc_inst/src_gray_ff_reg[0]/Q
                         net (fo=1, routed)           0.304     3.039    top_design_i/v_axi4s_vid_out_0/inst/COUPLER_INST/generate_async_fifo.FIFO_INST/XPM_FIFO_ASYNC_INST/gnuram_async_fifo.xpm_fifo_base_inst/gen_cdc_pntr.wr_pntr_cdc_inst/async_path[0]
    SLICE_X86Y105        FDRE                                         r  top_design_i/v_axi4s_vid_out_0/inst/COUPLER_INST/generate_async_fifo.FIFO_INST/XPM_FIFO_ASYNC_INST/gnuram_async_fifo.xpm_fifo_base_inst/gen_cdc_pntr.wr_pntr_cdc_inst/dest_graysync_ff_reg[0][0]/D
  -------------------------------------------------------------------    -------------------

                         (clock axi_dynclk_0_PXL_CLK_O rise edge)
                                                      0.000     0.000 r  
    PS7_X0Y0             PS7                          0.000     0.000 r  top_design_i/processing_system7_0/inst/PS7_i/FCLKCLK[0]
                         net (fo=1, routed)           0.994     0.994    top_design_i/processing_system7_0/inst/FCLK_CLK0
    BUFGCTRL_X0Y17       BUFG (Prop_bufg_I_O)         0.085     1.079 r  top_design_i/processing_system7_0/inst/FCLK_CLK0_BUFG_inst/O
                         net (fo=1946, routed)        1.704     2.783    top_design_i/axi_dynclk_0/U0/Inst_mmcme2_drp/REF_CLK_I
    MMCME2_ADV_X1Y2      MMCME2_ADV (Prop_mmcme2_adv_CLKIN1_CLKOUT0)
                                                      0.077     2.860 r  top_design_i/axi_dynclk_0/U0/Inst_mmcme2_drp/mmcm_adv_inst/CLKOUT0
                         net (fo=2, routed)           0.916     3.776    top_design_i/axi_dynclk_0/U0/I
    BUFR_X1Y9            BUFR (Prop_bufr_I_O)         0.794     4.570 r  top_design_i/axi_dynclk_0/U0/BUFR_inst/O
                         net (fo=2844, routed)        0.812     5.382    top_design_i/v_axi4s_vid_out_0/inst/COUPLER_INST/generate_async_fifo.FIFO_INST/XPM_FIFO_ASYNC_INST/gnuram_async_fifo.xpm_fifo_base_inst/gen_cdc_pntr.wr_pntr_cdc_inst/dest_clk
    SLICE_X86Y105        FDRE                                         r  top_design_i/v_axi4s_vid_out_0/inst/COUPLER_INST/generate_async_fifo.FIFO_INST/XPM_FIFO_ASYNC_INST/gnuram_async_fifo.xpm_fifo_base_inst/gen_cdc_pntr.wr_pntr_cdc_inst/dest_graysync_ff_reg[0][0]/C
                         clock pessimism              0.000     5.382    
    SLICE_X86Y105        FDRE (Hold_fdre_C_D)         0.187     5.569    top_design_i/v_axi4s_vid_out_0/inst/COUPLER_INST/generate_async_fifo.FIFO_INST/XPM_FIFO_ASYNC_INST/gnuram_async_fifo.xpm_fifo_base_inst/gen_cdc_pntr.wr_pntr_cdc_inst/dest_graysync_ff_reg[0][0]
  -------------------------------------------------------------------
                         data arrival                           3.039    
                         clock arrival                          5.569    
  -------------------------------------------------------------------
                         relative delay                        -2.530    



Id: 3
set_bus_skew -from [get_cells [list {top_design_i/v_axi4s_vid_out_0/inst/COUPLER_INST/generate_async_fifo.FIFO_INST/XPM_FIFO_ASYNC_INST/gnuram_async_fifo.xpm_fifo_base_inst/gen_cdc_pntr.wr_pntr_cdc_dc_inst/src_gray_ff_reg[0]} \
          {top_design_i/v_axi4s_vid_out_0/inst/COUPLER_INST/generate_async_fifo.FIFO_INST/XPM_FIFO_ASYNC_INST/gnuram_async_fifo.xpm_fifo_base_inst/gen_cdc_pntr.wr_pntr_cdc_dc_inst/src_gray_ff_reg[10]} \
          {top_design_i/v_axi4s_vid_out_0/inst/COUPLER_INST/generate_async_fifo.FIFO_INST/XPM_FIFO_ASYNC_INST/gnuram_async_fifo.xpm_fifo_base_inst/gen_cdc_pntr.wr_pntr_cdc_dc_inst/src_gray_ff_reg[1]} \
          {top_design_i/v_axi4s_vid_out_0/inst/COUPLER_INST/generate_async_fifo.FIFO_INST/XPM_FIFO_ASYNC_INST/gnuram_async_fifo.xpm_fifo_base_inst/gen_cdc_pntr.wr_pntr_cdc_dc_inst/src_gray_ff_reg[2]} \
          {top_design_i/v_axi4s_vid_out_0/inst/COUPLER_INST/generate_async_fifo.FIFO_INST/XPM_FIFO_ASYNC_INST/gnuram_async_fifo.xpm_fifo_base_inst/gen_cdc_pntr.wr_pntr_cdc_dc_inst/src_gray_ff_reg[3]} \
          {top_design_i/v_axi4s_vid_out_0/inst/COUPLER_INST/generate_async_fifo.FIFO_INST/XPM_FIFO_ASYNC_INST/gnuram_async_fifo.xpm_fifo_base_inst/gen_cdc_pntr.wr_pntr_cdc_dc_inst/src_gray_ff_reg[4]} \
          {top_design_i/v_axi4s_vid_out_0/inst/COUPLER_INST/generate_async_fifo.FIFO_INST/XPM_FIFO_ASYNC_INST/gnuram_async_fifo.xpm_fifo_base_inst/gen_cdc_pntr.wr_pntr_cdc_dc_inst/src_gray_ff_reg[5]} \
          {top_design_i/v_axi4s_vid_out_0/inst/COUPLER_INST/generate_async_fifo.FIFO_INST/XPM_FIFO_ASYNC_INST/gnuram_async_fifo.xpm_fifo_base_inst/gen_cdc_pntr.wr_pntr_cdc_dc_inst/src_gray_ff_reg[6]} \
          {top_design_i/v_axi4s_vid_out_0/inst/COUPLER_INST/generate_async_fifo.FIFO_INST/XPM_FIFO_ASYNC_INST/gnuram_async_fifo.xpm_fifo_base_inst/gen_cdc_pntr.wr_pntr_cdc_dc_inst/src_gray_ff_reg[7]} \
          {top_design_i/v_axi4s_vid_out_0/inst/COUPLER_INST/generate_async_fifo.FIFO_INST/XPM_FIFO_ASYNC_INST/gnuram_async_fifo.xpm_fifo_base_inst/gen_cdc_pntr.wr_pntr_cdc_dc_inst/src_gray_ff_reg[8]} \
          {top_design_i/v_axi4s_vid_out_0/inst/COUPLER_INST/generate_async_fifo.FIFO_INST/XPM_FIFO_ASYNC_INST/gnuram_async_fifo.xpm_fifo_base_inst/gen_cdc_pntr.wr_pntr_cdc_dc_inst/src_gray_ff_reg[9]}]] -to [get_cells [list {top_design_i/v_axi4s_vid_out_0/inst/COUPLER_INST/generate_async_fifo.FIFO_INST/XPM_FIFO_ASYNC_INST/gnuram_async_fifo.xpm_fifo_base_inst/gen_cdc_pntr.wr_pntr_cdc_dc_inst/dest_graysync_ff_reg[0][0]} \
          {top_design_i/v_axi4s_vid_out_0/inst/COUPLER_INST/generate_async_fifo.FIFO_INST/XPM_FIFO_ASYNC_INST/gnuram_async_fifo.xpm_fifo_base_inst/gen_cdc_pntr.wr_pntr_cdc_dc_inst/dest_graysync_ff_reg[0][10]} \
          {top_design_i/v_axi4s_vid_out_0/inst/COUPLER_INST/generate_async_fifo.FIFO_INST/XPM_FIFO_ASYNC_INST/gnuram_async_fifo.xpm_fifo_base_inst/gen_cdc_pntr.wr_pntr_cdc_dc_inst/dest_graysync_ff_reg[0][1]} \
          {top_design_i/v_axi4s_vid_out_0/inst/COUPLER_INST/generate_async_fifo.FIFO_INST/XPM_FIFO_ASYNC_INST/gnuram_async_fifo.xpm_fifo_base_inst/gen_cdc_pntr.wr_pntr_cdc_dc_inst/dest_graysync_ff_reg[0][2]} \
          {top_design_i/v_axi4s_vid_out_0/inst/COUPLER_INST/generate_async_fifo.FIFO_INST/XPM_FIFO_ASYNC_INST/gnuram_async_fifo.xpm_fifo_base_inst/gen_cdc_pntr.wr_pntr_cdc_dc_inst/dest_graysync_ff_reg[0][3]} \
          {top_design_i/v_axi4s_vid_out_0/inst/COUPLER_INST/generate_async_fifo.FIFO_INST/XPM_FIFO_ASYNC_INST/gnuram_async_fifo.xpm_fifo_base_inst/gen_cdc_pntr.wr_pntr_cdc_dc_inst/dest_graysync_ff_reg[0][4]} \
          {top_design_i/v_axi4s_vid_out_0/inst/COUPLER_INST/generate_async_fifo.FIFO_INST/XPM_FIFO_ASYNC_INST/gnuram_async_fifo.xpm_fifo_base_inst/gen_cdc_pntr.wr_pntr_cdc_dc_inst/dest_graysync_ff_reg[0][5]} \
          {top_design_i/v_axi4s_vid_out_0/inst/COUPLER_INST/generate_async_fifo.FIFO_INST/XPM_FIFO_ASYNC_INST/gnuram_async_fifo.xpm_fifo_base_inst/gen_cdc_pntr.wr_pntr_cdc_dc_inst/dest_graysync_ff_reg[0][6]} \
          {top_design_i/v_axi4s_vid_out_0/inst/COUPLER_INST/generate_async_fifo.FIFO_INST/XPM_FIFO_ASYNC_INST/gnuram_async_fifo.xpm_fifo_base_inst/gen_cdc_pntr.wr_pntr_cdc_dc_inst/dest_graysync_ff_reg[0][7]} \
          {top_design_i/v_axi4s_vid_out_0/inst/COUPLER_INST/generate_async_fifo.FIFO_INST/XPM_FIFO_ASYNC_INST/gnuram_async_fifo.xpm_fifo_base_inst/gen_cdc_pntr.wr_pntr_cdc_dc_inst/dest_graysync_ff_reg[0][8]} \
          {top_design_i/v_axi4s_vid_out_0/inst/COUPLER_INST/generate_async_fifo.FIFO_INST/XPM_FIFO_ASYNC_INST/gnuram_async_fifo.xpm_fifo_base_inst/gen_cdc_pntr.wr_pntr_cdc_dc_inst/dest_graysync_ff_reg[0][9]}]] 6.666
Requirement: 6.666ns
Endpoints: 11

From Clock            To Clock              Endpoint Pin                    Reference Pin                   Corner  Actual(ns)  Slack(ns)
--------------------  --------------------  ------------------------------  ------------------------------  ------  ----------  ---------
clk_fpga_1            axi_dynclk_0_PXL_CLK_O
                                            top_design_i/v_axi4s_vid_out_0/inst/COUPLER_INST/generate_async_fifo.FIFO_INST/XPM_FIFO_ASYNC_INST/gnuram_async_fifo.xpm_fifo_base_inst/gen_cdc_pntr.wr_pntr_cdc_dc_inst/dest_graysync_ff_reg[0][3]/D
                                                                            top_design_i/v_axi4s_vid_out_0/inst/COUPLER_INST/generate_async_fifo.FIFO_INST/XPM_FIFO_ASYNC_INST/gnuram_async_fifo.xpm_fifo_base_inst/gen_cdc_pntr.wr_pntr_cdc_dc_inst/dest_graysync_ff_reg[0][0]/D
                                                                                                            Slow         0.648      6.018


Slack (MET) :             6.018ns  (requirement - actual skew)
  Endpoint Source:        top_design_i/v_axi4s_vid_out_0/inst/COUPLER_INST/generate_async_fifo.FIFO_INST/XPM_FIFO_ASYNC_INST/gnuram_async_fifo.xpm_fifo_base_inst/gen_cdc_pntr.wr_pntr_cdc_dc_inst/src_gray_ff_reg[3]/C
                            (rising edge-triggered cell FDRE clocked by clk_fpga_1)
  Endpoint Destination:   top_design_i/v_axi4s_vid_out_0/inst/COUPLER_INST/generate_async_fifo.FIFO_INST/XPM_FIFO_ASYNC_INST/gnuram_async_fifo.xpm_fifo_base_inst/gen_cdc_pntr.wr_pntr_cdc_dc_inst/dest_graysync_ff_reg[0][3]/D
                            (rising edge-triggered cell FDRE clocked by axi_dynclk_0_PXL_CLK_O)
  Reference Source:       top_design_i/v_axi4s_vid_out_0/inst/COUPLER_INST/generate_async_fifo.FIFO_INST/XPM_FIFO_ASYNC_INST/gnuram_async_fifo.xpm_fifo_base_inst/gen_cdc_pntr.wr_pntr_cdc_dc_inst/src_gray_ff_reg[0]/C
                            (rising edge-triggered cell FDRE clocked by clk_fpga_1)
  Reference Destination:  top_design_i/v_axi4s_vid_out_0/inst/COUPLER_INST/generate_async_fifo.FIFO_INST/XPM_FIFO_ASYNC_INST/gnuram_async_fifo.xpm_fifo_base_inst/gen_cdc_pntr.wr_pntr_cdc_dc_inst/dest_graysync_ff_reg[0][0]/D
                            (rising edge-triggered cell FDRE clocked by axi_dynclk_0_PXL_CLK_O)
  Path Type:              Bus Skew (Max at Slow Process Corner)
  Requirement:            6.666ns
  Endpoint Relative Delay:   -1.046ns
  Reference Relative Delay:  -2.378ns
  Relative CRPR:              0.684ns
  Actual Bus Skew:            0.648ns  (Endpoint Relative Delay - Reference Relative Delay - Relative CRPR)

Endpoint path:
    Location             Delay type                Incr(ns)  Path(ns)    Netlist Resource(s)
  -------------------------------------------------------------------    -------------------
                         (clock clk_fpga_1 rise edge)
                                                      0.000     0.000 r  
    PS7_X0Y0             PS7                          0.000     0.000 r  top_design_i/processing_system7_0/inst/PS7_i/FCLKCLK[1]
                         net (fo=1, routed)           0.994     0.994    top_design_i/processing_system7_0/inst/FCLK_CLK_unbuffered[1]
    BUFGCTRL_X0Y16       BUFG (Prop_bufg_I_O)         0.085     1.079 r  top_design_i/processing_system7_0/inst/buffer_fclk_clk_1.FCLK_CLK_1_BUFG/O
                         net (fo=13123, routed)       1.673     2.752    top_design_i/v_axi4s_vid_out_0/inst/COUPLER_INST/generate_async_fifo.FIFO_INST/XPM_FIFO_ASYNC_INST/gnuram_async_fifo.xpm_fifo_base_inst/gen_cdc_pntr.wr_pntr_cdc_dc_inst/src_clk
    SLICE_X91Y102        FDRE                                         r  top_design_i/v_axi4s_vid_out_0/inst/COUPLER_INST/generate_async_fifo.FIFO_INST/XPM_FIFO_ASYNC_INST/gnuram_async_fifo.xpm_fifo_base_inst/gen_cdc_pntr.wr_pntr_cdc_dc_inst/src_gray_ff_reg[3]/C
  -------------------------------------------------------------------    -------------------
    SLICE_X91Y102        FDRE (Prop_fdre_C_Q)         0.348     3.100 r  top_design_i/v_axi4s_vid_out_0/inst/COUPLER_INST/generate_async_fifo.FIFO_INST/XPM_FIFO_ASYNC_INST/gnuram_async_fifo.xpm_fifo_base_inst/gen_cdc_pntr.wr_pntr_cdc_dc_inst/src_gray_ff_reg[3]/Q
                         net (fo=1, routed)           0.495     3.595    top_design_i/v_axi4s_vid_out_0/inst/COUPLER_INST/generate_async_fifo.FIFO_INST/XPM_FIFO_ASYNC_INST/gnuram_async_fifo.xpm_fifo_base_inst/gen_cdc_pntr.wr_pntr_cdc_dc_inst/async_path[3]
    SLICE_X90Y103        FDRE                                         r  top_design_i/v_axi4s_vid_out_0/inst/COUPLER_INST/generate_async_fifo.FIFO_INST/XPM_FIFO_ASYNC_INST/gnuram_async_fifo.xpm_fifo_base_inst/gen_cdc_pntr.wr_pntr_cdc_dc_inst/dest_graysync_ff_reg[0][3]/D
  -------------------------------------------------------------------    -------------------

                         (clock axi_dynclk_0_PXL_CLK_O rise edge)
                                                      0.000     0.000 r  
    PS7_X0Y0             PS7                          0.000     0.000 r  top_design_i/processing_system7_0/inst/PS7_i/FCLKCLK[0]
                         net (fo=1, routed)           0.905     0.905    top_design_i/processing_system7_0/inst/FCLK_CLK0
    BUFGCTRL_X0Y17       BUFG (Prop_bufg_I_O)         0.077     0.982 r  top_design_i/processing_system7_0/inst/FCLK_CLK0_BUFG_inst/O
                         net (fo=1946, routed)        1.522     2.504    top_design_i/axi_dynclk_0/U0/Inst_mmcme2_drp/REF_CLK_I
    MMCME2_ADV_X1Y2      MMCME2_ADV (Prop_mmcme2_adv_CLKIN1_CLKOUT0)
                                                      0.073     2.577 r  top_design_i/axi_dynclk_0/U0/Inst_mmcme2_drp/mmcm_adv_inst/CLKOUT0
                         net (fo=2, routed)           0.827     3.404    top_design_i/axi_dynclk_0/U0/I
    BUFR_X1Y9            BUFR (Prop_bufr_I_O)         0.725     4.129 r  top_design_i/axi_dynclk_0/U0/BUFR_inst/O
                         net (fo=2844, routed)        0.681     4.810    top_design_i/v_axi4s_vid_out_0/inst/COUPLER_INST/generate_async_fifo.FIFO_INST/XPM_FIFO_ASYNC_INST/gnuram_async_fifo.xpm_fifo_base_inst/gen_cdc_pntr.wr_pntr_cdc_dc_inst/dest_clk
    SLICE_X90Y103        FDRE                                         r  top_design_i/v_axi4s_vid_out_0/inst/COUPLER_INST/generate_async_fifo.FIFO_INST/XPM_FIFO_ASYNC_INST/gnuram_async_fifo.xpm_fifo_base_inst/gen_cdc_pntr.wr_pntr_cdc_dc_inst/dest_graysync_ff_reg[0][3]/C
                         clock pessimism              0.000     4.810    
    SLICE_X90Y103        FDRE (Setup_fdre_C_D)       -0.170     4.640    top_design_i/v_axi4s_vid_out_0/inst/COUPLER_INST/generate_async_fifo.FIFO_INST/XPM_FIFO_ASYNC_INST/gnuram_async_fifo.xpm_fifo_base_inst/gen_cdc_pntr.wr_pntr_cdc_dc_inst/dest_graysync_ff_reg[0][3]
  -------------------------------------------------------------------
                         data arrival                           3.595    
                         clock arrival                          4.640    
  -------------------------------------------------------------------
                         relative delay                        -1.046    

Reference path:
    Location             Delay type                Incr(ns)  Path(ns)    Netlist Resource(s)
  -------------------------------------------------------------------    -------------------
                         (clock clk_fpga_1 rise edge)
                                                      0.000     0.000 r  
    PS7_X0Y0             PS7                          0.000     0.000 r  top_design_i/processing_system7_0/inst/PS7_i/FCLKCLK[1]
                         net (fo=1, routed)           0.905     0.905    top_design_i/processing_system7_0/inst/FCLK_CLK_unbuffered[1]
    BUFGCTRL_X0Y16       BUFG (Prop_bufg_I_O)         0.077     0.982 r  top_design_i/processing_system7_0/inst/buffer_fclk_clk_1.FCLK_CLK_1_BUFG/O
                         net (fo=13123, routed)       1.449     2.431    top_design_i/v_axi4s_vid_out_0/inst/COUPLER_INST/generate_async_fifo.FIFO_INST/XPM_FIFO_ASYNC_INST/gnuram_async_fifo.xpm_fifo_base_inst/gen_cdc_pntr.wr_pntr_cdc_dc_inst/src_clk
    SLICE_X89Y105        FDRE                                         r  top_design_i/v_axi4s_vid_out_0/inst/COUPLER_INST/generate_async_fifo.FIFO_INST/XPM_FIFO_ASYNC_INST/gnuram_async_fifo.xpm_fifo_base_inst/gen_cdc_pntr.wr_pntr_cdc_dc_inst/src_gray_ff_reg[0]/C
  -------------------------------------------------------------------    -------------------
    SLICE_X89Y105        FDRE (Prop_fdre_C_Q)         0.304     2.735 r  top_design_i/v_axi4s_vid_out_0/inst/COUPLER_INST/generate_async_fifo.FIFO_INST/XPM_FIFO_ASYNC_INST/gnuram_async_fifo.xpm_fifo_base_inst/gen_cdc_pntr.wr_pntr_cdc_dc_inst/src_gray_ff_reg[0]/Q
                         net (fo=1, routed)           0.389     3.124    top_design_i/v_axi4s_vid_out_0/inst/COUPLER_INST/generate_async_fifo.FIFO_INST/XPM_FIFO_ASYNC_INST/gnuram_async_fifo.xpm_fifo_base_inst/gen_cdc_pntr.wr_pntr_cdc_dc_inst/async_path[0]
    SLICE_X90Y104        FDRE                                         r  top_design_i/v_axi4s_vid_out_0/inst/COUPLER_INST/generate_async_fifo.FIFO_INST/XPM_FIFO_ASYNC_INST/gnuram_async_fifo.xpm_fifo_base_inst/gen_cdc_pntr.wr_pntr_cdc_dc_inst/dest_graysync_ff_reg[0][0]/D
  -------------------------------------------------------------------    -------------------

                         (clock axi_dynclk_0_PXL_CLK_O rise edge)
                                                      0.000     0.000 r  
    PS7_X0Y0             PS7                          0.000     0.000 r  top_design_i/processing_system7_0/inst/PS7_i/FCLKCLK[0]
                         net (fo=1, routed)           0.994     0.994    top_design_i/processing_system7_0/inst/FCLK_CLK0
    BUFGCTRL_X0Y17       BUFG (Prop_bufg_I_O)         0.085     1.079 r  top_design_i/processing_system7_0/inst/FCLK_CLK0_BUFG_inst/O
                         net (fo=1946, routed)        1.704     2.783    top_design_i/axi_dynclk_0/U0/Inst_mmcme2_drp/REF_CLK_I
    MMCME2_ADV_X1Y2      MMCME2_ADV (Prop_mmcme2_adv_CLKIN1_CLKOUT0)
                                                      0.077     2.860 r  top_design_i/axi_dynclk_0/U0/Inst_mmcme2_drp/mmcm_adv_inst/CLKOUT0
                         net (fo=2, routed)           0.916     3.776    top_design_i/axi_dynclk_0/U0/I
    BUFR_X1Y9            BUFR (Prop_bufr_I_O)         0.794     4.570 r  top_design_i/axi_dynclk_0/U0/BUFR_inst/O
                         net (fo=2844, routed)        0.745     5.315    top_design_i/v_axi4s_vid_out_0/inst/COUPLER_INST/generate_async_fifo.FIFO_INST/XPM_FIFO_ASYNC_INST/gnuram_async_fifo.xpm_fifo_base_inst/gen_cdc_pntr.wr_pntr_cdc_dc_inst/dest_clk
    SLICE_X90Y104        FDRE                                         r  top_design_i/v_axi4s_vid_out_0/inst/COUPLER_INST/generate_async_fifo.FIFO_INST/XPM_FIFO_ASYNC_INST/gnuram_async_fifo.xpm_fifo_base_inst/gen_cdc_pntr.wr_pntr_cdc_dc_inst/dest_graysync_ff_reg[0][0]/C
                         clock pessimism              0.000     5.315    
    SLICE_X90Y104        FDRE (Hold_fdre_C_D)         0.187     5.502    top_design_i/v_axi4s_vid_out_0/inst/COUPLER_INST/generate_async_fifo.FIFO_INST/XPM_FIFO_ASYNC_INST/gnuram_async_fifo.xpm_fifo_base_inst/gen_cdc_pntr.wr_pntr_cdc_dc_inst/dest_graysync_ff_reg[0][0]
  -------------------------------------------------------------------
                         data arrival                           3.124    
                         clock arrival                          5.502    
  -------------------------------------------------------------------
                         relative delay                        -2.378    



Id: 4
set_bus_skew -from [get_cells [list {top_design_i/v_axi4s_vid_out_0/inst/COUPLER_INST/generate_async_fifo.FIFO_INST/XPM_FIFO_ASYNC_INST/gnuram_async_fifo.xpm_fifo_base_inst/gen_cdc_pntr.rd_pntr_cdc_dc_inst/src_gray_ff_reg[0]} \
          {top_design_i/v_axi4s_vid_out_0/inst/COUPLER_INST/generate_async_fifo.FIFO_INST/XPM_FIFO_ASYNC_INST/gnuram_async_fifo.xpm_fifo_base_inst/gen_cdc_pntr.rd_pntr_cdc_dc_inst/src_gray_ff_reg[10]} \
          {top_design_i/v_axi4s_vid_out_0/inst/COUPLER_INST/generate_async_fifo.FIFO_INST/XPM_FIFO_ASYNC_INST/gnuram_async_fifo.xpm_fifo_base_inst/gen_cdc_pntr.rd_pntr_cdc_dc_inst/src_gray_ff_reg[1]} \
          {top_design_i/v_axi4s_vid_out_0/inst/COUPLER_INST/generate_async_fifo.FIFO_INST/XPM_FIFO_ASYNC_INST/gnuram_async_fifo.xpm_fifo_base_inst/gen_cdc_pntr.rd_pntr_cdc_dc_inst/src_gray_ff_reg[2]} \
          {top_design_i/v_axi4s_vid_out_0/inst/COUPLER_INST/generate_async_fifo.FIFO_INST/XPM_FIFO_ASYNC_INST/gnuram_async_fifo.xpm_fifo_base_inst/gen_cdc_pntr.rd_pntr_cdc_dc_inst/src_gray_ff_reg[3]} \
          {top_design_i/v_axi4s_vid_out_0/inst/COUPLER_INST/generate_async_fifo.FIFO_INST/XPM_FIFO_ASYNC_INST/gnuram_async_fifo.xpm_fifo_base_inst/gen_cdc_pntr.rd_pntr_cdc_dc_inst/src_gray_ff_reg[4]} \
          {top_design_i/v_axi4s_vid_out_0/inst/COUPLER_INST/generate_async_fifo.FIFO_INST/XPM_FIFO_ASYNC_INST/gnuram_async_fifo.xpm_fifo_base_inst/gen_cdc_pntr.rd_pntr_cdc_dc_inst/src_gray_ff_reg[5]} \
          {top_design_i/v_axi4s_vid_out_0/inst/COUPLER_INST/generate_async_fifo.FIFO_INST/XPM_FIFO_ASYNC_INST/gnuram_async_fifo.xpm_fifo_base_inst/gen_cdc_pntr.rd_pntr_cdc_dc_inst/src_gray_ff_reg[6]} \
          {top_design_i/v_axi4s_vid_out_0/inst/COUPLER_INST/generate_async_fifo.FIFO_INST/XPM_FIFO_ASYNC_INST/gnuram_async_fifo.xpm_fifo_base_inst/gen_cdc_pntr.rd_pntr_cdc_dc_inst/src_gray_ff_reg[7]} \
          {top_design_i/v_axi4s_vid_out_0/inst/COUPLER_INST/generate_async_fifo.FIFO_INST/XPM_FIFO_ASYNC_INST/gnuram_async_fifo.xpm_fifo_base_inst/gen_cdc_pntr.rd_pntr_cdc_dc_inst/src_gray_ff_reg[8]} \
          {top_design_i/v_axi4s_vid_out_0/inst/COUPLER_INST/generate_async_fifo.FIFO_INST/XPM_FIFO_ASYNC_INST/gnuram_async_fifo.xpm_fifo_base_inst/gen_cdc_pntr.rd_pntr_cdc_dc_inst/src_gray_ff_reg[9]}]] -to [get_cells [list {top_design_i/v_axi4s_vid_out_0/inst/COUPLER_INST/generate_async_fifo.FIFO_INST/XPM_FIFO_ASYNC_INST/gnuram_async_fifo.xpm_fifo_base_inst/gen_cdc_pntr.rd_pntr_cdc_dc_inst/dest_graysync_ff_reg[0][0]} \
          {top_design_i/v_axi4s_vid_out_0/inst/COUPLER_INST/generate_async_fifo.FIFO_INST/XPM_FIFO_ASYNC_INST/gnuram_async_fifo.xpm_fifo_base_inst/gen_cdc_pntr.rd_pntr_cdc_dc_inst/dest_graysync_ff_reg[0][10]} \
          {top_design_i/v_axi4s_vid_out_0/inst/COUPLER_INST/generate_async_fifo.FIFO_INST/XPM_FIFO_ASYNC_INST/gnuram_async_fifo.xpm_fifo_base_inst/gen_cdc_pntr.rd_pntr_cdc_dc_inst/dest_graysync_ff_reg[0][1]} \
          {top_design_i/v_axi4s_vid_out_0/inst/COUPLER_INST/generate_async_fifo.FIFO_INST/XPM_FIFO_ASYNC_INST/gnuram_async_fifo.xpm_fifo_base_inst/gen_cdc_pntr.rd_pntr_cdc_dc_inst/dest_graysync_ff_reg[0][2]} \
          {top_design_i/v_axi4s_vid_out_0/inst/COUPLER_INST/generate_async_fifo.FIFO_INST/XPM_FIFO_ASYNC_INST/gnuram_async_fifo.xpm_fifo_base_inst/gen_cdc_pntr.rd_pntr_cdc_dc_inst/dest_graysync_ff_reg[0][3]} \
          {top_design_i/v_axi4s_vid_out_0/inst/COUPLER_INST/generate_async_fifo.FIFO_INST/XPM_FIFO_ASYNC_INST/gnuram_async_fifo.xpm_fifo_base_inst/gen_cdc_pntr.rd_pntr_cdc_dc_inst/dest_graysync_ff_reg[0][4]} \
          {top_design_i/v_axi4s_vid_out_0/inst/COUPLER_INST/generate_async_fifo.FIFO_INST/XPM_FIFO_ASYNC_INST/gnuram_async_fifo.xpm_fifo_base_inst/gen_cdc_pntr.rd_pntr_cdc_dc_inst/dest_graysync_ff_reg[0][5]} \
          {top_design_i/v_axi4s_vid_out_0/inst/COUPLER_INST/generate_async_fifo.FIFO_INST/XPM_FIFO_ASYNC_INST/gnuram_async_fifo.xpm_fifo_base_inst/gen_cdc_pntr.rd_pntr_cdc_dc_inst/dest_graysync_ff_reg[0][6]} \
          {top_design_i/v_axi4s_vid_out_0/inst/COUPLER_INST/generate_async_fifo.FIFO_INST/XPM_FIFO_ASYNC_INST/gnuram_async_fifo.xpm_fifo_base_inst/gen_cdc_pntr.rd_pntr_cdc_dc_inst/dest_graysync_ff_reg[0][7]} \
          {top_design_i/v_axi4s_vid_out_0/inst/COUPLER_INST/generate_async_fifo.FIFO_INST/XPM_FIFO_ASYNC_INST/gnuram_async_fifo.xpm_fifo_base_inst/gen_cdc_pntr.rd_pntr_cdc_dc_inst/dest_graysync_ff_reg[0][8]} \
          {top_design_i/v_axi4s_vid_out_0/inst/COUPLER_INST/generate_async_fifo.FIFO_INST/XPM_FIFO_ASYNC_INST/gnuram_async_fifo.xpm_fifo_base_inst/gen_cdc_pntr.rd_pntr_cdc_dc_inst/dest_graysync_ff_reg[0][9]}]] 6.666
Requirement: 6.666ns
Endpoints: 11

From Clock            To Clock              Endpoint Pin                    Reference Pin                   Corner  Actual(ns)  Slack(ns)
--------------------  --------------------  ------------------------------  ------------------------------  ------  ----------  ---------
axi_dynclk_0_PXL_CLK_O
                      clk_fpga_1            top_design_i/v_axi4s_vid_out_0/inst/COUPLER_INST/generate_async_fifo.FIFO_INST/XPM_FIFO_ASYNC_INST/gnuram_async_fifo.xpm_fifo_base_inst/gen_cdc_pntr.rd_pntr_cdc_dc_inst/dest_graysync_ff_reg[0][7]/D
                                                                            top_design_i/v_axi4s_vid_out_0/inst/COUPLER_INST/generate_async_fifo.FIFO_INST/XPM_FIFO_ASYNC_INST/gnuram_async_fifo.xpm_fifo_base_inst/gen_cdc_pntr.rd_pntr_cdc_dc_inst/dest_graysync_ff_reg[0][10]/D
                                                                                                            Slow         0.942      5.724


Slack (MET) :             5.724ns  (requirement - actual skew)
  Endpoint Source:        top_design_i/v_axi4s_vid_out_0/inst/COUPLER_INST/generate_async_fifo.FIFO_INST/XPM_FIFO_ASYNC_INST/gnuram_async_fifo.xpm_fifo_base_inst/gen_cdc_pntr.rd_pntr_cdc_dc_inst/src_gray_ff_reg[7]/C
                            (rising edge-triggered cell FDRE clocked by axi_dynclk_0_PXL_CLK_O)
  Endpoint Destination:   top_design_i/v_axi4s_vid_out_0/inst/COUPLER_INST/generate_async_fifo.FIFO_INST/XPM_FIFO_ASYNC_INST/gnuram_async_fifo.xpm_fifo_base_inst/gen_cdc_pntr.rd_pntr_cdc_dc_inst/dest_graysync_ff_reg[0][7]/D
                            (rising edge-triggered cell FDRE clocked by clk_fpga_1)
  Reference Source:       top_design_i/v_axi4s_vid_out_0/inst/COUPLER_INST/generate_async_fifo.FIFO_INST/XPM_FIFO_ASYNC_INST/gnuram_async_fifo.xpm_fifo_base_inst/gen_cdc_pntr.rd_pntr_cdc_dc_inst/src_gray_ff_reg[10]/C
                            (rising edge-triggered cell FDRE clocked by axi_dynclk_0_PXL_CLK_O)
  Reference Destination:  top_design_i/v_axi4s_vid_out_0/inst/COUPLER_INST/generate_async_fifo.FIFO_INST/XPM_FIFO_ASYNC_INST/gnuram_async_fifo.xpm_fifo_base_inst/gen_cdc_pntr.rd_pntr_cdc_dc_inst/dest_graysync_ff_reg[0][10]/D
                            (rising edge-triggered cell FDRE clocked by clk_fpga_1)
  Path Type:              Bus Skew (Max at Slow Process Corner)
  Requirement:            6.666ns
  Endpoint Relative Delay:    4.156ns
  Reference Relative Delay:   2.626ns
  Relative CRPR:              0.588ns
  Actual Bus Skew:            0.942ns  (Endpoint Relative Delay - Reference Relative Delay - Relative CRPR)

Endpoint path:
    Location             Delay type                Incr(ns)  Path(ns)    Netlist Resource(s)
  -------------------------------------------------------------------    -------------------
                         (clock axi_dynclk_0_PXL_CLK_O rise edge)
                                                      0.000     0.000 r  
    PS7_X0Y0             PS7                          0.000     0.000 r  top_design_i/processing_system7_0/inst/PS7_i/FCLKCLK[0]
                         net (fo=1, routed)           0.994     0.994    top_design_i/processing_system7_0/inst/FCLK_CLK0
    BUFGCTRL_X0Y17       BUFG (Prop_bufg_I_O)         0.085     1.079 r  top_design_i/processing_system7_0/inst/FCLK_CLK0_BUFG_inst/O
                         net (fo=1946, routed)        1.704     2.783    top_design_i/axi_dynclk_0/U0/Inst_mmcme2_drp/REF_CLK_I
    MMCME2_ADV_X1Y2      MMCME2_ADV (Prop_mmcme2_adv_CLKIN1_CLKOUT0)
                                                      0.077     2.860 r  top_design_i/axi_dynclk_0/U0/Inst_mmcme2_drp/mmcm_adv_inst/CLKOUT0
                         net (fo=2, routed)           0.916     3.776    top_design_i/axi_dynclk_0/U0/I
    BUFR_X1Y9            BUFR (Prop_bufr_I_O)         0.794     4.570 r  top_design_i/axi_dynclk_0/U0/BUFR_inst/O
                         net (fo=2844, routed)        0.813     5.383    top_design_i/v_axi4s_vid_out_0/inst/COUPLER_INST/generate_async_fifo.FIFO_INST/XPM_FIFO_ASYNC_INST/gnuram_async_fifo.xpm_fifo_base_inst/gen_cdc_pntr.rd_pntr_cdc_dc_inst/src_clk
    SLICE_X85Y101        FDRE                                         r  top_design_i/v_axi4s_vid_out_0/inst/COUPLER_INST/generate_async_fifo.FIFO_INST/XPM_FIFO_ASYNC_INST/gnuram_async_fifo.xpm_fifo_base_inst/gen_cdc_pntr.rd_pntr_cdc_dc_inst/src_gray_ff_reg[7]/C
  -------------------------------------------------------------------    -------------------
    SLICE_X85Y101        FDRE (Prop_fdre_C_Q)         0.348     5.731 r  top_design_i/v_axi4s_vid_out_0/inst/COUPLER_INST/generate_async_fifo.FIFO_INST/XPM_FIFO_ASYNC_INST/gnuram_async_fifo.xpm_fifo_base_inst/gen_cdc_pntr.rd_pntr_cdc_dc_inst/src_gray_ff_reg[7]/Q
                         net (fo=1, routed)           0.493     6.224    top_design_i/v_axi4s_vid_out_0/inst/COUPLER_INST/generate_async_fifo.FIFO_INST/XPM_FIFO_ASYNC_INST/gnuram_async_fifo.xpm_fifo_base_inst/gen_cdc_pntr.rd_pntr_cdc_dc_inst/async_path[7]
    SLICE_X85Y99         FDRE                                         r  top_design_i/v_axi4s_vid_out_0/inst/COUPLER_INST/generate_async_fifo.FIFO_INST/XPM_FIFO_ASYNC_INST/gnuram_async_fifo.xpm_fifo_base_inst/gen_cdc_pntr.rd_pntr_cdc_dc_inst/dest_graysync_ff_reg[0][7]/D
  -------------------------------------------------------------------    -------------------

                         (clock clk_fpga_1 rise edge)
                                                      0.000     0.000 r  
    PS7_X0Y0             PS7                          0.000     0.000 r  top_design_i/processing_system7_0/inst/PS7_i/FCLKCLK[1]
                         net (fo=1, routed)           0.905     0.905    top_design_i/processing_system7_0/inst/FCLK_CLK_unbuffered[1]
    BUFGCTRL_X0Y16       BUFG (Prop_bufg_I_O)         0.077     0.982 r  top_design_i/processing_system7_0/inst/buffer_fclk_clk_1.FCLK_CLK_1_BUFG/O
                         net (fo=13123, routed)       1.294     2.277    top_design_i/v_axi4s_vid_out_0/inst/COUPLER_INST/generate_async_fifo.FIFO_INST/XPM_FIFO_ASYNC_INST/gnuram_async_fifo.xpm_fifo_base_inst/gen_cdc_pntr.rd_pntr_cdc_dc_inst/dest_clk
    SLICE_X85Y99         FDRE                                         r  top_design_i/v_axi4s_vid_out_0/inst/COUPLER_INST/generate_async_fifo.FIFO_INST/XPM_FIFO_ASYNC_INST/gnuram_async_fifo.xpm_fifo_base_inst/gen_cdc_pntr.rd_pntr_cdc_dc_inst/dest_graysync_ff_reg[0][7]/C
                         clock pessimism              0.000     2.277    
    SLICE_X85Y99         FDRE (Setup_fdre_C_D)       -0.209     2.068    top_design_i/v_axi4s_vid_out_0/inst/COUPLER_INST/generate_async_fifo.FIFO_INST/XPM_FIFO_ASYNC_INST/gnuram_async_fifo.xpm_fifo_base_inst/gen_cdc_pntr.rd_pntr_cdc_dc_inst/dest_graysync_ff_reg[0][7]
  -------------------------------------------------------------------
                         data arrival                           6.224    
                         clock arrival                          2.068    
  -------------------------------------------------------------------
                         relative delay                         4.156    

Reference path:
    Location             Delay type                Incr(ns)  Path(ns)    Netlist Resource(s)
  -------------------------------------------------------------------    -------------------
                         (clock axi_dynclk_0_PXL_CLK_O rise edge)
                                                      0.000     0.000 r  
    PS7_X0Y0             PS7                          0.000     0.000 r  top_design_i/processing_system7_0/inst/PS7_i/FCLKCLK[0]
                         net (fo=1, routed)           0.905     0.905    top_design_i/processing_system7_0/inst/FCLK_CLK0
    BUFGCTRL_X0Y17       BUFG (Prop_bufg_I_O)         0.077     0.982 r  top_design_i/processing_system7_0/inst/FCLK_CLK0_BUFG_inst/O
                         net (fo=1946, routed)        1.522     2.504    top_design_i/axi_dynclk_0/U0/Inst_mmcme2_drp/REF_CLK_I
    MMCME2_ADV_X1Y2      MMCME2_ADV (Prop_mmcme2_adv_CLKIN1_CLKOUT0)
                                                      0.073     2.577 r  top_design_i/axi_dynclk_0/U0/Inst_mmcme2_drp/mmcm_adv_inst/CLKOUT0
                         net (fo=2, routed)           0.827     3.404    top_design_i/axi_dynclk_0/U0/I
    BUFR_X1Y9            BUFR (Prop_bufr_I_O)         0.725     4.129 r  top_design_i/axi_dynclk_0/U0/BUFR_inst/O
                         net (fo=2844, routed)        0.746     4.875    top_design_i/v_axi4s_vid_out_0/inst/COUPLER_INST/generate_async_fifo.FIFO_INST/XPM_FIFO_ASYNC_INST/gnuram_async_fifo.xpm_fifo_base_inst/gen_cdc_pntr.rd_pntr_cdc_dc_inst/src_clk
    SLICE_X84Y102        FDRE                                         r  top_design_i/v_axi4s_vid_out_0/inst/COUPLER_INST/generate_async_fifo.FIFO_INST/XPM_FIFO_ASYNC_INST/gnuram_async_fifo.xpm_fifo_base_inst/gen_cdc_pntr.rd_pntr_cdc_dc_inst/src_gray_ff_reg[10]/C
  -------------------------------------------------------------------    -------------------
    SLICE_X84Y102        FDRE (Prop_fdre_C_Q)         0.304     5.179 r  top_design_i/v_axi4s_vid_out_0/inst/COUPLER_INST/generate_async_fifo.FIFO_INST/XPM_FIFO_ASYNC_INST/gnuram_async_fifo.xpm_fifo_base_inst/gen_cdc_pntr.rd_pntr_cdc_dc_inst/src_gray_ff_reg[10]/Q
                         net (fo=1, routed)           0.282     5.462    top_design_i/v_axi4s_vid_out_0/inst/COUPLER_INST/generate_async_fifo.FIFO_INST/XPM_FIFO_ASYNC_INST/gnuram_async_fifo.xpm_fifo_base_inst/gen_cdc_pntr.rd_pntr_cdc_dc_inst/async_path[10]
    SLICE_X85Y100        FDRE                                         r  top_design_i/v_axi4s_vid_out_0/inst/COUPLER_INST/generate_async_fifo.FIFO_INST/XPM_FIFO_ASYNC_INST/gnuram_async_fifo.xpm_fifo_base_inst/gen_cdc_pntr.rd_pntr_cdc_dc_inst/dest_graysync_ff_reg[0][10]/D
  -------------------------------------------------------------------    -------------------

                         (clock clk_fpga_1 rise edge)
                                                      0.000     0.000 r  
    PS7_X0Y0             PS7                          0.000     0.000 r  top_design_i/processing_system7_0/inst/PS7_i/FCLKCLK[1]
                         net (fo=1, routed)           0.994     0.994    top_design_i/processing_system7_0/inst/FCLK_CLK_unbuffered[1]
    BUFGCTRL_X0Y16       BUFG (Prop_bufg_I_O)         0.085     1.079 r  top_design_i/processing_system7_0/inst/buffer_fclk_clk_1.FCLK_CLK_1_BUFG/O
                         net (fo=13123, routed)       1.621     2.700    top_design_i/v_axi4s_vid_out_0/inst/COUPLER_INST/generate_async_fifo.FIFO_INST/XPM_FIFO_ASYNC_INST/gnuram_async_fifo.xpm_fifo_base_inst/gen_cdc_pntr.rd_pntr_cdc_dc_inst/dest_clk
    SLICE_X85Y100        FDRE                                         r  top_design_i/v_axi4s_vid_out_0/inst/COUPLER_INST/generate_async_fifo.FIFO_INST/XPM_FIFO_ASYNC_INST/gnuram_async_fifo.xpm_fifo_base_inst/gen_cdc_pntr.rd_pntr_cdc_dc_inst/dest_graysync_ff_reg[0][10]/C
                         clock pessimism              0.000     2.700    
    SLICE_X85Y100        FDRE (Hold_fdre_C_D)         0.136     2.836    top_design_i/v_axi4s_vid_out_0/inst/COUPLER_INST/generate_async_fifo.FIFO_INST/XPM_FIFO_ASYNC_INST/gnuram_async_fifo.xpm_fifo_base_inst/gen_cdc_pntr.rd_pntr_cdc_dc_inst/dest_graysync_ff_reg[0][10]
  -------------------------------------------------------------------
                         data arrival                           5.462    
                         clock arrival                          2.836    
  -------------------------------------------------------------------
                         relative delay                         2.626    



Id: 5
set_bus_skew -from [get_cells [list {top_design_i/axi_smc/inst/m02_nodes/m02_b_node/inst/inst_mi_handler/gen_normal_area.inst_fifo_node_payld/gen_reg_fifo_async.inst_reg_fifo_async/gen_xpm_cdc_handshake_array[0].inst_cdc_handshake/src_hsdata_ff_reg[6]} {top_design_i/axi_smc/inst/m02_nodes/m02_b_node/inst/inst_mi_handler/gen_normal_area.inst_fifo_node_payld/gen_reg_fifo_async.inst_reg_fifo_async/gen_xpm_cdc_handshake_array[0].inst_cdc_handshake/src_hsdata_ff_reg[5]}]] -to [get_cells [list {top_design_i/axi_smc/inst/m02_nodes/m02_b_node/inst/inst_mi_handler/gen_normal_area.inst_fifo_node_payld/gen_reg_fifo_async.inst_reg_fifo_async/gen_xpm_cdc_handshake_array[0].inst_cdc_handshake/dest_hsdata_ff_reg[6]} {top_design_i/axi_smc/inst/m02_nodes/m02_b_node/inst/inst_mi_handler/gen_normal_area.inst_fifo_node_payld/gen_reg_fifo_async.inst_reg_fifo_async/gen_xpm_cdc_handshake_array[0].inst_cdc_handshake/dest_hsdata_ff_reg[5]}]] 30.000
Requirement: 30.000ns
Endpoints: 2

From Clock            To Clock              Endpoint Pin                    Reference Pin                   Corner  Actual(ns)  Slack(ns)
--------------------  --------------------  ------------------------------  ------------------------------  ------  ----------  ---------
clk_fpga_1            clk_fpga_0            top_design_i/axi_smc/inst/m02_nodes/m02_b_node/inst/inst_mi_handler/gen_normal_area.inst_fifo_node_payld/gen_reg_fifo_async.inst_reg_fifo_async/gen_xpm_cdc_handshake_array[0].inst_cdc_handshake/dest_hsdata_ff_reg[6]/D
                                                                            top_design_i/axi_smc/inst/m02_nodes/m02_b_node/inst/inst_mi_handler/gen_normal_area.inst_fifo_node_payld/gen_reg_fifo_async.inst_reg_fifo_async/gen_xpm_cdc_handshake_array[0].inst_cdc_handshake/dest_hsdata_ff_reg[5]/D
                                                                                                            Slow         0.354     29.646


Slack (MET) :             29.646ns  (requirement - actual skew)
  Endpoint Source:        top_design_i/axi_smc/inst/m02_nodes/m02_b_node/inst/inst_mi_handler/gen_normal_area.inst_fifo_node_payld/gen_reg_fifo_async.inst_reg_fifo_async/gen_xpm_cdc_handshake_array[0].inst_cdc_handshake/src_hsdata_ff_reg[6]/C
                            (rising edge-triggered cell FDRE clocked by clk_fpga_1)
  Endpoint Destination:   top_design_i/axi_smc/inst/m02_nodes/m02_b_node/inst/inst_mi_handler/gen_normal_area.inst_fifo_node_payld/gen_reg_fifo_async.inst_reg_fifo_async/gen_xpm_cdc_handshake_array[0].inst_cdc_handshake/dest_hsdata_ff_reg[6]/D
                            (rising edge-triggered cell FDRE clocked by clk_fpga_0)
  Reference Source:       top_design_i/axi_smc/inst/m02_nodes/m02_b_node/inst/inst_mi_handler/gen_normal_area.inst_fifo_node_payld/gen_reg_fifo_async.inst_reg_fifo_async/gen_xpm_cdc_handshake_array[0].inst_cdc_handshake/src_hsdata_ff_reg[5]/C
                            (rising edge-triggered cell FDRE clocked by clk_fpga_1)
  Reference Destination:  top_design_i/axi_smc/inst/m02_nodes/m02_b_node/inst/inst_mi_handler/gen_normal_area.inst_fifo_node_payld/gen_reg_fifo_async.inst_reg_fifo_async/gen_xpm_cdc_handshake_array[0].inst_cdc_handshake/dest_hsdata_ff_reg[5]/D
                            (rising edge-triggered cell FDRE clocked by clk_fpga_0)
  Path Type:              Bus Skew (Max at Slow Process Corner)
  Requirement:            30.000ns
  Endpoint Relative Delay:    1.082ns
  Reference Relative Delay:   0.195ns
  Relative CRPR:              0.533ns
  Actual Bus Skew:            0.354ns  (Endpoint Relative Delay - Reference Relative Delay - Relative CRPR)

Endpoint path:
    Location             Delay type                Incr(ns)  Path(ns)    Netlist Resource(s)
  -------------------------------------------------------------------    -------------------
                         (clock clk_fpga_1 rise edge)
                                                      0.000     0.000 r  
    PS7_X0Y0             PS7                          0.000     0.000 r  top_design_i/processing_system7_0/inst/PS7_i/FCLKCLK[1]
                         net (fo=1, routed)           0.994     0.994    top_design_i/processing_system7_0/inst/FCLK_CLK_unbuffered[1]
    BUFGCTRL_X0Y16       BUFG (Prop_bufg_I_O)         0.085     1.079 r  top_design_i/processing_system7_0/inst/buffer_fclk_clk_1.FCLK_CLK_1_BUFG/O
                         net (fo=13123, routed)       1.561     2.640    top_design_i/axi_smc/inst/m02_nodes/m02_b_node/inst/inst_mi_handler/gen_normal_area.inst_fifo_node_payld/gen_reg_fifo_async.inst_reg_fifo_async/gen_xpm_cdc_handshake_array[0].inst_cdc_handshake/src_clk
    SLICE_X37Y104        FDRE                                         r  top_design_i/axi_smc/inst/m02_nodes/m02_b_node/inst/inst_mi_handler/gen_normal_area.inst_fifo_node_payld/gen_reg_fifo_async.inst_reg_fifo_async/gen_xpm_cdc_handshake_array[0].inst_cdc_handshake/src_hsdata_ff_reg[6]/C
  -------------------------------------------------------------------    -------------------
    SLICE_X37Y104        FDRE (Prop_fdre_C_Q)         0.379     3.019 r  top_design_i/axi_smc/inst/m02_nodes/m02_b_node/inst/inst_mi_handler/gen_normal_area.inst_fifo_node_payld/gen_reg_fifo_async.inst_reg_fifo_async/gen_xpm_cdc_handshake_array[0].inst_cdc_handshake/src_hsdata_ff_reg[6]/Q
                         net (fo=1, routed)           0.378     3.397    top_design_i/axi_smc/inst/m02_nodes/m02_b_node/inst/inst_mi_handler/gen_normal_area.inst_fifo_node_payld/gen_reg_fifo_async.inst_reg_fifo_async/gen_xpm_cdc_handshake_array[0].inst_cdc_handshake/src_hsdata_ff[6]
    SLICE_X37Y103        FDRE                                         r  top_design_i/axi_smc/inst/m02_nodes/m02_b_node/inst/inst_mi_handler/gen_normal_area.inst_fifo_node_payld/gen_reg_fifo_async.inst_reg_fifo_async/gen_xpm_cdc_handshake_array[0].inst_cdc_handshake/dest_hsdata_ff_reg[6]/D
  -------------------------------------------------------------------    -------------------

                         (clock clk_fpga_0 rise edge)
                                                      0.000     0.000 r  
    PS7_X0Y0             PS7                          0.000     0.000 r  top_design_i/processing_system7_0/inst/PS7_i/FCLKCLK[0]
                         net (fo=1, routed)           0.905     0.905    top_design_i/processing_system7_0/inst/FCLK_CLK0
    BUFGCTRL_X0Y17       BUFG (Prop_bufg_I_O)         0.077     0.982 r  top_design_i/processing_system7_0/inst/FCLK_CLK0_BUFG_inst/O
                         net (fo=1946, routed)        1.391     2.373    top_design_i/axi_smc/inst/m02_nodes/m02_b_node/inst/inst_mi_handler/gen_normal_area.inst_fifo_node_payld/gen_reg_fifo_async.inst_reg_fifo_async/gen_xpm_cdc_handshake_array[0].inst_cdc_handshake/dest_clk
    SLICE_X37Y103        FDRE                                         r  top_design_i/axi_smc/inst/m02_nodes/m02_b_node/inst/inst_mi_handler/gen_normal_area.inst_fifo_node_payld/gen_reg_fifo_async.inst_reg_fifo_async/gen_xpm_cdc_handshake_array[0].inst_cdc_handshake/dest_hsdata_ff_reg[6]/C
                         clock pessimism              0.000     2.373    
    SLICE_X37Y103        FDRE (Setup_fdre_C_D)       -0.059     2.314    top_design_i/axi_smc/inst/m02_nodes/m02_b_node/inst/inst_mi_handler/gen_normal_area.inst_fifo_node_payld/gen_reg_fifo_async.inst_reg_fifo_async/gen_xpm_cdc_handshake_array[0].inst_cdc_handshake/dest_hsdata_ff_reg[6]
  -------------------------------------------------------------------
                         data arrival                           3.397    
                         clock arrival                          2.314    
  -------------------------------------------------------------------
                         relative delay                         1.082    

Reference path:
    Location             Delay type                Incr(ns)  Path(ns)    Netlist Resource(s)
  -------------------------------------------------------------------    -------------------
                         (clock clk_fpga_1 rise edge)
                                                      0.000     0.000 r  
    PS7_X0Y0             PS7                          0.000     0.000 r  top_design_i/processing_system7_0/inst/PS7_i/FCLKCLK[1]
                         net (fo=1, routed)           0.905     0.905    top_design_i/processing_system7_0/inst/FCLK_CLK_unbuffered[1]
    BUFGCTRL_X0Y16       BUFG (Prop_bufg_I_O)         0.077     0.982 r  top_design_i/processing_system7_0/inst/buffer_fclk_clk_1.FCLK_CLK_1_BUFG/O
                         net (fo=13123, routed)       1.391     2.373    top_design_i/axi_smc/inst/m02_nodes/m02_b_node/inst/inst_mi_handler/gen_normal_area.inst_fifo_node_payld/gen_reg_fifo_async.inst_reg_fifo_async/gen_xpm_cdc_handshake_array[0].inst_cdc_handshake/src_clk
    SLICE_X37Y104        FDRE                                         r  top_design_i/axi_smc/inst/m02_nodes/m02_b_node/inst/inst_mi_handler/gen_normal_area.inst_fifo_node_payld/gen_reg_fifo_async.inst_reg_fifo_async/gen_xpm_cdc_handshake_array[0].inst_cdc_handshake/src_hsdata_ff_reg[5]/C
  -------------------------------------------------------------------    -------------------
    SLICE_X37Y104        FDRE (Prop_fdre_C_Q)         0.304     2.677 r  top_design_i/axi_smc/inst/m02_nodes/m02_b_node/inst/inst_mi_handler/gen_normal_area.inst_fifo_node_payld/gen_reg_fifo_async.inst_reg_fifo_async/gen_xpm_cdc_handshake_array[0].inst_cdc_handshake/src_hsdata_ff_reg[5]/Q
                         net (fo=1, routed)           0.316     2.993    top_design_i/axi_smc/inst/m02_nodes/m02_b_node/inst/inst_mi_handler/gen_normal_area.inst_fifo_node_payld/gen_reg_fifo_async.inst_reg_fifo_async/gen_xpm_cdc_handshake_array[0].inst_cdc_handshake/src_hsdata_ff[5]
    SLICE_X37Y103        FDRE                                         r  top_design_i/axi_smc/inst/m02_nodes/m02_b_node/inst/inst_mi_handler/gen_normal_area.inst_fifo_node_payld/gen_reg_fifo_async.inst_reg_fifo_async/gen_xpm_cdc_handshake_array[0].inst_cdc_handshake/dest_hsdata_ff_reg[5]/D
  -------------------------------------------------------------------    -------------------

                         (clock clk_fpga_0 rise edge)
                                                      0.000     0.000 r  
    PS7_X0Y0             PS7                          0.000     0.000 r  top_design_i/processing_system7_0/inst/PS7_i/FCLKCLK[0]
                         net (fo=1, routed)           0.994     0.994    top_design_i/processing_system7_0/inst/FCLK_CLK0
    BUFGCTRL_X0Y17       BUFG (Prop_bufg_I_O)         0.085     1.079 r  top_design_i/processing_system7_0/inst/FCLK_CLK0_BUFG_inst/O
                         net (fo=1946, routed)        1.561     2.640    top_design_i/axi_smc/inst/m02_nodes/m02_b_node/inst/inst_mi_handler/gen_normal_area.inst_fifo_node_payld/gen_reg_fifo_async.inst_reg_fifo_async/gen_xpm_cdc_handshake_array[0].inst_cdc_handshake/dest_clk
    SLICE_X37Y103        FDRE                                         r  top_design_i/axi_smc/inst/m02_nodes/m02_b_node/inst/inst_mi_handler/gen_normal_area.inst_fifo_node_payld/gen_reg_fifo_async.inst_reg_fifo_async/gen_xpm_cdc_handshake_array[0].inst_cdc_handshake/dest_hsdata_ff_reg[5]/C
                         clock pessimism              0.000     2.640    
    SLICE_X37Y103        FDRE (Hold_fdre_C_D)         0.158     2.798    top_design_i/axi_smc/inst/m02_nodes/m02_b_node/inst/inst_mi_handler/gen_normal_area.inst_fifo_node_payld/gen_reg_fifo_async.inst_reg_fifo_async/gen_xpm_cdc_handshake_array[0].inst_cdc_handshake/dest_hsdata_ff_reg[5]
  -------------------------------------------------------------------
                         data arrival                           2.993    
                         clock arrival                          2.798    
  -------------------------------------------------------------------
                         relative delay                         0.195    



Id: 6
set_bus_skew -from [get_cells [list {top_design_i/axi_smc/inst/m04_nodes/m04_b_node/inst/inst_mi_handler/gen_normal_area.inst_fifo_node_payld/gen_reg_fifo_async.inst_reg_fifo_async/gen_xpm_cdc_handshake_array[0].inst_cdc_handshake/src_hsdata_ff_reg[6]} {top_design_i/axi_smc/inst/m04_nodes/m04_b_node/inst/inst_mi_handler/gen_normal_area.inst_fifo_node_payld/gen_reg_fifo_async.inst_reg_fifo_async/gen_xpm_cdc_handshake_array[0].inst_cdc_handshake/src_hsdata_ff_reg[5]}]] -to [get_cells [list {top_design_i/axi_smc/inst/m04_nodes/m04_b_node/inst/inst_mi_handler/gen_normal_area.inst_fifo_node_payld/gen_reg_fifo_async.inst_reg_fifo_async/gen_xpm_cdc_handshake_array[0].inst_cdc_handshake/dest_hsdata_ff_reg[6]} {top_design_i/axi_smc/inst/m04_nodes/m04_b_node/inst/inst_mi_handler/gen_normal_area.inst_fifo_node_payld/gen_reg_fifo_async.inst_reg_fifo_async/gen_xpm_cdc_handshake_array[0].inst_cdc_handshake/dest_hsdata_ff_reg[5]}]] 30.000
Requirement: 30.000ns
Endpoints: 2

From Clock            To Clock              Endpoint Pin                    Reference Pin                   Corner  Actual(ns)  Slack(ns)
--------------------  --------------------  ------------------------------  ------------------------------  ------  ----------  ---------
clk_fpga_1            clk_fpga_0            top_design_i/axi_smc/inst/m04_nodes/m04_b_node/inst/inst_mi_handler/gen_normal_area.inst_fifo_node_payld/gen_reg_fifo_async.inst_reg_fifo_async/gen_xpm_cdc_handshake_array[0].inst_cdc_handshake/dest_hsdata_ff_reg[6]/D
                                                                            top_design_i/axi_smc/inst/m04_nodes/m04_b_node/inst/inst_mi_handler/gen_normal_area.inst_fifo_node_payld/gen_reg_fifo_async.inst_reg_fifo_async/gen_xpm_cdc_handshake_array[0].inst_cdc_handshake/dest_hsdata_ff_reg[5]/D
                                                                                                            Slow         0.361     29.639


Slack (MET) :             29.639ns  (requirement - actual skew)
  Endpoint Source:        top_design_i/axi_smc/inst/m04_nodes/m04_b_node/inst/inst_mi_handler/gen_normal_area.inst_fifo_node_payld/gen_reg_fifo_async.inst_reg_fifo_async/gen_xpm_cdc_handshake_array[0].inst_cdc_handshake/src_hsdata_ff_reg[6]/C
                            (rising edge-triggered cell FDRE clocked by clk_fpga_1)
  Endpoint Destination:   top_design_i/axi_smc/inst/m04_nodes/m04_b_node/inst/inst_mi_handler/gen_normal_area.inst_fifo_node_payld/gen_reg_fifo_async.inst_reg_fifo_async/gen_xpm_cdc_handshake_array[0].inst_cdc_handshake/dest_hsdata_ff_reg[6]/D
                            (rising edge-triggered cell FDRE clocked by clk_fpga_0)
  Reference Source:       top_design_i/axi_smc/inst/m04_nodes/m04_b_node/inst/inst_mi_handler/gen_normal_area.inst_fifo_node_payld/gen_reg_fifo_async.inst_reg_fifo_async/gen_xpm_cdc_handshake_array[0].inst_cdc_handshake/src_hsdata_ff_reg[5]/C
                            (rising edge-triggered cell FDRE clocked by clk_fpga_1)
  Reference Destination:  top_design_i/axi_smc/inst/m04_nodes/m04_b_node/inst/inst_mi_handler/gen_normal_area.inst_fifo_node_payld/gen_reg_fifo_async.inst_reg_fifo_async/gen_xpm_cdc_handshake_array[0].inst_cdc_handshake/dest_hsdata_ff_reg[5]/D
                            (rising edge-triggered cell FDRE clocked by clk_fpga_0)
  Path Type:              Bus Skew (Max at Slow Process Corner)
  Requirement:            30.000ns
  Endpoint Relative Delay:    1.066ns
  Reference Relative Delay:   0.173ns
  Relative CRPR:              0.532ns
  Actual Bus Skew:            0.361ns  (Endpoint Relative Delay - Reference Relative Delay - Relative CRPR)

Endpoint path:
    Location             Delay type                Incr(ns)  Path(ns)    Netlist Resource(s)
  -------------------------------------------------------------------    -------------------
                         (clock clk_fpga_1 rise edge)
                                                      0.000     0.000 r  
    PS7_X0Y0             PS7                          0.000     0.000 r  top_design_i/processing_system7_0/inst/PS7_i/FCLKCLK[1]
                         net (fo=1, routed)           0.994     0.994    top_design_i/processing_system7_0/inst/FCLK_CLK_unbuffered[1]
    BUFGCTRL_X0Y16       BUFG (Prop_bufg_I_O)         0.085     1.079 r  top_design_i/processing_system7_0/inst/buffer_fclk_clk_1.FCLK_CLK_1_BUFG/O
                         net (fo=13123, routed)       1.557     2.636    top_design_i/axi_smc/inst/m04_nodes/m04_b_node/inst/inst_mi_handler/gen_normal_area.inst_fifo_node_payld/gen_reg_fifo_async.inst_reg_fifo_async/gen_xpm_cdc_handshake_array[0].inst_cdc_handshake/src_clk
    SLICE_X48Y100        FDRE                                         r  top_design_i/axi_smc/inst/m04_nodes/m04_b_node/inst/inst_mi_handler/gen_normal_area.inst_fifo_node_payld/gen_reg_fifo_async.inst_reg_fifo_async/gen_xpm_cdc_handshake_array[0].inst_cdc_handshake/src_hsdata_ff_reg[6]/C
  -------------------------------------------------------------------    -------------------
    SLICE_X48Y100        FDRE (Prop_fdre_C_Q)         0.379     3.015 r  top_design_i/axi_smc/inst/m04_nodes/m04_b_node/inst/inst_mi_handler/gen_normal_area.inst_fifo_node_payld/gen_reg_fifo_async.inst_reg_fifo_async/gen_xpm_cdc_handshake_array[0].inst_cdc_handshake/src_hsdata_ff_reg[6]/Q
                         net (fo=1, routed)           0.395     3.410    top_design_i/axi_smc/inst/m04_nodes/m04_b_node/inst/inst_mi_handler/gen_normal_area.inst_fifo_node_payld/gen_reg_fifo_async.inst_reg_fifo_async/gen_xpm_cdc_handshake_array[0].inst_cdc_handshake/src_hsdata_ff[6]
    SLICE_X46Y102        FDRE                                         r  top_design_i/axi_smc/inst/m04_nodes/m04_b_node/inst/inst_mi_handler/gen_normal_area.inst_fifo_node_payld/gen_reg_fifo_async.inst_reg_fifo_async/gen_xpm_cdc_handshake_array[0].inst_cdc_handshake/dest_hsdata_ff_reg[6]/D
  -------------------------------------------------------------------    -------------------

                         (clock clk_fpga_0 rise edge)
                                                      0.000     0.000 r  
    PS7_X0Y0             PS7                          0.000     0.000 r  top_design_i/processing_system7_0/inst/PS7_i/FCLKCLK[0]
                         net (fo=1, routed)           0.905     0.905    top_design_i/processing_system7_0/inst/FCLK_CLK0
    BUFGCTRL_X0Y17       BUFG (Prop_bufg_I_O)         0.077     0.982 r  top_design_i/processing_system7_0/inst/FCLK_CLK0_BUFG_inst/O
                         net (fo=1946, routed)        1.389     2.371    top_design_i/axi_smc/inst/m04_nodes/m04_b_node/inst/inst_mi_handler/gen_normal_area.inst_fifo_node_payld/gen_reg_fifo_async.inst_reg_fifo_async/gen_xpm_cdc_handshake_array[0].inst_cdc_handshake/dest_clk
    SLICE_X46Y102        FDRE                                         r  top_design_i/axi_smc/inst/m04_nodes/m04_b_node/inst/inst_mi_handler/gen_normal_area.inst_fifo_node_payld/gen_reg_fifo_async.inst_reg_fifo_async/gen_xpm_cdc_handshake_array[0].inst_cdc_handshake/dest_hsdata_ff_reg[6]/C
                         clock pessimism              0.000     2.371    
    SLICE_X46Y102        FDRE (Setup_fdre_C_D)       -0.027     2.344    top_design_i/axi_smc/inst/m04_nodes/m04_b_node/inst/inst_mi_handler/gen_normal_area.inst_fifo_node_payld/gen_reg_fifo_async.inst_reg_fifo_async/gen_xpm_cdc_handshake_array[0].inst_cdc_handshake/dest_hsdata_ff_reg[6]
  -------------------------------------------------------------------
                         data arrival                           3.410    
                         clock arrival                          2.344    
  -------------------------------------------------------------------
                         relative delay                         1.066    

Reference path:
    Location             Delay type                Incr(ns)  Path(ns)    Netlist Resource(s)
  -------------------------------------------------------------------    -------------------
                         (clock clk_fpga_1 rise edge)
                                                      0.000     0.000 r  
    PS7_X0Y0             PS7                          0.000     0.000 r  top_design_i/processing_system7_0/inst/PS7_i/FCLKCLK[1]
                         net (fo=1, routed)           0.905     0.905    top_design_i/processing_system7_0/inst/FCLK_CLK_unbuffered[1]
    BUFGCTRL_X0Y16       BUFG (Prop_bufg_I_O)         0.077     0.982 r  top_design_i/processing_system7_0/inst/buffer_fclk_clk_1.FCLK_CLK_1_BUFG/O
                         net (fo=13123, routed)       1.389     2.371    top_design_i/axi_smc/inst/m04_nodes/m04_b_node/inst/inst_mi_handler/gen_normal_area.inst_fifo_node_payld/gen_reg_fifo_async.inst_reg_fifo_async/gen_xpm_cdc_handshake_array[0].inst_cdc_handshake/src_clk
    SLICE_X48Y100        FDRE                                         r  top_design_i/axi_smc/inst/m04_nodes/m04_b_node/inst/inst_mi_handler/gen_normal_area.inst_fifo_node_payld/gen_reg_fifo_async.inst_reg_fifo_async/gen_xpm_cdc_handshake_array[0].inst_cdc_handshake/src_hsdata_ff_reg[5]/C
  -------------------------------------------------------------------    -------------------
    SLICE_X48Y100        FDRE (Prop_fdre_C_Q)         0.304     2.675 r  top_design_i/axi_smc/inst/m04_nodes/m04_b_node/inst/inst_mi_handler/gen_normal_area.inst_fifo_node_payld/gen_reg_fifo_async.inst_reg_fifo_async/gen_xpm_cdc_handshake_array[0].inst_cdc_handshake/src_hsdata_ff_reg[5]/Q
                         net (fo=1, routed)           0.337     3.013    top_design_i/axi_smc/inst/m04_nodes/m04_b_node/inst/inst_mi_handler/gen_normal_area.inst_fifo_node_payld/gen_reg_fifo_async.inst_reg_fifo_async/gen_xpm_cdc_handshake_array[0].inst_cdc_handshake/src_hsdata_ff[5]
    SLICE_X46Y102        FDRE                                         r  top_design_i/axi_smc/inst/m04_nodes/m04_b_node/inst/inst_mi_handler/gen_normal_area.inst_fifo_node_payld/gen_reg_fifo_async.inst_reg_fifo_async/gen_xpm_cdc_handshake_array[0].inst_cdc_handshake/dest_hsdata_ff_reg[5]/D
  -------------------------------------------------------------------    -------------------

                         (clock clk_fpga_0 rise edge)
                                                      0.000     0.000 r  
    PS7_X0Y0             PS7                          0.000     0.000 r  top_design_i/processing_system7_0/inst/PS7_i/FCLKCLK[0]
                         net (fo=1, routed)           0.994     0.994    top_design_i/processing_system7_0/inst/FCLK_CLK0
    BUFGCTRL_X0Y17       BUFG (Prop_bufg_I_O)         0.085     1.079 r  top_design_i/processing_system7_0/inst/FCLK_CLK0_BUFG_inst/O
                         net (fo=1946, routed)        1.560     2.639    top_design_i/axi_smc/inst/m04_nodes/m04_b_node/inst/inst_mi_handler/gen_normal_area.inst_fifo_node_payld/gen_reg_fifo_async.inst_reg_fifo_async/gen_xpm_cdc_handshake_array[0].inst_cdc_handshake/dest_clk
    SLICE_X46Y102        FDRE                                         r  top_design_i/axi_smc/inst/m04_nodes/m04_b_node/inst/inst_mi_handler/gen_normal_area.inst_fifo_node_payld/gen_reg_fifo_async.inst_reg_fifo_async/gen_xpm_cdc_handshake_array[0].inst_cdc_handshake/dest_hsdata_ff_reg[5]/C
                         clock pessimism              0.000     2.639    
    SLICE_X46Y102        FDRE (Hold_fdre_C_D)         0.201     2.840    top_design_i/axi_smc/inst/m04_nodes/m04_b_node/inst/inst_mi_handler/gen_normal_area.inst_fifo_node_payld/gen_reg_fifo_async.inst_reg_fifo_async/gen_xpm_cdc_handshake_array[0].inst_cdc_handshake/dest_hsdata_ff_reg[5]
  -------------------------------------------------------------------
                         data arrival                           3.013    
                         clock arrival                          2.840    
  -------------------------------------------------------------------
                         relative delay                         0.173    



Id: 7
set_bus_skew -from [get_cells [list {top_design_i/axi_smc/inst/m03_nodes/m03_b_node/inst/inst_mi_handler/gen_normal_area.inst_fifo_node_payld/gen_reg_fifo_async.inst_reg_fifo_async/gen_xpm_cdc_handshake_array[0].inst_cdc_handshake/src_hsdata_ff_reg[6]} {top_design_i/axi_smc/inst/m03_nodes/m03_b_node/inst/inst_mi_handler/gen_normal_area.inst_fifo_node_payld/gen_reg_fifo_async.inst_reg_fifo_async/gen_xpm_cdc_handshake_array[0].inst_cdc_handshake/src_hsdata_ff_reg[5]}]] -to [get_cells [list {top_design_i/axi_smc/inst/m03_nodes/m03_b_node/inst/inst_mi_handler/gen_normal_area.inst_fifo_node_payld/gen_reg_fifo_async.inst_reg_fifo_async/gen_xpm_cdc_handshake_array[0].inst_cdc_handshake/dest_hsdata_ff_reg[6]} {top_design_i/axi_smc/inst/m03_nodes/m03_b_node/inst/inst_mi_handler/gen_normal_area.inst_fifo_node_payld/gen_reg_fifo_async.inst_reg_fifo_async/gen_xpm_cdc_handshake_array[0].inst_cdc_handshake/dest_hsdata_ff_reg[5]}]] 30.000
Requirement: 30.000ns
Endpoints: 2

From Clock            To Clock              Endpoint Pin                    Reference Pin                   Corner  Actual(ns)  Slack(ns)
--------------------  --------------------  ------------------------------  ------------------------------  ------  ----------  ---------
clk_fpga_1            clk_fpga_0            top_design_i/axi_smc/inst/m03_nodes/m03_b_node/inst/inst_mi_handler/gen_normal_area.inst_fifo_node_payld/gen_reg_fifo_async.inst_reg_fifo_async/gen_xpm_cdc_handshake_array[0].inst_cdc_handshake/dest_hsdata_ff_reg[5]/D
                                                                            top_design_i/axi_smc/inst/m03_nodes/m03_b_node/inst/inst_mi_handler/gen_normal_area.inst_fifo_node_payld/gen_reg_fifo_async.inst_reg_fifo_async/gen_xpm_cdc_handshake_array[0].inst_cdc_handshake/dest_hsdata_ff_reg[6]/D
                                                                                                            Slow         0.542     29.458


Slack (MET) :             29.458ns  (requirement - actual skew)
  Endpoint Source:        top_design_i/axi_smc/inst/m03_nodes/m03_b_node/inst/inst_mi_handler/gen_normal_area.inst_fifo_node_payld/gen_reg_fifo_async.inst_reg_fifo_async/gen_xpm_cdc_handshake_array[0].inst_cdc_handshake/src_hsdata_ff_reg[5]/C
                            (rising edge-triggered cell FDRE clocked by clk_fpga_1)
  Endpoint Destination:   top_design_i/axi_smc/inst/m03_nodes/m03_b_node/inst/inst_mi_handler/gen_normal_area.inst_fifo_node_payld/gen_reg_fifo_async.inst_reg_fifo_async/gen_xpm_cdc_handshake_array[0].inst_cdc_handshake/dest_hsdata_ff_reg[5]/D
                            (rising edge-triggered cell FDRE clocked by clk_fpga_0)
  Reference Source:       top_design_i/axi_smc/inst/m03_nodes/m03_b_node/inst/inst_mi_handler/gen_normal_area.inst_fifo_node_payld/gen_reg_fifo_async.inst_reg_fifo_async/gen_xpm_cdc_handshake_array[0].inst_cdc_handshake/src_hsdata_ff_reg[6]/C
                            (rising edge-triggered cell FDRE clocked by clk_fpga_1)
  Reference Destination:  top_design_i/axi_smc/inst/m03_nodes/m03_b_node/inst/inst_mi_handler/gen_normal_area.inst_fifo_node_payld/gen_reg_fifo_async.inst_reg_fifo_async/gen_xpm_cdc_handshake_array[0].inst_cdc_handshake/dest_hsdata_ff_reg[6]/D
                            (rising edge-triggered cell FDRE clocked by clk_fpga_0)
  Path Type:              Bus Skew (Max at Slow Process Corner)
  Requirement:            30.000ns
  Endpoint Relative Delay:    1.396ns
  Reference Relative Delay:   0.380ns
  Relative CRPR:              0.474ns
  Actual Bus Skew:            0.542ns  (Endpoint Relative Delay - Reference Relative Delay - Relative CRPR)

Endpoint path:
    Location             Delay type                Incr(ns)  Path(ns)    Netlist Resource(s)
  -------------------------------------------------------------------    -------------------
                         (clock clk_fpga_1 rise edge)
                                                      0.000     0.000 r  
    PS7_X0Y0             PS7                          0.000     0.000 r  top_design_i/processing_system7_0/inst/PS7_i/FCLKCLK[1]
                         net (fo=1, routed)           0.994     0.994    top_design_i/processing_system7_0/inst/FCLK_CLK_unbuffered[1]
    BUFGCTRL_X0Y16       BUFG (Prop_bufg_I_O)         0.085     1.079 r  top_design_i/processing_system7_0/inst/buffer_fclk_clk_1.FCLK_CLK_1_BUFG/O
                         net (fo=13123, routed)       1.560     2.639    top_design_i/axi_smc/inst/m03_nodes/m03_b_node/inst/inst_mi_handler/gen_normal_area.inst_fifo_node_payld/gen_reg_fifo_async.inst_reg_fifo_async/gen_xpm_cdc_handshake_array[0].inst_cdc_handshake/src_clk
    SLICE_X42Y103        FDRE                                         r  top_design_i/axi_smc/inst/m03_nodes/m03_b_node/inst/inst_mi_handler/gen_normal_area.inst_fifo_node_payld/gen_reg_fifo_async.inst_reg_fifo_async/gen_xpm_cdc_handshake_array[0].inst_cdc_handshake/src_hsdata_ff_reg[5]/C
  -------------------------------------------------------------------    -------------------
    SLICE_X42Y103        FDRE (Prop_fdre_C_Q)         0.433     3.072 r  top_design_i/axi_smc/inst/m03_nodes/m03_b_node/inst/inst_mi_handler/gen_normal_area.inst_fifo_node_payld/gen_reg_fifo_async.inst_reg_fifo_async/gen_xpm_cdc_handshake_array[0].inst_cdc_handshake/src_hsdata_ff_reg[5]/Q
                         net (fo=1, routed)           0.650     3.722    top_design_i/axi_smc/inst/m03_nodes/m03_b_node/inst/inst_mi_handler/gen_normal_area.inst_fifo_node_payld/gen_reg_fifo_async.inst_reg_fifo_async/gen_xpm_cdc_handshake_array[0].inst_cdc_handshake/src_hsdata_ff[5]
    SLICE_X41Y103        FDRE                                         r  top_design_i/axi_smc/inst/m03_nodes/m03_b_node/inst/inst_mi_handler/gen_normal_area.inst_fifo_node_payld/gen_reg_fifo_async.inst_reg_fifo_async/gen_xpm_cdc_handshake_array[0].inst_cdc_handshake/dest_hsdata_ff_reg[5]/D
  -------------------------------------------------------------------    -------------------

                         (clock clk_fpga_0 rise edge)
                                                      0.000     0.000 r  
    PS7_X0Y0             PS7                          0.000     0.000 r  top_design_i/processing_system7_0/inst/PS7_i/FCLKCLK[0]
                         net (fo=1, routed)           0.905     0.905    top_design_i/processing_system7_0/inst/FCLK_CLK0
    BUFGCTRL_X0Y17       BUFG (Prop_bufg_I_O)         0.077     0.982 r  top_design_i/processing_system7_0/inst/FCLK_CLK0_BUFG_inst/O
                         net (fo=1946, routed)        1.390     2.372    top_design_i/axi_smc/inst/m03_nodes/m03_b_node/inst/inst_mi_handler/gen_normal_area.inst_fifo_node_payld/gen_reg_fifo_async.inst_reg_fifo_async/gen_xpm_cdc_handshake_array[0].inst_cdc_handshake/dest_clk
    SLICE_X41Y103        FDRE                                         r  top_design_i/axi_smc/inst/m03_nodes/m03_b_node/inst/inst_mi_handler/gen_normal_area.inst_fifo_node_payld/gen_reg_fifo_async.inst_reg_fifo_async/gen_xpm_cdc_handshake_array[0].inst_cdc_handshake/dest_hsdata_ff_reg[5]/C
                         clock pessimism              0.000     2.372    
    SLICE_X41Y103        FDRE (Setup_fdre_C_D)       -0.047     2.325    top_design_i/axi_smc/inst/m03_nodes/m03_b_node/inst/inst_mi_handler/gen_normal_area.inst_fifo_node_payld/gen_reg_fifo_async.inst_reg_fifo_async/gen_xpm_cdc_handshake_array[0].inst_cdc_handshake/dest_hsdata_ff_reg[5]
  -------------------------------------------------------------------
                         data arrival                           3.722    
                         clock arrival                          2.325    
  -------------------------------------------------------------------
                         relative delay                         1.396    

Reference path:
    Location             Delay type                Incr(ns)  Path(ns)    Netlist Resource(s)
  -------------------------------------------------------------------    -------------------
                         (clock clk_fpga_1 rise edge)
                                                      0.000     0.000 r  
    PS7_X0Y0             PS7                          0.000     0.000 r  top_design_i/processing_system7_0/inst/PS7_i/FCLKCLK[1]
                         net (fo=1, routed)           0.905     0.905    top_design_i/processing_system7_0/inst/FCLK_CLK_unbuffered[1]
    BUFGCTRL_X0Y16       BUFG (Prop_bufg_I_O)         0.077     0.982 r  top_design_i/processing_system7_0/inst/buffer_fclk_clk_1.FCLK_CLK_1_BUFG/O
                         net (fo=13123, routed)       1.390     2.372    top_design_i/axi_smc/inst/m03_nodes/m03_b_node/inst/inst_mi_handler/gen_normal_area.inst_fifo_node_payld/gen_reg_fifo_async.inst_reg_fifo_async/gen_xpm_cdc_handshake_array[0].inst_cdc_handshake/src_clk
    SLICE_X42Y103        FDRE                                         r  top_design_i/axi_smc/inst/m03_nodes/m03_b_node/inst/inst_mi_handler/gen_normal_area.inst_fifo_node_payld/gen_reg_fifo_async.inst_reg_fifo_async/gen_xpm_cdc_handshake_array[0].inst_cdc_handshake/src_hsdata_ff_reg[6]/C
  -------------------------------------------------------------------    -------------------
    SLICE_X42Y103        FDRE (Prop_fdre_C_Q)         0.347     2.719 r  top_design_i/axi_smc/inst/m03_nodes/m03_b_node/inst/inst_mi_handler/gen_normal_area.inst_fifo_node_payld/gen_reg_fifo_async.inst_reg_fifo_async/gen_xpm_cdc_handshake_array[0].inst_cdc_handshake/src_hsdata_ff_reg[6]/Q
                         net (fo=1, routed)           0.457     3.177    top_design_i/axi_smc/inst/m03_nodes/m03_b_node/inst/inst_mi_handler/gen_normal_area.inst_fifo_node_payld/gen_reg_fifo_async.inst_reg_fifo_async/gen_xpm_cdc_handshake_array[0].inst_cdc_handshake/src_hsdata_ff[6]
    SLICE_X44Y103        FDRE                                         r  top_design_i/axi_smc/inst/m03_nodes/m03_b_node/inst/inst_mi_handler/gen_normal_area.inst_fifo_node_payld/gen_reg_fifo_async.inst_reg_fifo_async/gen_xpm_cdc_handshake_array[0].inst_cdc_handshake/dest_hsdata_ff_reg[6]/D
  -------------------------------------------------------------------    -------------------

                         (clock clk_fpga_0 rise edge)
                                                      0.000     0.000 r  
    PS7_X0Y0             PS7                          0.000     0.000 r  top_design_i/processing_system7_0/inst/PS7_i/FCLKCLK[0]
                         net (fo=1, routed)           0.994     0.994    top_design_i/processing_system7_0/inst/FCLK_CLK0
    BUFGCTRL_X0Y17       BUFG (Prop_bufg_I_O)         0.085     1.079 r  top_design_i/processing_system7_0/inst/FCLK_CLK0_BUFG_inst/O
                         net (fo=1946, routed)        1.560     2.639    top_design_i/axi_smc/inst/m03_nodes/m03_b_node/inst/inst_mi_handler/gen_normal_area.inst_fifo_node_payld/gen_reg_fifo_async.inst_reg_fifo_async/gen_xpm_cdc_handshake_array[0].inst_cdc_handshake/dest_clk
    SLICE_X44Y103        FDRE                                         r  top_design_i/axi_smc/inst/m03_nodes/m03_b_node/inst/inst_mi_handler/gen_normal_area.inst_fifo_node_payld/gen_reg_fifo_async.inst_reg_fifo_async/gen_xpm_cdc_handshake_array[0].inst_cdc_handshake/dest_hsdata_ff_reg[6]/C
                         clock pessimism              0.000     2.639    
    SLICE_X44Y103        FDRE (Hold_fdre_C_D)         0.158     2.797    top_design_i/axi_smc/inst/m03_nodes/m03_b_node/inst/inst_mi_handler/gen_normal_area.inst_fifo_node_payld/gen_reg_fifo_async.inst_reg_fifo_async/gen_xpm_cdc_handshake_array[0].inst_cdc_handshake/dest_hsdata_ff_reg[6]
  -------------------------------------------------------------------
                         data arrival                           3.177    
                         clock arrival                          2.797    
  -------------------------------------------------------------------
                         relative delay                         0.380    



Id: 8
set_bus_skew -from [get_cells [list {top_design_i/axi_smc/inst/m02_nodes/m02_r_node/inst/inst_mi_handler/gen_normal_area.inst_fifo_node_payld/gen_reg_fifo_async.inst_reg_fifo_async/gen_xpm_cdc_handshake_array[0].inst_cdc_handshake/src_hsdata_ff_reg[43]} \
          {top_design_i/axi_smc/inst/m02_nodes/m02_r_node/inst/inst_mi_handler/gen_normal_area.inst_fifo_node_payld/gen_reg_fifo_async.inst_reg_fifo_async/gen_xpm_cdc_handshake_array[0].inst_cdc_handshake/src_hsdata_ff_reg[44]} \
          {top_design_i/axi_smc/inst/m02_nodes/m02_r_node/inst/inst_mi_handler/gen_normal_area.inst_fifo_node_payld/gen_reg_fifo_async.inst_reg_fifo_async/gen_xpm_cdc_handshake_array[0].inst_cdc_handshake/src_hsdata_ff_reg[45]} \
          {top_design_i/axi_smc/inst/m02_nodes/m02_r_node/inst/inst_mi_handler/gen_normal_area.inst_fifo_node_payld/gen_reg_fifo_async.inst_reg_fifo_async/gen_xpm_cdc_handshake_array[0].inst_cdc_handshake/src_hsdata_ff_reg[46]} \
          {top_design_i/axi_smc/inst/m02_nodes/m02_r_node/inst/inst_mi_handler/gen_normal_area.inst_fifo_node_payld/gen_reg_fifo_async.inst_reg_fifo_async/gen_xpm_cdc_handshake_array[0].inst_cdc_handshake/src_hsdata_ff_reg[47]} \
          {top_design_i/axi_smc/inst/m02_nodes/m02_r_node/inst/inst_mi_handler/gen_normal_area.inst_fifo_node_payld/gen_reg_fifo_async.inst_reg_fifo_async/gen_xpm_cdc_handshake_array[0].inst_cdc_handshake/src_hsdata_ff_reg[52]} \
          {top_design_i/axi_smc/inst/m02_nodes/m02_r_node/inst/inst_mi_handler/gen_normal_area.inst_fifo_node_payld/gen_reg_fifo_async.inst_reg_fifo_async/gen_xpm_cdc_handshake_array[0].inst_cdc_handshake/src_hsdata_ff_reg[51]} \
          {top_design_i/axi_smc/inst/m02_nodes/m02_r_node/inst/inst_mi_handler/gen_normal_area.inst_fifo_node_payld/gen_reg_fifo_async.inst_reg_fifo_async/gen_xpm_cdc_handshake_array[0].inst_cdc_handshake/src_hsdata_ff_reg[50]} \
          {top_design_i/axi_smc/inst/m02_nodes/m02_r_node/inst/inst_mi_handler/gen_normal_area.inst_fifo_node_payld/gen_reg_fifo_async.inst_reg_fifo_async/gen_xpm_cdc_handshake_array[0].inst_cdc_handshake/src_hsdata_ff_reg[48]} \
          {top_design_i/axi_smc/inst/m02_nodes/m02_r_node/inst/inst_mi_handler/gen_normal_area.inst_fifo_node_payld/gen_reg_fifo_async.inst_reg_fifo_async/gen_xpm_cdc_handshake_array[0].inst_cdc_handshake/src_hsdata_ff_reg[18]} \
          {top_design_i/axi_smc/inst/m02_nodes/m02_r_node/inst/inst_mi_handler/gen_normal_area.inst_fifo_node_payld/gen_reg_fifo_async.inst_reg_fifo_async/gen_xpm_cdc_handshake_array[0].inst_cdc_handshake/src_hsdata_ff_reg[19]} \
          {top_design_i/axi_smc/inst/m02_nodes/m02_r_node/inst/inst_mi_handler/gen_normal_area.inst_fifo_node_payld/gen_reg_fifo_async.inst_reg_fifo_async/gen_xpm_cdc_handshake_array[0].inst_cdc_handshake/src_hsdata_ff_reg[21]} \
          {top_design_i/axi_smc/inst/m02_nodes/m02_r_node/inst/inst_mi_handler/gen_normal_area.inst_fifo_node_payld/gen_reg_fifo_async.inst_reg_fifo_async/gen_xpm_cdc_handshake_array[0].inst_cdc_handshake/src_hsdata_ff_reg[22]} \
          {top_design_i/axi_smc/inst/m02_nodes/m02_r_node/inst/inst_mi_handler/gen_normal_area.inst_fifo_node_payld/gen_reg_fifo_async.inst_reg_fifo_async/gen_xpm_cdc_handshake_array[0].inst_cdc_handshake/src_hsdata_ff_reg[23]} \
          {top_design_i/axi_smc/inst/m02_nodes/m02_r_node/inst/inst_mi_handler/gen_normal_area.inst_fifo_node_payld/gen_reg_fifo_async.inst_reg_fifo_async/gen_xpm_cdc_handshake_array[0].inst_cdc_handshake/src_hsdata_ff_reg[24]} \
          {top_design_i/axi_smc/inst/m02_nodes/m02_r_node/inst/inst_mi_handler/gen_normal_area.inst_fifo_node_payld/gen_reg_fifo_async.inst_reg_fifo_async/gen_xpm_cdc_handshake_array[0].inst_cdc_handshake/src_hsdata_ff_reg[25]} \
          {top_design_i/axi_smc/inst/m02_nodes/m02_r_node/inst/inst_mi_handler/gen_normal_area.inst_fifo_node_payld/gen_reg_fifo_async.inst_reg_fifo_async/gen_xpm_cdc_handshake_array[0].inst_cdc_handshake/src_hsdata_ff_reg[26]} \
          {top_design_i/axi_smc/inst/m02_nodes/m02_r_node/inst/inst_mi_handler/gen_normal_area.inst_fifo_node_payld/gen_reg_fifo_async.inst_reg_fifo_async/gen_xpm_cdc_handshake_array[0].inst_cdc_handshake/src_hsdata_ff_reg[27]} \
          {top_design_i/axi_smc/inst/m02_nodes/m02_r_node/inst/inst_mi_handler/gen_normal_area.inst_fifo_node_payld/gen_reg_fifo_async.inst_reg_fifo_async/gen_xpm_cdc_handshake_array[0].inst_cdc_handshake/src_hsdata_ff_reg[28]} \
          {top_design_i/axi_smc/inst/m02_nodes/m02_r_node/inst/inst_mi_handler/gen_normal_area.inst_fifo_node_payld/gen_reg_fifo_async.inst_reg_fifo_async/gen_xpm_cdc_handshake_array[0].inst_cdc_handshake/src_hsdata_ff_reg[29]} \
          {top_design_i/axi_smc/inst/m02_nodes/m02_r_node/inst/inst_mi_handler/gen_normal_area.inst_fifo_node_payld/gen_reg_fifo_async.inst_reg_fifo_async/gen_xpm_cdc_handshake_array[0].inst_cdc_handshake/src_hsdata_ff_reg[30]} \
          {top_design_i/axi_smc/inst/m02_nodes/m02_r_node/inst/inst_mi_handler/gen_normal_area.inst_fifo_node_payld/gen_reg_fifo_async.inst_reg_fifo_async/gen_xpm_cdc_handshake_array[0].inst_cdc_handshake/src_hsdata_ff_reg[31]} \
          {top_design_i/axi_smc/inst/m02_nodes/m02_r_node/inst/inst_mi_handler/gen_normal_area.inst_fifo_node_payld/gen_reg_fifo_async.inst_reg_fifo_async/gen_xpm_cdc_handshake_array[0].inst_cdc_handshake/src_hsdata_ff_reg[32]} \
          {top_design_i/axi_smc/inst/m02_nodes/m02_r_node/inst/inst_mi_handler/gen_normal_area.inst_fifo_node_payld/gen_reg_fifo_async.inst_reg_fifo_async/gen_xpm_cdc_handshake_array[0].inst_cdc_handshake/src_hsdata_ff_reg[33]} \
          {top_design_i/axi_smc/inst/m02_nodes/m02_r_node/inst/inst_mi_handler/gen_normal_area.inst_fifo_node_payld/gen_reg_fifo_async.inst_reg_fifo_async/gen_xpm_cdc_handshake_array[0].inst_cdc_handshake/src_hsdata_ff_reg[34]} \
          {top_design_i/axi_smc/inst/m02_nodes/m02_r_node/inst/inst_mi_handler/gen_normal_area.inst_fifo_node_payld/gen_reg_fifo_async.inst_reg_fifo_async/gen_xpm_cdc_handshake_array[0].inst_cdc_handshake/src_hsdata_ff_reg[35]} \
          {top_design_i/axi_smc/inst/m02_nodes/m02_r_node/inst/inst_mi_handler/gen_normal_area.inst_fifo_node_payld/gen_reg_fifo_async.inst_reg_fifo_async/gen_xpm_cdc_handshake_array[0].inst_cdc_handshake/src_hsdata_ff_reg[36]} \
          {top_design_i/axi_smc/inst/m02_nodes/m02_r_node/inst/inst_mi_handler/gen_normal_area.inst_fifo_node_payld/gen_reg_fifo_async.inst_reg_fifo_async/gen_xpm_cdc_handshake_array[0].inst_cdc_handshake/src_hsdata_ff_reg[37]} \
          {top_design_i/axi_smc/inst/m02_nodes/m02_r_node/inst/inst_mi_handler/gen_normal_area.inst_fifo_node_payld/gen_reg_fifo_async.inst_reg_fifo_async/gen_xpm_cdc_handshake_array[0].inst_cdc_handshake/src_hsdata_ff_reg[38]} \
          {top_design_i/axi_smc/inst/m02_nodes/m02_r_node/inst/inst_mi_handler/gen_normal_area.inst_fifo_node_payld/gen_reg_fifo_async.inst_reg_fifo_async/gen_xpm_cdc_handshake_array[0].inst_cdc_handshake/src_hsdata_ff_reg[39]} \
          {top_design_i/axi_smc/inst/m02_nodes/m02_r_node/inst/inst_mi_handler/gen_normal_area.inst_fifo_node_payld/gen_reg_fifo_async.inst_reg_fifo_async/gen_xpm_cdc_handshake_array[0].inst_cdc_handshake/src_hsdata_ff_reg[49]} \
          {top_design_i/axi_smc/inst/m02_nodes/m02_r_node/inst/inst_mi_handler/gen_normal_area.inst_fifo_node_payld/gen_reg_fifo_async.inst_reg_fifo_async/gen_xpm_cdc_handshake_array[0].inst_cdc_handshake/src_hsdata_ff_reg[40]} \
          {top_design_i/axi_smc/inst/m02_nodes/m02_r_node/inst/inst_mi_handler/gen_normal_area.inst_fifo_node_payld/gen_reg_fifo_async.inst_reg_fifo_async/gen_xpm_cdc_handshake_array[0].inst_cdc_handshake/src_hsdata_ff_reg[41]} \
          {top_design_i/axi_smc/inst/m02_nodes/m02_r_node/inst/inst_mi_handler/gen_normal_area.inst_fifo_node_payld/gen_reg_fifo_async.inst_reg_fifo_async/gen_xpm_cdc_handshake_array[0].inst_cdc_handshake/src_hsdata_ff_reg[42]}]] -to [get_cells [list {top_design_i/axi_smc/inst/m02_nodes/m02_r_node/inst/inst_mi_handler/gen_normal_area.inst_fifo_node_payld/gen_reg_fifo_async.inst_reg_fifo_async/gen_xpm_cdc_handshake_array[0].inst_cdc_handshake/dest_hsdata_ff_reg[40]} \
          {top_design_i/axi_smc/inst/m02_nodes/m02_r_node/inst/inst_mi_handler/gen_normal_area.inst_fifo_node_payld/gen_reg_fifo_async.inst_reg_fifo_async/gen_xpm_cdc_handshake_array[0].inst_cdc_handshake/dest_hsdata_ff_reg[41]} \
          {top_design_i/axi_smc/inst/m02_nodes/m02_r_node/inst/inst_mi_handler/gen_normal_area.inst_fifo_node_payld/gen_reg_fifo_async.inst_reg_fifo_async/gen_xpm_cdc_handshake_array[0].inst_cdc_handshake/dest_hsdata_ff_reg[42]} \
          {top_design_i/axi_smc/inst/m02_nodes/m02_r_node/inst/inst_mi_handler/gen_normal_area.inst_fifo_node_payld/gen_reg_fifo_async.inst_reg_fifo_async/gen_xpm_cdc_handshake_array[0].inst_cdc_handshake/dest_hsdata_ff_reg[43]} \
          {top_design_i/axi_smc/inst/m02_nodes/m02_r_node/inst/inst_mi_handler/gen_normal_area.inst_fifo_node_payld/gen_reg_fifo_async.inst_reg_fifo_async/gen_xpm_cdc_handshake_array[0].inst_cdc_handshake/dest_hsdata_ff_reg[44]} \
          {top_design_i/axi_smc/inst/m02_nodes/m02_r_node/inst/inst_mi_handler/gen_normal_area.inst_fifo_node_payld/gen_reg_fifo_async.inst_reg_fifo_async/gen_xpm_cdc_handshake_array[0].inst_cdc_handshake/dest_hsdata_ff_reg[52]} \
          {top_design_i/axi_smc/inst/m02_nodes/m02_r_node/inst/inst_mi_handler/gen_normal_area.inst_fifo_node_payld/gen_reg_fifo_async.inst_reg_fifo_async/gen_xpm_cdc_handshake_array[0].inst_cdc_handshake/dest_hsdata_ff_reg[51]} \
          {top_design_i/axi_smc/inst/m02_nodes/m02_r_node/inst/inst_mi_handler/gen_normal_area.inst_fifo_node_payld/gen_reg_fifo_async.inst_reg_fifo_async/gen_xpm_cdc_handshake_array[0].inst_cdc_handshake/dest_hsdata_ff_reg[50]} \
          {top_design_i/axi_smc/inst/m02_nodes/m02_r_node/inst/inst_mi_handler/gen_normal_area.inst_fifo_node_payld/gen_reg_fifo_async.inst_reg_fifo_async/gen_xpm_cdc_handshake_array[0].inst_cdc_handshake/dest_hsdata_ff_reg[45]} \
          {top_design_i/axi_smc/inst/m02_nodes/m02_r_node/inst/inst_mi_handler/gen_normal_area.inst_fifo_node_payld/gen_reg_fifo_async.inst_reg_fifo_async/gen_xpm_cdc_handshake_array[0].inst_cdc_handshake/dest_hsdata_ff_reg[18]} \
          {top_design_i/axi_smc/inst/m02_nodes/m02_r_node/inst/inst_mi_handler/gen_normal_area.inst_fifo_node_payld/gen_reg_fifo_async.inst_reg_fifo_async/gen_xpm_cdc_handshake_array[0].inst_cdc_handshake/dest_hsdata_ff_reg[19]} \
          {top_design_i/axi_smc/inst/m02_nodes/m02_r_node/inst/inst_mi_handler/gen_normal_area.inst_fifo_node_payld/gen_reg_fifo_async.inst_reg_fifo_async/gen_xpm_cdc_handshake_array[0].inst_cdc_handshake/dest_hsdata_ff_reg[49]} \
          {top_design_i/axi_smc/inst/m02_nodes/m02_r_node/inst/inst_mi_handler/gen_normal_area.inst_fifo_node_payld/gen_reg_fifo_async.inst_reg_fifo_async/gen_xpm_cdc_handshake_array[0].inst_cdc_handshake/dest_hsdata_ff_reg[48]} \
          {top_design_i/axi_smc/inst/m02_nodes/m02_r_node/inst/inst_mi_handler/gen_normal_area.inst_fifo_node_payld/gen_reg_fifo_async.inst_reg_fifo_async/gen_xpm_cdc_handshake_array[0].inst_cdc_handshake/dest_hsdata_ff_reg[21]} \
          {top_design_i/axi_smc/inst/m02_nodes/m02_r_node/inst/inst_mi_handler/gen_normal_area.inst_fifo_node_payld/gen_reg_fifo_async.inst_reg_fifo_async/gen_xpm_cdc_handshake_array[0].inst_cdc_handshake/dest_hsdata_ff_reg[22]} \
          {top_design_i/axi_smc/inst/m02_nodes/m02_r_node/inst/inst_mi_handler/gen_normal_area.inst_fifo_node_payld/gen_reg_fifo_async.inst_reg_fifo_async/gen_xpm_cdc_handshake_array[0].inst_cdc_handshake/dest_hsdata_ff_reg[23]} \
          {top_design_i/axi_smc/inst/m02_nodes/m02_r_node/inst/inst_mi_handler/gen_normal_area.inst_fifo_node_payld/gen_reg_fifo_async.inst_reg_fifo_async/gen_xpm_cdc_handshake_array[0].inst_cdc_handshake/dest_hsdata_ff_reg[24]} \
          {top_design_i/axi_smc/inst/m02_nodes/m02_r_node/inst/inst_mi_handler/gen_normal_area.inst_fifo_node_payld/gen_reg_fifo_async.inst_reg_fifo_async/gen_xpm_cdc_handshake_array[0].inst_cdc_handshake/dest_hsdata_ff_reg[25]} \
          {top_design_i/axi_smc/inst/m02_nodes/m02_r_node/inst/inst_mi_handler/gen_normal_area.inst_fifo_node_payld/gen_reg_fifo_async.inst_reg_fifo_async/gen_xpm_cdc_handshake_array[0].inst_cdc_handshake/dest_hsdata_ff_reg[26]} \
          {top_design_i/axi_smc/inst/m02_nodes/m02_r_node/inst/inst_mi_handler/gen_normal_area.inst_fifo_node_payld/gen_reg_fifo_async.inst_reg_fifo_async/gen_xpm_cdc_handshake_array[0].inst_cdc_handshake/dest_hsdata_ff_reg[27]} \
          {top_design_i/axi_smc/inst/m02_nodes/m02_r_node/inst/inst_mi_handler/gen_normal_area.inst_fifo_node_payld/gen_reg_fifo_async.inst_reg_fifo_async/gen_xpm_cdc_handshake_array[0].inst_cdc_handshake/dest_hsdata_ff_reg[28]} \
          {top_design_i/axi_smc/inst/m02_nodes/m02_r_node/inst/inst_mi_handler/gen_normal_area.inst_fifo_node_payld/gen_reg_fifo_async.inst_reg_fifo_async/gen_xpm_cdc_handshake_array[0].inst_cdc_handshake/dest_hsdata_ff_reg[29]} \
          {top_design_i/axi_smc/inst/m02_nodes/m02_r_node/inst/inst_mi_handler/gen_normal_area.inst_fifo_node_payld/gen_reg_fifo_async.inst_reg_fifo_async/gen_xpm_cdc_handshake_array[0].inst_cdc_handshake/dest_hsdata_ff_reg[47]} \
          {top_design_i/axi_smc/inst/m02_nodes/m02_r_node/inst/inst_mi_handler/gen_normal_area.inst_fifo_node_payld/gen_reg_fifo_async.inst_reg_fifo_async/gen_xpm_cdc_handshake_array[0].inst_cdc_handshake/dest_hsdata_ff_reg[30]} \
          {top_design_i/axi_smc/inst/m02_nodes/m02_r_node/inst/inst_mi_handler/gen_normal_area.inst_fifo_node_payld/gen_reg_fifo_async.inst_reg_fifo_async/gen_xpm_cdc_handshake_array[0].inst_cdc_handshake/dest_hsdata_ff_reg[31]} \
          {top_design_i/axi_smc/inst/m02_nodes/m02_r_node/inst/inst_mi_handler/gen_normal_area.inst_fifo_node_payld/gen_reg_fifo_async.inst_reg_fifo_async/gen_xpm_cdc_handshake_array[0].inst_cdc_handshake/dest_hsdata_ff_reg[32]} \
          {top_design_i/axi_smc/inst/m02_nodes/m02_r_node/inst/inst_mi_handler/gen_normal_area.inst_fifo_node_payld/gen_reg_fifo_async.inst_reg_fifo_async/gen_xpm_cdc_handshake_array[0].inst_cdc_handshake/dest_hsdata_ff_reg[33]} \
          {top_design_i/axi_smc/inst/m02_nodes/m02_r_node/inst/inst_mi_handler/gen_normal_area.inst_fifo_node_payld/gen_reg_fifo_async.inst_reg_fifo_async/gen_xpm_cdc_handshake_array[0].inst_cdc_handshake/dest_hsdata_ff_reg[34]} \
          {top_design_i/axi_smc/inst/m02_nodes/m02_r_node/inst/inst_mi_handler/gen_normal_area.inst_fifo_node_payld/gen_reg_fifo_async.inst_reg_fifo_async/gen_xpm_cdc_handshake_array[0].inst_cdc_handshake/dest_hsdata_ff_reg[35]} \
          {top_design_i/axi_smc/inst/m02_nodes/m02_r_node/inst/inst_mi_handler/gen_normal_area.inst_fifo_node_payld/gen_reg_fifo_async.inst_reg_fifo_async/gen_xpm_cdc_handshake_array[0].inst_cdc_handshake/dest_hsdata_ff_reg[36]} \
          {top_design_i/axi_smc/inst/m02_nodes/m02_r_node/inst/inst_mi_handler/gen_normal_area.inst_fifo_node_payld/gen_reg_fifo_async.inst_reg_fifo_async/gen_xpm_cdc_handshake_array[0].inst_cdc_handshake/dest_hsdata_ff_reg[37]} \
          {top_design_i/axi_smc/inst/m02_nodes/m02_r_node/inst/inst_mi_handler/gen_normal_area.inst_fifo_node_payld/gen_reg_fifo_async.inst_reg_fifo_async/gen_xpm_cdc_handshake_array[0].inst_cdc_handshake/dest_hsdata_ff_reg[38]} \
          {top_design_i/axi_smc/inst/m02_nodes/m02_r_node/inst/inst_mi_handler/gen_normal_area.inst_fifo_node_payld/gen_reg_fifo_async.inst_reg_fifo_async/gen_xpm_cdc_handshake_array[0].inst_cdc_handshake/dest_hsdata_ff_reg[39]} \
          {top_design_i/axi_smc/inst/m02_nodes/m02_r_node/inst/inst_mi_handler/gen_normal_area.inst_fifo_node_payld/gen_reg_fifo_async.inst_reg_fifo_async/gen_xpm_cdc_handshake_array[0].inst_cdc_handshake/dest_hsdata_ff_reg[46]}]] 30.000
Requirement: 30.000ns
Endpoints: 34

From Clock            To Clock              Endpoint Pin                    Reference Pin                   Corner  Actual(ns)  Slack(ns)
--------------------  --------------------  ------------------------------  ------------------------------  ------  ----------  ---------
clk_fpga_1            clk_fpga_0            top_design_i/axi_smc/inst/m02_nodes/m02_r_node/inst/inst_mi_handler/gen_normal_area.inst_fifo_node_payld/gen_reg_fifo_async.inst_reg_fifo_async/gen_xpm_cdc_handshake_array[0].inst_cdc_handshake/dest_hsdata_ff_reg[48]/D
                                                                            top_design_i/axi_smc/inst/m02_nodes/m02_r_node/inst/inst_mi_handler/gen_normal_area.inst_fifo_node_payld/gen_reg_fifo_async.inst_reg_fifo_async/gen_xpm_cdc_handshake_array[0].inst_cdc_handshake/dest_hsdata_ff_reg[45]/D
                                                                                                            Slow         0.917     29.083


Slack (MET) :             29.083ns  (requirement - actual skew)
  Endpoint Source:        top_design_i/axi_smc/inst/m02_nodes/m02_r_node/inst/inst_mi_handler/gen_normal_area.inst_fifo_node_payld/gen_reg_fifo_async.inst_reg_fifo_async/gen_xpm_cdc_handshake_array[0].inst_cdc_handshake/src_hsdata_ff_reg[48]/C
                            (rising edge-triggered cell FDRE clocked by clk_fpga_1)
  Endpoint Destination:   top_design_i/axi_smc/inst/m02_nodes/m02_r_node/inst/inst_mi_handler/gen_normal_area.inst_fifo_node_payld/gen_reg_fifo_async.inst_reg_fifo_async/gen_xpm_cdc_handshake_array[0].inst_cdc_handshake/dest_hsdata_ff_reg[48]/D
                            (rising edge-triggered cell FDRE clocked by clk_fpga_0)
  Reference Source:       top_design_i/axi_smc/inst/m02_nodes/m02_r_node/inst/inst_mi_handler/gen_normal_area.inst_fifo_node_payld/gen_reg_fifo_async.inst_reg_fifo_async/gen_xpm_cdc_handshake_array[0].inst_cdc_handshake/src_hsdata_ff_reg[45]/C
                            (rising edge-triggered cell FDRE clocked by clk_fpga_1)
  Reference Destination:  top_design_i/axi_smc/inst/m02_nodes/m02_r_node/inst/inst_mi_handler/gen_normal_area.inst_fifo_node_payld/gen_reg_fifo_async.inst_reg_fifo_async/gen_xpm_cdc_handshake_array[0].inst_cdc_handshake/dest_hsdata_ff_reg[45]/D
                            (rising edge-triggered cell FDRE clocked by clk_fpga_0)
  Path Type:              Bus Skew (Max at Slow Process Corner)
  Requirement:            30.000ns
  Endpoint Relative Delay:    1.451ns
  Reference Relative Delay:   0.234ns
  Relative CRPR:              0.301ns
  Actual Bus Skew:            0.917ns  (Endpoint Relative Delay - Reference Relative Delay - Relative CRPR)

Endpoint path:
    Location             Delay type                Incr(ns)  Path(ns)    Netlist Resource(s)
  -------------------------------------------------------------------    -------------------
                         (clock clk_fpga_1 rise edge)
                                                      0.000     0.000 r  
    PS7_X0Y0             PS7                          0.000     0.000 r  top_design_i/processing_system7_0/inst/PS7_i/FCLKCLK[1]
                         net (fo=1, routed)           0.994     0.994    top_design_i/processing_system7_0/inst/FCLK_CLK_unbuffered[1]
    BUFGCTRL_X0Y16       BUFG (Prop_bufg_I_O)         0.085     1.079 r  top_design_i/processing_system7_0/inst/buffer_fclk_clk_1.FCLK_CLK_1_BUFG/O
                         net (fo=13123, routed)       1.386     2.465    top_design_i/axi_smc/inst/m02_nodes/m02_r_node/inst/inst_mi_handler/gen_normal_area.inst_fifo_node_payld/gen_reg_fifo_async.inst_reg_fifo_async/gen_xpm_cdc_handshake_array[0].inst_cdc_handshake/src_clk
    SLICE_X48Y93         FDRE                                         r  top_design_i/axi_smc/inst/m02_nodes/m02_r_node/inst/inst_mi_handler/gen_normal_area.inst_fifo_node_payld/gen_reg_fifo_async.inst_reg_fifo_async/gen_xpm_cdc_handshake_array[0].inst_cdc_handshake/src_hsdata_ff_reg[48]/C
  -------------------------------------------------------------------    -------------------
    SLICE_X48Y93         FDRE (Prop_fdre_C_Q)         0.379     2.844 r  top_design_i/axi_smc/inst/m02_nodes/m02_r_node/inst/inst_mi_handler/gen_normal_area.inst_fifo_node_payld/gen_reg_fifo_async.inst_reg_fifo_async/gen_xpm_cdc_handshake_array[0].inst_cdc_handshake/src_hsdata_ff_reg[48]/Q
                         net (fo=1, routed)           0.785     3.629    top_design_i/axi_smc/inst/m02_nodes/m02_r_node/inst/inst_mi_handler/gen_normal_area.inst_fifo_node_payld/gen_reg_fifo_async.inst_reg_fifo_async/gen_xpm_cdc_handshake_array[0].inst_cdc_handshake/src_hsdata_ff[48]
    SLICE_X49Y93         FDRE                                         r  top_design_i/axi_smc/inst/m02_nodes/m02_r_node/inst/inst_mi_handler/gen_normal_area.inst_fifo_node_payld/gen_reg_fifo_async.inst_reg_fifo_async/gen_xpm_cdc_handshake_array[0].inst_cdc_handshake/dest_hsdata_ff_reg[48]/D
  -------------------------------------------------------------------    -------------------

                         (clock clk_fpga_0 rise edge)
                                                      0.000     0.000 r  
    PS7_X0Y0             PS7                          0.000     0.000 r  top_design_i/processing_system7_0/inst/PS7_i/FCLKCLK[0]
                         net (fo=1, routed)           0.905     0.905    top_design_i/processing_system7_0/inst/FCLK_CLK0
    BUFGCTRL_X0Y17       BUFG (Prop_bufg_I_O)         0.077     0.982 r  top_design_i/processing_system7_0/inst/FCLK_CLK0_BUFG_inst/O
                         net (fo=1946, routed)        1.234     2.217    top_design_i/axi_smc/inst/m02_nodes/m02_r_node/inst/inst_mi_handler/gen_normal_area.inst_fifo_node_payld/gen_reg_fifo_async.inst_reg_fifo_async/gen_xpm_cdc_handshake_array[0].inst_cdc_handshake/dest_clk
    SLICE_X49Y93         FDRE                                         r  top_design_i/axi_smc/inst/m02_nodes/m02_r_node/inst/inst_mi_handler/gen_normal_area.inst_fifo_node_payld/gen_reg_fifo_async.inst_reg_fifo_async/gen_xpm_cdc_handshake_array[0].inst_cdc_handshake/dest_hsdata_ff_reg[48]/C
                         clock pessimism              0.000     2.217    
    SLICE_X49Y93         FDRE (Setup_fdre_C_D)       -0.039     2.178    top_design_i/axi_smc/inst/m02_nodes/m02_r_node/inst/inst_mi_handler/gen_normal_area.inst_fifo_node_payld/gen_reg_fifo_async.inst_reg_fifo_async/gen_xpm_cdc_handshake_array[0].inst_cdc_handshake/dest_hsdata_ff_reg[48]
  -------------------------------------------------------------------
                         data arrival                           3.629    
                         clock arrival                          2.178    
  -------------------------------------------------------------------
                         relative delay                         1.451    

Reference path:
    Location             Delay type                Incr(ns)  Path(ns)    Netlist Resource(s)
  -------------------------------------------------------------------    -------------------
                         (clock clk_fpga_1 rise edge)
                                                      0.000     0.000 r  
    PS7_X0Y0             PS7                          0.000     0.000 r  top_design_i/processing_system7_0/inst/PS7_i/FCLKCLK[1]
                         net (fo=1, routed)           0.905     0.905    top_design_i/processing_system7_0/inst/FCLK_CLK_unbuffered[1]
    BUFGCTRL_X0Y16       BUFG (Prop_bufg_I_O)         0.077     0.982 r  top_design_i/processing_system7_0/inst/buffer_fclk_clk_1.FCLK_CLK_1_BUFG/O
                         net (fo=13123, routed)       1.234     2.217    top_design_i/axi_smc/inst/m02_nodes/m02_r_node/inst/inst_mi_handler/gen_normal_area.inst_fifo_node_payld/gen_reg_fifo_async.inst_reg_fifo_async/gen_xpm_cdc_handshake_array[0].inst_cdc_handshake/src_clk
    SLICE_X47Y94         FDRE                                         r  top_design_i/axi_smc/inst/m02_nodes/m02_r_node/inst/inst_mi_handler/gen_normal_area.inst_fifo_node_payld/gen_reg_fifo_async.inst_reg_fifo_async/gen_xpm_cdc_handshake_array[0].inst_cdc_handshake/src_hsdata_ff_reg[45]/C
  -------------------------------------------------------------------    -------------------
    SLICE_X47Y94         FDRE (Prop_fdre_C_Q)         0.304     2.521 r  top_design_i/axi_smc/inst/m02_nodes/m02_r_node/inst/inst_mi_handler/gen_normal_area.inst_fifo_node_payld/gen_reg_fifo_async.inst_reg_fifo_async/gen_xpm_cdc_handshake_array[0].inst_cdc_handshake/src_hsdata_ff_reg[45]/Q
                         net (fo=1, routed)           0.309     2.830    top_design_i/axi_smc/inst/m02_nodes/m02_r_node/inst/inst_mi_handler/gen_normal_area.inst_fifo_node_payld/gen_reg_fifo_async.inst_reg_fifo_async/gen_xpm_cdc_handshake_array[0].inst_cdc_handshake/src_hsdata_ff[45]
    SLICE_X51Y94         FDRE                                         r  top_design_i/axi_smc/inst/m02_nodes/m02_r_node/inst/inst_mi_handler/gen_normal_area.inst_fifo_node_payld/gen_reg_fifo_async.inst_reg_fifo_async/gen_xpm_cdc_handshake_array[0].inst_cdc_handshake/dest_hsdata_ff_reg[45]/D
  -------------------------------------------------------------------    -------------------

                         (clock clk_fpga_0 rise edge)
                                                      0.000     0.000 r  
    PS7_X0Y0             PS7                          0.000     0.000 r  top_design_i/processing_system7_0/inst/PS7_i/FCLKCLK[0]
                         net (fo=1, routed)           0.994     0.994    top_design_i/processing_system7_0/inst/FCLK_CLK0
    BUFGCTRL_X0Y17       BUFG (Prop_bufg_I_O)         0.085     1.079 r  top_design_i/processing_system7_0/inst/FCLK_CLK0_BUFG_inst/O
                         net (fo=1946, routed)        1.378     2.457    top_design_i/axi_smc/inst/m02_nodes/m02_r_node/inst/inst_mi_handler/gen_normal_area.inst_fifo_node_payld/gen_reg_fifo_async.inst_reg_fifo_async/gen_xpm_cdc_handshake_array[0].inst_cdc_handshake/dest_clk
    SLICE_X51Y94         FDRE                                         r  top_design_i/axi_smc/inst/m02_nodes/m02_r_node/inst/inst_mi_handler/gen_normal_area.inst_fifo_node_payld/gen_reg_fifo_async.inst_reg_fifo_async/gen_xpm_cdc_handshake_array[0].inst_cdc_handshake/dest_hsdata_ff_reg[45]/C
                         clock pessimism              0.000     2.457    
    SLICE_X51Y94         FDRE (Hold_fdre_C_D)         0.139     2.596    top_design_i/axi_smc/inst/m02_nodes/m02_r_node/inst/inst_mi_handler/gen_normal_area.inst_fifo_node_payld/gen_reg_fifo_async.inst_reg_fifo_async/gen_xpm_cdc_handshake_array[0].inst_cdc_handshake/dest_hsdata_ff_reg[45]
  -------------------------------------------------------------------
                         data arrival                           2.830    
                         clock arrival                          2.596    
  -------------------------------------------------------------------
                         relative delay                         0.234    



Id: 9
set_bus_skew -from [get_cells [list {top_design_i/axi_smc/inst/m04_nodes/m04_r_node/inst/inst_mi_handler/gen_normal_area.inst_fifo_node_payld/gen_reg_fifo_async.inst_reg_fifo_async/gen_xpm_cdc_handshake_array[0].inst_cdc_handshake/src_hsdata_ff_reg[43]} \
          {top_design_i/axi_smc/inst/m04_nodes/m04_r_node/inst/inst_mi_handler/gen_normal_area.inst_fifo_node_payld/gen_reg_fifo_async.inst_reg_fifo_async/gen_xpm_cdc_handshake_array[0].inst_cdc_handshake/src_hsdata_ff_reg[44]} \
          {top_design_i/axi_smc/inst/m04_nodes/m04_r_node/inst/inst_mi_handler/gen_normal_area.inst_fifo_node_payld/gen_reg_fifo_async.inst_reg_fifo_async/gen_xpm_cdc_handshake_array[0].inst_cdc_handshake/src_hsdata_ff_reg[45]} \
          {top_design_i/axi_smc/inst/m04_nodes/m04_r_node/inst/inst_mi_handler/gen_normal_area.inst_fifo_node_payld/gen_reg_fifo_async.inst_reg_fifo_async/gen_xpm_cdc_handshake_array[0].inst_cdc_handshake/src_hsdata_ff_reg[46]} \
          {top_design_i/axi_smc/inst/m04_nodes/m04_r_node/inst/inst_mi_handler/gen_normal_area.inst_fifo_node_payld/gen_reg_fifo_async.inst_reg_fifo_async/gen_xpm_cdc_handshake_array[0].inst_cdc_handshake/src_hsdata_ff_reg[47]} \
          {top_design_i/axi_smc/inst/m04_nodes/m04_r_node/inst/inst_mi_handler/gen_normal_area.inst_fifo_node_payld/gen_reg_fifo_async.inst_reg_fifo_async/gen_xpm_cdc_handshake_array[0].inst_cdc_handshake/src_hsdata_ff_reg[52]} \
          {top_design_i/axi_smc/inst/m04_nodes/m04_r_node/inst/inst_mi_handler/gen_normal_area.inst_fifo_node_payld/gen_reg_fifo_async.inst_reg_fifo_async/gen_xpm_cdc_handshake_array[0].inst_cdc_handshake/src_hsdata_ff_reg[51]} \
          {top_design_i/axi_smc/inst/m04_nodes/m04_r_node/inst/inst_mi_handler/gen_normal_area.inst_fifo_node_payld/gen_reg_fifo_async.inst_reg_fifo_async/gen_xpm_cdc_handshake_array[0].inst_cdc_handshake/src_hsdata_ff_reg[50]} \
          {top_design_i/axi_smc/inst/m04_nodes/m04_r_node/inst/inst_mi_handler/gen_normal_area.inst_fifo_node_payld/gen_reg_fifo_async.inst_reg_fifo_async/gen_xpm_cdc_handshake_array[0].inst_cdc_handshake/src_hsdata_ff_reg[48]} \
          {top_design_i/axi_smc/inst/m04_nodes/m04_r_node/inst/inst_mi_handler/gen_normal_area.inst_fifo_node_payld/gen_reg_fifo_async.inst_reg_fifo_async/gen_xpm_cdc_handshake_array[0].inst_cdc_handshake/src_hsdata_ff_reg[18]} \
          {top_design_i/axi_smc/inst/m04_nodes/m04_r_node/inst/inst_mi_handler/gen_normal_area.inst_fifo_node_payld/gen_reg_fifo_async.inst_reg_fifo_async/gen_xpm_cdc_handshake_array[0].inst_cdc_handshake/src_hsdata_ff_reg[19]} \
          {top_design_i/axi_smc/inst/m04_nodes/m04_r_node/inst/inst_mi_handler/gen_normal_area.inst_fifo_node_payld/gen_reg_fifo_async.inst_reg_fifo_async/gen_xpm_cdc_handshake_array[0].inst_cdc_handshake/src_hsdata_ff_reg[21]} \
          {top_design_i/axi_smc/inst/m04_nodes/m04_r_node/inst/inst_mi_handler/gen_normal_area.inst_fifo_node_payld/gen_reg_fifo_async.inst_reg_fifo_async/gen_xpm_cdc_handshake_array[0].inst_cdc_handshake/src_hsdata_ff_reg[22]} \
          {top_design_i/axi_smc/inst/m04_nodes/m04_r_node/inst/inst_mi_handler/gen_normal_area.inst_fifo_node_payld/gen_reg_fifo_async.inst_reg_fifo_async/gen_xpm_cdc_handshake_array[0].inst_cdc_handshake/src_hsdata_ff_reg[23]} \
          {top_design_i/axi_smc/inst/m04_nodes/m04_r_node/inst/inst_mi_handler/gen_normal_area.inst_fifo_node_payld/gen_reg_fifo_async.inst_reg_fifo_async/gen_xpm_cdc_handshake_array[0].inst_cdc_handshake/src_hsdata_ff_reg[24]} \
          {top_design_i/axi_smc/inst/m04_nodes/m04_r_node/inst/inst_mi_handler/gen_normal_area.inst_fifo_node_payld/gen_reg_fifo_async.inst_reg_fifo_async/gen_xpm_cdc_handshake_array[0].inst_cdc_handshake/src_hsdata_ff_reg[25]} \
          {top_design_i/axi_smc/inst/m04_nodes/m04_r_node/inst/inst_mi_handler/gen_normal_area.inst_fifo_node_payld/gen_reg_fifo_async.inst_reg_fifo_async/gen_xpm_cdc_handshake_array[0].inst_cdc_handshake/src_hsdata_ff_reg[26]} \
          {top_design_i/axi_smc/inst/m04_nodes/m04_r_node/inst/inst_mi_handler/gen_normal_area.inst_fifo_node_payld/gen_reg_fifo_async.inst_reg_fifo_async/gen_xpm_cdc_handshake_array[0].inst_cdc_handshake/src_hsdata_ff_reg[27]} \
          {top_design_i/axi_smc/inst/m04_nodes/m04_r_node/inst/inst_mi_handler/gen_normal_area.inst_fifo_node_payld/gen_reg_fifo_async.inst_reg_fifo_async/gen_xpm_cdc_handshake_array[0].inst_cdc_handshake/src_hsdata_ff_reg[28]} \
          {top_design_i/axi_smc/inst/m04_nodes/m04_r_node/inst/inst_mi_handler/gen_normal_area.inst_fifo_node_payld/gen_reg_fifo_async.inst_reg_fifo_async/gen_xpm_cdc_handshake_array[0].inst_cdc_handshake/src_hsdata_ff_reg[29]} \
          {top_design_i/axi_smc/inst/m04_nodes/m04_r_node/inst/inst_mi_handler/gen_normal_area.inst_fifo_node_payld/gen_reg_fifo_async.inst_reg_fifo_async/gen_xpm_cdc_handshake_array[0].inst_cdc_handshake/src_hsdata_ff_reg[30]} \
          {top_design_i/axi_smc/inst/m04_nodes/m04_r_node/inst/inst_mi_handler/gen_normal_area.inst_fifo_node_payld/gen_reg_fifo_async.inst_reg_fifo_async/gen_xpm_cdc_handshake_array[0].inst_cdc_handshake/src_hsdata_ff_reg[31]} \
          {top_design_i/axi_smc/inst/m04_nodes/m04_r_node/inst/inst_mi_handler/gen_normal_area.inst_fifo_node_payld/gen_reg_fifo_async.inst_reg_fifo_async/gen_xpm_cdc_handshake_array[0].inst_cdc_handshake/src_hsdata_ff_reg[32]} \
          {top_design_i/axi_smc/inst/m04_nodes/m04_r_node/inst/inst_mi_handler/gen_normal_area.inst_fifo_node_payld/gen_reg_fifo_async.inst_reg_fifo_async/gen_xpm_cdc_handshake_array[0].inst_cdc_handshake/src_hsdata_ff_reg[33]} \
          {top_design_i/axi_smc/inst/m04_nodes/m04_r_node/inst/inst_mi_handler/gen_normal_area.inst_fifo_node_payld/gen_reg_fifo_async.inst_reg_fifo_async/gen_xpm_cdc_handshake_array[0].inst_cdc_handshake/src_hsdata_ff_reg[34]} \
          {top_design_i/axi_smc/inst/m04_nodes/m04_r_node/inst/inst_mi_handler/gen_normal_area.inst_fifo_node_payld/gen_reg_fifo_async.inst_reg_fifo_async/gen_xpm_cdc_handshake_array[0].inst_cdc_handshake/src_hsdata_ff_reg[35]} \
          {top_design_i/axi_smc/inst/m04_nodes/m04_r_node/inst/inst_mi_handler/gen_normal_area.inst_fifo_node_payld/gen_reg_fifo_async.inst_reg_fifo_async/gen_xpm_cdc_handshake_array[0].inst_cdc_handshake/src_hsdata_ff_reg[36]} \
          {top_design_i/axi_smc/inst/m04_nodes/m04_r_node/inst/inst_mi_handler/gen_normal_area.inst_fifo_node_payld/gen_reg_fifo_async.inst_reg_fifo_async/gen_xpm_cdc_handshake_array[0].inst_cdc_handshake/src_hsdata_ff_reg[37]} \
          {top_design_i/axi_smc/inst/m04_nodes/m04_r_node/inst/inst_mi_handler/gen_normal_area.inst_fifo_node_payld/gen_reg_fifo_async.inst_reg_fifo_async/gen_xpm_cdc_handshake_array[0].inst_cdc_handshake/src_hsdata_ff_reg[38]} \
          {top_design_i/axi_smc/inst/m04_nodes/m04_r_node/inst/inst_mi_handler/gen_normal_area.inst_fifo_node_payld/gen_reg_fifo_async.inst_reg_fifo_async/gen_xpm_cdc_handshake_array[0].inst_cdc_handshake/src_hsdata_ff_reg[39]} \
          {top_design_i/axi_smc/inst/m04_nodes/m04_r_node/inst/inst_mi_handler/gen_normal_area.inst_fifo_node_payld/gen_reg_fifo_async.inst_reg_fifo_async/gen_xpm_cdc_handshake_array[0].inst_cdc_handshake/src_hsdata_ff_reg[49]} \
          {top_design_i/axi_smc/inst/m04_nodes/m04_r_node/inst/inst_mi_handler/gen_normal_area.inst_fifo_node_payld/gen_reg_fifo_async.inst_reg_fifo_async/gen_xpm_cdc_handshake_array[0].inst_cdc_handshake/src_hsdata_ff_reg[40]} \
          {top_design_i/axi_smc/inst/m04_nodes/m04_r_node/inst/inst_mi_handler/gen_normal_area.inst_fifo_node_payld/gen_reg_fifo_async.inst_reg_fifo_async/gen_xpm_cdc_handshake_array[0].inst_cdc_handshake/src_hsdata_ff_reg[41]} \
          {top_design_i/axi_smc/inst/m04_nodes/m04_r_node/inst/inst_mi_handler/gen_normal_area.inst_fifo_node_payld/gen_reg_fifo_async.inst_reg_fifo_async/gen_xpm_cdc_handshake_array[0].inst_cdc_handshake/src_hsdata_ff_reg[42]}]] -to [get_cells [list {top_design_i/axi_smc/inst/m04_nodes/m04_r_node/inst/inst_mi_handler/gen_normal_area.inst_fifo_node_payld/gen_reg_fifo_async.inst_reg_fifo_async/gen_xpm_cdc_handshake_array[0].inst_cdc_handshake/dest_hsdata_ff_reg[40]} \
          {top_design_i/axi_smc/inst/m04_nodes/m04_r_node/inst/inst_mi_handler/gen_normal_area.inst_fifo_node_payld/gen_reg_fifo_async.inst_reg_fifo_async/gen_xpm_cdc_handshake_array[0].inst_cdc_handshake/dest_hsdata_ff_reg[41]} \
          {top_design_i/axi_smc/inst/m04_nodes/m04_r_node/inst/inst_mi_handler/gen_normal_area.inst_fifo_node_payld/gen_reg_fifo_async.inst_reg_fifo_async/gen_xpm_cdc_handshake_array[0].inst_cdc_handshake/dest_hsdata_ff_reg[42]} \
          {top_design_i/axi_smc/inst/m04_nodes/m04_r_node/inst/inst_mi_handler/gen_normal_area.inst_fifo_node_payld/gen_reg_fifo_async.inst_reg_fifo_async/gen_xpm_cdc_handshake_array[0].inst_cdc_handshake/dest_hsdata_ff_reg[43]} \
          {top_design_i/axi_smc/inst/m04_nodes/m04_r_node/inst/inst_mi_handler/gen_normal_area.inst_fifo_node_payld/gen_reg_fifo_async.inst_reg_fifo_async/gen_xpm_cdc_handshake_array[0].inst_cdc_handshake/dest_hsdata_ff_reg[44]} \
          {top_design_i/axi_smc/inst/m04_nodes/m04_r_node/inst/inst_mi_handler/gen_normal_area.inst_fifo_node_payld/gen_reg_fifo_async.inst_reg_fifo_async/gen_xpm_cdc_handshake_array[0].inst_cdc_handshake/dest_hsdata_ff_reg[52]} \
          {top_design_i/axi_smc/inst/m04_nodes/m04_r_node/inst/inst_mi_handler/gen_normal_area.inst_fifo_node_payld/gen_reg_fifo_async.inst_reg_fifo_async/gen_xpm_cdc_handshake_array[0].inst_cdc_handshake/dest_hsdata_ff_reg[51]} \
          {top_design_i/axi_smc/inst/m04_nodes/m04_r_node/inst/inst_mi_handler/gen_normal_area.inst_fifo_node_payld/gen_reg_fifo_async.inst_reg_fifo_async/gen_xpm_cdc_handshake_array[0].inst_cdc_handshake/dest_hsdata_ff_reg[50]} \
          {top_design_i/axi_smc/inst/m04_nodes/m04_r_node/inst/inst_mi_handler/gen_normal_area.inst_fifo_node_payld/gen_reg_fifo_async.inst_reg_fifo_async/gen_xpm_cdc_handshake_array[0].inst_cdc_handshake/dest_hsdata_ff_reg[45]} \
          {top_design_i/axi_smc/inst/m04_nodes/m04_r_node/inst/inst_mi_handler/gen_normal_area.inst_fifo_node_payld/gen_reg_fifo_async.inst_reg_fifo_async/gen_xpm_cdc_handshake_array[0].inst_cdc_handshake/dest_hsdata_ff_reg[18]} \
          {top_design_i/axi_smc/inst/m04_nodes/m04_r_node/inst/inst_mi_handler/gen_normal_area.inst_fifo_node_payld/gen_reg_fifo_async.inst_reg_fifo_async/gen_xpm_cdc_handshake_array[0].inst_cdc_handshake/dest_hsdata_ff_reg[19]} \
          {top_design_i/axi_smc/inst/m04_nodes/m04_r_node/inst/inst_mi_handler/gen_normal_area.inst_fifo_node_payld/gen_reg_fifo_async.inst_reg_fifo_async/gen_xpm_cdc_handshake_array[0].inst_cdc_handshake/dest_hsdata_ff_reg[49]} \
          {top_design_i/axi_smc/inst/m04_nodes/m04_r_node/inst/inst_mi_handler/gen_normal_area.inst_fifo_node_payld/gen_reg_fifo_async.inst_reg_fifo_async/gen_xpm_cdc_handshake_array[0].inst_cdc_handshake/dest_hsdata_ff_reg[48]} \
          {top_design_i/axi_smc/inst/m04_nodes/m04_r_node/inst/inst_mi_handler/gen_normal_area.inst_fifo_node_payld/gen_reg_fifo_async.inst_reg_fifo_async/gen_xpm_cdc_handshake_array[0].inst_cdc_handshake/dest_hsdata_ff_reg[21]} \
          {top_design_i/axi_smc/inst/m04_nodes/m04_r_node/inst/inst_mi_handler/gen_normal_area.inst_fifo_node_payld/gen_reg_fifo_async.inst_reg_fifo_async/gen_xpm_cdc_handshake_array[0].inst_cdc_handshake/dest_hsdata_ff_reg[22]} \
          {top_design_i/axi_smc/inst/m04_nodes/m04_r_node/inst/inst_mi_handler/gen_normal_area.inst_fifo_node_payld/gen_reg_fifo_async.inst_reg_fifo_async/gen_xpm_cdc_handshake_array[0].inst_cdc_handshake/dest_hsdata_ff_reg[23]} \
          {top_design_i/axi_smc/inst/m04_nodes/m04_r_node/inst/inst_mi_handler/gen_normal_area.inst_fifo_node_payld/gen_reg_fifo_async.inst_reg_fifo_async/gen_xpm_cdc_handshake_array[0].inst_cdc_handshake/dest_hsdata_ff_reg[24]} \
          {top_design_i/axi_smc/inst/m04_nodes/m04_r_node/inst/inst_mi_handler/gen_normal_area.inst_fifo_node_payld/gen_reg_fifo_async.inst_reg_fifo_async/gen_xpm_cdc_handshake_array[0].inst_cdc_handshake/dest_hsdata_ff_reg[25]} \
          {top_design_i/axi_smc/inst/m04_nodes/m04_r_node/inst/inst_mi_handler/gen_normal_area.inst_fifo_node_payld/gen_reg_fifo_async.inst_reg_fifo_async/gen_xpm_cdc_handshake_array[0].inst_cdc_handshake/dest_hsdata_ff_reg[26]} \
          {top_design_i/axi_smc/inst/m04_nodes/m04_r_node/inst/inst_mi_handler/gen_normal_area.inst_fifo_node_payld/gen_reg_fifo_async.inst_reg_fifo_async/gen_xpm_cdc_handshake_array[0].inst_cdc_handshake/dest_hsdata_ff_reg[27]} \
          {top_design_i/axi_smc/inst/m04_nodes/m04_r_node/inst/inst_mi_handler/gen_normal_area.inst_fifo_node_payld/gen_reg_fifo_async.inst_reg_fifo_async/gen_xpm_cdc_handshake_array[0].inst_cdc_handshake/dest_hsdata_ff_reg[28]} \
          {top_design_i/axi_smc/inst/m04_nodes/m04_r_node/inst/inst_mi_handler/gen_normal_area.inst_fifo_node_payld/gen_reg_fifo_async.inst_reg_fifo_async/gen_xpm_cdc_handshake_array[0].inst_cdc_handshake/dest_hsdata_ff_reg[29]} \
          {top_design_i/axi_smc/inst/m04_nodes/m04_r_node/inst/inst_mi_handler/gen_normal_area.inst_fifo_node_payld/gen_reg_fifo_async.inst_reg_fifo_async/gen_xpm_cdc_handshake_array[0].inst_cdc_handshake/dest_hsdata_ff_reg[47]} \
          {top_design_i/axi_smc/inst/m04_nodes/m04_r_node/inst/inst_mi_handler/gen_normal_area.inst_fifo_node_payld/gen_reg_fifo_async.inst_reg_fifo_async/gen_xpm_cdc_handshake_array[0].inst_cdc_handshake/dest_hsdata_ff_reg[30]} \
          {top_design_i/axi_smc/inst/m04_nodes/m04_r_node/inst/inst_mi_handler/gen_normal_area.inst_fifo_node_payld/gen_reg_fifo_async.inst_reg_fifo_async/gen_xpm_cdc_handshake_array[0].inst_cdc_handshake/dest_hsdata_ff_reg[31]} \
          {top_design_i/axi_smc/inst/m04_nodes/m04_r_node/inst/inst_mi_handler/gen_normal_area.inst_fifo_node_payld/gen_reg_fifo_async.inst_reg_fifo_async/gen_xpm_cdc_handshake_array[0].inst_cdc_handshake/dest_hsdata_ff_reg[32]} \
          {top_design_i/axi_smc/inst/m04_nodes/m04_r_node/inst/inst_mi_handler/gen_normal_area.inst_fifo_node_payld/gen_reg_fifo_async.inst_reg_fifo_async/gen_xpm_cdc_handshake_array[0].inst_cdc_handshake/dest_hsdata_ff_reg[33]} \
          {top_design_i/axi_smc/inst/m04_nodes/m04_r_node/inst/inst_mi_handler/gen_normal_area.inst_fifo_node_payld/gen_reg_fifo_async.inst_reg_fifo_async/gen_xpm_cdc_handshake_array[0].inst_cdc_handshake/dest_hsdata_ff_reg[34]} \
          {top_design_i/axi_smc/inst/m04_nodes/m04_r_node/inst/inst_mi_handler/gen_normal_area.inst_fifo_node_payld/gen_reg_fifo_async.inst_reg_fifo_async/gen_xpm_cdc_handshake_array[0].inst_cdc_handshake/dest_hsdata_ff_reg[35]} \
          {top_design_i/axi_smc/inst/m04_nodes/m04_r_node/inst/inst_mi_handler/gen_normal_area.inst_fifo_node_payld/gen_reg_fifo_async.inst_reg_fifo_async/gen_xpm_cdc_handshake_array[0].inst_cdc_handshake/dest_hsdata_ff_reg[36]} \
          {top_design_i/axi_smc/inst/m04_nodes/m04_r_node/inst/inst_mi_handler/gen_normal_area.inst_fifo_node_payld/gen_reg_fifo_async.inst_reg_fifo_async/gen_xpm_cdc_handshake_array[0].inst_cdc_handshake/dest_hsdata_ff_reg[37]} \
          {top_design_i/axi_smc/inst/m04_nodes/m04_r_node/inst/inst_mi_handler/gen_normal_area.inst_fifo_node_payld/gen_reg_fifo_async.inst_reg_fifo_async/gen_xpm_cdc_handshake_array[0].inst_cdc_handshake/dest_hsdata_ff_reg[38]} \
          {top_design_i/axi_smc/inst/m04_nodes/m04_r_node/inst/inst_mi_handler/gen_normal_area.inst_fifo_node_payld/gen_reg_fifo_async.inst_reg_fifo_async/gen_xpm_cdc_handshake_array[0].inst_cdc_handshake/dest_hsdata_ff_reg[39]} \
          {top_design_i/axi_smc/inst/m04_nodes/m04_r_node/inst/inst_mi_handler/gen_normal_area.inst_fifo_node_payld/gen_reg_fifo_async.inst_reg_fifo_async/gen_xpm_cdc_handshake_array[0].inst_cdc_handshake/dest_hsdata_ff_reg[46]}]] 30.000
Requirement: 30.000ns
Endpoints: 34

From Clock            To Clock              Endpoint Pin                    Reference Pin                   Corner  Actual(ns)  Slack(ns)
--------------------  --------------------  ------------------------------  ------------------------------  ------  ----------  ---------
clk_fpga_1            clk_fpga_0            top_design_i/axi_smc/inst/m04_nodes/m04_r_node/inst/inst_mi_handler/gen_normal_area.inst_fifo_node_payld/gen_reg_fifo_async.inst_reg_fifo_async/gen_xpm_cdc_handshake_array[0].inst_cdc_handshake/dest_hsdata_ff_reg[26]/D
                                                                            top_design_i/axi_smc/inst/m04_nodes/m04_r_node/inst/inst_mi_handler/gen_normal_area.inst_fifo_node_payld/gen_reg_fifo_async.inst_reg_fifo_async/gen_xpm_cdc_handshake_array[0].inst_cdc_handshake/dest_hsdata_ff_reg[19]/D
                                                                                                            Slow         0.954     29.046


Slack (MET) :             29.046ns  (requirement - actual skew)
  Endpoint Source:        top_design_i/axi_smc/inst/m04_nodes/m04_r_node/inst/inst_mi_handler/gen_normal_area.inst_fifo_node_payld/gen_reg_fifo_async.inst_reg_fifo_async/gen_xpm_cdc_handshake_array[0].inst_cdc_handshake/src_hsdata_ff_reg[26]/C
                            (rising edge-triggered cell FDRE clocked by clk_fpga_1)
  Endpoint Destination:   top_design_i/axi_smc/inst/m04_nodes/m04_r_node/inst/inst_mi_handler/gen_normal_area.inst_fifo_node_payld/gen_reg_fifo_async.inst_reg_fifo_async/gen_xpm_cdc_handshake_array[0].inst_cdc_handshake/dest_hsdata_ff_reg[26]/D
                            (rising edge-triggered cell FDRE clocked by clk_fpga_0)
  Reference Source:       top_design_i/axi_smc/inst/m04_nodes/m04_r_node/inst/inst_mi_handler/gen_normal_area.inst_fifo_node_payld/gen_reg_fifo_async.inst_reg_fifo_async/gen_xpm_cdc_handshake_array[0].inst_cdc_handshake/src_hsdata_ff_reg[19]/C
                            (rising edge-triggered cell FDRE clocked by clk_fpga_1)
  Reference Destination:  top_design_i/axi_smc/inst/m04_nodes/m04_r_node/inst/inst_mi_handler/gen_normal_area.inst_fifo_node_payld/gen_reg_fifo_async.inst_reg_fifo_async/gen_xpm_cdc_handshake_array[0].inst_cdc_handshake/dest_hsdata_ff_reg[19]/D
                            (rising edge-triggered cell FDRE clocked by clk_fpga_0)
  Path Type:              Bus Skew (Max at Slow Process Corner)
  Requirement:            30.000ns
  Endpoint Relative Delay:    1.524ns
  Reference Relative Delay:   0.185ns
  Relative CRPR:              0.385ns
  Actual Bus Skew:            0.954ns  (Endpoint Relative Delay - Reference Relative Delay - Relative CRPR)

Endpoint path:
    Location             Delay type                Incr(ns)  Path(ns)    Netlist Resource(s)
  -------------------------------------------------------------------    -------------------
                         (clock clk_fpga_1 rise edge)
                                                      0.000     0.000 r  
    PS7_X0Y0             PS7                          0.000     0.000 r  top_design_i/processing_system7_0/inst/PS7_i/FCLKCLK[1]
                         net (fo=1, routed)           0.994     0.994    top_design_i/processing_system7_0/inst/FCLK_CLK_unbuffered[1]
    BUFGCTRL_X0Y16       BUFG (Prop_bufg_I_O)         0.085     1.079 r  top_design_i/processing_system7_0/inst/buffer_fclk_clk_1.FCLK_CLK_1_BUFG/O
                         net (fo=13123, routed)       1.428     2.507    top_design_i/axi_smc/inst/m04_nodes/m04_r_node/inst/inst_mi_handler/gen_normal_area.inst_fifo_node_payld/gen_reg_fifo_async.inst_reg_fifo_async/gen_xpm_cdc_handshake_array[0].inst_cdc_handshake/src_clk
    SLICE_X60Y77         FDRE                                         r  top_design_i/axi_smc/inst/m04_nodes/m04_r_node/inst/inst_mi_handler/gen_normal_area.inst_fifo_node_payld/gen_reg_fifo_async.inst_reg_fifo_async/gen_xpm_cdc_handshake_array[0].inst_cdc_handshake/src_hsdata_ff_reg[26]/C
  -------------------------------------------------------------------    -------------------
    SLICE_X60Y77         FDRE (Prop_fdre_C_Q)         0.379     2.886 r  top_design_i/axi_smc/inst/m04_nodes/m04_r_node/inst/inst_mi_handler/gen_normal_area.inst_fifo_node_payld/gen_reg_fifo_async.inst_reg_fifo_async/gen_xpm_cdc_handshake_array[0].inst_cdc_handshake/src_hsdata_ff_reg[26]/Q
                         net (fo=1, routed)           0.860     3.746    top_design_i/axi_smc/inst/m04_nodes/m04_r_node/inst/inst_mi_handler/gen_normal_area.inst_fifo_node_payld/gen_reg_fifo_async.inst_reg_fifo_async/gen_xpm_cdc_handshake_array[0].inst_cdc_handshake/src_hsdata_ff[26]
    SLICE_X59Y87         FDRE                                         r  top_design_i/axi_smc/inst/m04_nodes/m04_r_node/inst/inst_mi_handler/gen_normal_area.inst_fifo_node_payld/gen_reg_fifo_async.inst_reg_fifo_async/gen_xpm_cdc_handshake_array[0].inst_cdc_handshake/dest_hsdata_ff_reg[26]/D
  -------------------------------------------------------------------    -------------------

                         (clock clk_fpga_0 rise edge)
                                                      0.000     0.000 r  
    PS7_X0Y0             PS7                          0.000     0.000 r  top_design_i/processing_system7_0/inst/PS7_i/FCLKCLK[0]
                         net (fo=1, routed)           0.905     0.905    top_design_i/processing_system7_0/inst/FCLK_CLK0
    BUFGCTRL_X0Y17       BUFG (Prop_bufg_I_O)         0.077     0.982 r  top_design_i/processing_system7_0/inst/FCLK_CLK0_BUFG_inst/O
                         net (fo=1946, routed)        1.282     2.265    top_design_i/axi_smc/inst/m04_nodes/m04_r_node/inst/inst_mi_handler/gen_normal_area.inst_fifo_node_payld/gen_reg_fifo_async.inst_reg_fifo_async/gen_xpm_cdc_handshake_array[0].inst_cdc_handshake/dest_clk
    SLICE_X59Y87         FDRE                                         r  top_design_i/axi_smc/inst/m04_nodes/m04_r_node/inst/inst_mi_handler/gen_normal_area.inst_fifo_node_payld/gen_reg_fifo_async.inst_reg_fifo_async/gen_xpm_cdc_handshake_array[0].inst_cdc_handshake/dest_hsdata_ff_reg[26]/C
                         clock pessimism              0.000     2.265    
    SLICE_X59Y87         FDRE (Setup_fdre_C_D)       -0.042     2.223    top_design_i/axi_smc/inst/m04_nodes/m04_r_node/inst/inst_mi_handler/gen_normal_area.inst_fifo_node_payld/gen_reg_fifo_async.inst_reg_fifo_async/gen_xpm_cdc_handshake_array[0].inst_cdc_handshake/dest_hsdata_ff_reg[26]
  -------------------------------------------------------------------
                         data arrival                           3.746    
                         clock arrival                          2.223    
  -------------------------------------------------------------------
                         relative delay                         1.524    

Reference path:
    Location             Delay type                Incr(ns)  Path(ns)    Netlist Resource(s)
  -------------------------------------------------------------------    -------------------
                         (clock clk_fpga_1 rise edge)
                                                      0.000     0.000 r  
    PS7_X0Y0             PS7                          0.000     0.000 r  top_design_i/processing_system7_0/inst/PS7_i/FCLKCLK[1]
                         net (fo=1, routed)           0.905     0.905    top_design_i/processing_system7_0/inst/FCLK_CLK_unbuffered[1]
    BUFGCTRL_X0Y16       BUFG (Prop_bufg_I_O)         0.077     0.982 r  top_design_i/processing_system7_0/inst/buffer_fclk_clk_1.FCLK_CLK_1_BUFG/O
                         net (fo=13123, routed)       1.225     2.208    top_design_i/axi_smc/inst/m04_nodes/m04_r_node/inst/inst_mi_handler/gen_normal_area.inst_fifo_node_payld/gen_reg_fifo_async.inst_reg_fifo_async/gen_xpm_cdc_handshake_array[0].inst_cdc_handshake/src_clk
    SLICE_X51Y95         FDRE                                         r  top_design_i/axi_smc/inst/m04_nodes/m04_r_node/inst/inst_mi_handler/gen_normal_area.inst_fifo_node_payld/gen_reg_fifo_async.inst_reg_fifo_async/gen_xpm_cdc_handshake_array[0].inst_cdc_handshake/src_hsdata_ff_reg[19]/C
  -------------------------------------------------------------------    -------------------
    SLICE_X51Y95         FDRE (Prop_fdre_C_Q)         0.304     2.512 r  top_design_i/axi_smc/inst/m04_nodes/m04_r_node/inst/inst_mi_handler/gen_normal_area.inst_fifo_node_payld/gen_reg_fifo_async.inst_reg_fifo_async/gen_xpm_cdc_handshake_array[0].inst_cdc_handshake/src_hsdata_ff_reg[19]/Q
                         net (fo=1, routed)           0.331     2.843    top_design_i/axi_smc/inst/m04_nodes/m04_r_node/inst/inst_mi_handler/gen_normal_area.inst_fifo_node_payld/gen_reg_fifo_async.inst_reg_fifo_async/gen_xpm_cdc_handshake_array[0].inst_cdc_handshake/src_hsdata_ff[19]
    SLICE_X50Y95         FDRE                                         r  top_design_i/axi_smc/inst/m04_nodes/m04_r_node/inst/inst_mi_handler/gen_normal_area.inst_fifo_node_payld/gen_reg_fifo_async.inst_reg_fifo_async/gen_xpm_cdc_handshake_array[0].inst_cdc_handshake/dest_hsdata_ff_reg[19]/D
  -------------------------------------------------------------------    -------------------

                         (clock clk_fpga_0 rise edge)
                                                      0.000     0.000 r  
    PS7_X0Y0             PS7                          0.000     0.000 r  top_design_i/processing_system7_0/inst/PS7_i/FCLKCLK[0]
                         net (fo=1, routed)           0.994     0.994    top_design_i/processing_system7_0/inst/FCLK_CLK0
    BUFGCTRL_X0Y17       BUFG (Prop_bufg_I_O)         0.085     1.079 r  top_design_i/processing_system7_0/inst/FCLK_CLK0_BUFG_inst/O
                         net (fo=1946, routed)        1.378     2.457    top_design_i/axi_smc/inst/m04_nodes/m04_r_node/inst/inst_mi_handler/gen_normal_area.inst_fifo_node_payld/gen_reg_fifo_async.inst_reg_fifo_async/gen_xpm_cdc_handshake_array[0].inst_cdc_handshake/dest_clk
    SLICE_X50Y95         FDRE                                         r  top_design_i/axi_smc/inst/m04_nodes/m04_r_node/inst/inst_mi_handler/gen_normal_area.inst_fifo_node_payld/gen_reg_fifo_async.inst_reg_fifo_async/gen_xpm_cdc_handshake_array[0].inst_cdc_handshake/dest_hsdata_ff_reg[19]/C
                         clock pessimism              0.000     2.457    
    SLICE_X50Y95         FDRE (Hold_fdre_C_D)         0.201     2.658    top_design_i/axi_smc/inst/m04_nodes/m04_r_node/inst/inst_mi_handler/gen_normal_area.inst_fifo_node_payld/gen_reg_fifo_async.inst_reg_fifo_async/gen_xpm_cdc_handshake_array[0].inst_cdc_handshake/dest_hsdata_ff_reg[19]
  -------------------------------------------------------------------
                         data arrival                           2.843    
                         clock arrival                          2.658    
  -------------------------------------------------------------------
                         relative delay                         0.185    



Id: 10
set_bus_skew -from [get_cells [list {top_design_i/axi_smc/inst/m03_nodes/m03_r_node/inst/inst_mi_handler/gen_normal_area.inst_fifo_node_payld/gen_reg_fifo_async.inst_reg_fifo_async/gen_xpm_cdc_handshake_array[0].inst_cdc_handshake/src_hsdata_ff_reg[43]} \
          {top_design_i/axi_smc/inst/m03_nodes/m03_r_node/inst/inst_mi_handler/gen_normal_area.inst_fifo_node_payld/gen_reg_fifo_async.inst_reg_fifo_async/gen_xpm_cdc_handshake_array[0].inst_cdc_handshake/src_hsdata_ff_reg[44]} \
          {top_design_i/axi_smc/inst/m03_nodes/m03_r_node/inst/inst_mi_handler/gen_normal_area.inst_fifo_node_payld/gen_reg_fifo_async.inst_reg_fifo_async/gen_xpm_cdc_handshake_array[0].inst_cdc_handshake/src_hsdata_ff_reg[45]} \
          {top_design_i/axi_smc/inst/m03_nodes/m03_r_node/inst/inst_mi_handler/gen_normal_area.inst_fifo_node_payld/gen_reg_fifo_async.inst_reg_fifo_async/gen_xpm_cdc_handshake_array[0].inst_cdc_handshake/src_hsdata_ff_reg[46]} \
          {top_design_i/axi_smc/inst/m03_nodes/m03_r_node/inst/inst_mi_handler/gen_normal_area.inst_fifo_node_payld/gen_reg_fifo_async.inst_reg_fifo_async/gen_xpm_cdc_handshake_array[0].inst_cdc_handshake/src_hsdata_ff_reg[47]} \
          {top_design_i/axi_smc/inst/m03_nodes/m03_r_node/inst/inst_mi_handler/gen_normal_area.inst_fifo_node_payld/gen_reg_fifo_async.inst_reg_fifo_async/gen_xpm_cdc_handshake_array[0].inst_cdc_handshake/src_hsdata_ff_reg[52]} \
          {top_design_i/axi_smc/inst/m03_nodes/m03_r_node/inst/inst_mi_handler/gen_normal_area.inst_fifo_node_payld/gen_reg_fifo_async.inst_reg_fifo_async/gen_xpm_cdc_handshake_array[0].inst_cdc_handshake/src_hsdata_ff_reg[51]} \
          {top_design_i/axi_smc/inst/m03_nodes/m03_r_node/inst/inst_mi_handler/gen_normal_area.inst_fifo_node_payld/gen_reg_fifo_async.inst_reg_fifo_async/gen_xpm_cdc_handshake_array[0].inst_cdc_handshake/src_hsdata_ff_reg[50]} \
          {top_design_i/axi_smc/inst/m03_nodes/m03_r_node/inst/inst_mi_handler/gen_normal_area.inst_fifo_node_payld/gen_reg_fifo_async.inst_reg_fifo_async/gen_xpm_cdc_handshake_array[0].inst_cdc_handshake/src_hsdata_ff_reg[48]} \
          {top_design_i/axi_smc/inst/m03_nodes/m03_r_node/inst/inst_mi_handler/gen_normal_area.inst_fifo_node_payld/gen_reg_fifo_async.inst_reg_fifo_async/gen_xpm_cdc_handshake_array[0].inst_cdc_handshake/src_hsdata_ff_reg[18]} \
          {top_design_i/axi_smc/inst/m03_nodes/m03_r_node/inst/inst_mi_handler/gen_normal_area.inst_fifo_node_payld/gen_reg_fifo_async.inst_reg_fifo_async/gen_xpm_cdc_handshake_array[0].inst_cdc_handshake/src_hsdata_ff_reg[19]} \
          {top_design_i/axi_smc/inst/m03_nodes/m03_r_node/inst/inst_mi_handler/gen_normal_area.inst_fifo_node_payld/gen_reg_fifo_async.inst_reg_fifo_async/gen_xpm_cdc_handshake_array[0].inst_cdc_handshake/src_hsdata_ff_reg[21]} \
          {top_design_i/axi_smc/inst/m03_nodes/m03_r_node/inst/inst_mi_handler/gen_normal_area.inst_fifo_node_payld/gen_reg_fifo_async.inst_reg_fifo_async/gen_xpm_cdc_handshake_array[0].inst_cdc_handshake/src_hsdata_ff_reg[22]} \
          {top_design_i/axi_smc/inst/m03_nodes/m03_r_node/inst/inst_mi_handler/gen_normal_area.inst_fifo_node_payld/gen_reg_fifo_async.inst_reg_fifo_async/gen_xpm_cdc_handshake_array[0].inst_cdc_handshake/src_hsdata_ff_reg[23]} \
          {top_design_i/axi_smc/inst/m03_nodes/m03_r_node/inst/inst_mi_handler/gen_normal_area.inst_fifo_node_payld/gen_reg_fifo_async.inst_reg_fifo_async/gen_xpm_cdc_handshake_array[0].inst_cdc_handshake/src_hsdata_ff_reg[24]} \
          {top_design_i/axi_smc/inst/m03_nodes/m03_r_node/inst/inst_mi_handler/gen_normal_area.inst_fifo_node_payld/gen_reg_fifo_async.inst_reg_fifo_async/gen_xpm_cdc_handshake_array[0].inst_cdc_handshake/src_hsdata_ff_reg[25]} \
          {top_design_i/axi_smc/inst/m03_nodes/m03_r_node/inst/inst_mi_handler/gen_normal_area.inst_fifo_node_payld/gen_reg_fifo_async.inst_reg_fifo_async/gen_xpm_cdc_handshake_array[0].inst_cdc_handshake/src_hsdata_ff_reg[26]} \
          {top_design_i/axi_smc/inst/m03_nodes/m03_r_node/inst/inst_mi_handler/gen_normal_area.inst_fifo_node_payld/gen_reg_fifo_async.inst_reg_fifo_async/gen_xpm_cdc_handshake_array[0].inst_cdc_handshake/src_hsdata_ff_reg[27]} \
          {top_design_i/axi_smc/inst/m03_nodes/m03_r_node/inst/inst_mi_handler/gen_normal_area.inst_fifo_node_payld/gen_reg_fifo_async.inst_reg_fifo_async/gen_xpm_cdc_handshake_array[0].inst_cdc_handshake/src_hsdata_ff_reg[28]} \
          {top_design_i/axi_smc/inst/m03_nodes/m03_r_node/inst/inst_mi_handler/gen_normal_area.inst_fifo_node_payld/gen_reg_fifo_async.inst_reg_fifo_async/gen_xpm_cdc_handshake_array[0].inst_cdc_handshake/src_hsdata_ff_reg[29]} \
          {top_design_i/axi_smc/inst/m03_nodes/m03_r_node/inst/inst_mi_handler/gen_normal_area.inst_fifo_node_payld/gen_reg_fifo_async.inst_reg_fifo_async/gen_xpm_cdc_handshake_array[0].inst_cdc_handshake/src_hsdata_ff_reg[30]} \
          {top_design_i/axi_smc/inst/m03_nodes/m03_r_node/inst/inst_mi_handler/gen_normal_area.inst_fifo_node_payld/gen_reg_fifo_async.inst_reg_fifo_async/gen_xpm_cdc_handshake_array[0].inst_cdc_handshake/src_hsdata_ff_reg[31]} \
          {top_design_i/axi_smc/inst/m03_nodes/m03_r_node/inst/inst_mi_handler/gen_normal_area.inst_fifo_node_payld/gen_reg_fifo_async.inst_reg_fifo_async/gen_xpm_cdc_handshake_array[0].inst_cdc_handshake/src_hsdata_ff_reg[32]} \
          {top_design_i/axi_smc/inst/m03_nodes/m03_r_node/inst/inst_mi_handler/gen_normal_area.inst_fifo_node_payld/gen_reg_fifo_async.inst_reg_fifo_async/gen_xpm_cdc_handshake_array[0].inst_cdc_handshake/src_hsdata_ff_reg[33]} \
          {top_design_i/axi_smc/inst/m03_nodes/m03_r_node/inst/inst_mi_handler/gen_normal_area.inst_fifo_node_payld/gen_reg_fifo_async.inst_reg_fifo_async/gen_xpm_cdc_handshake_array[0].inst_cdc_handshake/src_hsdata_ff_reg[34]} \
          {top_design_i/axi_smc/inst/m03_nodes/m03_r_node/inst/inst_mi_handler/gen_normal_area.inst_fifo_node_payld/gen_reg_fifo_async.inst_reg_fifo_async/gen_xpm_cdc_handshake_array[0].inst_cdc_handshake/src_hsdata_ff_reg[35]} \
          {top_design_i/axi_smc/inst/m03_nodes/m03_r_node/inst/inst_mi_handler/gen_normal_area.inst_fifo_node_payld/gen_reg_fifo_async.inst_reg_fifo_async/gen_xpm_cdc_handshake_array[0].inst_cdc_handshake/src_hsdata_ff_reg[36]} \
          {top_design_i/axi_smc/inst/m03_nodes/m03_r_node/inst/inst_mi_handler/gen_normal_area.inst_fifo_node_payld/gen_reg_fifo_async.inst_reg_fifo_async/gen_xpm_cdc_handshake_array[0].inst_cdc_handshake/src_hsdata_ff_reg[37]} \
          {top_design_i/axi_smc/inst/m03_nodes/m03_r_node/inst/inst_mi_handler/gen_normal_area.inst_fifo_node_payld/gen_reg_fifo_async.inst_reg_fifo_async/gen_xpm_cdc_handshake_array[0].inst_cdc_handshake/src_hsdata_ff_reg[38]} \
          {top_design_i/axi_smc/inst/m03_nodes/m03_r_node/inst/inst_mi_handler/gen_normal_area.inst_fifo_node_payld/gen_reg_fifo_async.inst_reg_fifo_async/gen_xpm_cdc_handshake_array[0].inst_cdc_handshake/src_hsdata_ff_reg[39]} \
          {top_design_i/axi_smc/inst/m03_nodes/m03_r_node/inst/inst_mi_handler/gen_normal_area.inst_fifo_node_payld/gen_reg_fifo_async.inst_reg_fifo_async/gen_xpm_cdc_handshake_array[0].inst_cdc_handshake/src_hsdata_ff_reg[49]} \
          {top_design_i/axi_smc/inst/m03_nodes/m03_r_node/inst/inst_mi_handler/gen_normal_area.inst_fifo_node_payld/gen_reg_fifo_async.inst_reg_fifo_async/gen_xpm_cdc_handshake_array[0].inst_cdc_handshake/src_hsdata_ff_reg[40]} \
          {top_design_i/axi_smc/inst/m03_nodes/m03_r_node/inst/inst_mi_handler/gen_normal_area.inst_fifo_node_payld/gen_reg_fifo_async.inst_reg_fifo_async/gen_xpm_cdc_handshake_array[0].inst_cdc_handshake/src_hsdata_ff_reg[41]} \
          {top_design_i/axi_smc/inst/m03_nodes/m03_r_node/inst/inst_mi_handler/gen_normal_area.inst_fifo_node_payld/gen_reg_fifo_async.inst_reg_fifo_async/gen_xpm_cdc_handshake_array[0].inst_cdc_handshake/src_hsdata_ff_reg[42]}]] -to [get_cells [list {top_design_i/axi_smc/inst/m03_nodes/m03_r_node/inst/inst_mi_handler/gen_normal_area.inst_fifo_node_payld/gen_reg_fifo_async.inst_reg_fifo_async/gen_xpm_cdc_handshake_array[0].inst_cdc_handshake/dest_hsdata_ff_reg[40]} \
          {top_design_i/axi_smc/inst/m03_nodes/m03_r_node/inst/inst_mi_handler/gen_normal_area.inst_fifo_node_payld/gen_reg_fifo_async.inst_reg_fifo_async/gen_xpm_cdc_handshake_array[0].inst_cdc_handshake/dest_hsdata_ff_reg[41]} \
          {top_design_i/axi_smc/inst/m03_nodes/m03_r_node/inst/inst_mi_handler/gen_normal_area.inst_fifo_node_payld/gen_reg_fifo_async.inst_reg_fifo_async/gen_xpm_cdc_handshake_array[0].inst_cdc_handshake/dest_hsdata_ff_reg[42]} \
          {top_design_i/axi_smc/inst/m03_nodes/m03_r_node/inst/inst_mi_handler/gen_normal_area.inst_fifo_node_payld/gen_reg_fifo_async.inst_reg_fifo_async/gen_xpm_cdc_handshake_array[0].inst_cdc_handshake/dest_hsdata_ff_reg[43]} \
          {top_design_i/axi_smc/inst/m03_nodes/m03_r_node/inst/inst_mi_handler/gen_normal_area.inst_fifo_node_payld/gen_reg_fifo_async.inst_reg_fifo_async/gen_xpm_cdc_handshake_array[0].inst_cdc_handshake/dest_hsdata_ff_reg[44]} \
          {top_design_i/axi_smc/inst/m03_nodes/m03_r_node/inst/inst_mi_handler/gen_normal_area.inst_fifo_node_payld/gen_reg_fifo_async.inst_reg_fifo_async/gen_xpm_cdc_handshake_array[0].inst_cdc_handshake/dest_hsdata_ff_reg[52]} \
          {top_design_i/axi_smc/inst/m03_nodes/m03_r_node/inst/inst_mi_handler/gen_normal_area.inst_fifo_node_payld/gen_reg_fifo_async.inst_reg_fifo_async/gen_xpm_cdc_handshake_array[0].inst_cdc_handshake/dest_hsdata_ff_reg[51]} \
          {top_design_i/axi_smc/inst/m03_nodes/m03_r_node/inst/inst_mi_handler/gen_normal_area.inst_fifo_node_payld/gen_reg_fifo_async.inst_reg_fifo_async/gen_xpm_cdc_handshake_array[0].inst_cdc_handshake/dest_hsdata_ff_reg[50]} \
          {top_design_i/axi_smc/inst/m03_nodes/m03_r_node/inst/inst_mi_handler/gen_normal_area.inst_fifo_node_payld/gen_reg_fifo_async.inst_reg_fifo_async/gen_xpm_cdc_handshake_array[0].inst_cdc_handshake/dest_hsdata_ff_reg[45]} \
          {top_design_i/axi_smc/inst/m03_nodes/m03_r_node/inst/inst_mi_handler/gen_normal_area.inst_fifo_node_payld/gen_reg_fifo_async.inst_reg_fifo_async/gen_xpm_cdc_handshake_array[0].inst_cdc_handshake/dest_hsdata_ff_reg[18]} \
          {top_design_i/axi_smc/inst/m03_nodes/m03_r_node/inst/inst_mi_handler/gen_normal_area.inst_fifo_node_payld/gen_reg_fifo_async.inst_reg_fifo_async/gen_xpm_cdc_handshake_array[0].inst_cdc_handshake/dest_hsdata_ff_reg[19]} \
          {top_design_i/axi_smc/inst/m03_nodes/m03_r_node/inst/inst_mi_handler/gen_normal_area.inst_fifo_node_payld/gen_reg_fifo_async.inst_reg_fifo_async/gen_xpm_cdc_handshake_array[0].inst_cdc_handshake/dest_hsdata_ff_reg[49]} \
          {top_design_i/axi_smc/inst/m03_nodes/m03_r_node/inst/inst_mi_handler/gen_normal_area.inst_fifo_node_payld/gen_reg_fifo_async.inst_reg_fifo_async/gen_xpm_cdc_handshake_array[0].inst_cdc_handshake/dest_hsdata_ff_reg[48]} \
          {top_design_i/axi_smc/inst/m03_nodes/m03_r_node/inst/inst_mi_handler/gen_normal_area.inst_fifo_node_payld/gen_reg_fifo_async.inst_reg_fifo_async/gen_xpm_cdc_handshake_array[0].inst_cdc_handshake/dest_hsdata_ff_reg[21]} \
          {top_design_i/axi_smc/inst/m03_nodes/m03_r_node/inst/inst_mi_handler/gen_normal_area.inst_fifo_node_payld/gen_reg_fifo_async.inst_reg_fifo_async/gen_xpm_cdc_handshake_array[0].inst_cdc_handshake/dest_hsdata_ff_reg[22]} \
          {top_design_i/axi_smc/inst/m03_nodes/m03_r_node/inst/inst_mi_handler/gen_normal_area.inst_fifo_node_payld/gen_reg_fifo_async.inst_reg_fifo_async/gen_xpm_cdc_handshake_array[0].inst_cdc_handshake/dest_hsdata_ff_reg[23]} \
          {top_design_i/axi_smc/inst/m03_nodes/m03_r_node/inst/inst_mi_handler/gen_normal_area.inst_fifo_node_payld/gen_reg_fifo_async.inst_reg_fifo_async/gen_xpm_cdc_handshake_array[0].inst_cdc_handshake/dest_hsdata_ff_reg[24]} \
          {top_design_i/axi_smc/inst/m03_nodes/m03_r_node/inst/inst_mi_handler/gen_normal_area.inst_fifo_node_payld/gen_reg_fifo_async.inst_reg_fifo_async/gen_xpm_cdc_handshake_array[0].inst_cdc_handshake/dest_hsdata_ff_reg[25]} \
          {top_design_i/axi_smc/inst/m03_nodes/m03_r_node/inst/inst_mi_handler/gen_normal_area.inst_fifo_node_payld/gen_reg_fifo_async.inst_reg_fifo_async/gen_xpm_cdc_handshake_array[0].inst_cdc_handshake/dest_hsdata_ff_reg[26]} \
          {top_design_i/axi_smc/inst/m03_nodes/m03_r_node/inst/inst_mi_handler/gen_normal_area.inst_fifo_node_payld/gen_reg_fifo_async.inst_reg_fifo_async/gen_xpm_cdc_handshake_array[0].inst_cdc_handshake/dest_hsdata_ff_reg[27]} \
          {top_design_i/axi_smc/inst/m03_nodes/m03_r_node/inst/inst_mi_handler/gen_normal_area.inst_fifo_node_payld/gen_reg_fifo_async.inst_reg_fifo_async/gen_xpm_cdc_handshake_array[0].inst_cdc_handshake/dest_hsdata_ff_reg[28]} \
          {top_design_i/axi_smc/inst/m03_nodes/m03_r_node/inst/inst_mi_handler/gen_normal_area.inst_fifo_node_payld/gen_reg_fifo_async.inst_reg_fifo_async/gen_xpm_cdc_handshake_array[0].inst_cdc_handshake/dest_hsdata_ff_reg[29]} \
          {top_design_i/axi_smc/inst/m03_nodes/m03_r_node/inst/inst_mi_handler/gen_normal_area.inst_fifo_node_payld/gen_reg_fifo_async.inst_reg_fifo_async/gen_xpm_cdc_handshake_array[0].inst_cdc_handshake/dest_hsdata_ff_reg[47]} \
          {top_design_i/axi_smc/inst/m03_nodes/m03_r_node/inst/inst_mi_handler/gen_normal_area.inst_fifo_node_payld/gen_reg_fifo_async.inst_reg_fifo_async/gen_xpm_cdc_handshake_array[0].inst_cdc_handshake/dest_hsdata_ff_reg[30]} \
          {top_design_i/axi_smc/inst/m03_nodes/m03_r_node/inst/inst_mi_handler/gen_normal_area.inst_fifo_node_payld/gen_reg_fifo_async.inst_reg_fifo_async/gen_xpm_cdc_handshake_array[0].inst_cdc_handshake/dest_hsdata_ff_reg[31]} \
          {top_design_i/axi_smc/inst/m03_nodes/m03_r_node/inst/inst_mi_handler/gen_normal_area.inst_fifo_node_payld/gen_reg_fifo_async.inst_reg_fifo_async/gen_xpm_cdc_handshake_array[0].inst_cdc_handshake/dest_hsdata_ff_reg[32]} \
          {top_design_i/axi_smc/inst/m03_nodes/m03_r_node/inst/inst_mi_handler/gen_normal_area.inst_fifo_node_payld/gen_reg_fifo_async.inst_reg_fifo_async/gen_xpm_cdc_handshake_array[0].inst_cdc_handshake/dest_hsdata_ff_reg[33]} \
          {top_design_i/axi_smc/inst/m03_nodes/m03_r_node/inst/inst_mi_handler/gen_normal_area.inst_fifo_node_payld/gen_reg_fifo_async.inst_reg_fifo_async/gen_xpm_cdc_handshake_array[0].inst_cdc_handshake/dest_hsdata_ff_reg[34]} \
          {top_design_i/axi_smc/inst/m03_nodes/m03_r_node/inst/inst_mi_handler/gen_normal_area.inst_fifo_node_payld/gen_reg_fifo_async.inst_reg_fifo_async/gen_xpm_cdc_handshake_array[0].inst_cdc_handshake/dest_hsdata_ff_reg[35]} \
          {top_design_i/axi_smc/inst/m03_nodes/m03_r_node/inst/inst_mi_handler/gen_normal_area.inst_fifo_node_payld/gen_reg_fifo_async.inst_reg_fifo_async/gen_xpm_cdc_handshake_array[0].inst_cdc_handshake/dest_hsdata_ff_reg[36]} \
          {top_design_i/axi_smc/inst/m03_nodes/m03_r_node/inst/inst_mi_handler/gen_normal_area.inst_fifo_node_payld/gen_reg_fifo_async.inst_reg_fifo_async/gen_xpm_cdc_handshake_array[0].inst_cdc_handshake/dest_hsdata_ff_reg[37]} \
          {top_design_i/axi_smc/inst/m03_nodes/m03_r_node/inst/inst_mi_handler/gen_normal_area.inst_fifo_node_payld/gen_reg_fifo_async.inst_reg_fifo_async/gen_xpm_cdc_handshake_array[0].inst_cdc_handshake/dest_hsdata_ff_reg[38]} \
          {top_design_i/axi_smc/inst/m03_nodes/m03_r_node/inst/inst_mi_handler/gen_normal_area.inst_fifo_node_payld/gen_reg_fifo_async.inst_reg_fifo_async/gen_xpm_cdc_handshake_array[0].inst_cdc_handshake/dest_hsdata_ff_reg[39]} \
          {top_design_i/axi_smc/inst/m03_nodes/m03_r_node/inst/inst_mi_handler/gen_normal_area.inst_fifo_node_payld/gen_reg_fifo_async.inst_reg_fifo_async/gen_xpm_cdc_handshake_array[0].inst_cdc_handshake/dest_hsdata_ff_reg[46]}]] 30.000
Requirement: 30.000ns
Endpoints: 34

From Clock            To Clock              Endpoint Pin                    Reference Pin                   Corner  Actual(ns)  Slack(ns)
--------------------  --------------------  ------------------------------  ------------------------------  ------  ----------  ---------
clk_fpga_1            clk_fpga_0            top_design_i/axi_smc/inst/m03_nodes/m03_r_node/inst/inst_mi_handler/gen_normal_area.inst_fifo_node_payld/gen_reg_fifo_async.inst_reg_fifo_async/gen_xpm_cdc_handshake_array[0].inst_cdc_handshake/dest_hsdata_ff_reg[36]/D
                                                                            top_design_i/axi_smc/inst/m03_nodes/m03_r_node/inst/inst_mi_handler/gen_normal_area.inst_fifo_node_payld/gen_reg_fifo_async.inst_reg_fifo_async/gen_xpm_cdc_handshake_array[0].inst_cdc_handshake/dest_hsdata_ff_reg[19]/D
                                                                                                            Slow         1.109     28.891


Slack (MET) :             28.891ns  (requirement - actual skew)
  Endpoint Source:        top_design_i/axi_smc/inst/m03_nodes/m03_r_node/inst/inst_mi_handler/gen_normal_area.inst_fifo_node_payld/gen_reg_fifo_async.inst_reg_fifo_async/gen_xpm_cdc_handshake_array[0].inst_cdc_handshake/src_hsdata_ff_reg[36]/C
                            (rising edge-triggered cell FDRE clocked by clk_fpga_1)
  Endpoint Destination:   top_design_i/axi_smc/inst/m03_nodes/m03_r_node/inst/inst_mi_handler/gen_normal_area.inst_fifo_node_payld/gen_reg_fifo_async.inst_reg_fifo_async/gen_xpm_cdc_handshake_array[0].inst_cdc_handshake/dest_hsdata_ff_reg[36]/D
                            (rising edge-triggered cell FDRE clocked by clk_fpga_0)
  Reference Source:       top_design_i/axi_smc/inst/m03_nodes/m03_r_node/inst/inst_mi_handler/gen_normal_area.inst_fifo_node_payld/gen_reg_fifo_async.inst_reg_fifo_async/gen_xpm_cdc_handshake_array[0].inst_cdc_handshake/src_hsdata_ff_reg[19]/C
                            (rising edge-triggered cell FDRE clocked by clk_fpga_1)
  Reference Destination:  top_design_i/axi_smc/inst/m03_nodes/m03_r_node/inst/inst_mi_handler/gen_normal_area.inst_fifo_node_payld/gen_reg_fifo_async.inst_reg_fifo_async/gen_xpm_cdc_handshake_array[0].inst_cdc_handshake/dest_hsdata_ff_reg[19]/D
                            (rising edge-triggered cell FDRE clocked by clk_fpga_0)
  Path Type:              Bus Skew (Max at Slow Process Corner)
  Requirement:            30.000ns
  Endpoint Relative Delay:    1.662ns
  Reference Relative Delay:   0.168ns
  Relative CRPR:              0.385ns
  Actual Bus Skew:            1.109ns  (Endpoint Relative Delay - Reference Relative Delay - Relative CRPR)

Endpoint path:
    Location             Delay type                Incr(ns)  Path(ns)    Netlist Resource(s)
  -------------------------------------------------------------------    -------------------
                         (clock clk_fpga_1 rise edge)
                                                      0.000     0.000 r  
    PS7_X0Y0             PS7                          0.000     0.000 r  top_design_i/processing_system7_0/inst/PS7_i/FCLKCLK[1]
                         net (fo=1, routed)           0.994     0.994    top_design_i/processing_system7_0/inst/FCLK_CLK_unbuffered[1]
    BUFGCTRL_X0Y16       BUFG (Prop_bufg_I_O)         0.085     1.079 r  top_design_i/processing_system7_0/inst/buffer_fclk_clk_1.FCLK_CLK_1_BUFG/O
                         net (fo=13123, routed)       1.426     2.505    top_design_i/axi_smc/inst/m03_nodes/m03_r_node/inst/inst_mi_handler/gen_normal_area.inst_fifo_node_payld/gen_reg_fifo_async.inst_reg_fifo_async/gen_xpm_cdc_handshake_array[0].inst_cdc_handshake/src_clk
    SLICE_X54Y79         FDRE                                         r  top_design_i/axi_smc/inst/m03_nodes/m03_r_node/inst/inst_mi_handler/gen_normal_area.inst_fifo_node_payld/gen_reg_fifo_async.inst_reg_fifo_async/gen_xpm_cdc_handshake_array[0].inst_cdc_handshake/src_hsdata_ff_reg[36]/C
  -------------------------------------------------------------------    -------------------
    SLICE_X54Y79         FDRE (Prop_fdre_C_Q)         0.398     2.903 r  top_design_i/axi_smc/inst/m03_nodes/m03_r_node/inst/inst_mi_handler/gen_normal_area.inst_fifo_node_payld/gen_reg_fifo_async.inst_reg_fifo_async/gen_xpm_cdc_handshake_array[0].inst_cdc_handshake/src_hsdata_ff_reg[36]/Q
                         net (fo=1, routed)           0.881     3.784    top_design_i/axi_smc/inst/m03_nodes/m03_r_node/inst/inst_mi_handler/gen_normal_area.inst_fifo_node_payld/gen_reg_fifo_async.inst_reg_fifo_async/gen_xpm_cdc_handshake_array[0].inst_cdc_handshake/src_hsdata_ff[36]
    SLICE_X54Y88         FDRE                                         r  top_design_i/axi_smc/inst/m03_nodes/m03_r_node/inst/inst_mi_handler/gen_normal_area.inst_fifo_node_payld/gen_reg_fifo_async.inst_reg_fifo_async/gen_xpm_cdc_handshake_array[0].inst_cdc_handshake/dest_hsdata_ff_reg[36]/D
  -------------------------------------------------------------------    -------------------

                         (clock clk_fpga_0 rise edge)
                                                      0.000     0.000 r  
    PS7_X0Y0             PS7                          0.000     0.000 r  top_design_i/processing_system7_0/inst/PS7_i/FCLKCLK[0]
                         net (fo=1, routed)           0.905     0.905    top_design_i/processing_system7_0/inst/FCLK_CLK0
    BUFGCTRL_X0Y17       BUFG (Prop_bufg_I_O)         0.077     0.982 r  top_design_i/processing_system7_0/inst/FCLK_CLK0_BUFG_inst/O
                         net (fo=1946, routed)        1.280     2.263    top_design_i/axi_smc/inst/m03_nodes/m03_r_node/inst/inst_mi_handler/gen_normal_area.inst_fifo_node_payld/gen_reg_fifo_async.inst_reg_fifo_async/gen_xpm_cdc_handshake_array[0].inst_cdc_handshake/dest_clk
    SLICE_X54Y88         FDRE                                         r  top_design_i/axi_smc/inst/m03_nodes/m03_r_node/inst/inst_mi_handler/gen_normal_area.inst_fifo_node_payld/gen_reg_fifo_async.inst_reg_fifo_async/gen_xpm_cdc_handshake_array[0].inst_cdc_handshake/dest_hsdata_ff_reg[36]/C
                         clock pessimism              0.000     2.263    
    SLICE_X54Y88         FDRE (Setup_fdre_C_D)       -0.141     2.122    top_design_i/axi_smc/inst/m03_nodes/m03_r_node/inst/inst_mi_handler/gen_normal_area.inst_fifo_node_payld/gen_reg_fifo_async.inst_reg_fifo_async/gen_xpm_cdc_handshake_array[0].inst_cdc_handshake/dest_hsdata_ff_reg[36]
  -------------------------------------------------------------------
                         data arrival                           3.784    
                         clock arrival                          2.122    
  -------------------------------------------------------------------
                         relative delay                         1.662    

Reference path:
    Location             Delay type                Incr(ns)  Path(ns)    Netlist Resource(s)
  -------------------------------------------------------------------    -------------------
                         (clock clk_fpga_1 rise edge)
                                                      0.000     0.000 r  
    PS7_X0Y0             PS7                          0.000     0.000 r  top_design_i/processing_system7_0/inst/PS7_i/FCLKCLK[1]
                         net (fo=1, routed)           0.905     0.905    top_design_i/processing_system7_0/inst/FCLK_CLK_unbuffered[1]
    BUFGCTRL_X0Y16       BUFG (Prop_bufg_I_O)         0.077     0.982 r  top_design_i/processing_system7_0/inst/buffer_fclk_clk_1.FCLK_CLK_1_BUFG/O
                         net (fo=13123, routed)       1.224     2.207    top_design_i/axi_smc/inst/m03_nodes/m03_r_node/inst/inst_mi_handler/gen_normal_area.inst_fifo_node_payld/gen_reg_fifo_async.inst_reg_fifo_async/gen_xpm_cdc_handshake_array[0].inst_cdc_handshake/src_clk
    SLICE_X51Y90         FDRE                                         r  top_design_i/axi_smc/inst/m03_nodes/m03_r_node/inst/inst_mi_handler/gen_normal_area.inst_fifo_node_payld/gen_reg_fifo_async.inst_reg_fifo_async/gen_xpm_cdc_handshake_array[0].inst_cdc_handshake/src_hsdata_ff_reg[19]/C
  -------------------------------------------------------------------    -------------------
    SLICE_X51Y90         FDRE (Prop_fdre_C_Q)         0.304     2.511 r  top_design_i/axi_smc/inst/m03_nodes/m03_r_node/inst/inst_mi_handler/gen_normal_area.inst_fifo_node_payld/gen_reg_fifo_async.inst_reg_fifo_async/gen_xpm_cdc_handshake_array[0].inst_cdc_handshake/src_hsdata_ff_reg[19]/Q
                         net (fo=1, routed)           0.300     2.810    top_design_i/axi_smc/inst/m03_nodes/m03_r_node/inst/inst_mi_handler/gen_normal_area.inst_fifo_node_payld/gen_reg_fifo_async.inst_reg_fifo_async/gen_xpm_cdc_handshake_array[0].inst_cdc_handshake/src_hsdata_ff[19]
    SLICE_X50Y91         FDRE                                         r  top_design_i/axi_smc/inst/m03_nodes/m03_r_node/inst/inst_mi_handler/gen_normal_area.inst_fifo_node_payld/gen_reg_fifo_async.inst_reg_fifo_async/gen_xpm_cdc_handshake_array[0].inst_cdc_handshake/dest_hsdata_ff_reg[19]/D
  -------------------------------------------------------------------    -------------------

                         (clock clk_fpga_0 rise edge)
                                                      0.000     0.000 r  
    PS7_X0Y0             PS7                          0.000     0.000 r  top_design_i/processing_system7_0/inst/PS7_i/FCLKCLK[0]
                         net (fo=1, routed)           0.994     0.994    top_design_i/processing_system7_0/inst/FCLK_CLK0
    BUFGCTRL_X0Y17       BUFG (Prop_bufg_I_O)         0.085     1.079 r  top_design_i/processing_system7_0/inst/FCLK_CLK0_BUFG_inst/O
                         net (fo=1946, routed)        1.376     2.455    top_design_i/axi_smc/inst/m03_nodes/m03_r_node/inst/inst_mi_handler/gen_normal_area.inst_fifo_node_payld/gen_reg_fifo_async.inst_reg_fifo_async/gen_xpm_cdc_handshake_array[0].inst_cdc_handshake/dest_clk
    SLICE_X50Y91         FDRE                                         r  top_design_i/axi_smc/inst/m03_nodes/m03_r_node/inst/inst_mi_handler/gen_normal_area.inst_fifo_node_payld/gen_reg_fifo_async.inst_reg_fifo_async/gen_xpm_cdc_handshake_array[0].inst_cdc_handshake/dest_hsdata_ff_reg[19]/C
                         clock pessimism              0.000     2.455    
    SLICE_X50Y91         FDRE (Hold_fdre_C_D)         0.187     2.642    top_design_i/axi_smc/inst/m03_nodes/m03_r_node/inst/inst_mi_handler/gen_normal_area.inst_fifo_node_payld/gen_reg_fifo_async.inst_reg_fifo_async/gen_xpm_cdc_handshake_array[0].inst_cdc_handshake/dest_hsdata_ff_reg[19]
  -------------------------------------------------------------------
                         data arrival                           2.810    
                         clock arrival                          2.642    
  -------------------------------------------------------------------
                         relative delay                         0.168    



Id: 11
set_bus_skew -from [get_cells [list {top_design_i/axi_smc/inst/m02_nodes/m02_w_node/inst/inst_mi_handler/gen_normal_area.inst_fifo_node_payld/gen_reg_fifo_async.inst_reg_fifo_async/gen_xpm_cdc_handshake_array[0].inst_cdc_handshake/src_hsdata_ff_reg[49]} \
          {top_design_i/axi_smc/inst/m02_nodes/m02_w_node/inst/inst_mi_handler/gen_normal_area.inst_fifo_node_payld/gen_reg_fifo_async.inst_reg_fifo_async/gen_xpm_cdc_handshake_array[0].inst_cdc_handshake/src_hsdata_ff_reg[50]} \
          {top_design_i/axi_smc/inst/m02_nodes/m02_w_node/inst/inst_mi_handler/gen_normal_area.inst_fifo_node_payld/gen_reg_fifo_async.inst_reg_fifo_async/gen_xpm_cdc_handshake_array[0].inst_cdc_handshake/src_hsdata_ff_reg[51]} \
          {top_design_i/axi_smc/inst/m02_nodes/m02_w_node/inst/inst_mi_handler/gen_normal_area.inst_fifo_node_payld/gen_reg_fifo_async.inst_reg_fifo_async/gen_xpm_cdc_handshake_array[0].inst_cdc_handshake/src_hsdata_ff_reg[52]} \
          {top_design_i/axi_smc/inst/m02_nodes/m02_w_node/inst/inst_mi_handler/gen_normal_area.inst_fifo_node_payld/gen_reg_fifo_async.inst_reg_fifo_async/gen_xpm_cdc_handshake_array[0].inst_cdc_handshake/src_hsdata_ff_reg[57]} \
          {top_design_i/axi_smc/inst/m02_nodes/m02_w_node/inst/inst_mi_handler/gen_normal_area.inst_fifo_node_payld/gen_reg_fifo_async.inst_reg_fifo_async/gen_xpm_cdc_handshake_array[0].inst_cdc_handshake/src_hsdata_ff_reg[56]} \
          {top_design_i/axi_smc/inst/m02_nodes/m02_w_node/inst/inst_mi_handler/gen_normal_area.inst_fifo_node_payld/gen_reg_fifo_async.inst_reg_fifo_async/gen_xpm_cdc_handshake_array[0].inst_cdc_handshake/src_hsdata_ff_reg[55]} \
          {top_design_i/axi_smc/inst/m02_nodes/m02_w_node/inst/inst_mi_handler/gen_normal_area.inst_fifo_node_payld/gen_reg_fifo_async.inst_reg_fifo_async/gen_xpm_cdc_handshake_array[0].inst_cdc_handshake/src_hsdata_ff_reg[54]} \
          {top_design_i/axi_smc/inst/m02_nodes/m02_w_node/inst/inst_mi_handler/gen_normal_area.inst_fifo_node_payld/gen_reg_fifo_async.inst_reg_fifo_async/gen_xpm_cdc_handshake_array[0].inst_cdc_handshake/src_hsdata_ff_reg[53]} \
          {top_design_i/axi_smc/inst/m02_nodes/m02_w_node/inst/inst_mi_handler/gen_normal_area.inst_fifo_node_payld/gen_reg_fifo_async.inst_reg_fifo_async/gen_xpm_cdc_handshake_array[0].inst_cdc_handshake/src_hsdata_ff_reg[22]} \
          {top_design_i/axi_smc/inst/m02_nodes/m02_w_node/inst/inst_mi_handler/gen_normal_area.inst_fifo_node_payld/gen_reg_fifo_async.inst_reg_fifo_async/gen_xpm_cdc_handshake_array[0].inst_cdc_handshake/src_hsdata_ff_reg[23]} \
          {top_design_i/axi_smc/inst/m02_nodes/m02_w_node/inst/inst_mi_handler/gen_normal_area.inst_fifo_node_payld/gen_reg_fifo_async.inst_reg_fifo_async/gen_xpm_cdc_handshake_array[0].inst_cdc_handshake/src_hsdata_ff_reg[24]} \
          {top_design_i/axi_smc/inst/m02_nodes/m02_w_node/inst/inst_mi_handler/gen_normal_area.inst_fifo_node_payld/gen_reg_fifo_async.inst_reg_fifo_async/gen_xpm_cdc_handshake_array[0].inst_cdc_handshake/src_hsdata_ff_reg[25]} \
          {top_design_i/axi_smc/inst/m02_nodes/m02_w_node/inst/inst_mi_handler/gen_normal_area.inst_fifo_node_payld/gen_reg_fifo_async.inst_reg_fifo_async/gen_xpm_cdc_handshake_array[0].inst_cdc_handshake/src_hsdata_ff_reg[26]} \
          {top_design_i/axi_smc/inst/m02_nodes/m02_w_node/inst/inst_mi_handler/gen_normal_area.inst_fifo_node_payld/gen_reg_fifo_async.inst_reg_fifo_async/gen_xpm_cdc_handshake_array[0].inst_cdc_handshake/src_hsdata_ff_reg[27]} \
          {top_design_i/axi_smc/inst/m02_nodes/m02_w_node/inst/inst_mi_handler/gen_normal_area.inst_fifo_node_payld/gen_reg_fifo_async.inst_reg_fifo_async/gen_xpm_cdc_handshake_array[0].inst_cdc_handshake/src_hsdata_ff_reg[28]} \
          {top_design_i/axi_smc/inst/m02_nodes/m02_w_node/inst/inst_mi_handler/gen_normal_area.inst_fifo_node_payld/gen_reg_fifo_async.inst_reg_fifo_async/gen_xpm_cdc_handshake_array[0].inst_cdc_handshake/src_hsdata_ff_reg[29]} \
          {top_design_i/axi_smc/inst/m02_nodes/m02_w_node/inst/inst_mi_handler/gen_normal_area.inst_fifo_node_payld/gen_reg_fifo_async.inst_reg_fifo_async/gen_xpm_cdc_handshake_array[0].inst_cdc_handshake/src_hsdata_ff_reg[30]} \
          {top_design_i/axi_smc/inst/m02_nodes/m02_w_node/inst/inst_mi_handler/gen_normal_area.inst_fifo_node_payld/gen_reg_fifo_async.inst_reg_fifo_async/gen_xpm_cdc_handshake_array[0].inst_cdc_handshake/src_hsdata_ff_reg[31]} \
          {top_design_i/axi_smc/inst/m02_nodes/m02_w_node/inst/inst_mi_handler/gen_normal_area.inst_fifo_node_payld/gen_reg_fifo_async.inst_reg_fifo_async/gen_xpm_cdc_handshake_array[0].inst_cdc_handshake/src_hsdata_ff_reg[32]} \
          {top_design_i/axi_smc/inst/m02_nodes/m02_w_node/inst/inst_mi_handler/gen_normal_area.inst_fifo_node_payld/gen_reg_fifo_async.inst_reg_fifo_async/gen_xpm_cdc_handshake_array[0].inst_cdc_handshake/src_hsdata_ff_reg[33]} \
          {top_design_i/axi_smc/inst/m02_nodes/m02_w_node/inst/inst_mi_handler/gen_normal_area.inst_fifo_node_payld/gen_reg_fifo_async.inst_reg_fifo_async/gen_xpm_cdc_handshake_array[0].inst_cdc_handshake/src_hsdata_ff_reg[34]} \
          {top_design_i/axi_smc/inst/m02_nodes/m02_w_node/inst/inst_mi_handler/gen_normal_area.inst_fifo_node_payld/gen_reg_fifo_async.inst_reg_fifo_async/gen_xpm_cdc_handshake_array[0].inst_cdc_handshake/src_hsdata_ff_reg[35]} \
          {top_design_i/axi_smc/inst/m02_nodes/m02_w_node/inst/inst_mi_handler/gen_normal_area.inst_fifo_node_payld/gen_reg_fifo_async.inst_reg_fifo_async/gen_xpm_cdc_handshake_array[0].inst_cdc_handshake/src_hsdata_ff_reg[36]} \
          {top_design_i/axi_smc/inst/m02_nodes/m02_w_node/inst/inst_mi_handler/gen_normal_area.inst_fifo_node_payld/gen_reg_fifo_async.inst_reg_fifo_async/gen_xpm_cdc_handshake_array[0].inst_cdc_handshake/src_hsdata_ff_reg[37]} \
          {top_design_i/axi_smc/inst/m02_nodes/m02_w_node/inst/inst_mi_handler/gen_normal_area.inst_fifo_node_payld/gen_reg_fifo_async.inst_reg_fifo_async/gen_xpm_cdc_handshake_array[0].inst_cdc_handshake/src_hsdata_ff_reg[38]} \
          {top_design_i/axi_smc/inst/m02_nodes/m02_w_node/inst/inst_mi_handler/gen_normal_area.inst_fifo_node_payld/gen_reg_fifo_async.inst_reg_fifo_async/gen_xpm_cdc_handshake_array[0].inst_cdc_handshake/src_hsdata_ff_reg[39]} \
          {top_design_i/axi_smc/inst/m02_nodes/m02_w_node/inst/inst_mi_handler/gen_normal_area.inst_fifo_node_payld/gen_reg_fifo_async.inst_reg_fifo_async/gen_xpm_cdc_handshake_array[0].inst_cdc_handshake/src_hsdata_ff_reg[40]} \
          {top_design_i/axi_smc/inst/m02_nodes/m02_w_node/inst/inst_mi_handler/gen_normal_area.inst_fifo_node_payld/gen_reg_fifo_async.inst_reg_fifo_async/gen_xpm_cdc_handshake_array[0].inst_cdc_handshake/src_hsdata_ff_reg[41]} \
          {top_design_i/axi_smc/inst/m02_nodes/m02_w_node/inst/inst_mi_handler/gen_normal_area.inst_fifo_node_payld/gen_reg_fifo_async.inst_reg_fifo_async/gen_xpm_cdc_handshake_array[0].inst_cdc_handshake/src_hsdata_ff_reg[42]} \
          {top_design_i/axi_smc/inst/m02_nodes/m02_w_node/inst/inst_mi_handler/gen_normal_area.inst_fifo_node_payld/gen_reg_fifo_async.inst_reg_fifo_async/gen_xpm_cdc_handshake_array[0].inst_cdc_handshake/src_hsdata_ff_reg[43]} \
          {top_design_i/axi_smc/inst/m02_nodes/m02_w_node/inst/inst_mi_handler/gen_normal_area.inst_fifo_node_payld/gen_reg_fifo_async.inst_reg_fifo_async/gen_xpm_cdc_handshake_array[0].inst_cdc_handshake/src_hsdata_ff_reg[44]} \
          {top_design_i/axi_smc/inst/m02_nodes/m02_w_node/inst/inst_mi_handler/gen_normal_area.inst_fifo_node_payld/gen_reg_fifo_async.inst_reg_fifo_async/gen_xpm_cdc_handshake_array[0].inst_cdc_handshake/src_hsdata_ff_reg[45]} \
          {top_design_i/axi_smc/inst/m02_nodes/m02_w_node/inst/inst_mi_handler/gen_normal_area.inst_fifo_node_payld/gen_reg_fifo_async.inst_reg_fifo_async/gen_xpm_cdc_handshake_array[0].inst_cdc_handshake/src_hsdata_ff_reg[46]} \
          {top_design_i/axi_smc/inst/m02_nodes/m02_w_node/inst/inst_mi_handler/gen_normal_area.inst_fifo_node_payld/gen_reg_fifo_async.inst_reg_fifo_async/gen_xpm_cdc_handshake_array[0].inst_cdc_handshake/src_hsdata_ff_reg[47]} \
          {top_design_i/axi_smc/inst/m02_nodes/m02_w_node/inst/inst_mi_handler/gen_normal_area.inst_fifo_node_payld/gen_reg_fifo_async.inst_reg_fifo_async/gen_xpm_cdc_handshake_array[0].inst_cdc_handshake/src_hsdata_ff_reg[48]}]] -to [get_cells [list {top_design_i/axi_smc/inst/m02_nodes/m02_w_node/inst/inst_mi_handler/gen_normal_area.inst_fifo_node_payld/gen_reg_fifo_async.inst_reg_fifo_async/gen_xpm_cdc_handshake_array[0].inst_cdc_handshake/dest_hsdata_ff_reg[42]} \
          {top_design_i/axi_smc/inst/m02_nodes/m02_w_node/inst/inst_mi_handler/gen_normal_area.inst_fifo_node_payld/gen_reg_fifo_async.inst_reg_fifo_async/gen_xpm_cdc_handshake_array[0].inst_cdc_handshake/dest_hsdata_ff_reg[43]} \
          {top_design_i/axi_smc/inst/m02_nodes/m02_w_node/inst/inst_mi_handler/gen_normal_area.inst_fifo_node_payld/gen_reg_fifo_async.inst_reg_fifo_async/gen_xpm_cdc_handshake_array[0].inst_cdc_handshake/dest_hsdata_ff_reg[44]} \
          {top_design_i/axi_smc/inst/m02_nodes/m02_w_node/inst/inst_mi_handler/gen_normal_area.inst_fifo_node_payld/gen_reg_fifo_async.inst_reg_fifo_async/gen_xpm_cdc_handshake_array[0].inst_cdc_handshake/dest_hsdata_ff_reg[45]} \
          {top_design_i/axi_smc/inst/m02_nodes/m02_w_node/inst/inst_mi_handler/gen_normal_area.inst_fifo_node_payld/gen_reg_fifo_async.inst_reg_fifo_async/gen_xpm_cdc_handshake_array[0].inst_cdc_handshake/dest_hsdata_ff_reg[46]} \
          {top_design_i/axi_smc/inst/m02_nodes/m02_w_node/inst/inst_mi_handler/gen_normal_area.inst_fifo_node_payld/gen_reg_fifo_async.inst_reg_fifo_async/gen_xpm_cdc_handshake_array[0].inst_cdc_handshake/dest_hsdata_ff_reg[47]} \
          {top_design_i/axi_smc/inst/m02_nodes/m02_w_node/inst/inst_mi_handler/gen_normal_area.inst_fifo_node_payld/gen_reg_fifo_async.inst_reg_fifo_async/gen_xpm_cdc_handshake_array[0].inst_cdc_handshake/dest_hsdata_ff_reg[48]} \
          {top_design_i/axi_smc/inst/m02_nodes/m02_w_node/inst/inst_mi_handler/gen_normal_area.inst_fifo_node_payld/gen_reg_fifo_async.inst_reg_fifo_async/gen_xpm_cdc_handshake_array[0].inst_cdc_handshake/dest_hsdata_ff_reg[49]} \
          {top_design_i/axi_smc/inst/m02_nodes/m02_w_node/inst/inst_mi_handler/gen_normal_area.inst_fifo_node_payld/gen_reg_fifo_async.inst_reg_fifo_async/gen_xpm_cdc_handshake_array[0].inst_cdc_handshake/dest_hsdata_ff_reg[57]} \
          {top_design_i/axi_smc/inst/m02_nodes/m02_w_node/inst/inst_mi_handler/gen_normal_area.inst_fifo_node_payld/gen_reg_fifo_async.inst_reg_fifo_async/gen_xpm_cdc_handshake_array[0].inst_cdc_handshake/dest_hsdata_ff_reg[50]} \
          {top_design_i/axi_smc/inst/m02_nodes/m02_w_node/inst/inst_mi_handler/gen_normal_area.inst_fifo_node_payld/gen_reg_fifo_async.inst_reg_fifo_async/gen_xpm_cdc_handshake_array[0].inst_cdc_handshake/dest_hsdata_ff_reg[51]} \
          {top_design_i/axi_smc/inst/m02_nodes/m02_w_node/inst/inst_mi_handler/gen_normal_area.inst_fifo_node_payld/gen_reg_fifo_async.inst_reg_fifo_async/gen_xpm_cdc_handshake_array[0].inst_cdc_handshake/dest_hsdata_ff_reg[52]} \
          {top_design_i/axi_smc/inst/m02_nodes/m02_w_node/inst/inst_mi_handler/gen_normal_area.inst_fifo_node_payld/gen_reg_fifo_async.inst_reg_fifo_async/gen_xpm_cdc_handshake_array[0].inst_cdc_handshake/dest_hsdata_ff_reg[53]} \
          {top_design_i/axi_smc/inst/m02_nodes/m02_w_node/inst/inst_mi_handler/gen_normal_area.inst_fifo_node_payld/gen_reg_fifo_async.inst_reg_fifo_async/gen_xpm_cdc_handshake_array[0].inst_cdc_handshake/dest_hsdata_ff_reg[54]} \
          {top_design_i/axi_smc/inst/m02_nodes/m02_w_node/inst/inst_mi_handler/gen_normal_area.inst_fifo_node_payld/gen_reg_fifo_async.inst_reg_fifo_async/gen_xpm_cdc_handshake_array[0].inst_cdc_handshake/dest_hsdata_ff_reg[22]} \
          {top_design_i/axi_smc/inst/m02_nodes/m02_w_node/inst/inst_mi_handler/gen_normal_area.inst_fifo_node_payld/gen_reg_fifo_async.inst_reg_fifo_async/gen_xpm_cdc_handshake_array[0].inst_cdc_handshake/dest_hsdata_ff_reg[23]} \
          {top_design_i/axi_smc/inst/m02_nodes/m02_w_node/inst/inst_mi_handler/gen_normal_area.inst_fifo_node_payld/gen_reg_fifo_async.inst_reg_fifo_async/gen_xpm_cdc_handshake_array[0].inst_cdc_handshake/dest_hsdata_ff_reg[24]} \
          {top_design_i/axi_smc/inst/m02_nodes/m02_w_node/inst/inst_mi_handler/gen_normal_area.inst_fifo_node_payld/gen_reg_fifo_async.inst_reg_fifo_async/gen_xpm_cdc_handshake_array[0].inst_cdc_handshake/dest_hsdata_ff_reg[25]} \
          {top_design_i/axi_smc/inst/m02_nodes/m02_w_node/inst/inst_mi_handler/gen_normal_area.inst_fifo_node_payld/gen_reg_fifo_async.inst_reg_fifo_async/gen_xpm_cdc_handshake_array[0].inst_cdc_handshake/dest_hsdata_ff_reg[26]} \
          {top_design_i/axi_smc/inst/m02_nodes/m02_w_node/inst/inst_mi_handler/gen_normal_area.inst_fifo_node_payld/gen_reg_fifo_async.inst_reg_fifo_async/gen_xpm_cdc_handshake_array[0].inst_cdc_handshake/dest_hsdata_ff_reg[27]} \
          {top_design_i/axi_smc/inst/m02_nodes/m02_w_node/inst/inst_mi_handler/gen_normal_area.inst_fifo_node_payld/gen_reg_fifo_async.inst_reg_fifo_async/gen_xpm_cdc_handshake_array[0].inst_cdc_handshake/dest_hsdata_ff_reg[28]} \
          {top_design_i/axi_smc/inst/m02_nodes/m02_w_node/inst/inst_mi_handler/gen_normal_area.inst_fifo_node_payld/gen_reg_fifo_async.inst_reg_fifo_async/gen_xpm_cdc_handshake_array[0].inst_cdc_handshake/dest_hsdata_ff_reg[29]} \
          {top_design_i/axi_smc/inst/m02_nodes/m02_w_node/inst/inst_mi_handler/gen_normal_area.inst_fifo_node_payld/gen_reg_fifo_async.inst_reg_fifo_async/gen_xpm_cdc_handshake_array[0].inst_cdc_handshake/dest_hsdata_ff_reg[55]} \
          {top_design_i/axi_smc/inst/m02_nodes/m02_w_node/inst/inst_mi_handler/gen_normal_area.inst_fifo_node_payld/gen_reg_fifo_async.inst_reg_fifo_async/gen_xpm_cdc_handshake_array[0].inst_cdc_handshake/dest_hsdata_ff_reg[30]} \
          {top_design_i/axi_smc/inst/m02_nodes/m02_w_node/inst/inst_mi_handler/gen_normal_area.inst_fifo_node_payld/gen_reg_fifo_async.inst_reg_fifo_async/gen_xpm_cdc_handshake_array[0].inst_cdc_handshake/dest_hsdata_ff_reg[31]} \
          {top_design_i/axi_smc/inst/m02_nodes/m02_w_node/inst/inst_mi_handler/gen_normal_area.inst_fifo_node_payld/gen_reg_fifo_async.inst_reg_fifo_async/gen_xpm_cdc_handshake_array[0].inst_cdc_handshake/dest_hsdata_ff_reg[32]} \
          {top_design_i/axi_smc/inst/m02_nodes/m02_w_node/inst/inst_mi_handler/gen_normal_area.inst_fifo_node_payld/gen_reg_fifo_async.inst_reg_fifo_async/gen_xpm_cdc_handshake_array[0].inst_cdc_handshake/dest_hsdata_ff_reg[33]} \
          {top_design_i/axi_smc/inst/m02_nodes/m02_w_node/inst/inst_mi_handler/gen_normal_area.inst_fifo_node_payld/gen_reg_fifo_async.inst_reg_fifo_async/gen_xpm_cdc_handshake_array[0].inst_cdc_handshake/dest_hsdata_ff_reg[34]} \
          {top_design_i/axi_smc/inst/m02_nodes/m02_w_node/inst/inst_mi_handler/gen_normal_area.inst_fifo_node_payld/gen_reg_fifo_async.inst_reg_fifo_async/gen_xpm_cdc_handshake_array[0].inst_cdc_handshake/dest_hsdata_ff_reg[35]} \
          {top_design_i/axi_smc/inst/m02_nodes/m02_w_node/inst/inst_mi_handler/gen_normal_area.inst_fifo_node_payld/gen_reg_fifo_async.inst_reg_fifo_async/gen_xpm_cdc_handshake_array[0].inst_cdc_handshake/dest_hsdata_ff_reg[36]} \
          {top_design_i/axi_smc/inst/m02_nodes/m02_w_node/inst/inst_mi_handler/gen_normal_area.inst_fifo_node_payld/gen_reg_fifo_async.inst_reg_fifo_async/gen_xpm_cdc_handshake_array[0].inst_cdc_handshake/dest_hsdata_ff_reg[37]} \
          {top_design_i/axi_smc/inst/m02_nodes/m02_w_node/inst/inst_mi_handler/gen_normal_area.inst_fifo_node_payld/gen_reg_fifo_async.inst_reg_fifo_async/gen_xpm_cdc_handshake_array[0].inst_cdc_handshake/dest_hsdata_ff_reg[38]} \
          {top_design_i/axi_smc/inst/m02_nodes/m02_w_node/inst/inst_mi_handler/gen_normal_area.inst_fifo_node_payld/gen_reg_fifo_async.inst_reg_fifo_async/gen_xpm_cdc_handshake_array[0].inst_cdc_handshake/dest_hsdata_ff_reg[39]} \
          {top_design_i/axi_smc/inst/m02_nodes/m02_w_node/inst/inst_mi_handler/gen_normal_area.inst_fifo_node_payld/gen_reg_fifo_async.inst_reg_fifo_async/gen_xpm_cdc_handshake_array[0].inst_cdc_handshake/dest_hsdata_ff_reg[56]} \
          {top_design_i/axi_smc/inst/m02_nodes/m02_w_node/inst/inst_mi_handler/gen_normal_area.inst_fifo_node_payld/gen_reg_fifo_async.inst_reg_fifo_async/gen_xpm_cdc_handshake_array[0].inst_cdc_handshake/dest_hsdata_ff_reg[40]} \
          {top_design_i/axi_smc/inst/m02_nodes/m02_w_node/inst/inst_mi_handler/gen_normal_area.inst_fifo_node_payld/gen_reg_fifo_async.inst_reg_fifo_async/gen_xpm_cdc_handshake_array[0].inst_cdc_handshake/dest_hsdata_ff_reg[41]}]] 19.998
Requirement: 19.998ns
Endpoints: 36

From Clock            To Clock              Endpoint Pin                    Reference Pin                   Corner  Actual(ns)  Slack(ns)
--------------------  --------------------  ------------------------------  ------------------------------  ------  ----------  ---------
clk_fpga_0            clk_fpga_1            top_design_i/axi_smc/inst/m02_nodes/m02_w_node/inst/inst_mi_handler/gen_normal_area.inst_fifo_node_payld/gen_reg_fifo_async.inst_reg_fifo_async/gen_xpm_cdc_handshake_array[0].inst_cdc_handshake/dest_hsdata_ff_reg[52]/D
                                                                            top_design_i/axi_smc/inst/m02_nodes/m02_w_node/inst/inst_mi_handler/gen_normal_area.inst_fifo_node_payld/gen_reg_fifo_async.inst_reg_fifo_async/gen_xpm_cdc_handshake_array[0].inst_cdc_handshake/dest_hsdata_ff_reg[22]/D
                                                                                                            Slow         0.725     19.273


Slack (MET) :             19.273ns  (requirement - actual skew)
  Endpoint Source:        top_design_i/axi_smc/inst/m02_nodes/m02_w_node/inst/inst_mi_handler/gen_normal_area.inst_fifo_node_payld/gen_reg_fifo_async.inst_reg_fifo_async/gen_xpm_cdc_handshake_array[0].inst_cdc_handshake/src_hsdata_ff_reg[52]/C
                            (rising edge-triggered cell FDRE clocked by clk_fpga_0)
  Endpoint Destination:   top_design_i/axi_smc/inst/m02_nodes/m02_w_node/inst/inst_mi_handler/gen_normal_area.inst_fifo_node_payld/gen_reg_fifo_async.inst_reg_fifo_async/gen_xpm_cdc_handshake_array[0].inst_cdc_handshake/dest_hsdata_ff_reg[52]/D
                            (rising edge-triggered cell FDRE clocked by clk_fpga_1)
  Reference Source:       top_design_i/axi_smc/inst/m02_nodes/m02_w_node/inst/inst_mi_handler/gen_normal_area.inst_fifo_node_payld/gen_reg_fifo_async.inst_reg_fifo_async/gen_xpm_cdc_handshake_array[0].inst_cdc_handshake/src_hsdata_ff_reg[22]/C
                            (rising edge-triggered cell FDRE clocked by clk_fpga_0)
  Reference Destination:  top_design_i/axi_smc/inst/m02_nodes/m02_w_node/inst/inst_mi_handler/gen_normal_area.inst_fifo_node_payld/gen_reg_fifo_async.inst_reg_fifo_async/gen_xpm_cdc_handshake_array[0].inst_cdc_handshake/dest_hsdata_ff_reg[22]/D
                            (rising edge-triggered cell FDRE clocked by clk_fpga_1)
  Path Type:              Bus Skew (Max at Slow Process Corner)
  Requirement:            19.998ns
  Endpoint Relative Delay:    1.294ns
  Reference Relative Delay:   0.184ns
  Relative CRPR:              0.385ns
  Actual Bus Skew:            0.725ns  (Endpoint Relative Delay - Reference Relative Delay - Relative CRPR)

Endpoint path:
    Location             Delay type                Incr(ns)  Path(ns)    Netlist Resource(s)
  -------------------------------------------------------------------    -------------------
                         (clock clk_fpga_0 rise edge)
                                                      0.000     0.000 r  
    PS7_X0Y0             PS7                          0.000     0.000 r  top_design_i/processing_system7_0/inst/PS7_i/FCLKCLK[0]
                         net (fo=1, routed)           0.994     0.994    top_design_i/processing_system7_0/inst/FCLK_CLK0
    BUFGCTRL_X0Y17       BUFG (Prop_bufg_I_O)         0.085     1.079 r  top_design_i/processing_system7_0/inst/FCLK_CLK0_BUFG_inst/O
                         net (fo=1946, routed)        1.389     2.468    top_design_i/axi_smc/inst/m02_nodes/m02_w_node/inst/inst_mi_handler/gen_normal_area.inst_fifo_node_payld/gen_reg_fifo_async.inst_reg_fifo_async/gen_xpm_cdc_handshake_array[0].inst_cdc_handshake/src_clk
    SLICE_X41Y92         FDRE                                         r  top_design_i/axi_smc/inst/m02_nodes/m02_w_node/inst/inst_mi_handler/gen_normal_area.inst_fifo_node_payld/gen_reg_fifo_async.inst_reg_fifo_async/gen_xpm_cdc_handshake_array[0].inst_cdc_handshake/src_hsdata_ff_reg[52]/C
  -------------------------------------------------------------------    -------------------
    SLICE_X41Y92         FDRE (Prop_fdre_C_Q)         0.348     2.816 r  top_design_i/axi_smc/inst/m02_nodes/m02_w_node/inst/inst_mi_handler/gen_normal_area.inst_fifo_node_payld/gen_reg_fifo_async.inst_reg_fifo_async/gen_xpm_cdc_handshake_array[0].inst_cdc_handshake/src_hsdata_ff_reg[52]/Q
                         net (fo=1, routed)           0.526     3.342    top_design_i/axi_smc/inst/m02_nodes/m02_w_node/inst/inst_mi_handler/gen_normal_area.inst_fifo_node_payld/gen_reg_fifo_async.inst_reg_fifo_async/gen_xpm_cdc_handshake_array[0].inst_cdc_handshake/src_hsdata_ff[52]
    SLICE_X40Y92         FDRE                                         r  top_design_i/axi_smc/inst/m02_nodes/m02_w_node/inst/inst_mi_handler/gen_normal_area.inst_fifo_node_payld/gen_reg_fifo_async.inst_reg_fifo_async/gen_xpm_cdc_handshake_array[0].inst_cdc_handshake/dest_hsdata_ff_reg[52]/D
  -------------------------------------------------------------------    -------------------

                         (clock clk_fpga_1 rise edge)
                                                      0.000     0.000 r  
    PS7_X0Y0             PS7                          0.000     0.000 r  top_design_i/processing_system7_0/inst/PS7_i/FCLKCLK[1]
                         net (fo=1, routed)           0.905     0.905    top_design_i/processing_system7_0/inst/FCLK_CLK_unbuffered[1]
    BUFGCTRL_X0Y16       BUFG (Prop_bufg_I_O)         0.077     0.982 r  top_design_i/processing_system7_0/inst/buffer_fclk_clk_1.FCLK_CLK_1_BUFG/O
                         net (fo=13123, routed)       1.235     2.218    top_design_i/axi_smc/inst/m02_nodes/m02_w_node/inst/inst_mi_handler/gen_normal_area.inst_fifo_node_payld/gen_reg_fifo_async.inst_reg_fifo_async/gen_xpm_cdc_handshake_array[0].inst_cdc_handshake/dest_clk
    SLICE_X40Y92         FDRE                                         r  top_design_i/axi_smc/inst/m02_nodes/m02_w_node/inst/inst_mi_handler/gen_normal_area.inst_fifo_node_payld/gen_reg_fifo_async.inst_reg_fifo_async/gen_xpm_cdc_handshake_array[0].inst_cdc_handshake/dest_hsdata_ff_reg[52]/C
                         clock pessimism              0.000     2.218    
    SLICE_X40Y92         FDRE (Setup_fdre_C_D)       -0.169     2.049    top_design_i/axi_smc/inst/m02_nodes/m02_w_node/inst/inst_mi_handler/gen_normal_area.inst_fifo_node_payld/gen_reg_fifo_async.inst_reg_fifo_async/gen_xpm_cdc_handshake_array[0].inst_cdc_handshake/dest_hsdata_ff_reg[52]
  -------------------------------------------------------------------
                         data arrival                           3.342    
                         clock arrival                          2.049    
  -------------------------------------------------------------------
                         relative delay                         1.294    

Reference path:
    Location             Delay type                Incr(ns)  Path(ns)    Netlist Resource(s)
  -------------------------------------------------------------------    -------------------
                         (clock clk_fpga_0 rise edge)
                                                      0.000     0.000 r  
    PS7_X0Y0             PS7                          0.000     0.000 r  top_design_i/processing_system7_0/inst/PS7_i/FCLKCLK[0]
                         net (fo=1, routed)           0.905     0.905    top_design_i/processing_system7_0/inst/FCLK_CLK0
    BUFGCTRL_X0Y17       BUFG (Prop_bufg_I_O)         0.077     0.982 r  top_design_i/processing_system7_0/inst/FCLK_CLK0_BUFG_inst/O
                         net (fo=1946, routed)        1.233     2.216    top_design_i/axi_smc/inst/m02_nodes/m02_w_node/inst/inst_mi_handler/gen_normal_area.inst_fifo_node_payld/gen_reg_fifo_async.inst_reg_fifo_async/gen_xpm_cdc_handshake_array[0].inst_cdc_handshake/src_clk
    SLICE_X39Y88         FDRE                                         r  top_design_i/axi_smc/inst/m02_nodes/m02_w_node/inst/inst_mi_handler/gen_normal_area.inst_fifo_node_payld/gen_reg_fifo_async.inst_reg_fifo_async/gen_xpm_cdc_handshake_array[0].inst_cdc_handshake/src_hsdata_ff_reg[22]/C
  -------------------------------------------------------------------    -------------------
    SLICE_X39Y88         FDRE (Prop_fdre_C_Q)         0.304     2.520 r  top_design_i/axi_smc/inst/m02_nodes/m02_w_node/inst/inst_mi_handler/gen_normal_area.inst_fifo_node_payld/gen_reg_fifo_async.inst_reg_fifo_async/gen_xpm_cdc_handshake_array[0].inst_cdc_handshake/src_hsdata_ff_reg[22]/Q
                         net (fo=1, routed)           0.331     2.851    top_design_i/axi_smc/inst/m02_nodes/m02_w_node/inst/inst_mi_handler/gen_normal_area.inst_fifo_node_payld/gen_reg_fifo_async.inst_reg_fifo_async/gen_xpm_cdc_handshake_array[0].inst_cdc_handshake/src_hsdata_ff[22]
    SLICE_X38Y88         FDRE                                         r  top_design_i/axi_smc/inst/m02_nodes/m02_w_node/inst/inst_mi_handler/gen_normal_area.inst_fifo_node_payld/gen_reg_fifo_async.inst_reg_fifo_async/gen_xpm_cdc_handshake_array[0].inst_cdc_handshake/dest_hsdata_ff_reg[22]/D
  -------------------------------------------------------------------    -------------------

                         (clock clk_fpga_1 rise edge)
                                                      0.000     0.000 r  
    PS7_X0Y0             PS7                          0.000     0.000 r  top_design_i/processing_system7_0/inst/PS7_i/FCLKCLK[1]
                         net (fo=1, routed)           0.994     0.994    top_design_i/processing_system7_0/inst/FCLK_CLK_unbuffered[1]
    BUFGCTRL_X0Y16       BUFG (Prop_bufg_I_O)         0.085     1.079 r  top_design_i/processing_system7_0/inst/buffer_fclk_clk_1.FCLK_CLK_1_BUFG/O
                         net (fo=13123, routed)       1.387     2.466    top_design_i/axi_smc/inst/m02_nodes/m02_w_node/inst/inst_mi_handler/gen_normal_area.inst_fifo_node_payld/gen_reg_fifo_async.inst_reg_fifo_async/gen_xpm_cdc_handshake_array[0].inst_cdc_handshake/dest_clk
    SLICE_X38Y88         FDRE                                         r  top_design_i/axi_smc/inst/m02_nodes/m02_w_node/inst/inst_mi_handler/gen_normal_area.inst_fifo_node_payld/gen_reg_fifo_async.inst_reg_fifo_async/gen_xpm_cdc_handshake_array[0].inst_cdc_handshake/dest_hsdata_ff_reg[22]/C
                         clock pessimism              0.000     2.466    
    SLICE_X38Y88         FDRE (Hold_fdre_C_D)         0.201     2.667    top_design_i/axi_smc/inst/m02_nodes/m02_w_node/inst/inst_mi_handler/gen_normal_area.inst_fifo_node_payld/gen_reg_fifo_async.inst_reg_fifo_async/gen_xpm_cdc_handshake_array[0].inst_cdc_handshake/dest_hsdata_ff_reg[22]
  -------------------------------------------------------------------
                         data arrival                           2.851    
                         clock arrival                          2.667    
  -------------------------------------------------------------------
                         relative delay                         0.184    



Id: 12
set_bus_skew -from [get_cells [list {top_design_i/axi_smc/inst/m04_nodes/m04_w_node/inst/inst_mi_handler/gen_normal_area.inst_fifo_node_payld/gen_reg_fifo_async.inst_reg_fifo_async/gen_xpm_cdc_handshake_array[0].inst_cdc_handshake/src_hsdata_ff_reg[31]} \
          {top_design_i/axi_smc/inst/m04_nodes/m04_w_node/inst/inst_mi_handler/gen_normal_area.inst_fifo_node_payld/gen_reg_fifo_async.inst_reg_fifo_async/gen_xpm_cdc_handshake_array[0].inst_cdc_handshake/src_hsdata_ff_reg[32]} \
          {top_design_i/axi_smc/inst/m04_nodes/m04_w_node/inst/inst_mi_handler/gen_normal_area.inst_fifo_node_payld/gen_reg_fifo_async.inst_reg_fifo_async/gen_xpm_cdc_handshake_array[0].inst_cdc_handshake/src_hsdata_ff_reg[33]} \
          {top_design_i/axi_smc/inst/m04_nodes/m04_w_node/inst/inst_mi_handler/gen_normal_area.inst_fifo_node_payld/gen_reg_fifo_async.inst_reg_fifo_async/gen_xpm_cdc_handshake_array[0].inst_cdc_handshake/src_hsdata_ff_reg[34]} \
          {top_design_i/axi_smc/inst/m04_nodes/m04_w_node/inst/inst_mi_handler/gen_normal_area.inst_fifo_node_payld/gen_reg_fifo_async.inst_reg_fifo_async/gen_xpm_cdc_handshake_array[0].inst_cdc_handshake/src_hsdata_ff_reg[35]} \
          {top_design_i/axi_smc/inst/m04_nodes/m04_w_node/inst/inst_mi_handler/gen_normal_area.inst_fifo_node_payld/gen_reg_fifo_async.inst_reg_fifo_async/gen_xpm_cdc_handshake_array[0].inst_cdc_handshake/src_hsdata_ff_reg[36]} \
          {top_design_i/axi_smc/inst/m04_nodes/m04_w_node/inst/inst_mi_handler/gen_normal_area.inst_fifo_node_payld/gen_reg_fifo_async.inst_reg_fifo_async/gen_xpm_cdc_handshake_array[0].inst_cdc_handshake/src_hsdata_ff_reg[37]} \
          {top_design_i/axi_smc/inst/m04_nodes/m04_w_node/inst/inst_mi_handler/gen_normal_area.inst_fifo_node_payld/gen_reg_fifo_async.inst_reg_fifo_async/gen_xpm_cdc_handshake_array[0].inst_cdc_handshake/src_hsdata_ff_reg[38]} \
          {top_design_i/axi_smc/inst/m04_nodes/m04_w_node/inst/inst_mi_handler/gen_normal_area.inst_fifo_node_payld/gen_reg_fifo_async.inst_reg_fifo_async/gen_xpm_cdc_handshake_array[0].inst_cdc_handshake/src_hsdata_ff_reg[39]} \
          {top_design_i/axi_smc/inst/m04_nodes/m04_w_node/inst/inst_mi_handler/gen_normal_area.inst_fifo_node_payld/gen_reg_fifo_async.inst_reg_fifo_async/gen_xpm_cdc_handshake_array[0].inst_cdc_handshake/src_hsdata_ff_reg[22]} \
          {top_design_i/axi_smc/inst/m04_nodes/m04_w_node/inst/inst_mi_handler/gen_normal_area.inst_fifo_node_payld/gen_reg_fifo_async.inst_reg_fifo_async/gen_xpm_cdc_handshake_array[0].inst_cdc_handshake/src_hsdata_ff_reg[23]} \
          {top_design_i/axi_smc/inst/m04_nodes/m04_w_node/inst/inst_mi_handler/gen_normal_area.inst_fifo_node_payld/gen_reg_fifo_async.inst_reg_fifo_async/gen_xpm_cdc_handshake_array[0].inst_cdc_handshake/src_hsdata_ff_reg[24]} \
          {top_design_i/axi_smc/inst/m04_nodes/m04_w_node/inst/inst_mi_handler/gen_normal_area.inst_fifo_node_payld/gen_reg_fifo_async.inst_reg_fifo_async/gen_xpm_cdc_handshake_array[0].inst_cdc_handshake/src_hsdata_ff_reg[25]} \
          {top_design_i/axi_smc/inst/m04_nodes/m04_w_node/inst/inst_mi_handler/gen_normal_area.inst_fifo_node_payld/gen_reg_fifo_async.inst_reg_fifo_async/gen_xpm_cdc_handshake_array[0].inst_cdc_handshake/src_hsdata_ff_reg[26]} \
          {top_design_i/axi_smc/inst/m04_nodes/m04_w_node/inst/inst_mi_handler/gen_normal_area.inst_fifo_node_payld/gen_reg_fifo_async.inst_reg_fifo_async/gen_xpm_cdc_handshake_array[0].inst_cdc_handshake/src_hsdata_ff_reg[27]} \
          {top_design_i/axi_smc/inst/m04_nodes/m04_w_node/inst/inst_mi_handler/gen_normal_area.inst_fifo_node_payld/gen_reg_fifo_async.inst_reg_fifo_async/gen_xpm_cdc_handshake_array[0].inst_cdc_handshake/src_hsdata_ff_reg[28]} \
          {top_design_i/axi_smc/inst/m04_nodes/m04_w_node/inst/inst_mi_handler/gen_normal_area.inst_fifo_node_payld/gen_reg_fifo_async.inst_reg_fifo_async/gen_xpm_cdc_handshake_array[0].inst_cdc_handshake/src_hsdata_ff_reg[29]} \
          {top_design_i/axi_smc/inst/m04_nodes/m04_w_node/inst/inst_mi_handler/gen_normal_area.inst_fifo_node_payld/gen_reg_fifo_async.inst_reg_fifo_async/gen_xpm_cdc_handshake_array[0].inst_cdc_handshake/src_hsdata_ff_reg[30]}]] -to [get_cells [list {top_design_i/axi_smc/inst/m04_nodes/m04_w_node/inst/inst_mi_handler/gen_normal_area.inst_fifo_node_payld/gen_reg_fifo_async.inst_reg_fifo_async/gen_xpm_cdc_handshake_array[0].inst_cdc_handshake/dest_hsdata_ff_reg[26]} \
          {top_design_i/axi_smc/inst/m04_nodes/m04_w_node/inst/inst_mi_handler/gen_normal_area.inst_fifo_node_payld/gen_reg_fifo_async.inst_reg_fifo_async/gen_xpm_cdc_handshake_array[0].inst_cdc_handshake/dest_hsdata_ff_reg[27]} \
          {top_design_i/axi_smc/inst/m04_nodes/m04_w_node/inst/inst_mi_handler/gen_normal_area.inst_fifo_node_payld/gen_reg_fifo_async.inst_reg_fifo_async/gen_xpm_cdc_handshake_array[0].inst_cdc_handshake/dest_hsdata_ff_reg[28]} \
          {top_design_i/axi_smc/inst/m04_nodes/m04_w_node/inst/inst_mi_handler/gen_normal_area.inst_fifo_node_payld/gen_reg_fifo_async.inst_reg_fifo_async/gen_xpm_cdc_handshake_array[0].inst_cdc_handshake/dest_hsdata_ff_reg[29]} \
          {top_design_i/axi_smc/inst/m04_nodes/m04_w_node/inst/inst_mi_handler/gen_normal_area.inst_fifo_node_payld/gen_reg_fifo_async.inst_reg_fifo_async/gen_xpm_cdc_handshake_array[0].inst_cdc_handshake/dest_hsdata_ff_reg[39]} \
          {top_design_i/axi_smc/inst/m04_nodes/m04_w_node/inst/inst_mi_handler/gen_normal_area.inst_fifo_node_payld/gen_reg_fifo_async.inst_reg_fifo_async/gen_xpm_cdc_handshake_array[0].inst_cdc_handshake/dest_hsdata_ff_reg[30]} \
          {top_design_i/axi_smc/inst/m04_nodes/m04_w_node/inst/inst_mi_handler/gen_normal_area.inst_fifo_node_payld/gen_reg_fifo_async.inst_reg_fifo_async/gen_xpm_cdc_handshake_array[0].inst_cdc_handshake/dest_hsdata_ff_reg[31]} \
          {top_design_i/axi_smc/inst/m04_nodes/m04_w_node/inst/inst_mi_handler/gen_normal_area.inst_fifo_node_payld/gen_reg_fifo_async.inst_reg_fifo_async/gen_xpm_cdc_handshake_array[0].inst_cdc_handshake/dest_hsdata_ff_reg[32]} \
          {top_design_i/axi_smc/inst/m04_nodes/m04_w_node/inst/inst_mi_handler/gen_normal_area.inst_fifo_node_payld/gen_reg_fifo_async.inst_reg_fifo_async/gen_xpm_cdc_handshake_array[0].inst_cdc_handshake/dest_hsdata_ff_reg[33]} \
          {top_design_i/axi_smc/inst/m04_nodes/m04_w_node/inst/inst_mi_handler/gen_normal_area.inst_fifo_node_payld/gen_reg_fifo_async.inst_reg_fifo_async/gen_xpm_cdc_handshake_array[0].inst_cdc_handshake/dest_hsdata_ff_reg[34]} \
          {top_design_i/axi_smc/inst/m04_nodes/m04_w_node/inst/inst_mi_handler/gen_normal_area.inst_fifo_node_payld/gen_reg_fifo_async.inst_reg_fifo_async/gen_xpm_cdc_handshake_array[0].inst_cdc_handshake/dest_hsdata_ff_reg[35]} \
          {top_design_i/axi_smc/inst/m04_nodes/m04_w_node/inst/inst_mi_handler/gen_normal_area.inst_fifo_node_payld/gen_reg_fifo_async.inst_reg_fifo_async/gen_xpm_cdc_handshake_array[0].inst_cdc_handshake/dest_hsdata_ff_reg[36]} \
          {top_design_i/axi_smc/inst/m04_nodes/m04_w_node/inst/inst_mi_handler/gen_normal_area.inst_fifo_node_payld/gen_reg_fifo_async.inst_reg_fifo_async/gen_xpm_cdc_handshake_array[0].inst_cdc_handshake/dest_hsdata_ff_reg[37]} \
          {top_design_i/axi_smc/inst/m04_nodes/m04_w_node/inst/inst_mi_handler/gen_normal_area.inst_fifo_node_payld/gen_reg_fifo_async.inst_reg_fifo_async/gen_xpm_cdc_handshake_array[0].inst_cdc_handshake/dest_hsdata_ff_reg[38]} \
          {top_design_i/axi_smc/inst/m04_nodes/m04_w_node/inst/inst_mi_handler/gen_normal_area.inst_fifo_node_payld/gen_reg_fifo_async.inst_reg_fifo_async/gen_xpm_cdc_handshake_array[0].inst_cdc_handshake/dest_hsdata_ff_reg[22]} \
          {top_design_i/axi_smc/inst/m04_nodes/m04_w_node/inst/inst_mi_handler/gen_normal_area.inst_fifo_node_payld/gen_reg_fifo_async.inst_reg_fifo_async/gen_xpm_cdc_handshake_array[0].inst_cdc_handshake/dest_hsdata_ff_reg[23]} \
          {top_design_i/axi_smc/inst/m04_nodes/m04_w_node/inst/inst_mi_handler/gen_normal_area.inst_fifo_node_payld/gen_reg_fifo_async.inst_reg_fifo_async/gen_xpm_cdc_handshake_array[0].inst_cdc_handshake/dest_hsdata_ff_reg[24]} \
          {top_design_i/axi_smc/inst/m04_nodes/m04_w_node/inst/inst_mi_handler/gen_normal_area.inst_fifo_node_payld/gen_reg_fifo_async.inst_reg_fifo_async/gen_xpm_cdc_handshake_array[0].inst_cdc_handshake/dest_hsdata_ff_reg[25]}]] 19.998
Requirement: 19.998ns
Endpoints: 18

From Clock            To Clock              Endpoint Pin                    Reference Pin                   Corner  Actual(ns)  Slack(ns)
--------------------  --------------------  ------------------------------  ------------------------------  ------  ----------  ---------
clk_fpga_0            clk_fpga_1            top_design_i/axi_smc/inst/m04_nodes/m04_w_node/inst/inst_mi_handler/gen_normal_area.inst_fifo_node_payld/gen_reg_fifo_async.inst_reg_fifo_async/gen_xpm_cdc_handshake_array[0].inst_cdc_handshake/dest_hsdata_ff_reg[38]/D
                                                                            top_design_i/axi_smc/inst/m04_nodes/m04_w_node/inst/inst_mi_handler/gen_normal_area.inst_fifo_node_payld/gen_reg_fifo_async.inst_reg_fifo_async/gen_xpm_cdc_handshake_array[0].inst_cdc_handshake/dest_hsdata_ff_reg[22]/D
                                                                                                            Slow         0.677     19.321


Slack (MET) :             19.321ns  (requirement - actual skew)
  Endpoint Source:        top_design_i/axi_smc/inst/m04_nodes/m04_w_node/inst/inst_mi_handler/gen_normal_area.inst_fifo_node_payld/gen_reg_fifo_async.inst_reg_fifo_async/gen_xpm_cdc_handshake_array[0].inst_cdc_handshake/src_hsdata_ff_reg[38]/C
                            (rising edge-triggered cell FDRE clocked by clk_fpga_0)
  Endpoint Destination:   top_design_i/axi_smc/inst/m04_nodes/m04_w_node/inst/inst_mi_handler/gen_normal_area.inst_fifo_node_payld/gen_reg_fifo_async.inst_reg_fifo_async/gen_xpm_cdc_handshake_array[0].inst_cdc_handshake/dest_hsdata_ff_reg[38]/D
                            (rising edge-triggered cell FDRE clocked by clk_fpga_1)
  Reference Source:       top_design_i/axi_smc/inst/m04_nodes/m04_w_node/inst/inst_mi_handler/gen_normal_area.inst_fifo_node_payld/gen_reg_fifo_async.inst_reg_fifo_async/gen_xpm_cdc_handshake_array[0].inst_cdc_handshake/src_hsdata_ff_reg[22]/C
                            (rising edge-triggered cell FDRE clocked by clk_fpga_0)
  Reference Destination:  top_design_i/axi_smc/inst/m04_nodes/m04_w_node/inst/inst_mi_handler/gen_normal_area.inst_fifo_node_payld/gen_reg_fifo_async.inst_reg_fifo_async/gen_xpm_cdc_handshake_array[0].inst_cdc_handshake/dest_hsdata_ff_reg[22]/D
                            (rising edge-triggered cell FDRE clocked by clk_fpga_1)
  Path Type:              Bus Skew (Max at Slow Process Corner)
  Requirement:            19.998ns
  Endpoint Relative Delay:    1.291ns
  Reference Relative Delay:   0.196ns
  Relative CRPR:              0.419ns
  Actual Bus Skew:            0.677ns  (Endpoint Relative Delay - Reference Relative Delay - Relative CRPR)

Endpoint path:
    Location             Delay type                Incr(ns)  Path(ns)    Netlist Resource(s)
  -------------------------------------------------------------------    -------------------
                         (clock clk_fpga_0 rise edge)
                                                      0.000     0.000 r  
    PS7_X0Y0             PS7                          0.000     0.000 r  top_design_i/processing_system7_0/inst/PS7_i/FCLKCLK[0]
                         net (fo=1, routed)           0.994     0.994    top_design_i/processing_system7_0/inst/FCLK_CLK0
    BUFGCTRL_X0Y17       BUFG (Prop_bufg_I_O)         0.085     1.079 r  top_design_i/processing_system7_0/inst/FCLK_CLK0_BUFG_inst/O
                         net (fo=1946, routed)        1.425     2.504    top_design_i/axi_smc/inst/m04_nodes/m04_w_node/inst/inst_mi_handler/gen_normal_area.inst_fifo_node_payld/gen_reg_fifo_async.inst_reg_fifo_async/gen_xpm_cdc_handshake_array[0].inst_cdc_handshake/src_clk
    SLICE_X60Y74         FDRE                                         r  top_design_i/axi_smc/inst/m04_nodes/m04_w_node/inst/inst_mi_handler/gen_normal_area.inst_fifo_node_payld/gen_reg_fifo_async.inst_reg_fifo_async/gen_xpm_cdc_handshake_array[0].inst_cdc_handshake/src_hsdata_ff_reg[38]/C
  -------------------------------------------------------------------    -------------------
    SLICE_X60Y74         FDRE (Prop_fdre_C_Q)         0.348     2.852 r  top_design_i/axi_smc/inst/m04_nodes/m04_w_node/inst/inst_mi_handler/gen_normal_area.inst_fifo_node_payld/gen_reg_fifo_async.inst_reg_fifo_async/gen_xpm_cdc_handshake_array[0].inst_cdc_handshake/src_hsdata_ff_reg[38]/Q
                         net (fo=1, routed)           0.500     3.352    top_design_i/axi_smc/inst/m04_nodes/m04_w_node/inst/inst_mi_handler/gen_normal_area.inst_fifo_node_payld/gen_reg_fifo_async.inst_reg_fifo_async/gen_xpm_cdc_handshake_array[0].inst_cdc_handshake/src_hsdata_ff[38]
    SLICE_X60Y71         FDRE                                         r  top_design_i/axi_smc/inst/m04_nodes/m04_w_node/inst/inst_mi_handler/gen_normal_area.inst_fifo_node_payld/gen_reg_fifo_async.inst_reg_fifo_async/gen_xpm_cdc_handshake_array[0].inst_cdc_handshake/dest_hsdata_ff_reg[38]/D
  -------------------------------------------------------------------    -------------------

                         (clock clk_fpga_1 rise edge)
                                                      0.000     0.000 r  
    PS7_X0Y0             PS7                          0.000     0.000 r  top_design_i/processing_system7_0/inst/PS7_i/FCLKCLK[1]
                         net (fo=1, routed)           0.905     0.905    top_design_i/processing_system7_0/inst/FCLK_CLK_unbuffered[1]
    BUFGCTRL_X0Y16       BUFG (Prop_bufg_I_O)         0.077     0.982 r  top_design_i/processing_system7_0/inst/buffer_fclk_clk_1.FCLK_CLK_1_BUFG/O
                         net (fo=13123, routed)       1.274     2.257    top_design_i/axi_smc/inst/m04_nodes/m04_w_node/inst/inst_mi_handler/gen_normal_area.inst_fifo_node_payld/gen_reg_fifo_async.inst_reg_fifo_async/gen_xpm_cdc_handshake_array[0].inst_cdc_handshake/dest_clk
    SLICE_X60Y71         FDRE                                         r  top_design_i/axi_smc/inst/m04_nodes/m04_w_node/inst/inst_mi_handler/gen_normal_area.inst_fifo_node_payld/gen_reg_fifo_async.inst_reg_fifo_async/gen_xpm_cdc_handshake_array[0].inst_cdc_handshake/dest_hsdata_ff_reg[38]/C
                         clock pessimism              0.000     2.257    
    SLICE_X60Y71         FDRE (Setup_fdre_C_D)       -0.196     2.061    top_design_i/axi_smc/inst/m04_nodes/m04_w_node/inst/inst_mi_handler/gen_normal_area.inst_fifo_node_payld/gen_reg_fifo_async.inst_reg_fifo_async/gen_xpm_cdc_handshake_array[0].inst_cdc_handshake/dest_hsdata_ff_reg[38]
  -------------------------------------------------------------------
                         data arrival                           3.352    
                         clock arrival                          2.061    
  -------------------------------------------------------------------
                         relative delay                         1.291    

Reference path:
    Location             Delay type                Incr(ns)  Path(ns)    Netlist Resource(s)
  -------------------------------------------------------------------    -------------------
                         (clock clk_fpga_0 rise edge)
                                                      0.000     0.000 r  
    PS7_X0Y0             PS7                          0.000     0.000 r  top_design_i/processing_system7_0/inst/PS7_i/FCLKCLK[0]
                         net (fo=1, routed)           0.905     0.905    top_design_i/processing_system7_0/inst/FCLK_CLK0
    BUFGCTRL_X0Y17       BUFG (Prop_bufg_I_O)         0.077     0.982 r  top_design_i/processing_system7_0/inst/FCLK_CLK0_BUFG_inst/O
                         net (fo=1946, routed)        1.271     2.254    top_design_i/axi_smc/inst/m04_nodes/m04_w_node/inst/inst_mi_handler/gen_normal_area.inst_fifo_node_payld/gen_reg_fifo_async.inst_reg_fifo_async/gen_xpm_cdc_handshake_array[0].inst_cdc_handshake/src_clk
    SLICE_X63Y75         FDRE                                         r  top_design_i/axi_smc/inst/m04_nodes/m04_w_node/inst/inst_mi_handler/gen_normal_area.inst_fifo_node_payld/gen_reg_fifo_async.inst_reg_fifo_async/gen_xpm_cdc_handshake_array[0].inst_cdc_handshake/src_hsdata_ff_reg[22]/C
  -------------------------------------------------------------------    -------------------
    SLICE_X63Y75         FDRE (Prop_fdre_C_Q)         0.304     2.558 r  top_design_i/axi_smc/inst/m04_nodes/m04_w_node/inst/inst_mi_handler/gen_normal_area.inst_fifo_node_payld/gen_reg_fifo_async.inst_reg_fifo_async/gen_xpm_cdc_handshake_array[0].inst_cdc_handshake/src_hsdata_ff_reg[22]/Q
                         net (fo=1, routed)           0.343     2.901    top_design_i/axi_smc/inst/m04_nodes/m04_w_node/inst/inst_mi_handler/gen_normal_area.inst_fifo_node_payld/gen_reg_fifo_async.inst_reg_fifo_async/gen_xpm_cdc_handshake_array[0].inst_cdc_handshake/src_hsdata_ff[22]
    SLICE_X62Y74         FDRE                                         r  top_design_i/axi_smc/inst/m04_nodes/m04_w_node/inst/inst_mi_handler/gen_normal_area.inst_fifo_node_payld/gen_reg_fifo_async.inst_reg_fifo_async/gen_xpm_cdc_handshake_array[0].inst_cdc_handshake/dest_hsdata_ff_reg[22]/D
  -------------------------------------------------------------------    -------------------

                         (clock clk_fpga_1 rise edge)
                                                      0.000     0.000 r  
    PS7_X0Y0             PS7                          0.000     0.000 r  top_design_i/processing_system7_0/inst/PS7_i/FCLKCLK[1]
                         net (fo=1, routed)           0.994     0.994    top_design_i/processing_system7_0/inst/FCLK_CLK_unbuffered[1]
    BUFGCTRL_X0Y16       BUFG (Prop_bufg_I_O)         0.085     1.079 r  top_design_i/processing_system7_0/inst/buffer_fclk_clk_1.FCLK_CLK_1_BUFG/O
                         net (fo=13123, routed)       1.425     2.504    top_design_i/axi_smc/inst/m04_nodes/m04_w_node/inst/inst_mi_handler/gen_normal_area.inst_fifo_node_payld/gen_reg_fifo_async.inst_reg_fifo_async/gen_xpm_cdc_handshake_array[0].inst_cdc_handshake/dest_clk
    SLICE_X62Y74         FDRE                                         r  top_design_i/axi_smc/inst/m04_nodes/m04_w_node/inst/inst_mi_handler/gen_normal_area.inst_fifo_node_payld/gen_reg_fifo_async.inst_reg_fifo_async/gen_xpm_cdc_handshake_array[0].inst_cdc_handshake/dest_hsdata_ff_reg[22]/C
                         clock pessimism              0.000     2.504    
    SLICE_X62Y74         FDRE (Hold_fdre_C_D)         0.201     2.705    top_design_i/axi_smc/inst/m04_nodes/m04_w_node/inst/inst_mi_handler/gen_normal_area.inst_fifo_node_payld/gen_reg_fifo_async.inst_reg_fifo_async/gen_xpm_cdc_handshake_array[0].inst_cdc_handshake/dest_hsdata_ff_reg[22]
  -------------------------------------------------------------------
                         data arrival                           2.901    
                         clock arrival                          2.705    
  -------------------------------------------------------------------
                         relative delay                         0.196    



Id: 13
set_bus_skew -from [get_cells [list {top_design_i/axi_smc/inst/m03_nodes/m03_w_node/inst/inst_mi_handler/gen_normal_area.inst_fifo_node_payld/gen_reg_fifo_async.inst_reg_fifo_async/gen_xpm_cdc_handshake_array[0].inst_cdc_handshake/src_hsdata_ff_reg[49]} \
          {top_design_i/axi_smc/inst/m03_nodes/m03_w_node/inst/inst_mi_handler/gen_normal_area.inst_fifo_node_payld/gen_reg_fifo_async.inst_reg_fifo_async/gen_xpm_cdc_handshake_array[0].inst_cdc_handshake/src_hsdata_ff_reg[50]} \
          {top_design_i/axi_smc/inst/m03_nodes/m03_w_node/inst/inst_mi_handler/gen_normal_area.inst_fifo_node_payld/gen_reg_fifo_async.inst_reg_fifo_async/gen_xpm_cdc_handshake_array[0].inst_cdc_handshake/src_hsdata_ff_reg[51]} \
          {top_design_i/axi_smc/inst/m03_nodes/m03_w_node/inst/inst_mi_handler/gen_normal_area.inst_fifo_node_payld/gen_reg_fifo_async.inst_reg_fifo_async/gen_xpm_cdc_handshake_array[0].inst_cdc_handshake/src_hsdata_ff_reg[52]} \
          {top_design_i/axi_smc/inst/m03_nodes/m03_w_node/inst/inst_mi_handler/gen_normal_area.inst_fifo_node_payld/gen_reg_fifo_async.inst_reg_fifo_async/gen_xpm_cdc_handshake_array[0].inst_cdc_handshake/src_hsdata_ff_reg[57]} \
          {top_design_i/axi_smc/inst/m03_nodes/m03_w_node/inst/inst_mi_handler/gen_normal_area.inst_fifo_node_payld/gen_reg_fifo_async.inst_reg_fifo_async/gen_xpm_cdc_handshake_array[0].inst_cdc_handshake/src_hsdata_ff_reg[56]} \
          {top_design_i/axi_smc/inst/m03_nodes/m03_w_node/inst/inst_mi_handler/gen_normal_area.inst_fifo_node_payld/gen_reg_fifo_async.inst_reg_fifo_async/gen_xpm_cdc_handshake_array[0].inst_cdc_handshake/src_hsdata_ff_reg[55]} \
          {top_design_i/axi_smc/inst/m03_nodes/m03_w_node/inst/inst_mi_handler/gen_normal_area.inst_fifo_node_payld/gen_reg_fifo_async.inst_reg_fifo_async/gen_xpm_cdc_handshake_array[0].inst_cdc_handshake/src_hsdata_ff_reg[54]} \
          {top_design_i/axi_smc/inst/m03_nodes/m03_w_node/inst/inst_mi_handler/gen_normal_area.inst_fifo_node_payld/gen_reg_fifo_async.inst_reg_fifo_async/gen_xpm_cdc_handshake_array[0].inst_cdc_handshake/src_hsdata_ff_reg[53]} \
          {top_design_i/axi_smc/inst/m03_nodes/m03_w_node/inst/inst_mi_handler/gen_normal_area.inst_fifo_node_payld/gen_reg_fifo_async.inst_reg_fifo_async/gen_xpm_cdc_handshake_array[0].inst_cdc_handshake/src_hsdata_ff_reg[22]} \
          {top_design_i/axi_smc/inst/m03_nodes/m03_w_node/inst/inst_mi_handler/gen_normal_area.inst_fifo_node_payld/gen_reg_fifo_async.inst_reg_fifo_async/gen_xpm_cdc_handshake_array[0].inst_cdc_handshake/src_hsdata_ff_reg[23]} \
          {top_design_i/axi_smc/inst/m03_nodes/m03_w_node/inst/inst_mi_handler/gen_normal_area.inst_fifo_node_payld/gen_reg_fifo_async.inst_reg_fifo_async/gen_xpm_cdc_handshake_array[0].inst_cdc_handshake/src_hsdata_ff_reg[24]} \
          {top_design_i/axi_smc/inst/m03_nodes/m03_w_node/inst/inst_mi_handler/gen_normal_area.inst_fifo_node_payld/gen_reg_fifo_async.inst_reg_fifo_async/gen_xpm_cdc_handshake_array[0].inst_cdc_handshake/src_hsdata_ff_reg[25]} \
          {top_design_i/axi_smc/inst/m03_nodes/m03_w_node/inst/inst_mi_handler/gen_normal_area.inst_fifo_node_payld/gen_reg_fifo_async.inst_reg_fifo_async/gen_xpm_cdc_handshake_array[0].inst_cdc_handshake/src_hsdata_ff_reg[26]} \
          {top_design_i/axi_smc/inst/m03_nodes/m03_w_node/inst/inst_mi_handler/gen_normal_area.inst_fifo_node_payld/gen_reg_fifo_async.inst_reg_fifo_async/gen_xpm_cdc_handshake_array[0].inst_cdc_handshake/src_hsdata_ff_reg[27]} \
          {top_design_i/axi_smc/inst/m03_nodes/m03_w_node/inst/inst_mi_handler/gen_normal_area.inst_fifo_node_payld/gen_reg_fifo_async.inst_reg_fifo_async/gen_xpm_cdc_handshake_array[0].inst_cdc_handshake/src_hsdata_ff_reg[28]} \
          {top_design_i/axi_smc/inst/m03_nodes/m03_w_node/inst/inst_mi_handler/gen_normal_area.inst_fifo_node_payld/gen_reg_fifo_async.inst_reg_fifo_async/gen_xpm_cdc_handshake_array[0].inst_cdc_handshake/src_hsdata_ff_reg[29]} \
          {top_design_i/axi_smc/inst/m03_nodes/m03_w_node/inst/inst_mi_handler/gen_normal_area.inst_fifo_node_payld/gen_reg_fifo_async.inst_reg_fifo_async/gen_xpm_cdc_handshake_array[0].inst_cdc_handshake/src_hsdata_ff_reg[30]} \
          {top_design_i/axi_smc/inst/m03_nodes/m03_w_node/inst/inst_mi_handler/gen_normal_area.inst_fifo_node_payld/gen_reg_fifo_async.inst_reg_fifo_async/gen_xpm_cdc_handshake_array[0].inst_cdc_handshake/src_hsdata_ff_reg[31]} \
          {top_design_i/axi_smc/inst/m03_nodes/m03_w_node/inst/inst_mi_handler/gen_normal_area.inst_fifo_node_payld/gen_reg_fifo_async.inst_reg_fifo_async/gen_xpm_cdc_handshake_array[0].inst_cdc_handshake/src_hsdata_ff_reg[32]} \
          {top_design_i/axi_smc/inst/m03_nodes/m03_w_node/inst/inst_mi_handler/gen_normal_area.inst_fifo_node_payld/gen_reg_fifo_async.inst_reg_fifo_async/gen_xpm_cdc_handshake_array[0].inst_cdc_handshake/src_hsdata_ff_reg[33]} \
          {top_design_i/axi_smc/inst/m03_nodes/m03_w_node/inst/inst_mi_handler/gen_normal_area.inst_fifo_node_payld/gen_reg_fifo_async.inst_reg_fifo_async/gen_xpm_cdc_handshake_array[0].inst_cdc_handshake/src_hsdata_ff_reg[34]} \
          {top_design_i/axi_smc/inst/m03_nodes/m03_w_node/inst/inst_mi_handler/gen_normal_area.inst_fifo_node_payld/gen_reg_fifo_async.inst_reg_fifo_async/gen_xpm_cdc_handshake_array[0].inst_cdc_handshake/src_hsdata_ff_reg[35]} \
          {top_design_i/axi_smc/inst/m03_nodes/m03_w_node/inst/inst_mi_handler/gen_normal_area.inst_fifo_node_payld/gen_reg_fifo_async.inst_reg_fifo_async/gen_xpm_cdc_handshake_array[0].inst_cdc_handshake/src_hsdata_ff_reg[36]} \
          {top_design_i/axi_smc/inst/m03_nodes/m03_w_node/inst/inst_mi_handler/gen_normal_area.inst_fifo_node_payld/gen_reg_fifo_async.inst_reg_fifo_async/gen_xpm_cdc_handshake_array[0].inst_cdc_handshake/src_hsdata_ff_reg[37]} \
          {top_design_i/axi_smc/inst/m03_nodes/m03_w_node/inst/inst_mi_handler/gen_normal_area.inst_fifo_node_payld/gen_reg_fifo_async.inst_reg_fifo_async/gen_xpm_cdc_handshake_array[0].inst_cdc_handshake/src_hsdata_ff_reg[38]} \
          {top_design_i/axi_smc/inst/m03_nodes/m03_w_node/inst/inst_mi_handler/gen_normal_area.inst_fifo_node_payld/gen_reg_fifo_async.inst_reg_fifo_async/gen_xpm_cdc_handshake_array[0].inst_cdc_handshake/src_hsdata_ff_reg[39]} \
          {top_design_i/axi_smc/inst/m03_nodes/m03_w_node/inst/inst_mi_handler/gen_normal_area.inst_fifo_node_payld/gen_reg_fifo_async.inst_reg_fifo_async/gen_xpm_cdc_handshake_array[0].inst_cdc_handshake/src_hsdata_ff_reg[40]} \
          {top_design_i/axi_smc/inst/m03_nodes/m03_w_node/inst/inst_mi_handler/gen_normal_area.inst_fifo_node_payld/gen_reg_fifo_async.inst_reg_fifo_async/gen_xpm_cdc_handshake_array[0].inst_cdc_handshake/src_hsdata_ff_reg[41]} \
          {top_design_i/axi_smc/inst/m03_nodes/m03_w_node/inst/inst_mi_handler/gen_normal_area.inst_fifo_node_payld/gen_reg_fifo_async.inst_reg_fifo_async/gen_xpm_cdc_handshake_array[0].inst_cdc_handshake/src_hsdata_ff_reg[42]} \
          {top_design_i/axi_smc/inst/m03_nodes/m03_w_node/inst/inst_mi_handler/gen_normal_area.inst_fifo_node_payld/gen_reg_fifo_async.inst_reg_fifo_async/gen_xpm_cdc_handshake_array[0].inst_cdc_handshake/src_hsdata_ff_reg[43]} \
          {top_design_i/axi_smc/inst/m03_nodes/m03_w_node/inst/inst_mi_handler/gen_normal_area.inst_fifo_node_payld/gen_reg_fifo_async.inst_reg_fifo_async/gen_xpm_cdc_handshake_array[0].inst_cdc_handshake/src_hsdata_ff_reg[44]} \
          {top_design_i/axi_smc/inst/m03_nodes/m03_w_node/inst/inst_mi_handler/gen_normal_area.inst_fifo_node_payld/gen_reg_fifo_async.inst_reg_fifo_async/gen_xpm_cdc_handshake_array[0].inst_cdc_handshake/src_hsdata_ff_reg[45]} \
          {top_design_i/axi_smc/inst/m03_nodes/m03_w_node/inst/inst_mi_handler/gen_normal_area.inst_fifo_node_payld/gen_reg_fifo_async.inst_reg_fifo_async/gen_xpm_cdc_handshake_array[0].inst_cdc_handshake/src_hsdata_ff_reg[46]} \
          {top_design_i/axi_smc/inst/m03_nodes/m03_w_node/inst/inst_mi_handler/gen_normal_area.inst_fifo_node_payld/gen_reg_fifo_async.inst_reg_fifo_async/gen_xpm_cdc_handshake_array[0].inst_cdc_handshake/src_hsdata_ff_reg[47]} \
          {top_design_i/axi_smc/inst/m03_nodes/m03_w_node/inst/inst_mi_handler/gen_normal_area.inst_fifo_node_payld/gen_reg_fifo_async.inst_reg_fifo_async/gen_xpm_cdc_handshake_array[0].inst_cdc_handshake/src_hsdata_ff_reg[48]}]] -to [get_cells [list {top_design_i/axi_smc/inst/m03_nodes/m03_w_node/inst/inst_mi_handler/gen_normal_area.inst_fifo_node_payld/gen_reg_fifo_async.inst_reg_fifo_async/gen_xpm_cdc_handshake_array[0].inst_cdc_handshake/dest_hsdata_ff_reg[42]} \
          {top_design_i/axi_smc/inst/m03_nodes/m03_w_node/inst/inst_mi_handler/gen_normal_area.inst_fifo_node_payld/gen_reg_fifo_async.inst_reg_fifo_async/gen_xpm_cdc_handshake_array[0].inst_cdc_handshake/dest_hsdata_ff_reg[43]} \
          {top_design_i/axi_smc/inst/m03_nodes/m03_w_node/inst/inst_mi_handler/gen_normal_area.inst_fifo_node_payld/gen_reg_fifo_async.inst_reg_fifo_async/gen_xpm_cdc_handshake_array[0].inst_cdc_handshake/dest_hsdata_ff_reg[44]} \
          {top_design_i/axi_smc/inst/m03_nodes/m03_w_node/inst/inst_mi_handler/gen_normal_area.inst_fifo_node_payld/gen_reg_fifo_async.inst_reg_fifo_async/gen_xpm_cdc_handshake_array[0].inst_cdc_handshake/dest_hsdata_ff_reg[45]} \
          {top_design_i/axi_smc/inst/m03_nodes/m03_w_node/inst/inst_mi_handler/gen_normal_area.inst_fifo_node_payld/gen_reg_fifo_async.inst_reg_fifo_async/gen_xpm_cdc_handshake_array[0].inst_cdc_handshake/dest_hsdata_ff_reg[46]} \
          {top_design_i/axi_smc/inst/m03_nodes/m03_w_node/inst/inst_mi_handler/gen_normal_area.inst_fifo_node_payld/gen_reg_fifo_async.inst_reg_fifo_async/gen_xpm_cdc_handshake_array[0].inst_cdc_handshake/dest_hsdata_ff_reg[47]} \
          {top_design_i/axi_smc/inst/m03_nodes/m03_w_node/inst/inst_mi_handler/gen_normal_area.inst_fifo_node_payld/gen_reg_fifo_async.inst_reg_fifo_async/gen_xpm_cdc_handshake_array[0].inst_cdc_handshake/dest_hsdata_ff_reg[48]} \
          {top_design_i/axi_smc/inst/m03_nodes/m03_w_node/inst/inst_mi_handler/gen_normal_area.inst_fifo_node_payld/gen_reg_fifo_async.inst_reg_fifo_async/gen_xpm_cdc_handshake_array[0].inst_cdc_handshake/dest_hsdata_ff_reg[49]} \
          {top_design_i/axi_smc/inst/m03_nodes/m03_w_node/inst/inst_mi_handler/gen_normal_area.inst_fifo_node_payld/gen_reg_fifo_async.inst_reg_fifo_async/gen_xpm_cdc_handshake_array[0].inst_cdc_handshake/dest_hsdata_ff_reg[57]} \
          {top_design_i/axi_smc/inst/m03_nodes/m03_w_node/inst/inst_mi_handler/gen_normal_area.inst_fifo_node_payld/gen_reg_fifo_async.inst_reg_fifo_async/gen_xpm_cdc_handshake_array[0].inst_cdc_handshake/dest_hsdata_ff_reg[50]} \
          {top_design_i/axi_smc/inst/m03_nodes/m03_w_node/inst/inst_mi_handler/gen_normal_area.inst_fifo_node_payld/gen_reg_fifo_async.inst_reg_fifo_async/gen_xpm_cdc_handshake_array[0].inst_cdc_handshake/dest_hsdata_ff_reg[51]} \
          {top_design_i/axi_smc/inst/m03_nodes/m03_w_node/inst/inst_mi_handler/gen_normal_area.inst_fifo_node_payld/gen_reg_fifo_async.inst_reg_fifo_async/gen_xpm_cdc_handshake_array[0].inst_cdc_handshake/dest_hsdata_ff_reg[52]} \
          {top_design_i/axi_smc/inst/m03_nodes/m03_w_node/inst/inst_mi_handler/gen_normal_area.inst_fifo_node_payld/gen_reg_fifo_async.inst_reg_fifo_async/gen_xpm_cdc_handshake_array[0].inst_cdc_handshake/dest_hsdata_ff_reg[53]} \
          {top_design_i/axi_smc/inst/m03_nodes/m03_w_node/inst/inst_mi_handler/gen_normal_area.inst_fifo_node_payld/gen_reg_fifo_async.inst_reg_fifo_async/gen_xpm_cdc_handshake_array[0].inst_cdc_handshake/dest_hsdata_ff_reg[54]} \
          {top_design_i/axi_smc/inst/m03_nodes/m03_w_node/inst/inst_mi_handler/gen_normal_area.inst_fifo_node_payld/gen_reg_fifo_async.inst_reg_fifo_async/gen_xpm_cdc_handshake_array[0].inst_cdc_handshake/dest_hsdata_ff_reg[22]} \
          {top_design_i/axi_smc/inst/m03_nodes/m03_w_node/inst/inst_mi_handler/gen_normal_area.inst_fifo_node_payld/gen_reg_fifo_async.inst_reg_fifo_async/gen_xpm_cdc_handshake_array[0].inst_cdc_handshake/dest_hsdata_ff_reg[23]} \
          {top_design_i/axi_smc/inst/m03_nodes/m03_w_node/inst/inst_mi_handler/gen_normal_area.inst_fifo_node_payld/gen_reg_fifo_async.inst_reg_fifo_async/gen_xpm_cdc_handshake_array[0].inst_cdc_handshake/dest_hsdata_ff_reg[24]} \
          {top_design_i/axi_smc/inst/m03_nodes/m03_w_node/inst/inst_mi_handler/gen_normal_area.inst_fifo_node_payld/gen_reg_fifo_async.inst_reg_fifo_async/gen_xpm_cdc_handshake_array[0].inst_cdc_handshake/dest_hsdata_ff_reg[25]} \
          {top_design_i/axi_smc/inst/m03_nodes/m03_w_node/inst/inst_mi_handler/gen_normal_area.inst_fifo_node_payld/gen_reg_fifo_async.inst_reg_fifo_async/gen_xpm_cdc_handshake_array[0].inst_cdc_handshake/dest_hsdata_ff_reg[26]} \
          {top_design_i/axi_smc/inst/m03_nodes/m03_w_node/inst/inst_mi_handler/gen_normal_area.inst_fifo_node_payld/gen_reg_fifo_async.inst_reg_fifo_async/gen_xpm_cdc_handshake_array[0].inst_cdc_handshake/dest_hsdata_ff_reg[27]} \
          {top_design_i/axi_smc/inst/m03_nodes/m03_w_node/inst/inst_mi_handler/gen_normal_area.inst_fifo_node_payld/gen_reg_fifo_async.inst_reg_fifo_async/gen_xpm_cdc_handshake_array[0].inst_cdc_handshake/dest_hsdata_ff_reg[28]} \
          {top_design_i/axi_smc/inst/m03_nodes/m03_w_node/inst/inst_mi_handler/gen_normal_area.inst_fifo_node_payld/gen_reg_fifo_async.inst_reg_fifo_async/gen_xpm_cdc_handshake_array[0].inst_cdc_handshake/dest_hsdata_ff_reg[29]} \
          {top_design_i/axi_smc/inst/m03_nodes/m03_w_node/inst/inst_mi_handler/gen_normal_area.inst_fifo_node_payld/gen_reg_fifo_async.inst_reg_fifo_async/gen_xpm_cdc_handshake_array[0].inst_cdc_handshake/dest_hsdata_ff_reg[55]} \
          {top_design_i/axi_smc/inst/m03_nodes/m03_w_node/inst/inst_mi_handler/gen_normal_area.inst_fifo_node_payld/gen_reg_fifo_async.inst_reg_fifo_async/gen_xpm_cdc_handshake_array[0].inst_cdc_handshake/dest_hsdata_ff_reg[30]} \
          {top_design_i/axi_smc/inst/m03_nodes/m03_w_node/inst/inst_mi_handler/gen_normal_area.inst_fifo_node_payld/gen_reg_fifo_async.inst_reg_fifo_async/gen_xpm_cdc_handshake_array[0].inst_cdc_handshake/dest_hsdata_ff_reg[31]} \
          {top_design_i/axi_smc/inst/m03_nodes/m03_w_node/inst/inst_mi_handler/gen_normal_area.inst_fifo_node_payld/gen_reg_fifo_async.inst_reg_fifo_async/gen_xpm_cdc_handshake_array[0].inst_cdc_handshake/dest_hsdata_ff_reg[32]} \
          {top_design_i/axi_smc/inst/m03_nodes/m03_w_node/inst/inst_mi_handler/gen_normal_area.inst_fifo_node_payld/gen_reg_fifo_async.inst_reg_fifo_async/gen_xpm_cdc_handshake_array[0].inst_cdc_handshake/dest_hsdata_ff_reg[33]} \
          {top_design_i/axi_smc/inst/m03_nodes/m03_w_node/inst/inst_mi_handler/gen_normal_area.inst_fifo_node_payld/gen_reg_fifo_async.inst_reg_fifo_async/gen_xpm_cdc_handshake_array[0].inst_cdc_handshake/dest_hsdata_ff_reg[34]} \
          {top_design_i/axi_smc/inst/m03_nodes/m03_w_node/inst/inst_mi_handler/gen_normal_area.inst_fifo_node_payld/gen_reg_fifo_async.inst_reg_fifo_async/gen_xpm_cdc_handshake_array[0].inst_cdc_handshake/dest_hsdata_ff_reg[35]} \
          {top_design_i/axi_smc/inst/m03_nodes/m03_w_node/inst/inst_mi_handler/gen_normal_area.inst_fifo_node_payld/gen_reg_fifo_async.inst_reg_fifo_async/gen_xpm_cdc_handshake_array[0].inst_cdc_handshake/dest_hsdata_ff_reg[36]} \
          {top_design_i/axi_smc/inst/m03_nodes/m03_w_node/inst/inst_mi_handler/gen_normal_area.inst_fifo_node_payld/gen_reg_fifo_async.inst_reg_fifo_async/gen_xpm_cdc_handshake_array[0].inst_cdc_handshake/dest_hsdata_ff_reg[37]} \
          {top_design_i/axi_smc/inst/m03_nodes/m03_w_node/inst/inst_mi_handler/gen_normal_area.inst_fifo_node_payld/gen_reg_fifo_async.inst_reg_fifo_async/gen_xpm_cdc_handshake_array[0].inst_cdc_handshake/dest_hsdata_ff_reg[38]} \
          {top_design_i/axi_smc/inst/m03_nodes/m03_w_node/inst/inst_mi_handler/gen_normal_area.inst_fifo_node_payld/gen_reg_fifo_async.inst_reg_fifo_async/gen_xpm_cdc_handshake_array[0].inst_cdc_handshake/dest_hsdata_ff_reg[39]} \
          {top_design_i/axi_smc/inst/m03_nodes/m03_w_node/inst/inst_mi_handler/gen_normal_area.inst_fifo_node_payld/gen_reg_fifo_async.inst_reg_fifo_async/gen_xpm_cdc_handshake_array[0].inst_cdc_handshake/dest_hsdata_ff_reg[56]} \
          {top_design_i/axi_smc/inst/m03_nodes/m03_w_node/inst/inst_mi_handler/gen_normal_area.inst_fifo_node_payld/gen_reg_fifo_async.inst_reg_fifo_async/gen_xpm_cdc_handshake_array[0].inst_cdc_handshake/dest_hsdata_ff_reg[40]} \
          {top_design_i/axi_smc/inst/m03_nodes/m03_w_node/inst/inst_mi_handler/gen_normal_area.inst_fifo_node_payld/gen_reg_fifo_async.inst_reg_fifo_async/gen_xpm_cdc_handshake_array[0].inst_cdc_handshake/dest_hsdata_ff_reg[41]}]] 19.998
Requirement: 19.998ns
Endpoints: 36

From Clock            To Clock              Endpoint Pin                    Reference Pin                   Corner  Actual(ns)  Slack(ns)
--------------------  --------------------  ------------------------------  ------------------------------  ------  ----------  ---------
clk_fpga_0            clk_fpga_1            top_design_i/axi_smc/inst/m03_nodes/m03_w_node/inst/inst_mi_handler/gen_normal_area.inst_fifo_node_payld/gen_reg_fifo_async.inst_reg_fifo_async/gen_xpm_cdc_handshake_array[0].inst_cdc_handshake/dest_hsdata_ff_reg[46]/D
                                                                            top_design_i/axi_smc/inst/m03_nodes/m03_w_node/inst/inst_mi_handler/gen_normal_area.inst_fifo_node_payld/gen_reg_fifo_async.inst_reg_fifo_async/gen_xpm_cdc_handshake_array[0].inst_cdc_handshake/dest_hsdata_ff_reg[51]/D
                                                                                                            Slow         0.916     19.082


Slack (MET) :             19.082ns  (requirement - actual skew)
  Endpoint Source:        top_design_i/axi_smc/inst/m03_nodes/m03_w_node/inst/inst_mi_handler/gen_normal_area.inst_fifo_node_payld/gen_reg_fifo_async.inst_reg_fifo_async/gen_xpm_cdc_handshake_array[0].inst_cdc_handshake/src_hsdata_ff_reg[46]/C
                            (rising edge-triggered cell FDRE clocked by clk_fpga_0)
  Endpoint Destination:   top_design_i/axi_smc/inst/m03_nodes/m03_w_node/inst/inst_mi_handler/gen_normal_area.inst_fifo_node_payld/gen_reg_fifo_async.inst_reg_fifo_async/gen_xpm_cdc_handshake_array[0].inst_cdc_handshake/dest_hsdata_ff_reg[46]/D
                            (rising edge-triggered cell FDRE clocked by clk_fpga_1)
  Reference Source:       top_design_i/axi_smc/inst/m03_nodes/m03_w_node/inst/inst_mi_handler/gen_normal_area.inst_fifo_node_payld/gen_reg_fifo_async.inst_reg_fifo_async/gen_xpm_cdc_handshake_array[0].inst_cdc_handshake/src_hsdata_ff_reg[51]/C
                            (rising edge-triggered cell FDRE clocked by clk_fpga_0)
  Reference Destination:  top_design_i/axi_smc/inst/m03_nodes/m03_w_node/inst/inst_mi_handler/gen_normal_area.inst_fifo_node_payld/gen_reg_fifo_async.inst_reg_fifo_async/gen_xpm_cdc_handshake_array[0].inst_cdc_handshake/dest_hsdata_ff_reg[51]/D
                            (rising edge-triggered cell FDRE clocked by clk_fpga_1)
  Path Type:              Bus Skew (Max at Slow Process Corner)
  Requirement:            19.998ns
  Endpoint Relative Delay:    1.431ns
  Reference Relative Delay:   0.298ns
  Relative CRPR:              0.217ns
  Actual Bus Skew:            0.916ns  (Endpoint Relative Delay - Reference Relative Delay - Relative CRPR)

Endpoint path:
    Location             Delay type                Incr(ns)  Path(ns)    Netlist Resource(s)
  -------------------------------------------------------------------    -------------------
                         (clock clk_fpga_0 rise edge)
                                                      0.000     0.000 r  
    PS7_X0Y0             PS7                          0.000     0.000 r  top_design_i/processing_system7_0/inst/PS7_i/FCLKCLK[0]
                         net (fo=1, routed)           0.994     0.994    top_design_i/processing_system7_0/inst/FCLK_CLK0
    BUFGCTRL_X0Y17       BUFG (Prop_bufg_I_O)         0.085     1.079 r  top_design_i/processing_system7_0/inst/FCLK_CLK0_BUFG_inst/O
                         net (fo=1946, routed)        1.375     2.454    top_design_i/axi_smc/inst/m03_nodes/m03_w_node/inst/inst_mi_handler/gen_normal_area.inst_fifo_node_payld/gen_reg_fifo_async.inst_reg_fifo_async/gen_xpm_cdc_handshake_array[0].inst_cdc_handshake/src_clk
    SLICE_X50Y89         FDRE                                         r  top_design_i/axi_smc/inst/m03_nodes/m03_w_node/inst/inst_mi_handler/gen_normal_area.inst_fifo_node_payld/gen_reg_fifo_async.inst_reg_fifo_async/gen_xpm_cdc_handshake_array[0].inst_cdc_handshake/src_hsdata_ff_reg[46]/C
  -------------------------------------------------------------------    -------------------
    SLICE_X50Y89         FDRE (Prop_fdre_C_Q)         0.433     2.887 r  top_design_i/axi_smc/inst/m03_nodes/m03_w_node/inst/inst_mi_handler/gen_normal_area.inst_fifo_node_payld/gen_reg_fifo_async.inst_reg_fifo_async/gen_xpm_cdc_handshake_array[0].inst_cdc_handshake/src_hsdata_ff_reg[46]/Q
                         net (fo=1, routed)           0.710     3.597    top_design_i/axi_smc/inst/m03_nodes/m03_w_node/inst/inst_mi_handler/gen_normal_area.inst_fifo_node_payld/gen_reg_fifo_async.inst_reg_fifo_async/gen_xpm_cdc_handshake_array[0].inst_cdc_handshake/src_hsdata_ff[46]
    SLICE_X51Y89         FDRE                                         r  top_design_i/axi_smc/inst/m03_nodes/m03_w_node/inst/inst_mi_handler/gen_normal_area.inst_fifo_node_payld/gen_reg_fifo_async.inst_reg_fifo_async/gen_xpm_cdc_handshake_array[0].inst_cdc_handshake/dest_hsdata_ff_reg[46]/D
  -------------------------------------------------------------------    -------------------

                         (clock clk_fpga_1 rise edge)
                                                      0.000     0.000 r  
    PS7_X0Y0             PS7                          0.000     0.000 r  top_design_i/processing_system7_0/inst/PS7_i/FCLKCLK[1]
                         net (fo=1, routed)           0.905     0.905    top_design_i/processing_system7_0/inst/FCLK_CLK_unbuffered[1]
    BUFGCTRL_X0Y16       BUFG (Prop_bufg_I_O)         0.077     0.982 r  top_design_i/processing_system7_0/inst/buffer_fclk_clk_1.FCLK_CLK_1_BUFG/O
                         net (fo=13123, routed)       1.223     2.206    top_design_i/axi_smc/inst/m03_nodes/m03_w_node/inst/inst_mi_handler/gen_normal_area.inst_fifo_node_payld/gen_reg_fifo_async.inst_reg_fifo_async/gen_xpm_cdc_handshake_array[0].inst_cdc_handshake/dest_clk
    SLICE_X51Y89         FDRE                                         r  top_design_i/axi_smc/inst/m03_nodes/m03_w_node/inst/inst_mi_handler/gen_normal_area.inst_fifo_node_payld/gen_reg_fifo_async.inst_reg_fifo_async/gen_xpm_cdc_handshake_array[0].inst_cdc_handshake/dest_hsdata_ff_reg[46]/C
                         clock pessimism              0.000     2.206    
    SLICE_X51Y89         FDRE (Setup_fdre_C_D)       -0.039     2.167    top_design_i/axi_smc/inst/m03_nodes/m03_w_node/inst/inst_mi_handler/gen_normal_area.inst_fifo_node_payld/gen_reg_fifo_async.inst_reg_fifo_async/gen_xpm_cdc_handshake_array[0].inst_cdc_handshake/dest_hsdata_ff_reg[46]
  -------------------------------------------------------------------
                         data arrival                           3.597    
                         clock arrival                          2.167    
  -------------------------------------------------------------------
                         relative delay                         1.431    

Reference path:
    Location             Delay type                Incr(ns)  Path(ns)    Netlist Resource(s)
  -------------------------------------------------------------------    -------------------
                         (clock clk_fpga_0 rise edge)
                                                      0.000     0.000 r  
    PS7_X0Y0             PS7                          0.000     0.000 r  top_design_i/processing_system7_0/inst/PS7_i/FCLKCLK[0]
                         net (fo=1, routed)           0.905     0.905    top_design_i/processing_system7_0/inst/FCLK_CLK0
    BUFGCTRL_X0Y17       BUFG (Prop_bufg_I_O)         0.077     0.982 r  top_design_i/processing_system7_0/inst/FCLK_CLK0_BUFG_inst/O
                         net (fo=1946, routed)        1.231     2.214    top_design_i/axi_smc/inst/m03_nodes/m03_w_node/inst/inst_mi_handler/gen_normal_area.inst_fifo_node_payld/gen_reg_fifo_async.inst_reg_fifo_async/gen_xpm_cdc_handshake_array[0].inst_cdc_handshake/src_clk
    SLICE_X48Y88         FDRE                                         r  top_design_i/axi_smc/inst/m03_nodes/m03_w_node/inst/inst_mi_handler/gen_normal_area.inst_fifo_node_payld/gen_reg_fifo_async.inst_reg_fifo_async/gen_xpm_cdc_handshake_array[0].inst_cdc_handshake/src_hsdata_ff_reg[51]/C
  -------------------------------------------------------------------    -------------------
    SLICE_X48Y88         FDRE (Prop_fdre_C_Q)         0.304     2.518 r  top_design_i/axi_smc/inst/m03_nodes/m03_w_node/inst/inst_mi_handler/gen_normal_area.inst_fifo_node_payld/gen_reg_fifo_async.inst_reg_fifo_async/gen_xpm_cdc_handshake_array[0].inst_cdc_handshake/src_hsdata_ff_reg[51]/Q
                         net (fo=1, routed)           0.380     2.898    top_design_i/axi_smc/inst/m03_nodes/m03_w_node/inst/inst_mi_handler/gen_normal_area.inst_fifo_node_payld/gen_reg_fifo_async.inst_reg_fifo_async/gen_xpm_cdc_handshake_array[0].inst_cdc_handshake/src_hsdata_ff[51]
    SLICE_X49Y88         FDRE                                         r  top_design_i/axi_smc/inst/m03_nodes/m03_w_node/inst/inst_mi_handler/gen_normal_area.inst_fifo_node_payld/gen_reg_fifo_async.inst_reg_fifo_async/gen_xpm_cdc_handshake_array[0].inst_cdc_handshake/dest_hsdata_ff_reg[51]/D
  -------------------------------------------------------------------    -------------------

                         (clock clk_fpga_1 rise edge)
                                                      0.000     0.000 r  
    PS7_X0Y0             PS7                          0.000     0.000 r  top_design_i/processing_system7_0/inst/PS7_i/FCLKCLK[1]
                         net (fo=1, routed)           0.994     0.994    top_design_i/processing_system7_0/inst/FCLK_CLK_unbuffered[1]
    BUFGCTRL_X0Y16       BUFG (Prop_bufg_I_O)         0.085     1.079 r  top_design_i/processing_system7_0/inst/buffer_fclk_clk_1.FCLK_CLK_1_BUFG/O
                         net (fo=13123, routed)       1.383     2.462    top_design_i/axi_smc/inst/m03_nodes/m03_w_node/inst/inst_mi_handler/gen_normal_area.inst_fifo_node_payld/gen_reg_fifo_async.inst_reg_fifo_async/gen_xpm_cdc_handshake_array[0].inst_cdc_handshake/dest_clk
    SLICE_X49Y88         FDRE                                         r  top_design_i/axi_smc/inst/m03_nodes/m03_w_node/inst/inst_mi_handler/gen_normal_area.inst_fifo_node_payld/gen_reg_fifo_async.inst_reg_fifo_async/gen_xpm_cdc_handshake_array[0].inst_cdc_handshake/dest_hsdata_ff_reg[51]/C
                         clock pessimism              0.000     2.462    
    SLICE_X49Y88         FDRE (Hold_fdre_C_D)         0.138     2.600    top_design_i/axi_smc/inst/m03_nodes/m03_w_node/inst/inst_mi_handler/gen_normal_area.inst_fifo_node_payld/gen_reg_fifo_async.inst_reg_fifo_async/gen_xpm_cdc_handshake_array[0].inst_cdc_handshake/dest_hsdata_ff_reg[51]
  -------------------------------------------------------------------
                         data arrival                           2.898    
                         clock arrival                          2.600    
  -------------------------------------------------------------------
                         relative delay                         0.298    



