

================================================================
== Synthesis Summary Report of 'v_frmbuf_wr'
================================================================
+ General Information: 
    * Date:           Mon Mar 16 15:10:45 2026
    * Version:        2025.2 (Build 6295257 on Nov 14 2025)
    * Project:        prj
    * Solution:       sol (Vivado IP Flow Target)
    * Product family: zynq
    * Target device:  xc7z020-clg400-2
    

* Performance & Resource Estimates: 
+-----------------------------------------------------------+--------+---------------+----------+----------+------+----------+----------+-----------+-------+---------+---------+-----------+-------------+-----+
|                          Modules                          |  Issue |               | Iteration|          | Trip |          |        Latency       |       |         |         |           |             |     |
|                          & Loops                          |  Type  | Violation Type|  Latency | Interval | Count| Pipelined| (cycles) |    (ns)   | Slack |  BRAM   |   DSP   |     FF    |     LUT     | URAM|
+-----------------------------------------------------------+--------+---------------+----------+----------+------+----------+----------+-----------+-------+---------+---------+-----------+-------------+-----+
|+ v_frmbuf_wr                                              |  Timing|              -|         -|  12447014|     -|        no|  12447013|  8.118e+07|  -0.00|  12 (4%)|  2 (~0%)|  7273 (6%)|  11828 (22%)|    -|
| + FrmbufWrHlsDataFlow*                                    |  Timing|              -|         -|  12447006|     -|  dataflow|  12447009|  8.118e+07|  -0.00|  12 (4%)|  2 (~0%)|  6181 (5%)|  10542 (19%)|    -|
|  + AXIvideo2MultiPixStream                                |       -|              -|         -|   2084405|     -|        no|   2084405|  1.359e+07|   0.50|        -|        -|  163 (~0%)|    412 (~0%)|    -|
|   + AXIvideo2MultiPixStream_Pipeline_loop_wait_for_start  |       -|              -|         -|         -|     -|       yes|         2|     13.044|   2.16|        -|        -|    4 (~0%)|     46 (~0%)|    -|
|    o loop_wait_for_start                                  |       -|              -|         1|         1|     0|       yes|         0|      0.000|   4.76|        -|        -|          -|            -|    -|
|   + reg_unsigned_short_s                                  |       -|              -|         -|         1|     -|       yes|         1|      6.522|   4.76|        -|        -|   13 (~0%)|      2 (~0%)|    -|
|   + reg_unsigned_short_s                                  |       -|              -|         -|         1|     -|       yes|         1|      6.522|   4.76|        -|        -|   13 (~0%)|      2 (~0%)|    -|
|   o loop_height                                           |       -|              -|      1930|         -|  1080|        no|   2084400|  1.359e+07|   4.76|        -|        -|          -|            -|    -|
|    + AXIvideo2MultiPixStream_Pipeline_loop_width          |       -|              -|         -|         -|     -|       yes|      1923|  1.254e+04|   0.68|        -|        -|   46 (~0%)|    166 (~0%)|    -|
|     o loop_width                                          |       -|              -|         3|         1|  1920|       yes|      1921|  1.253e+04|   4.76|        -|        -|          -|            -|    -|
|    + AXIvideo2MultiPixStream_Pipeline_loop_wait_for_eol   |       -|              -|         -|         -|     -|       yes|         2|     13.044|   2.16|        -|        -|    4 (~0%)|     50 (~0%)|    -|
|     o loop_wait_for_eol                                   |       -|              -|         1|         1|     0|       yes|         0|      0.000|   4.76|        -|        -|          -|            -|    -|
|  + MultiPixStream2Bytes                                   |       -|              -|         -|  12447005|     -|        no|  12447005|  8.118e+07|   0.11|        -|  2 (~0%)|  3145 (2%)|    4995 (9%)|    -|
|   o loop_MultPixStrm2Bytes_Y_U_V8                         |       -|              -|     11525|         -|  1080|        no|  12447000|  8.118e+07|   4.76|        -|        -|          -|            -|    -|
|    + MultiPixStream2Bytes_Pipeline_VITIS_LOOP_511_1       |       -|              -|         -|         -|     -|       yes|     11523|  7.515e+04|   0.68|        -|        -|  381 (~0%)|    401 (~0%)|    -|
|     o VITIS_LOOP_511_1                                    |       -|              -|        10|         8|  1440|       yes|     11521|  7.514e+04|   4.76|        -|        -|          -|            -|    -|
|   o loop_MultPixStrm2Bytes_Y_U_V8_420                     |       -|              -|     11525|         -|  1080|        no|  12447000|  8.118e+07|   4.76|        -|        -|          -|            -|    -|
|    + MultiPixStream2Bytes_Pipeline_VITIS_LOOP_605_4       |       -|              -|         -|         -|     -|       yes|     11523|  7.515e+04|   0.68|        -|        -|  404 (~0%)|     980 (1%)|    -|
|     o VITIS_LOOP_605_4                                    |       -|              -|        10|         8|  1440|       yes|     11521|  7.514e+04|   4.76|        -|        -|          -|            -|    -|
|   o loop_RGBX8_YUVX8                                      |       -|              -|      4325|         -|  1080|        no|   4671000|  3.046e+07|   4.76|        -|        -|          -|            -|    -|
|    + MultiPixStream2Bytes_Pipeline_VITIS_LOOP_697_7       |       -|              -|         -|         -|     -|       yes|      4322|  2.819e+04|   0.68|        -|        -|  124 (~0%)|    314 (~0%)|    -|
|     o VITIS_LOOP_697_7                                    |       -|              -|         4|         3|  1440|       yes|      4320|  2.818e+04|   4.76|        -|        -|          -|            -|    -|
|   o loop_BGRX8                                            |       -|              -|      4325|         -|  1080|        no|   4671000|  3.046e+07|   4.76|        -|        -|          -|            -|    -|
|    + MultiPixStream2Bytes_Pipeline_VITIS_LOOP_739_11      |       -|              -|         -|         -|     -|       yes|      4322|  2.819e+04|   0.68|        -|        -|   92 (~0%)|    313 (~0%)|    -|
|     o VITIS_LOOP_739_11                                   |       -|              -|         4|         3|  1440|       yes|      4320|  2.818e+04|   4.76|        -|        -|          -|            -|    -|
|   o loop_YUYV8                                            |       -|              -|      5765|         -|  1080|        no|   6226200|  4.061e+07|   4.76|        -|        -|          -|            -|    -|
|    + MultiPixStream2Bytes_Pipeline_VITIS_LOOP_821_14      |       -|              -|         -|         -|     -|       yes|      5763|  3.759e+04|   0.68|        -|        -|  167 (~0%)|    208 (~0%)|    -|
|     o VITIS_LOOP_821_14                                   |       -|              -|         6|         4|  1440|       yes|      5761|  3.757e+04|   4.76|        -|        -|          -|            -|    -|
|   o loop_UYVY8                                            |       -|              -|      5765|         -|  1080|        no|   6226200|  4.061e+07|   4.76|        -|        -|          -|            -|    -|
|    + MultiPixStream2Bytes_Pipeline_VITIS_LOOP_863_18      |       -|              -|         -|         -|     -|       yes|      5763|  3.759e+04|   0.68|        -|        -|  125 (~0%)|    208 (~0%)|    -|
|     o VITIS_LOOP_863_18                                   |       -|              -|         6|         4|  1440|       yes|      5761|  3.757e+04|   4.76|        -|        -|          -|            -|    -|
|   o loop_Y_UV8_Y_UV8_420                                  |       -|              -|     11525|         -|  1080|        no|  12447000|  8.118e+07|   4.76|        -|        -|          -|            -|    -|
|    + MultiPixStream2Bytes_Pipeline_VITIS_LOOP_904_21      |       -|              -|         -|         -|     -|       yes|     11523|  7.515e+04|   0.68|        -|        -|  271 (~0%)|    338 (~0%)|    -|
|     o VITIS_LOOP_904_21                                   |       -|              -|        10|         8|  1440|       yes|     11521|  7.514e+04|   4.76|        -|        -|          -|            -|    -|
|   o loop_RGB8_YUV8                                        |       -|              -|      3845|         -|  1080|        no|   4152600|  2.708e+07|   4.76|        -|        -|          -|            -|    -|
|    + MultiPixStream2Bytes_Pipeline_VITIS_LOOP_1090_24     |       -|              -|         -|         -|     -|       yes|      3843|  2.506e+04|   0.80|        -|        -|  371 (~0%)|    415 (~0%)|    -|
|     o VITIS_LOOP_1090_24                                  |       -|              -|        10|         8|   480|       yes|      3841|  2.505e+04|   4.76|        -|        -|          -|            -|    -|
|   o loop_BGR8                                             |       -|              -|      3845|         -|  1080|        no|   4152600|  2.708e+07|   4.76|        -|        -|          -|            -|    -|
|    + MultiPixStream2Bytes_Pipeline_VITIS_LOOP_1333_29     |       -|              -|         -|         -|     -|       yes|      3843|  2.506e+04|   0.80|        -|        -|  364 (~0%)|    405 (~0%)|    -|
|     o VITIS_LOOP_1333_29                                  |       -|              -|        10|         8|   480|       yes|      3841|  2.505e+04|   4.76|        -|        -|          -|            -|    -|
|   o loop_Y8                                               |       -|              -|     11525|         -|  1080|        no|  12447000|  8.118e+07|   4.76|        -|        -|          -|            -|    -|
|    + MultiPixStream2Bytes_Pipeline_VITIS_LOOP_1380_34     |       -|              -|         -|         -|     -|       yes|     11523|  7.515e+04|   0.68|        -|        -|  157 (~0%)|    258 (~0%)|    -|
|     o VITIS_LOOP_1380_34                                  |       -|              -|        10|         8|  1440|       yes|     11521|  7.514e+04|   4.76|        -|        -|          -|            -|    -|
|  + Bytes2AXIMMvideo                                       |  Timing|              -|         -|   5020921|     -|        no|   5020921|  3.275e+07|  -0.00|        -|        -|  2288 (2%)|    4820 (9%)|    -|
|   o loop_Bytes2AXIMMvideo_Y_U_V_planes                    |       -|              -|      4649|         -|  1080|        no|   5020920|  3.275e+07|   4.76|        -|        -|          -|            -|    -|
|    + Bytes2AXIMMvideo_Pipeline_VITIS_LOOP_1652_1          |  Timing|              -|         -|         -|     -|       yes|      1443|  9.411e+03|  -0.00|        -|        -|   80 (~0%)|     81 (~0%)|    -|
|     o VITIS_LOOP_1652_1                                   |       -|              -|         3|         1|  1440|       yes|      1441|  9.398e+03|   4.76|        -|        -|          -|            -|    -|
|    + Bytes2AXIMMvideo_Pipeline_VITIS_LOOP_1658_2          |  Timing|              -|         -|         -|     -|       yes|      1443|  9.411e+03|  -0.00|        -|        -|   80 (~0%)|     81 (~0%)|    -|
|     o VITIS_LOOP_1658_2                                   |       -|              -|         3|         1|  1440|       yes|      1441|  9.398e+03|   4.76|        -|        -|          -|            -|    -|
|    + Bytes2AXIMMvideo_Pipeline_VITIS_LOOP_1664_3          |  Timing|              -|         -|         -|     -|       yes|      1443|  9.411e+03|  -0.00|        -|        -|   80 (~0%)|     81 (~0%)|    -|
|     o VITIS_LOOP_1664_3                                   |       -|              -|         3|         1|  1440|       yes|      1441|  9.398e+03|   4.76|        -|        -|          -|            -|    -|
|   o loop_Bytes2AXIMMvideo_Y_U_V8_420_planes               |       -|              -|      3210|         -|  1080|        no|   3466800|  2.261e+07|   4.76|        -|        -|          -|            -|    -|
|    + Bytes2AXIMMvideo_Pipeline_VITIS_LOOP_1699_4          |  Timing|              -|         -|         -|     -|       yes|      1443|  9.411e+03|  -0.00|        -|        -|   80 (~0%)|     81 (~0%)|    -|
|     o VITIS_LOOP_1699_4                                   |       -|              -|         3|         1|  1440|       yes|      1441|  9.398e+03|   4.76|        -|        -|          -|            -|    -|
|    + Bytes2AXIMMvideo_Pipeline_VITIS_LOOP_1709_5          |  Timing|              -|         -|         -|     -|       yes|       723|  4.715e+03|  -0.00|        -|        -|   79 (~0%)|     79 (~0%)|    -|
|     o VITIS_LOOP_1709_5                                   |       -|              -|         3|         1|   720|       yes|       721|  4.702e+03|   4.76|        -|        -|          -|            -|    -|
|    + Bytes2AXIMMvideo_Pipeline_VITIS_LOOP_1715_6          |  Timing|              -|         -|         -|     -|       yes|       723|  4.715e+03|  -0.00|        -|        -|   79 (~0%)|     79 (~0%)|    -|
|     o VITIS_LOOP_1715_6                                   |       -|              -|         3|         1|   720|       yes|       721|  4.702e+03|   4.76|        -|        -|          -|            -|    -|
|   o loop_Bytes2AXIMMvideo_2planes                         |       -|              -|      3101|         -|  1080|        no|   3349080|  2.184e+07|   4.76|        -|        -|          -|            -|    -|
|    + Bytes2AXIMMvideo_Pipeline_VITIS_LOOP_1748_7          |  Timing|              -|         -|         -|     -|       yes|      1443|  9.411e+03|  -0.00|        -|        -|   80 (~0%)|     81 (~0%)|    -|
|     o VITIS_LOOP_1748_7                                   |       -|              -|         3|         1|  1440|       yes|      1441|  9.398e+03|   4.76|        -|        -|          -|            -|    -|
|    + Bytes2AXIMMvideo_Pipeline_VITIS_LOOP_1758_8          |  Timing|              -|         -|         -|     -|       yes|      1443|  9.411e+03|  -0.00|        -|        -|   80 (~0%)|     81 (~0%)|    -|
|     o VITIS_LOOP_1758_8                                   |       -|              -|         3|         1|  1440|       yes|      1441|  9.398e+03|   4.76|        -|        -|          -|            -|    -|
+-----------------------------------------------------------+--------+---------------+----------+----------+------+----------+----------+-----------+-------+---------+---------+-----------+-------------+-----+
    Name Prefix: '+' for module, 'o' for loop, '*' for dataflow


================================================================
== HW Interfaces
================================================================
* M_AXI
+----------------+------------+------------+---------------+---------+--------+----------+-----------+--------------+--------------+-------------+-------------+
| Interface      | Read/Write | Data Width | Address Width | Latency | Offset | Register | Max Widen | Max Read     | Max Write    | Num Read    | Num Write   |
|                |            | (SW->HW)   |               |         |        |          | Bitwidth  | Burst Length | Burst Length | Outstanding | Outstanding |
+----------------+------------+------------+---------------+---------+--------+----------+-----------+--------------+--------------+-------------+-------------+
| m_axi_mm_video | WRITE_ONLY | 64 -> 64   | 32            | 100     | slave  | 0        | 0         | 16           | 16           | 16          | 4           |
+----------------+------------+------------+---------------+---------+--------+----------+-----------+--------------+--------------+-------------+-------------+

* S_AXILITE Interfaces
+------------+------------+---------------+--------+----------+
| Interface  | Data Width | Address Width | Offset | Register |
+------------+------------+---------------+--------+----------+
| s_axi_CTRL | 32         | 7             | 16     | 0        |
+------------+------------+---------------+--------+----------+

* S_AXILITE Registers
+------------+--------------+--------+-------+--------+----------------------------------+----------------------------------------------------------------------+
| Interface  | Register     | Offset | Width | Access | Description                      | Bit Fields                                                           |
+------------+--------------+--------+-------+--------+----------------------------------+----------------------------------------------------------------------+
| s_axi_CTRL | CTRL         | 0x00   | 32    | RW     | Control signals                  | 0=AP_START 1=AP_DONE 2=AP_IDLE 3=AP_READY 7=AUTO_RESTART 9=INTERRUPT |
| s_axi_CTRL | GIER         | 0x04   | 32    | RW     | Global Interrupt Enable Register | 0=Enable                                                             |
| s_axi_CTRL | IP_IER       | 0x08   | 32    | RW     | IP Interrupt Enable Register     | 0=CHAN0_INT_EN 1=CHAN1_INT_EN                                        |
| s_axi_CTRL | IP_ISR       | 0x0c   | 32    | RW     | IP Interrupt Status Register     | 0=CHAN0_INT_ST 1=CHAN1_INT_ST                                        |
| s_axi_CTRL | width        | 0x10   | 32    | W      | Data signal of width             |                                                                      |
| s_axi_CTRL | height       | 0x18   | 32    | W      | Data signal of height            |                                                                      |
| s_axi_CTRL | stride       | 0x20   | 32    | W      | Data signal of stride            |                                                                      |
| s_axi_CTRL | video_format | 0x28   | 32    | W      | Data signal of video_format      |                                                                      |
| s_axi_CTRL | frm_buffer   | 0x30   | 32    | W      | Data signal of frm_buffer        |                                                                      |
| s_axi_CTRL | frm_buffer2  | 0x3c   | 32    | W      | Data signal of frm_buffer2       |                                                                      |
| s_axi_CTRL | frm_buffer3  | 0x54   | 32    | W      | Data signal of frm_buffer3       |                                                                      |
+------------+--------------+--------+-------+--------+----------------------------------+----------------------------------------------------------------------+

* AXIS
+--------------+-----------+---------------+-------+-------+-----+-------+-------+--------+-------+-------+--------+
| Interface    | Direction | Register Mode | TDATA | TDEST | TID | TKEEP | TLAST | TREADY | TSTRB | TUSER | TVALID |
+--------------+-----------+---------------+-------+-------+-----+-------+-------+--------+-------+-------+--------+
| s_axis_video | in        | both          | 24    | 1     | 1   | 3     | 1     | 1      | 3     | 1     | 1      |
+--------------+-----------+---------------+-------+-------+-----+-------+-------+--------+-------+-------+--------+

* TOP LEVEL CONTROL
+-----------+------------+-----------+
| Interface | Type       | Ports     |
+-----------+------------+-----------+
| ap_clk    | clock      | ap_clk    |
| ap_rst_n  | reset      | ap_rst_n  |
| interrupt | interrupt  | interrupt |
| ap_ctrl   | ap_ctrl_hs |           |
+-----------+------------+-----------+


================================================================
== SW I/O Information
================================================================
* Top Function Arguments
+--------------+-----------+------------------------------------------------------------------------------+
| Argument     | Direction | Datatype                                                                     |
+--------------+-----------+------------------------------------------------------------------------------+
| width        | in        | unsigned short                                                               |
| height       | in        | unsigned short                                                               |
| stride       | in        | unsigned short                                                               |
| video_format | in        | unsigned short                                                               |
| frm_buffer   | out       | ap_uint<64>*                                                                 |
| frm_buffer2  | out       | ap_uint<64>*                                                                 |
| frm_buffer3  | out       | ap_uint<64>*                                                                 |
| s_axis_video | in        | stream<hls::axis<ap_uint<24>, 1UL, 1UL, 1UL, (unsigned char)'8', false>, 0>& |
+--------------+-----------+------------------------------------------------------------------------------+

* SW-to-HW Mapping
+--------------+----------------+-----------+----------+----------------------------------------+
| Argument     | HW Interface   | HW Type   | HW Usage | HW Info                                |
+--------------+----------------+-----------+----------+----------------------------------------+
| width        | s_axi_CTRL     | register  |          | name=width offset=0x10 range=32        |
| height       | s_axi_CTRL     | register  |          | name=height offset=0x18 range=32       |
| stride       | s_axi_CTRL     | register  |          | name=stride offset=0x20 range=32       |
| video_format | s_axi_CTRL     | register  |          | name=video_format offset=0x28 range=32 |
| frm_buffer   | m_axi_mm_video | interface |          | channel=0                              |
| frm_buffer   | s_axi_CTRL     | register  | offset   | name=frm_buffer offset=0x30 range=32   |
| frm_buffer2  | m_axi_mm_video | interface |          | channel=0                              |
| frm_buffer2  | s_axi_CTRL     | register  | offset   | name=frm_buffer2 offset=0x3c range=32  |
| frm_buffer3  | m_axi_mm_video | interface |          | channel=0                              |
| frm_buffer3  | s_axi_CTRL     | register  | offset   | name=frm_buffer3 offset=0x54 range=32  |
| s_axis_video | s_axis_video   | interface |          |                                        |
+--------------+----------------+-----------+----------+----------------------------------------+


================================================================
== M_AXI Burst Information
================================================================
 Note: All burst requests might be further partitioned into multiple requests during RTL generation based on max_read_burst_length or max_write_burst_length settings.

* Inferred Burst Summary
+----------------+-----------+----------+-------+-------------------+-----------------------------------------------+
| HW Interface   | Direction | Length   | Width | Loop              | Loop Location                                 |
+----------------+-----------+----------+-------+-------------------+-----------------------------------------------+
| m_axi_mm_video | write     | variable | 64    | VITIS_LOOP_1652_1 | prj/sol/.autopilot/db/v_frmbuf_wr.cpp:1652:23 |
| m_axi_mm_video | write     | variable | 64    | VITIS_LOOP_1658_2 | prj/sol/.autopilot/db/v_frmbuf_wr.cpp:1658:23 |
| m_axi_mm_video | write     | variable | 64    | VITIS_LOOP_1664_3 | prj/sol/.autopilot/db/v_frmbuf_wr.cpp:1664:23 |
| m_axi_mm_video | write     | variable | 64    | VITIS_LOOP_1699_4 | prj/sol/.autopilot/db/v_frmbuf_wr.cpp:1699:23 |
| m_axi_mm_video | write     | variable | 64    | VITIS_LOOP_1709_5 | prj/sol/.autopilot/db/v_frmbuf_wr.cpp:1709:24 |
| m_axi_mm_video | write     | variable | 64    | VITIS_LOOP_1715_6 | prj/sol/.autopilot/db/v_frmbuf_wr.cpp:1715:24 |
| m_axi_mm_video | write     | variable | 64    | VITIS_LOOP_1748_7 | prj/sol/.autopilot/db/v_frmbuf_wr.cpp:1748:23 |
| m_axi_mm_video | write     | variable | 64    | VITIS_LOOP_1758_8 | prj/sol/.autopilot/db/v_frmbuf_wr.cpp:1758:24 |
+----------------+-----------+----------+-------+-------------------+-----------------------------------------------+

* All M_AXI Variable Accesses
+----------------+----------+-----------------------------------------------+-----------+--------------+----------+-----------------------------------------+-----------------------------------------------+------------+-------------------------------------------------------------------------------------------------------+
| HW Interface   | Variable | Access Location                               | Direction | Burst Status | Length   | Loop                                    | Loop Location                                 | Resolution | Problem                                                                                               |
+----------------+----------+-----------------------------------------------+-----------+--------------+----------+-----------------------------------------+-----------------------------------------------+------------+-------------------------------------------------------------------------------------------------------+
| m_axi_mm_video | dstImg   | prj/sol/.autopilot/db/v_frmbuf_wr.cpp:1656:24 | write     | Widen Fail   |          | VITIS_LOOP_1652_1                       | prj/sol/.autopilot/db/v_frmbuf_wr.cpp:1652:23 | 214-353    | Could not widen since type i64 size is greater than or equal to the max_widen_bitwidth threshold of 0 |
| m_axi_mm_video | dstImg   | prj/sol/.autopilot/db/v_frmbuf_wr.cpp:1656:24 | write     | Fail         |          | loop_Bytes2AXIMMvideo_Y_U_V_planes      | prj/sol/.autopilot/db/v_frmbuf_wr.cpp:1647:3  | 214-230    | Stride is incompatible                                                                                |
| m_axi_mm_video | dstImg   | prj/sol/.autopilot/db/v_frmbuf_wr.cpp:1656:24 | write     | Inferred     | variable | VITIS_LOOP_1652_1                       | prj/sol/.autopilot/db/v_frmbuf_wr.cpp:1652:23 |            |                                                                                                       |
| m_axi_mm_video | dstImg2  | prj/sol/.autopilot/db/v_frmbuf_wr.cpp:1662:25 | write     | Widen Fail   |          | VITIS_LOOP_1658_2                       | prj/sol/.autopilot/db/v_frmbuf_wr.cpp:1658:23 | 214-353    | Could not widen since type i64 size is greater than or equal to the max_widen_bitwidth threshold of 0 |
| m_axi_mm_video | dstImg2  | prj/sol/.autopilot/db/v_frmbuf_wr.cpp:1662:25 | write     | Fail         |          | loop_Bytes2AXIMMvideo_Y_U_V_planes      | prj/sol/.autopilot/db/v_frmbuf_wr.cpp:1647:3  | 214-230    | Stride is incompatible                                                                                |
| m_axi_mm_video | dstImg2  | prj/sol/.autopilot/db/v_frmbuf_wr.cpp:1662:25 | write     | Inferred     | variable | VITIS_LOOP_1658_2                       | prj/sol/.autopilot/db/v_frmbuf_wr.cpp:1658:23 |            |                                                                                                       |
| m_axi_mm_video | dstImg3  | prj/sol/.autopilot/db/v_frmbuf_wr.cpp:1668:25 | write     | Widen Fail   |          | VITIS_LOOP_1664_3                       | prj/sol/.autopilot/db/v_frmbuf_wr.cpp:1664:23 | 214-353    | Could not widen since type i64 size is greater than or equal to the max_widen_bitwidth threshold of 0 |
| m_axi_mm_video | dstImg3  | prj/sol/.autopilot/db/v_frmbuf_wr.cpp:1668:25 | write     | Fail         |          | loop_Bytes2AXIMMvideo_Y_U_V_planes      | prj/sol/.autopilot/db/v_frmbuf_wr.cpp:1647:3  | 214-230    | Stride is incompatible                                                                                |
| m_axi_mm_video | dstImg3  | prj/sol/.autopilot/db/v_frmbuf_wr.cpp:1668:25 | write     | Inferred     | variable | VITIS_LOOP_1664_3                       | prj/sol/.autopilot/db/v_frmbuf_wr.cpp:1664:23 |            |                                                                                                       |
| m_axi_mm_video | dstImg   | prj/sol/.autopilot/db/v_frmbuf_wr.cpp:1703:25 | write     | Widen Fail   |          | VITIS_LOOP_1699_4                       | prj/sol/.autopilot/db/v_frmbuf_wr.cpp:1699:23 | 214-353    | Could not widen since type i64 size is greater than or equal to the max_widen_bitwidth threshold of 0 |
| m_axi_mm_video | dstImg   | prj/sol/.autopilot/db/v_frmbuf_wr.cpp:1703:25 | write     | Fail         |          | loop_Bytes2AXIMMvideo_Y_U_V8_420_planes | prj/sol/.autopilot/db/v_frmbuf_wr.cpp:1694:3  | 214-230    | Stride is incompatible                                                                                |
| m_axi_mm_video | dstImg   | prj/sol/.autopilot/db/v_frmbuf_wr.cpp:1703:25 | write     | Inferred     | variable | VITIS_LOOP_1699_4                       | prj/sol/.autopilot/db/v_frmbuf_wr.cpp:1699:23 |            |                                                                                                       |
| m_axi_mm_video | dstImg2  | prj/sol/.autopilot/db/v_frmbuf_wr.cpp:1713:28 | write     | Widen Fail   |          | VITIS_LOOP_1709_5                       | prj/sol/.autopilot/db/v_frmbuf_wr.cpp:1709:24 | 214-353    | Could not widen since type i64 size is greater than or equal to the max_widen_bitwidth threshold of 0 |
| m_axi_mm_video | dstImg2  | prj/sol/.autopilot/db/v_frmbuf_wr.cpp:1713:28 | write     | Fail         |          | loop_Bytes2AXIMMvideo_Y_U_V8_420_planes | prj/sol/.autopilot/db/v_frmbuf_wr.cpp:1694:3  | 214-229    | Could not analyze pattern                                                                             |
| m_axi_mm_video | dstImg2  | prj/sol/.autopilot/db/v_frmbuf_wr.cpp:1713:28 | write     | Inferred     | variable | VITIS_LOOP_1709_5                       | prj/sol/.autopilot/db/v_frmbuf_wr.cpp:1709:24 |            |                                                                                                       |
| m_axi_mm_video | dstImg3  | prj/sol/.autopilot/db/v_frmbuf_wr.cpp:1719:28 | write     | Widen Fail   |          | VITIS_LOOP_1715_6                       | prj/sol/.autopilot/db/v_frmbuf_wr.cpp:1715:24 | 214-353    | Could not widen since type i64 size is greater than or equal to the max_widen_bitwidth threshold of 0 |
| m_axi_mm_video | dstImg3  | prj/sol/.autopilot/db/v_frmbuf_wr.cpp:1719:28 | write     | Fail         |          | loop_Bytes2AXIMMvideo_Y_U_V8_420_planes | prj/sol/.autopilot/db/v_frmbuf_wr.cpp:1694:3  | 214-229    | Could not analyze pattern                                                                             |
| m_axi_mm_video | dstImg3  | prj/sol/.autopilot/db/v_frmbuf_wr.cpp:1719:28 | write     | Inferred     | variable | VITIS_LOOP_1715_6                       | prj/sol/.autopilot/db/v_frmbuf_wr.cpp:1715:24 |            |                                                                                                       |
| m_axi_mm_video | dstImg   | prj/sol/.autopilot/db/v_frmbuf_wr.cpp:1753:25 | write     | Widen Fail   |          | VITIS_LOOP_1748_7                       | prj/sol/.autopilot/db/v_frmbuf_wr.cpp:1748:23 | 214-353    | Could not widen since type i64 size is greater than or equal to the max_widen_bitwidth threshold of 0 |
| m_axi_mm_video | dstImg   | prj/sol/.autopilot/db/v_frmbuf_wr.cpp:1753:25 | write     | Fail         |          | loop_Bytes2AXIMMvideo_2planes           | prj/sol/.autopilot/db/v_frmbuf_wr.cpp:1743:3  | 214-230    | Stride is incompatible                                                                                |
| m_axi_mm_video | dstImg   | prj/sol/.autopilot/db/v_frmbuf_wr.cpp:1753:25 | write     | Inferred     | variable | VITIS_LOOP_1748_7                       | prj/sol/.autopilot/db/v_frmbuf_wr.cpp:1748:23 |            |                                                                                                       |
| m_axi_mm_video | dstImg2  | prj/sol/.autopilot/db/v_frmbuf_wr.cpp:1766:28 | write     | Widen Fail   |          | VITIS_LOOP_1758_8                       | prj/sol/.autopilot/db/v_frmbuf_wr.cpp:1758:24 | 214-353    | Could not widen since type i64 size is greater than or equal to the max_widen_bitwidth threshold of 0 |
| m_axi_mm_video | dstImg2  | prj/sol/.autopilot/db/v_frmbuf_wr.cpp:1766:28 | write     | Fail         |          | loop_Bytes2AXIMMvideo_2planes           | prj/sol/.autopilot/db/v_frmbuf_wr.cpp:1743:3  | 214-232    | Access call is in the conditional branch                                                              |
| m_axi_mm_video | dstImg2  | prj/sol/.autopilot/db/v_frmbuf_wr.cpp:1766:28 | write     | Inferred     | variable | VITIS_LOOP_1758_8                       | prj/sol/.autopilot/db/v_frmbuf_wr.cpp:1758:24 |            |                                                                                                       |
+----------------+----------+-----------------------------------------------+-----------+--------------+----------+-----------------------------------------+-----------------------------------------------+------------+-------------------------------------------------------------------------------------------------------+

    * Resolution URL: docs.amd.com/access/sources/dita/topic?Doc_Version=2025.2%20English&url=ug1448-hls-guidance&resourceid=XXX-YYY.html (replace XXX-YYY with column value)

================================================================
== Bind Op Report
================================================================
+-------------------------------------------------------+-----+--------+----------------+---------+----------+---------+
| Name                                                  | DSP | Pragma | Variable       | Op      | Impl     | Latency |
+-------------------------------------------------------+-----+--------+----------------+---------+----------+---------+
| + v_frmbuf_wr                                         | 2   |        |                |         |          |         |
|   mul_14s_3ns_14_1_1_U241                             |     |        | WidthInBytes   | mul     | auto     | 0       |
|  + FrmbufWrHlsDataFlow                                | 2   |        |                |         |          |         |
|   + AXIvideo2MultiPixStream                           | 0   |        |                |         |          |         |
|     icmp_ln326_fu_272_p2                              |     |        | icmp_ln326     | setne   | auto     | 0       |
|     xor_ln407_fu_278_p2                               |     |        | xor_ln407      | xor     | auto     | 0       |
|     icmp_ln322_fu_287_p2                              |     |        | icmp_ln322     | seteq   | auto     | 0       |
|     i_2_fu_292_p2                                     |     |        | i_2            | add     | fabric   | 0       |
|     and_ln407_fu_358_p2                               |     |        | and_ln407      | and     | auto     | 0       |
|     and_ln407_1_fu_302_p2                             |     |        | and_ln407_1    | and     | auto     | 0       |
|    + AXIvideo2MultiPixStream_Pipeline_loop_width      | 0   |        |                |         |          |         |
|      icmp_ln361_fu_203_p2                             |     |        | icmp_ln361     | seteq   | auto     | 0       |
|      icmp_ln326_fu_227_p2                             |     |        | icmp_ln326     | seteq   | auto     | 0       |
|      j_2_fu_233_p2                                    |     |        | j_2            | add     | fabric   | 0       |
|      or_ln330_fu_244_p2                               |     |        | or_ln330       | or      | auto     | 0       |
|      select_ln361_fu_286_p3                           |     |        | select_ln361   | select  | auto_sel | 0       |
|      select_ln361_1_fu_301_p3                         |     |        | select_ln361_1 | select  | auto_sel | 0       |
|      select_ln361_2_fu_308_p3                         |     |        | select_ln361_2 | select  | auto_sel | 0       |
|   + MultiPixStream2Bytes                              | 2   |        |                |         |          |         |
|     grp_fu_489_p2                                     |     |        | add_ln1364     | add     | fabric   | 0       |
|     icmp_ln1368_fu_637_p2                             |     |        | icmp_ln1368    | seteq   | auto     | 0       |
|     remainPix_13_fu_643_p3                            |     |        | remainPix_13   | select  | auto_sel | 0       |
|     add_ln1385_fu_651_p2                              |     |        | add_ln1385     | add     | fabric   | 0       |
|     icmp_ln1385_fu_667_p2                             |     |        | icmp_ln1385    | setne   | auto     | 0       |
|     icmp_ln1385_1_fu_673_p2                           |     |        | icmp_ln1385_1  | setgt   | auto     | 0       |
|     icmp_ln1385_2_fu_689_p2                           |     |        | icmp_ln1385_2  | setne   | auto     | 0       |
|     icmp_ln1385_3_fu_695_p2                           |     |        | icmp_ln1385_3  | setgt   | auto     | 0       |
|     icmp_ln1385_4_fu_701_p2                           |     |        | icmp_ln1385_4  | setgt   | auto     | 0       |
|     icmp_ln1385_5_fu_707_p2                           |     |        | icmp_ln1385_5  | setgt   | auto     | 0       |
|     icmp_ln1376_fu_1166_p2                            |     |        | icmp_ln1376    | seteq   | auto     | 0       |
|     y_29_fu_1171_p2                                   |     |        | y_29           | add     | fabric   | 0       |
|     grp_fu_489_p2                                     |     |        | add_ln1314     | add     | fabric   | 0       |
|     grp_fu_505_p2                                     |     |        | add_ln1315     | add     | fabric   | 0       |
|     mul_11ns_13ns_23_1_1_U164                         | 1   |        | mul_ln1315     | mul     | auto     | 0       |
|     icmp_ln1319_fu_1215_p2                            |     |        | icmp_ln1319    | seteq   | auto     | 0       |
|     remainPix_11_fu_1220_p3                           |     |        | remainPix_11   | select  | auto_sel | 0       |
|     remainTrx_1_fu_1268_p3                            |     |        | remainTrx_1    | select  | auto_sel | 0       |
|     add_ln1338_fu_1276_p2                             |     |        | add_ln1338     | add     | fabric   | 0       |
|     icmp_ln1338_fu_1291_p2                            |     |        | icmp_ln1338    | setne   | auto     | 0       |
|     icmp_ln1338_1_fu_1297_p2                          |     |        | icmp_ln1338_1  | setgt   | auto     | 0       |
|     icmp_ln1338_2_fu_1313_p2                          |     |        | icmp_ln1338_2  | setne   | auto     | 0       |
|     icmp_ln1338_3_fu_1319_p2                          |     |        | icmp_ln1338_3  | setgt   | auto     | 0       |
|     icmp_ln1338_4_fu_1325_p2                          |     |        | icmp_ln1338_4  | setgt   | auto     | 0       |
|     icmp_ln1338_5_fu_1331_p2                          |     |        | icmp_ln1338_5  | setgt   | auto     | 0       |
|     icmp_ln1353_fu_1345_p2                            |     |        | icmp_ln1353    | seteq   | auto     | 0       |
|     icmp_ln1329_fu_1354_p2                            |     |        | icmp_ln1329    | seteq   | auto     | 0       |
|     y_27_fu_1359_p2                                   |     |        | y_27           | add     | fabric   | 0       |
|     grp_fu_489_p2                                     |     |        | add_ln1072     | add     | fabric   | 0       |
|     grp_fu_505_p2                                     |     |        | add_ln1073     | add     | fabric   | 0       |
|     mul_11ns_13ns_23_1_1_U165                         | 1   |        | mul_ln1073     | mul     | auto     | 0       |
|     icmp_ln1077_fu_1422_p2                            |     |        | icmp_ln1077    | seteq   | auto     | 0       |
|     remainPix_10_fu_1427_p3                           |     |        | remainPix_10   | select  | auto_sel | 0       |
|     remainTrx_fu_1475_p3                              |     |        | remainTrx      | select  | auto_sel | 0       |
|     add_ln1095_fu_1483_p2                             |     |        | add_ln1095     | add     | fabric   | 0       |
|     icmp_ln1095_fu_1498_p2                            |     |        | icmp_ln1095    | setne   | auto     | 0       |
|     icmp_ln1095_1_fu_1504_p2                          |     |        | icmp_ln1095_1  | setgt   | auto     | 0       |
|     icmp_ln1095_2_fu_1520_p2                          |     |        | icmp_ln1095_2  | setne   | auto     | 0       |
|     icmp_ln1095_3_fu_1526_p2                          |     |        | icmp_ln1095_3  | setgt   | auto     | 0       |
|     icmp_ln1095_4_fu_1532_p2                          |     |        | icmp_ln1095_4  | setgt   | auto     | 0       |
|     icmp_ln1095_5_fu_1538_p2                          |     |        | icmp_ln1095_5  | setgt   | auto     | 0       |
|     icmp_ln1110_fu_1552_p2                            |     |        | icmp_ln1110    | seteq   | auto     | 0       |
|     icmp_ln1086_fu_1373_p2                            |     |        | icmp_ln1086    | seteq   | auto     | 0       |
|     y_25_fu_1378_p2                                   |     |        | y_25           | add     | fabric   | 0       |
|     grp_fu_489_p2                                     |     |        | add_ln888      | add     | fabric   | 0       |
|     icmp_ln892_fu_748_p2                              |     |        | icmp_ln892     | seteq   | auto     | 0       |
|     remainPix_9_fu_754_p3                             |     |        | remainPix_9    | select  | auto_sel | 0       |
|     add_ln909_fu_762_p2                               |     |        | add_ln909      | add     | fabric   | 0       |
|     icmp_ln909_fu_778_p2                              |     |        | icmp_ln909     | setne   | auto     | 0       |
|     icmp_ln909_1_fu_784_p2                            |     |        | icmp_ln909_1   | setgt   | auto     | 0       |
|     icmp_ln909_2_fu_800_p2                            |     |        | icmp_ln909_2   | setne   | auto     | 0       |
|     icmp_ln909_3_fu_806_p2                            |     |        | icmp_ln909_3   | setgt   | auto     | 0       |
|     icmp_ln909_4_fu_812_p2                            |     |        | icmp_ln909_4   | setgt   | auto     | 0       |
|     icmp_ln909_5_fu_818_p2                            |     |        | icmp_ln909_5   | setgt   | auto     | 0       |
|     icmp_ln900_fu_1561_p2                             |     |        | icmp_ln900     | seteq   | auto     | 0       |
|     y_23_fu_1566_p2                                   |     |        | y_23           | add     | fabric   | 0       |
|     grp_fu_489_p2                                     |     |        | add_ln847      | add     | fabric   | 0       |
|     grp_fu_521_p2                                     |     |        | icmp_ln851     | seteq   | auto     | 0       |
|     remainPix_7_fu_837_p3                             |     |        | remainPix_7    | select  | auto_sel | 0       |
|     add_ln868_fu_845_p2                               |     |        | add_ln868      | add     | fabric   | 0       |
|     icmp_ln868_fu_861_p2                              |     |        | icmp_ln868     | setne   | auto     | 0       |
|     icmp_ln868_1_fu_867_p2                            |     |        | icmp_ln868_1   | setgt   | auto     | 0       |
|     icmp_ln859_fu_1585_p2                             |     |        | icmp_ln859     | seteq   | auto     | 0       |
|     y_21_fu_1590_p2                                   |     |        | y_21           | add     | fabric   | 0       |
|     grp_fu_489_p2                                     |     |        | add_ln805      | add     | fabric   | 0       |
|     grp_fu_521_p2                                     |     |        | icmp_ln809     | seteq   | auto     | 0       |
|     remainPix_5_fu_886_p3                             |     |        | remainPix_5    | select  | auto_sel | 0       |
|     add_ln826_fu_894_p2                               |     |        | add_ln826      | add     | fabric   | 0       |
|     icmp_ln826_fu_910_p2                              |     |        | icmp_ln826     | setne   | auto     | 0       |
|     icmp_ln826_1_fu_916_p2                            |     |        | icmp_ln826_1   | setgt   | auto     | 0       |
|     icmp_ln817_fu_1604_p2                             |     |        | icmp_ln817     | seteq   | auto     | 0       |
|     y_19_fu_1609_p2                                   |     |        | y_19           | add     | fabric   | 0       |
|     grp_fu_489_p2                                     |     |        | add_ln723      | add     | fabric   | 0       |
|     grp_fu_535_p2                                     |     |        | xor_ln727      | xor     | auto     | 0       |
|     add_ln744_fu_931_p2                               |     |        | add_ln744      | add     | fabric   | 0       |
|     icmp_ln735_fu_1623_p2                             |     |        | icmp_ln735     | seteq   | auto     | 0       |
|     y_17_fu_1628_p2                                   |     |        | y_17           | add     | fabric   | 0       |
|     grp_fu_489_p2                                     |     |        | add_ln681      | add     | fabric   | 0       |
|     grp_fu_535_p2                                     |     |        | xor_ln685      | xor     | auto     | 0       |
|     add_ln702_fu_951_p2                               |     |        | add_ln702      | add     | fabric   | 0       |
|     icmp_ln693_fu_1641_p2                             |     |        | icmp_ln693     | seteq   | auto     | 0       |
|     y_15_fu_1646_p2                                   |     |        | y_15           | add     | fabric   | 0       |
|     grp_fu_489_p2                                     |     |        | add_ln590      | add     | fabric   | 0       |
|     icmp_ln594_fu_979_p2                              |     |        | icmp_ln594     | seteq   | auto     | 0       |
|     remainPix_3_fu_985_p3                             |     |        | remainPix_3    | select  | auto_sel | 0       |
|     add_ln610_fu_993_p2                               |     |        | add_ln610      | add     | fabric   | 0       |
|     icmp_ln610_fu_1009_p2                             |     |        | icmp_ln610     | setne   | auto     | 0       |
|     icmp_ln610_1_fu_1015_p2                           |     |        | icmp_ln610_1   | setgt   | auto     | 0       |
|     icmp_ln610_2_fu_1031_p2                           |     |        | icmp_ln610_2   | setne   | auto     | 0       |
|     icmp_ln610_3_fu_1037_p2                           |     |        | icmp_ln610_3   | setgt   | auto     | 0       |
|     icmp_ln610_4_fu_1043_p2                           |     |        | icmp_ln610_4   | setgt   | auto     | 0       |
|     icmp_ln610_5_fu_1049_p2                           |     |        | icmp_ln610_5   | setgt   | auto     | 0       |
|     icmp_ln601_fu_1659_p2                             |     |        | icmp_ln601     | seteq   | auto     | 0       |
|     y_13_fu_1664_p2                                   |     |        | y_13           | add     | fabric   | 0       |
|     grp_fu_489_p2                                     |     |        | add_ln499      | add     | fabric   | 0       |
|     icmp_ln502_fu_1082_p2                             |     |        | icmp_ln502     | seteq   | auto     | 0       |
|     remainPix_1_fu_1088_p3                            |     |        | remainPix_1    | select  | auto_sel | 0       |
|     add_ln516_fu_1096_p2                              |     |        | add_ln516      | add     | fabric   | 0       |
|     icmp_ln516_fu_1112_p2                             |     |        | icmp_ln516     | setne   | auto     | 0       |
|     icmp_ln516_1_fu_1118_p2                           |     |        | icmp_ln516_1   | setgt   | auto     | 0       |
|     icmp_ln516_2_fu_1134_p2                           |     |        | icmp_ln516_2   | setne   | auto     | 0       |
|     icmp_ln516_3_fu_1140_p2                           |     |        | icmp_ln516_3   | setgt   | auto     | 0       |
|     icmp_ln516_4_fu_1146_p2                           |     |        | icmp_ln516_4   | setgt   | auto     | 0       |
|     icmp_ln516_5_fu_1152_p2                           |     |        | icmp_ln516_5   | setgt   | auto     | 0       |
|     icmp_ln507_fu_1683_p2                             |     |        | icmp_ln507     | seteq   | auto     | 0       |
|     y_11_fu_1688_p2                                   |     |        | y_11           | add     | fabric   | 0       |
|    + MultiPixStream2Bytes_Pipeline_VITIS_LOOP_1380_34 | 0   |        |                |         |          |         |
|      icmp_ln1380_fu_228_p2                            |     |        | icmp_ln1380    | seteq   | auto     | 0       |
|      x_11_fu_234_p2                                   |     |        | x_11           | add     | fabric   | 0       |
|      icmp_ln1385_fu_244_p2                            |     |        | icmp_ln1385    | setlt   | auto     | 0       |
|      or_ln1385_fu_259_p2                              |     |        | or_ln1385      | or      | auto     | 0       |
|      or_ln1385_1_fu_267_p2                            |     |        | or_ln1385_1    | or      | auto     | 0       |
|      or_ln1385_2_fu_275_p2                            |     |        | or_ln1385_2    | or      | auto     | 0       |
|      or_ln1385_3_fu_283_p2                            |     |        | or_ln1385_3    | or      | auto     | 0       |
|      or_ln1385_4_fu_287_p2                            |     |        | or_ln1385_4    | or      | auto     | 0       |
|      or_ln1385_5_fu_291_p2                            |     |        | or_ln1385_5    | or      | auto     | 0       |
|      or_ln1385_6_fu_295_p2                            |     |        | or_ln1385_6    | or      | auto     | 0       |
|    + MultiPixStream2Bytes_Pipeline_VITIS_LOOP_1333_29 | 0   |        |                |         |          |         |
|      icmp_ln1333_fu_466_p2                            |     |        | icmp_ln1333    | setlt   | auto     | 0       |
|      x_12_fu_472_p2                                   |     |        | x_12           | add     | fabric   | 0       |
|      icmp_ln1338_fu_478_p2                            |     |        | icmp_ln1338    | setlt   | auto     | 0       |
|      or_ln1338_fu_505_p2                              |     |        | or_ln1338      | or      | auto     | 0       |
|      or_ln1338_1_fu_513_p2                            |     |        | or_ln1338_1    | or      | auto     | 0       |
|      or_ln1338_2_fu_521_p2                            |     |        | or_ln1338_2    | or      | auto     | 0       |
|      or_ln1338_3_fu_529_p2                            |     |        | or_ln1338_3    | or      | auto     | 0       |
|      or_ln1338_4_fu_533_p2                            |     |        | or_ln1338_4    | or      | auto     | 0       |
|      or_ln1338_5_fu_537_p2                            |     |        | or_ln1338_5    | or      | auto     | 0       |
|      or_ln1338_6_fu_541_p2                            |     |        | or_ln1338_6    | or      | auto     | 0       |
|      or_ln1353_fu_484_p2                              |     |        | or_ln1353      | or      | auto     | 0       |
|      or_ln1353_1_fu_490_p2                            |     |        | or_ln1353_1    | or      | auto     | 0       |
|    + MultiPixStream2Bytes_Pipeline_VITIS_LOOP_1090_24 | 0   |        |                |         |          |         |
|      icmp_ln1090_fu_458_p2                            |     |        | icmp_ln1090    | setlt   | auto     | 0       |
|      x_13_fu_464_p2                                   |     |        | x_13           | add     | fabric   | 0       |
|      icmp_ln1095_fu_470_p2                            |     |        | icmp_ln1095    | setlt   | auto     | 0       |
|      or_ln1095_fu_493_p2                              |     |        | or_ln1095      | or      | auto     | 0       |
|      or_ln1095_1_fu_497_p2                            |     |        | or_ln1095_1    | or      | auto     | 0       |
|      or_ln1095_2_fu_505_p2                            |     |        | or_ln1095_2    | or      | auto     | 0       |
|      or_ln1095_3_fu_518_p2                            |     |        | or_ln1095_3    | or      | auto     | 0       |
|      or_ln1095_4_fu_522_p2                            |     |        | or_ln1095_4    | or      | auto     | 0       |
|      or_ln1095_5_fu_526_p2                            |     |        | or_ln1095_5    | or      | auto     | 0       |
|      or_ln1095_6_fu_530_p2                            |     |        | or_ln1095_6    | or      | auto     | 0       |
|      or_ln1110_fu_476_p2                              |     |        | or_ln1110      | or      | auto     | 0       |
|      or_ln1110_1_fu_482_p2                            |     |        | or_ln1110_1    | or      | auto     | 0       |
|    + MultiPixStream2Bytes_Pipeline_VITIS_LOOP_904_21  | 0   |        |                |         |          |         |
|      icmp_ln904_fu_366_p2                             |     |        | icmp_ln904     | seteq   | auto     | 0       |
|      x_2_fu_372_p2                                    |     |        | x_2            | add     | fabric   | 0       |
|      icmp_ln909_fu_382_p2                             |     |        | icmp_ln909     | setlt   | auto     | 0       |
|      or_ln909_fu_409_p2                               |     |        | or_ln909       | or      | auto     | 0       |
|      or_ln909_1_fu_417_p2                             |     |        | or_ln909_1     | or      | auto     | 0       |
|      or_ln909_2_fu_425_p2                             |     |        | or_ln909_2     | or      | auto     | 0       |
|      or_ln909_3_fu_433_p2                             |     |        | or_ln909_3     | or      | auto     | 0       |
|      or_ln909_4_fu_437_p2                             |     |        | or_ln909_4     | or      | auto     | 0       |
|      or_ln909_5_fu_441_p2                             |     |        | or_ln909_5     | or      | auto     | 0       |
|      or_ln909_6_fu_445_p2                             |     |        | or_ln909_6     | or      | auto     | 0       |
|      icmp_ln925_fu_388_p2                             |     |        | icmp_ln925     | seteq   | auto     | 0       |
|      and_ln925_fu_394_p2                              |     |        | and_ln925      | and     | auto     | 0       |
|    + MultiPixStream2Bytes_Pipeline_VITIS_LOOP_863_18  | 0   |        |                |         |          |         |
|      icmp_ln863_fu_199_p2                             |     |        | icmp_ln863     | seteq   | auto     | 0       |
|      x_4_fu_205_p2                                    |     |        | x_4            | add     | fabric   | 0       |
|      icmp_ln868_fu_215_p2                             |     |        | icmp_ln868     | setlt   | auto     | 0       |
|      or_ln868_fu_230_p2                               |     |        | or_ln868       | or      | auto     | 0       |
|      or_ln868_1_fu_234_p2                             |     |        | or_ln868_1     | or      | auto     | 0       |
|      or_ln868_2_fu_238_p2                             |     |        | or_ln868_2     | or      | auto     | 0       |
|    + MultiPixStream2Bytes_Pipeline_VITIS_LOOP_821_14  | 0   |        |                |         |          |         |
|      icmp_ln821_fu_204_p2                             |     |        | icmp_ln821     | seteq   | auto     | 0       |
|      x_5_fu_210_p2                                    |     |        | x_5            | add     | fabric   | 0       |
|      icmp_ln826_fu_220_p2                             |     |        | icmp_ln826     | setlt   | auto     | 0       |
|      or_ln826_fu_231_p2                               |     |        | or_ln826       | or      | auto     | 0       |
|      or_ln826_1_fu_235_p2                             |     |        | or_ln826_1     | or      | auto     | 0       |
|      or_ln826_2_fu_239_p2                             |     |        | or_ln826_2     | or      | auto     | 0       |
|    + MultiPixStream2Bytes_Pipeline_VITIS_LOOP_739_11  | 0   |        |                |         |          |         |
|      icmp_ln739_fu_168_p2                             |     |        | icmp_ln739     | seteq   | auto     | 0       |
|      x_6_fu_174_p2                                    |     |        | x_6            | add     | fabric   | 0       |
|      icmp_ln744_fu_184_p2                             |     |        | icmp_ln744     | setlt   | auto     | 0       |
|      or_ln744_fu_190_p2                               |     |        | or_ln744       | or      | auto     | 0       |
|    + MultiPixStream2Bytes_Pipeline_VITIS_LOOP_697_7   | 0   |        |                |         |          |         |
|      icmp_ln697_fu_172_p2                             |     |        | icmp_ln697     | seteq   | auto     | 0       |
|      x_7_fu_178_p2                                    |     |        | x_7            | add     | fabric   | 0       |
|      icmp_ln702_fu_188_p2                             |     |        | icmp_ln702     | setlt   | auto     | 0       |
|      or_ln702_fu_194_p2                               |     |        | or_ln702       | or      | auto     | 0       |
|    + MultiPixStream2Bytes_Pipeline_VITIS_LOOP_605_4   | 0   |        |                |         |          |         |
|      icmp_ln605_fu_377_p2                             |     |        | icmp_ln605     | seteq   | auto     | 0       |
|      x_8_fu_383_p2                                    |     |        | x_8            | add     | fabric   | 0       |
|      icmp_ln610_fu_397_p2                             |     |        | icmp_ln610     | setlt   | auto     | 0       |
|      partset_64ns_64ns_8ns_6ns_64_1_1_U126            |     |        | pixU           | partset | auto     | 0       |
|      or_ln610_fu_424_p2                               |     |        | or_ln610       | or      | auto     | 0       |
|      partset_64ns_64ns_8ns_6ns_64_1_1_U127            |     |        | pixV           | partset | auto     | 0       |
|      or_ln610_1_fu_432_p2                             |     |        | or_ln610_1     | or      | auto     | 0       |
|      partset_64ns_64ns_8ns_6ns_64_1_1_U128            |     |        | pixU_1         | partset | auto     | 0       |
|      or_ln610_2_fu_440_p2                             |     |        | or_ln610_2     | or      | auto     | 0       |
|      partset_64ns_64ns_8ns_6ns_64_1_1_U129            |     |        | pixV_1         | partset | auto     | 0       |
|      or_ln610_3_fu_448_p2                             |     |        | or_ln610_3     | or      | auto     | 0       |
|      partset_64ns_64ns_8ns_6ns_64_1_1_U130            |     |        | pixU_2         | partset | auto     | 0       |
|      or_ln610_4_fu_452_p2                             |     |        | or_ln610_4     | or      | auto     | 0       |
|      partset_64ns_64ns_8ns_6ns_64_1_1_U131            |     |        | pixV_2         | partset | auto     | 0       |
|      or_ln610_5_fu_456_p2                             |     |        | or_ln610_5     | or      | auto     | 0       |
|      partset_64ns_64ns_8ns_6ns_64_1_1_U132            |     |        | pixU_3         | partset | auto     | 0       |
|      or_ln610_6_fu_460_p2                             |     |        | or_ln610_6     | or      | auto     | 0       |
|      partset_64ns_64ns_8ns_6ns_64_1_1_U133            |     |        | pixV_3         | partset | auto     | 0       |
|      icmp_ln669_fu_403_p2                             |     |        | icmp_ln669     | seteq   | auto     | 0       |
|      or_ln669_fu_409_p2                               |     |        | or_ln669       | or      | auto     | 0       |
|    + MultiPixStream2Bytes_Pipeline_VITIS_LOOP_511_1   | 0   |        |                |         |          |         |
|      icmp_ln511_fu_452_p2                             |     |        | icmp_ln511     | seteq   | auto     | 0       |
|      x_10_fu_458_p2                                   |     |        | x_10           | add     | fabric   | 0       |
|      icmp_ln516_fu_468_p2                             |     |        | icmp_ln516     | setlt   | auto     | 0       |
|      or_ln516_fu_483_p2                               |     |        | or_ln516       | or      | auto     | 0       |
|      or_ln516_1_fu_491_p2                             |     |        | or_ln516_1     | or      | auto     | 0       |
|      or_ln516_2_fu_499_p2                             |     |        | or_ln516_2     | or      | auto     | 0       |
|      or_ln516_3_fu_507_p2                             |     |        | or_ln516_3     | or      | auto     | 0       |
|      or_ln516_4_fu_511_p2                             |     |        | or_ln516_4     | or      | auto     | 0       |
|      or_ln516_5_fu_515_p2                             |     |        | or_ln516_5     | or      | auto     | 0       |
|      or_ln516_6_fu_519_p2                             |     |        | or_ln516_6     | or      | auto     | 0       |
|   + Bytes2AXIMMvideo                                  | 0   |        |                |         |          |         |
|     grp_fu_347_p2                                     |     |        | add_ln1690     | add     | fabric   | 0       |
|     add_ln1709_fu_457_p2                              |     |        | add_ln1709     | add     | fabric   | 0       |
|     icmp_ln1709_fu_491_p2                             |     |        | icmp_ln1709    | seteq   | auto     | 0       |
|     icmp_ln1694_fu_660_p2                             |     |        | icmp_ln1694    | seteq   | auto     | 0       |
|     y_35_fu_665_p2                                    |     |        | y_35           | add     | fabric   | 0       |
|     add_ln1699_fu_690_p2                              |     |        | add_ln1699     | add     | fabric   | 0       |
|     add_ln1705_fu_705_p2                              |     |        | add_ln1705     | add     | fabric   | 0       |
|     add_ln1709_1_fu_810_p2                            |     |        | add_ln1709_1   | add     | fabric   | 0       |
|     add_ln1715_fu_825_p2                              |     |        | add_ln1715     | add     | fabric   | 0       |
|     offsetUv_1_fu_860_p2                              |     |        | offsetUv_1     | add     | fabric   | 0       |
|     grp_fu_347_p2                                     |     |        | add_ln1645     | add     | fabric   | 0       |
|     icmp_ln1652_fu_520_p2                             |     |        | icmp_ln1652    | seteq   | auto     | 0       |
|     icmp_ln1647_fu_713_p2                             |     |        | icmp_ln1647    | seteq   | auto     | 0       |
|     y_33_fu_718_p2                                    |     |        | y_33           | add     | fabric   | 0       |
|     add_ln1652_fu_878_p2                              |     |        | add_ln1652     | add     | fabric   | 0       |
|     add_ln1652_1_fu_882_p2                            |     |        | add_ln1652_1   | add     | fabric   | 0       |
|     add_ln1652_2_fu_736_p2                            |     |        | add_ln1652_2   | add     | fabric   | 0       |
|     add_ln1670_fu_946_p2                              |     |        | add_ln1670     | add     | fabric   | 0       |
|     grp_fu_347_p2                                     |     |        | add_ln1749     | add     | fabric   | 0       |
|     icmp_ln1756_fu_548_p2                             |     |        | icmp_ln1756    | seteq   | auto     | 0       |
|     icmp_ln1756_1_fu_554_p2                           |     |        | icmp_ln1756_1  | seteq   | auto     | 0       |
|     icmp_ln1756_2_fu_608_p2                           |     |        | icmp_ln1756_2  | seteq   | auto     | 0       |
|     icmp_ln1756_3_fu_614_p2                           |     |        | icmp_ln1756_3  | seteq   | auto     | 0       |
|     or_ln1756_fu_620_p2                               |     |        | or_ln1756      | or      | auto     | 0       |
|     or_ln1756_2_fu_626_p2                             |     |        | or_ln1756_2    | or      | auto     | 0       |
|     or_ln1756_3_fu_632_p2                             |     |        | or_ln1756_3    | or      | auto     | 0       |
|     icmp_ln1743_fu_744_p2                             |     |        | icmp_ln1743    | seteq   | auto     | 0       |
|     y_34_fu_749_p2                                    |     |        | y_34           | add     | fabric   | 0       |
|     add_ln1748_fu_774_p2                              |     |        | add_ln1748     | add     | fabric   | 0       |
|     add_ln1755_fu_789_p2                              |     |        | add_ln1755     | add     | fabric   | 0       |
|     empty_244_fu_970_p2                               |     |        | empty_244      | seteq   | auto     | 0       |
|     empty_245_fu_975_p2                               |     |        | empty_245      | or      | auto     | 0       |
|     empty_246_fu_980_p2                               |     |        | empty_246      | seteq   | auto     | 0       |
|     empty_247_fu_985_p2                               |     |        | empty_247      | or      | auto     | 0       |
|     empty_248_fu_991_p2                               |     |        | empty_248      | seteq   | auto     | 0       |
|     empty_249_fu_996_p2                               |     |        | empty_249      | or      | auto     | 0       |
|     empty_250_fu_1002_p2                              |     |        | empty_250      | seteq   | auto     | 0       |
|     empty_251_fu_1007_p2                              |     |        | empty_251      | or      | auto     | 0       |
|     add_ln1758_fu_1022_p2                             |     |        | add_ln1758     | add     | fabric   | 0       |
|     offsetUV_1_fu_1037_p2                             |     |        | offsetUV_1     | add     | fabric   | 0       |
|    + Bytes2AXIMMvideo_Pipeline_VITIS_LOOP_1699_4      | 0   |        |                |         |          |         |
|      icmp_ln1699_fu_114_p2                            |     |        | icmp_ln1699    | seteq   | auto     | 0       |
|      add_ln1699_fu_120_p2                             |     |        | add_ln1699     | add     | fabric   | 0       |
|    + Bytes2AXIMMvideo_Pipeline_VITIS_LOOP_1709_5      | 0   |        |                |         |          |         |
|      icmp_ln1709_fu_116_p2                            |     |        | icmp_ln1709    | seteq   | auto     | 0       |
|      add_ln1709_fu_122_p2                             |     |        | add_ln1709     | add     | fabric   | 0       |
|    + Bytes2AXIMMvideo_Pipeline_VITIS_LOOP_1715_6      | 0   |        |                |         |          |         |
|      icmp_ln1715_fu_116_p2                            |     |        | icmp_ln1715    | seteq   | auto     | 0       |
|      add_ln1715_fu_122_p2                             |     |        | add_ln1715     | add     | fabric   | 0       |
|    + Bytes2AXIMMvideo_Pipeline_VITIS_LOOP_1652_1      | 0   |        |                |         |          |         |
|      icmp_ln1652_fu_116_p2                            |     |        | icmp_ln1652    | seteq   | auto     | 0       |
|      add_ln1652_fu_122_p2                             |     |        | add_ln1652     | add     | fabric   | 0       |
|    + Bytes2AXIMMvideo_Pipeline_VITIS_LOOP_1658_2      | 0   |        |                |         |          |         |
|      icmp_ln1658_fu_116_p2                            |     |        | icmp_ln1658    | seteq   | auto     | 0       |
|      add_ln1658_fu_122_p2                             |     |        | add_ln1658     | add     | fabric   | 0       |
|    + Bytes2AXIMMvideo_Pipeline_VITIS_LOOP_1664_3      | 0   |        |                |         |          |         |
|      icmp_ln1664_fu_116_p2                            |     |        | icmp_ln1664    | seteq   | auto     | 0       |
|      add_ln1664_fu_122_p2                             |     |        | add_ln1664     | add     | fabric   | 0       |
|    + Bytes2AXIMMvideo_Pipeline_VITIS_LOOP_1748_7      | 0   |        |                |         |          |         |
|      icmp_ln1749_fu_114_p2                            |     |        | icmp_ln1749    | seteq   | auto     | 0       |
|      add_ln1749_fu_120_p2                             |     |        | add_ln1749     | add     | fabric   | 0       |
|    + Bytes2AXIMMvideo_Pipeline_VITIS_LOOP_1758_8      | 0   |        |                |         |          |         |
|      icmp_ln1759_fu_114_p2                            |     |        | icmp_ln1759    | seteq   | auto     | 0       |
|      add_ln1760_fu_120_p2                             |     |        | add_ln1760     | add     | fabric   | 0       |
+-------------------------------------------------------+-----+--------+----------------+---------+----------+---------+


================================================================
== Storage Report
================================================================
+------------------------+--------------+-----------+------+------+--------+-------------------+------+---------+------------------+
| Name                   | Usage        | Type      | BRAM | URAM | Pragma | Variable          | Impl | Latency | Bitwidth, Depth, |
|                        |              |           |      |      |        |                   |      |         | Banks            |
+------------------------+--------------+-----------+------+------+--------+-------------------+------+---------+------------------+
| + v_frmbuf_wr          |              |           | 12   | 0    |        |                   |      |         |                  |
|   CTRL_s_axi_U         | interface    | s_axilite |      |      |        |                   |      |         |                  |
|   mm_video_m_axi_U     | interface    | m_axi     |      |      |        |                   |      |         |                  |
|   BYTES_PER_PIXEL_U    | rom_1p       |           |      |      |        | BYTES_PER_PIXEL   | auto | 1       | 3, 45, 1         |
|   MEMORY2LIVE_U        | rom_1p       |           |      |      |        | MEMORY2LIVE       | auto | 1       | 3, 45, 1         |
|  + FrmbufWrHlsDataFlow |              |           | 12   | 0    |        |                   |      |         |                  |
|    img_U               | fifo channel | stream    |      |      |        | img               | srl  | 0       | 24, 2, 1         |
|    bytePlanes_plane0_U | fifo channel | stream    | 4    |      |        | bytePlanes_plane0 | bram | 0       | 64, 481, 1       |
|    bytePlanes_plane1_U | fifo channel | stream    | 4    |      |        | bytePlanes_plane1 | bram | 0       | 64, 481, 1       |
|    bytePlanes_plane2_U | fifo channel | stream    | 4    |      |        | bytePlanes_plane2 | bram | 0       | 64, 481, 1       |
+------------------------+--------------+-----------+------+------+--------+-------------------+------+---------+------------------+


================================================================
== Pragma Report
================================================================
* Valid Pragma Syntax
+----------------------+---------------------------------------------------------------------------------------------------------------------------------------------------------------------------+-----------------------------------------------------------------------------------------------------------------------------------------------------------------+
| Type                 | Options                                                                                                                                                                   | Location                                                                                                                                                        |
+----------------------+---------------------------------------------------------------------------------------------------------------------------------------------------------------------------+-----------------------------------------------------------------------------------------------------------------------------------------------------------------+
| INLINE               |                                                                                                                                                                           | in axigetbitfields (../../hdmi_mixer.gen/sources_1/bd/design_1/ip/design_1_v_frmbuf_wr_0_0/src/hls/hls_axi_io.h:61)                                             |
| INLINE               |                                                                                                                                                                           | in axigetbitfields (../../hdmi_mixer.gen/sources_1/bd/design_1/ip/design_1_v_frmbuf_wr_0_0/src/hls/hls_axi_io.h:68)                                             |
| INLINE               |                                                                                                                                                                           | in axigetbitfields (../../hdmi_mixer.gen/sources_1/bd/design_1/ip/design_1_v_frmbuf_wr_0_0/src/hls/hls_axi_io.h:76)                                             |
| INLINE               |                                                                                                                                                                           | in axigetbitfields (../../hdmi_mixer.gen/sources_1/bd/design_1/ip/design_1_v_frmbuf_wr_0_0/src/hls/hls_axi_io.h:84)                                             |
| INLINE               |                                                                                                                                                                           | in axisetbitfields (../../hdmi_mixer.gen/sources_1/bd/design_1/ip/design_1_v_frmbuf_wr_0_0/src/hls/hls_axi_io.h:90)                                             |
| INLINE               |                                                                                                                                                                           | in axisetbitfields (../../hdmi_mixer.gen/sources_1/bd/design_1/ip/design_1_v_frmbuf_wr_0_0/src/hls/hls_axi_io.h:97)                                             |
| INLINE               |                                                                                                                                                                           | in axisetbitfields (../../hdmi_mixer.gen/sources_1/bd/design_1/ip/design_1_v_frmbuf_wr_0_0/src/hls/hls_axi_io.h:105)                                            |
| INLINE               |                                                                                                                                                                           | in axisetbitfields (../../hdmi_mixer.gen/sources_1/bd/design_1/ip/design_1_v_frmbuf_wr_0_0/src/hls/hls_axi_io.h:113)                                            |
| INLINE               |                                                                                                                                                                           | in apply (../../hdmi_mixer.gen/sources_1/bd/design_1/ip/design_1_v_frmbuf_wr_0_0/src/hls/hls_video_arithm.h:131)                                                |
| INLINE               |                                                                                                                                                                           | in apply (../../hdmi_mixer.gen/sources_1/bd/design_1/ip/design_1_v_frmbuf_wr_0_0/src/hls/hls_video_arithm.h:145)                                                |
| INLINE               |                                                                                                                                                                           | in apply (../../hdmi_mixer.gen/sources_1/bd/design_1/ip/design_1_v_frmbuf_wr_0_0/src/hls/hls_video_arithm.h:159)                                                |
| INLINE               |                                                                                                                                                                           | in kernel_and_apply (../../hdmi_mixer.gen/sources_1/bd/design_1/ip/design_1_v_frmbuf_wr_0_0/src/hls/hls_video_arithm.h:171)                                     |
| INLINE               |                                                                                                                                                                           | in kernel_and_apply (../../hdmi_mixer.gen/sources_1/bd/design_1/ip/design_1_v_frmbuf_wr_0_0/src/hls/hls_video_arithm.h:177)                                     |
| INLINE               |                                                                                                                                                                           | in apply (../../hdmi_mixer.gen/sources_1/bd/design_1/ip/design_1_v_frmbuf_wr_0_0/src/hls/hls_video_arithm.h:189)                                                |
| INLINE               |                                                                                                                                                                           | in apply (../../hdmi_mixer.gen/sources_1/bd/design_1/ip/design_1_v_frmbuf_wr_0_0/src/hls/hls_video_arithm.h:198)                                                |
| INLINE               |                                                                                                                                                                           | in apply (../../hdmi_mixer.gen/sources_1/bd/design_1/ip/design_1_v_frmbuf_wr_0_0/src/hls/hls_video_arithm.h:207)                                                |
| INLINE               |                                                                                                                                                                           | in apply (../../hdmi_mixer.gen/sources_1/bd/design_1/ip/design_1_v_frmbuf_wr_0_0/src/hls/hls_video_arithm.h:216)                                                |
| INLINE               |                                                                                                                                                                           | in apply (../../hdmi_mixer.gen/sources_1/bd/design_1/ip/design_1_v_frmbuf_wr_0_0/src/hls/hls_video_arithm.h:230)                                                |
| INLINE               |                                                                                                                                                                           | in apply (../../hdmi_mixer.gen/sources_1/bd/design_1/ip/design_1_v_frmbuf_wr_0_0/src/hls/hls_video_arithm.h:241)                                                |
| INLINE               |                                                                                                                                                                           | in apply (../../hdmi_mixer.gen/sources_1/bd/design_1/ip/design_1_v_frmbuf_wr_0_0/src/hls/hls_video_arithm.h:252)                                                |
| INLINE               |                                                                                                                                                                           | in apply (../../hdmi_mixer.gen/sources_1/bd/design_1/ip/design_1_v_frmbuf_wr_0_0/src/hls/hls_video_arithm.h:263)                                                |
| INLINE               |                                                                                                                                                                           | in apply (../../hdmi_mixer.gen/sources_1/bd/design_1/ip/design_1_v_frmbuf_wr_0_0/src/hls/hls_video_arithm.h:276)                                                |
| INLINE               |                                                                                                                                                                           | in apply (../../hdmi_mixer.gen/sources_1/bd/design_1/ip/design_1_v_frmbuf_wr_0_0/src/hls/hls_video_arithm.h:288)                                                |
| INLINE               |                                                                                                                                                                           | in apply (../../hdmi_mixer.gen/sources_1/bd/design_1/ip/design_1_v_frmbuf_wr_0_0/src/hls/hls_video_arithm.h:304)                                                |
| INLINE               |                                                                                                                                                                           | in apply (../../hdmi_mixer.gen/sources_1/bd/design_1/ip/design_1_v_frmbuf_wr_0_0/src/hls/hls_video_arithm.h:334)                                                |
| INLINE               |                                                                                                                                                                           | in apply (../../hdmi_mixer.gen/sources_1/bd/design_1/ip/design_1_v_frmbuf_wr_0_0/src/hls/hls_video_arithm.h:343)                                                |
| LOOP_FLATTEN         | off                                                                                                                                                                       | in arithm_pro (../../hdmi_mixer.gen/sources_1/bd/design_1/ip/design_1_v_frmbuf_wr_0_0/src/hls/hls_video_arithm.h:370)                                           |
| PIPELINE             | ii=1                                                                                                                                                                      | in arithm_pro (../../hdmi_mixer.gen/sources_1/bd/design_1/ip/design_1_v_frmbuf_wr_0_0/src/hls/hls_video_arithm.h:371)                                           |
| LOOP_FLATTEN         | off                                                                                                                                                                       | in arithm_pro (../../hdmi_mixer.gen/sources_1/bd/design_1/ip/design_1_v_frmbuf_wr_0_0/src/hls/hls_video_arithm.h:402)                                           |
| PIPELINE             | ii=1                                                                                                                                                                      | in arithm_pro (../../hdmi_mixer.gen/sources_1/bd/design_1/ip/design_1_v_frmbuf_wr_0_0/src/hls/hls_video_arithm.h:403)                                           |
| LOOP_FLATTEN         | off                                                                                                                                                                       | in arithm_pro (../../hdmi_mixer.gen/sources_1/bd/design_1/ip/design_1_v_frmbuf_wr_0_0/src/hls/hls_video_arithm.h:442)                                           |
| PIPELINE             | ii=1                                                                                                                                                                      | in arithm_pro (../../hdmi_mixer.gen/sources_1/bd/design_1/ip/design_1_v_frmbuf_wr_0_0/src/hls/hls_video_arithm.h:443)                                           |
| LOOP_FLATTEN         | off                                                                                                                                                                       | in arithm_pro (../../hdmi_mixer.gen/sources_1/bd/design_1/ip/design_1_v_frmbuf_wr_0_0/src/hls/hls_video_arithm.h:474)                                           |
| PIPELINE             | ii=1                                                                                                                                                                      | in arithm_pro (../../hdmi_mixer.gen/sources_1/bd/design_1/ip/design_1_v_frmbuf_wr_0_0/src/hls/hls_video_arithm.h:475)                                           |
| LOOP_FLATTEN         | off                                                                                                                                                                       | in arithm_pro (../../hdmi_mixer.gen/sources_1/bd/design_1/ip/design_1_v_frmbuf_wr_0_0/src/hls/hls_video_arithm.h:506)                                           |
| PIPELINE             | ii=1                                                                                                                                                                      | in arithm_pro (../../hdmi_mixer.gen/sources_1/bd/design_1/ip/design_1_v_frmbuf_wr_0_0/src/hls/hls_video_arithm.h:507)                                           |
| UNROLL               |                                                                                                                                                                           | in arithm_pro (../../hdmi_mixer.gen/sources_1/bd/design_1/ip/design_1_v_frmbuf_wr_0_0/src/hls/hls_video_arithm.h:538)                                           |
| LOOP_FLATTEN         | off                                                                                                                                                                       | in arithm_pro (../../hdmi_mixer.gen/sources_1/bd/design_1/ip/design_1_v_frmbuf_wr_0_0/src/hls/hls_video_arithm.h:545)                                           |
| PIPELINE             | ii=1                                                                                                                                                                      | in arithm_pro (../../hdmi_mixer.gen/sources_1/bd/design_1/ip/design_1_v_frmbuf_wr_0_0/src/hls/hls_video_arithm.h:546)                                           |
| UNROLL               |                                                                                                                                                                           | in arithm_pro (../../hdmi_mixer.gen/sources_1/bd/design_1/ip/design_1_v_frmbuf_wr_0_0/src/hls/hls_video_arithm.h:570)                                           |
| LOOP_FLATTEN         | off                                                                                                                                                                       | in arithm_pro (../../hdmi_mixer.gen/sources_1/bd/design_1/ip/design_1_v_frmbuf_wr_0_0/src/hls/hls_video_arithm.h:579)                                           |
| PIPELINE             | ii=1                                                                                                                                                                      | in arithm_pro (../../hdmi_mixer.gen/sources_1/bd/design_1/ip/design_1_v_frmbuf_wr_0_0/src/hls/hls_video_arithm.h:580)                                           |
| ARRAY_PARTITION      | variable=dst_buffer complete dim=1                                                                                                                                        | in reduce_opr (../../hdmi_mixer.gen/sources_1/bd/design_1/ip/design_1_v_frmbuf_wr_0_0/src/hls/hls_video_arithm.h:602)                                           |
| ARRAY_PARTITION      | variable=dst_buffer complete dim=2                                                                                                                                        | in reduce_opr (../../hdmi_mixer.gen/sources_1/bd/design_1/ip/design_1_v_frmbuf_wr_0_0/src/hls/hls_video_arithm.h:603)                                           |
| UNROLL               |                                                                                                                                                                           | in reduce_opr (../../hdmi_mixer.gen/sources_1/bd/design_1/ip/design_1_v_frmbuf_wr_0_0/src/hls/hls_video_arithm.h:610)                                           |
| LOOP_FLATTEN         | off                                                                                                                                                                       | in reduce_opr (../../hdmi_mixer.gen/sources_1/bd/design_1/ip/design_1_v_frmbuf_wr_0_0/src/hls/hls_video_arithm.h:615)                                           |
| PIPELINE             | ii=1                                                                                                                                                                      | in reduce_opr (../../hdmi_mixer.gen/sources_1/bd/design_1/ip/design_1_v_frmbuf_wr_0_0/src/hls/hls_video_arithm.h:616)                                           |
| UNROLL               |                                                                                                                                                                           | in mins (../../hdmi_mixer.gen/sources_1/bd/design_1/ip/design_1_v_frmbuf_wr_0_0/src/hls/hls_video_arithm.h:719)                                                 |
| UNROLL               |                                                                                                                                                                           | in maxs (../../hdmi_mixer.gen/sources_1/bd/design_1/ip/design_1_v_frmbuf_wr_0_0/src/hls/hls_video_arithm.h:739)                                                 |
| UNROLL               |                                                                                                                                                                           | in zero (../../hdmi_mixer.gen/sources_1/bd/design_1/ip/design_1_v_frmbuf_wr_0_0/src/hls/hls_video_arithm.h:943)                                                 |
| UNROLL               |                                                                                                                                                                           | in zero (../../hdmi_mixer.gen/sources_1/bd/design_1/ip/design_1_v_frmbuf_wr_0_0/src/hls/hls_video_arithm.h:955)                                                 |
| UNROLL               |                                                                                                                                                                           | in cmps (../../hdmi_mixer.gen/sources_1/bd/design_1/ip/design_1_v_frmbuf_wr_0_0/src/hls/hls_video_arithm.h:1026)                                                |
| LOOP_FLATTEN         | off                                                                                                                                                                       | in range (../../hdmi_mixer.gen/sources_1/bd/design_1/ip/design_1_v_frmbuf_wr_0_0/src/hls/hls_video_arithm.h:1102)                                               |
| PIPELINE             | ii=1                                                                                                                                                                      | in range (../../hdmi_mixer.gen/sources_1/bd/design_1/ip/design_1_v_frmbuf_wr_0_0/src/hls/hls_video_arithm.h:1103)                                               |
| UNROLL               |                                                                                                                                                                           | in sum (../../hdmi_mixer.gen/sources_1/bd/design_1/ip/design_1_v_frmbuf_wr_0_0/src/hls/hls_video_arithm.h:1122)                                                 |
| UNROLL               |                                                                                                                                                                           | in avg (../../hdmi_mixer.gen/sources_1/bd/design_1/ip/design_1_v_frmbuf_wr_0_0/src/hls/hls_video_arithm.h:1138)                                                 |
| UNROLL               |                                                                                                                                                                           | in avg (../../hdmi_mixer.gen/sources_1/bd/design_1/ip/design_1_v_frmbuf_wr_0_0/src/hls/hls_video_arithm.h:1156)                                                 |
| INLINE               |                                                                                                                                                                           | in get_max_min (../../hdmi_mixer.gen/sources_1/bd/design_1/ip/design_1_v_frmbuf_wr_0_0/src/hls/hls_video_arithm.h:1233)                                         |
| LOOP_FLATTEN         | off                                                                                                                                                                       | in get_max_min (../../hdmi_mixer.gen/sources_1/bd/design_1/ip/design_1_v_frmbuf_wr_0_0/src/hls/hls_video_arithm.h:1248)                                         |
| PIPELINE             | ii=1                                                                                                                                                                      | in get_max_min (../../hdmi_mixer.gen/sources_1/bd/design_1/ip/design_1_v_frmbuf_wr_0_0/src/hls/hls_video_arithm.h:1249)                                         |
| INLINE               |                                                                                                                                                                           | in get_max_min (../../hdmi_mixer.gen/sources_1/bd/design_1/ip/design_1_v_frmbuf_wr_0_0/src/hls/hls_video_arithm.h:1276)                                         |
| LOOP_FLATTEN         | off                                                                                                                                                                       | in get_max_min (../../hdmi_mixer.gen/sources_1/bd/design_1/ip/design_1_v_frmbuf_wr_0_0/src/hls/hls_video_arithm.h:1292)                                         |
| PIPELINE             | ii=1                                                                                                                                                                      | in get_max_min (../../hdmi_mixer.gen/sources_1/bd/design_1/ip/design_1_v_frmbuf_wr_0_0/src/hls/hls_video_arithm.h:1293)                                         |
| INLINE               |                                                                                                                                                                           | in get_max_min (../../hdmi_mixer.gen/sources_1/bd/design_1/ip/design_1_v_frmbuf_wr_0_0/src/hls/hls_video_arithm.h:1328)                                         |
| LOOP_FLATTEN         | off                                                                                                                                                                       | in get_max_min (../../hdmi_mixer.gen/sources_1/bd/design_1/ip/design_1_v_frmbuf_wr_0_0/src/hls/hls_video_arithm.h:1343)                                         |
| PIPELINE             | ii=1                                                                                                                                                                      | in get_max_min (../../hdmi_mixer.gen/sources_1/bd/design_1/ip/design_1_v_frmbuf_wr_0_0/src/hls/hls_video_arithm.h:1344)                                         |
| INLINE               |                                                                                                                                                                           | in get_max_min (../../hdmi_mixer.gen/sources_1/bd/design_1/ip/design_1_v_frmbuf_wr_0_0/src/hls/hls_video_arithm.h:1393)                                         |
| LOOP_FLATTEN         | off                                                                                                                                                                       | in get_max_min (../../hdmi_mixer.gen/sources_1/bd/design_1/ip/design_1_v_frmbuf_wr_0_0/src/hls/hls_video_arithm.h:1409)                                         |
| PIPELINE             | ii=1                                                                                                                                                                      | in get_max_min (../../hdmi_mixer.gen/sources_1/bd/design_1/ip/design_1_v_frmbuf_wr_0_0/src/hls/hls_video_arithm.h:1410)                                         |
| LOOP_FLATTEN         | off                                                                                                                                                                       | in threshold (../../hdmi_mixer.gen/sources_1/bd/design_1/ip/design_1_v_frmbuf_wr_0_0/src/hls/hls_video_arithm.h:1505)                                           |
| PIPELINE             | ii=1                                                                                                                                                                      | in threshold (../../hdmi_mixer.gen/sources_1/bd/design_1/ip/design_1_v_frmbuf_wr_0_0/src/hls/hls_video_arithm.h:1506)                                           |
| LOOP_FLATTEN         | off                                                                                                                                                                       | in consume (../../hdmi_mixer.gen/sources_1/bd/design_1/ip/design_1_v_frmbuf_wr_0_0/src/hls/hls_video_arithm.h:1546)                                             |
| PIPELINE             | ii=1                                                                                                                                                                      | in consume (../../hdmi_mixer.gen/sources_1/bd/design_1/ip/design_1_v_frmbuf_wr_0_0/src/hls/hls_video_arithm.h:1547)                                             |
| LOOP_FLATTEN         | off                                                                                                                                                                       | in duplicate (../../hdmi_mixer.gen/sources_1/bd/design_1/ip/design_1_v_frmbuf_wr_0_0/src/hls/hls_video_arithm.h:1573)                                           |
| PIPELINE             | ii=1                                                                                                                                                                      | in duplicate (../../hdmi_mixer.gen/sources_1/bd/design_1/ip/design_1_v_frmbuf_wr_0_0/src/hls/hls_video_arithm.h:1574)                                           |
| LOOP_FLATTEN         | off                                                                                                                                                                       | in split (../../hdmi_mixer.gen/sources_1/bd/design_1/ip/design_1_v_frmbuf_wr_0_0/src/hls/hls_video_arithm.h:1604)                                               |
| PIPELINE             | ii=1                                                                                                                                                                      | in split (../../hdmi_mixer.gen/sources_1/bd/design_1/ip/design_1_v_frmbuf_wr_0_0/src/hls/hls_video_arithm.h:1605)                                               |
| LOOP_FLATTEN         | off                                                                                                                                                                       | in split (../../hdmi_mixer.gen/sources_1/bd/design_1/ip/design_1_v_frmbuf_wr_0_0/src/hls/hls_video_arithm.h:1637)                                               |
| PIPELINE             | ii=1                                                                                                                                                                      | in split (../../hdmi_mixer.gen/sources_1/bd/design_1/ip/design_1_v_frmbuf_wr_0_0/src/hls/hls_video_arithm.h:1638)                                               |
| LOOP_FLATTEN         | off                                                                                                                                                                       | in split (../../hdmi_mixer.gen/sources_1/bd/design_1/ip/design_1_v_frmbuf_wr_0_0/src/hls/hls_video_arithm.h:1673)                                               |
| PIPELINE             | ii=1                                                                                                                                                                      | in split (../../hdmi_mixer.gen/sources_1/bd/design_1/ip/design_1_v_frmbuf_wr_0_0/src/hls/hls_video_arithm.h:1674)                                               |
| LOOP_FLATTEN         | off                                                                                                                                                                       | in merge (../../hdmi_mixer.gen/sources_1/bd/design_1/ip/design_1_v_frmbuf_wr_0_0/src/hls/hls_video_arithm.h:1706)                                               |
| PIPELINE             | ii=1                                                                                                                                                                      | in merge (../../hdmi_mixer.gen/sources_1/bd/design_1/ip/design_1_v_frmbuf_wr_0_0/src/hls/hls_video_arithm.h:1707)                                               |
| LOOP_FLATTEN         | off                                                                                                                                                                       | in merge (../../hdmi_mixer.gen/sources_1/bd/design_1/ip/design_1_v_frmbuf_wr_0_0/src/hls/hls_video_arithm.h:1739)                                               |
| PIPELINE             | ii=1                                                                                                                                                                      | in merge (../../hdmi_mixer.gen/sources_1/bd/design_1/ip/design_1_v_frmbuf_wr_0_0/src/hls/hls_video_arithm.h:1740)                                               |
| LOOP_FLATTEN         | off                                                                                                                                                                       | in merge (../../hdmi_mixer.gen/sources_1/bd/design_1/ip/design_1_v_frmbuf_wr_0_0/src/hls/hls_video_arithm.h:1775)                                               |
| PIPELINE             | ii=1                                                                                                                                                                      | in merge (../../hdmi_mixer.gen/sources_1/bd/design_1/ip/design_1_v_frmbuf_wr_0_0/src/hls/hls_video_arithm.h:1776)                                               |
| INLINE               |                                                                                                                                                                           | in scalar<n, t> (../../hdmi_mixer.gen/sources_1/bd/design_1/ip/design_1_v_frmbuf_wr_0_0/src/hls/hls_video_core.h:197)                                           |
| ARRAY_PARTITION      | variable=val dim=1 complete                                                                                                                                               | in scalar<n, t> (../../hdmi_mixer.gen/sources_1/bd/design_1/ip/design_1_v_frmbuf_wr_0_0/src/hls/hls_video_core.h:198)                                           |
| INLINE               |                                                                                                                                                                           | in scalar<n, t> (../../hdmi_mixer.gen/sources_1/bd/design_1/ip/design_1_v_frmbuf_wr_0_0/src/hls/hls_video_core.h:202)                                           |
| ARRAY_PARTITION      | variable=val dim=1 complete                                                                                                                                               | in scalar<n, t> (../../hdmi_mixer.gen/sources_1/bd/design_1/ip/design_1_v_frmbuf_wr_0_0/src/hls/hls_video_core.h:203)                                           |
| INLINE               |                                                                                                                                                                           | in scalar<n, t> (../../hdmi_mixer.gen/sources_1/bd/design_1/ip/design_1_v_frmbuf_wr_0_0/src/hls/hls_video_core.h:208)                                           |
| ARRAY_PARTITION      | variable=val dim=1 complete                                                                                                                                               | in scalar<n, t> (../../hdmi_mixer.gen/sources_1/bd/design_1/ip/design_1_v_frmbuf_wr_0_0/src/hls/hls_video_core.h:209)                                           |
| INLINE               |                                                                                                                                                                           | in scalar<n, t> (../../hdmi_mixer.gen/sources_1/bd/design_1/ip/design_1_v_frmbuf_wr_0_0/src/hls/hls_video_core.h:214)                                           |
| ARRAY_PARTITION      | variable=val dim=1 complete                                                                                                                                               | in scalar<n, t> (../../hdmi_mixer.gen/sources_1/bd/design_1/ip/design_1_v_frmbuf_wr_0_0/src/hls/hls_video_core.h:215)                                           |
| INLINE               |                                                                                                                                                                           | in scalar<n, t> (../../hdmi_mixer.gen/sources_1/bd/design_1/ip/design_1_v_frmbuf_wr_0_0/src/hls/hls_video_core.h:220)                                           |
| ARRAY_PARTITION      | variable=val dim=1 complete                                                                                                                                               | in scalar<n, t> (../../hdmi_mixer.gen/sources_1/bd/design_1/ip/design_1_v_frmbuf_wr_0_0/src/hls/hls_video_core.h:221)                                           |
| INLINE               |                                                                                                                                                                           | in operator= (../../hdmi_mixer.gen/sources_1/bd/design_1/ip/design_1_v_frmbuf_wr_0_0/src/hls/hls_video_core.h:231)                                              |
| UNROLL               |                                                                                                                                                                           | in operator= (../../hdmi_mixer.gen/sources_1/bd/design_1/ip/design_1_v_frmbuf_wr_0_0/src/hls/hls_video_core.h:233)                                              |
| INLINE               |                                                                                                                                                                           | in operator= (../../hdmi_mixer.gen/sources_1/bd/design_1/ip/design_1_v_frmbuf_wr_0_0/src/hls/hls_video_core.h:252)                                              |
| UNROLL               |                                                                                                                                                                           | in operator= (../../hdmi_mixer.gen/sources_1/bd/design_1/ip/design_1_v_frmbuf_wr_0_0/src/hls/hls_video_core.h:254)                                              |
| INLINE               |                                                                                                                                                                           | in operator+ (../../hdmi_mixer.gen/sources_1/bd/design_1/ip/design_1_v_frmbuf_wr_0_0/src/hls/hls_video_core.h:261)                                              |
| UNROLL               |                                                                                                                                                                           | in operator+ (../../hdmi_mixer.gen/sources_1/bd/design_1/ip/design_1_v_frmbuf_wr_0_0/src/hls/hls_video_core.h:264)                                              |
| INLINE               |                                                                                                                                                                           | in operator+ (../../hdmi_mixer.gen/sources_1/bd/design_1/ip/design_1_v_frmbuf_wr_0_0/src/hls/hls_video_core.h:272)                                              |
| UNROLL               |                                                                                                                                                                           | in operator+ (../../hdmi_mixer.gen/sources_1/bd/design_1/ip/design_1_v_frmbuf_wr_0_0/src/hls/hls_video_core.h:275)                                              |
| INLINE               |                                                                                                                                                                           | in operator- (../../hdmi_mixer.gen/sources_1/bd/design_1/ip/design_1_v_frmbuf_wr_0_0/src/hls/hls_video_core.h:283)                                              |
| UNROLL               |                                                                                                                                                                           | in operator- (../../hdmi_mixer.gen/sources_1/bd/design_1/ip/design_1_v_frmbuf_wr_0_0/src/hls/hls_video_core.h:286)                                              |
| INLINE               |                                                                                                                                                                           | in operator- (../../hdmi_mixer.gen/sources_1/bd/design_1/ip/design_1_v_frmbuf_wr_0_0/src/hls/hls_video_core.h:294)                                              |
| UNROLL               |                                                                                                                                                                           | in operator- (../../hdmi_mixer.gen/sources_1/bd/design_1/ip/design_1_v_frmbuf_wr_0_0/src/hls/hls_video_core.h:297)                                              |
| INLINE               |                                                                                                                                                                           | in operator* (../../hdmi_mixer.gen/sources_1/bd/design_1/ip/design_1_v_frmbuf_wr_0_0/src/hls/hls_video_core.h:306)                                              |
| UNROLL               |                                                                                                                                                                           | in operator* (../../hdmi_mixer.gen/sources_1/bd/design_1/ip/design_1_v_frmbuf_wr_0_0/src/hls/hls_video_core.h:309)                                              |
| INLINE               |                                                                                                                                                                           | in operator* (../../hdmi_mixer.gen/sources_1/bd/design_1/ip/design_1_v_frmbuf_wr_0_0/src/hls/hls_video_core.h:317)                                              |
| UNROLL               |                                                                                                                                                                           | in operator* (../../hdmi_mixer.gen/sources_1/bd/design_1/ip/design_1_v_frmbuf_wr_0_0/src/hls/hls_video_core.h:320)                                              |
| INLINE               |                                                                                                                                                                           | in operator/ (../../hdmi_mixer.gen/sources_1/bd/design_1/ip/design_1_v_frmbuf_wr_0_0/src/hls/hls_video_core.h:329)                                              |
| UNROLL               |                                                                                                                                                                           | in operator/ (../../hdmi_mixer.gen/sources_1/bd/design_1/ip/design_1_v_frmbuf_wr_0_0/src/hls/hls_video_core.h:332)                                              |
| INLINE               |                                                                                                                                                                           | in operator/ (../../hdmi_mixer.gen/sources_1/bd/design_1/ip/design_1_v_frmbuf_wr_0_0/src/hls/hls_video_core.h:340)                                              |
| UNROLL               |                                                                                                                                                                           | in operator/ (../../hdmi_mixer.gen/sources_1/bd/design_1/ip/design_1_v_frmbuf_wr_0_0/src/hls/hls_video_core.h:343)                                              |
| INLINE               |                                                                                                                                                                           | in scalar_to_yuv422_8 (../../hdmi_mixer.gen/sources_1/bd/design_1/ip/design_1_v_frmbuf_wr_0_0/src/hls/hls_video_core.h:355)                                     |
| INLINE               |                                                                                                                                                                           | in yuv422_8_to_scalar (../../hdmi_mixer.gen/sources_1/bd/design_1/ip/design_1_v_frmbuf_wr_0_0/src/hls/hls_video_core.h:363)                                     |
| INLINE               |                                                                                                                                                                           | in scalar_to_yuv444_8 (../../hdmi_mixer.gen/sources_1/bd/design_1/ip/design_1_v_frmbuf_wr_0_0/src/hls/hls_video_core.h:373)                                     |
| INLINE               |                                                                                                                                                                           | in yuv444_8_to_scalar (../../hdmi_mixer.gen/sources_1/bd/design_1/ip/design_1_v_frmbuf_wr_0_0/src/hls/hls_video_core.h:382)                                     |
| INLINE               |                                                                                                                                                                           | in scalar_to_rgb_8 (../../hdmi_mixer.gen/sources_1/bd/design_1/ip/design_1_v_frmbuf_wr_0_0/src/hls/hls_video_core.h:393)                                        |
| INLINE               |                                                                                                                                                                           | in rgb_8_to_scalar (../../hdmi_mixer.gen/sources_1/bd/design_1/ip/design_1_v_frmbuf_wr_0_0/src/hls/hls_video_core.h:402)                                        |
| INLINE               |                                                                                                                                                                           | in scalar_to_yuva422_8 (../../hdmi_mixer.gen/sources_1/bd/design_1/ip/design_1_v_frmbuf_wr_0_0/src/hls/hls_video_core.h:413)                                    |
| INLINE               |                                                                                                                                                                           | in yuva422_8_to_scalar (../../hdmi_mixer.gen/sources_1/bd/design_1/ip/design_1_v_frmbuf_wr_0_0/src/hls/hls_video_core.h:422)                                    |
| INLINE               |                                                                                                                                                                           | in scalar_to_yuva444_8 (../../hdmi_mixer.gen/sources_1/bd/design_1/ip/design_1_v_frmbuf_wr_0_0/src/hls/hls_video_core.h:433)                                    |
| INLINE               |                                                                                                                                                                           | in yuva444_8_to_scalar (../../hdmi_mixer.gen/sources_1/bd/design_1/ip/design_1_v_frmbuf_wr_0_0/src/hls/hls_video_core.h:443)                                    |
| INLINE               |                                                                                                                                                                           | in scalar_to_rgba_8 (../../hdmi_mixer.gen/sources_1/bd/design_1/ip/design_1_v_frmbuf_wr_0_0/src/hls/hls_video_core.h:455)                                       |
| INLINE               |                                                                                                                                                                           | in rgba_8_to_scalar (../../hdmi_mixer.gen/sources_1/bd/design_1/ip/design_1_v_frmbuf_wr_0_0/src/hls/hls_video_core.h:465)                                       |
| INLINE               |                                                                                                                                                                           | in scalar_to_yuva420_8 (../../hdmi_mixer.gen/sources_1/bd/design_1/ip/design_1_v_frmbuf_wr_0_0/src/hls/hls_video_core.h:477)                                    |
| INLINE               |                                                                                                                                                                           | in yuva420_8_to_scalar (../../hdmi_mixer.gen/sources_1/bd/design_1/ip/design_1_v_frmbuf_wr_0_0/src/hls/hls_video_core.h:485)                                    |
| INLINE               |                                                                                                                                                                           | in scalar_to_yuvd422_8 (../../hdmi_mixer.gen/sources_1/bd/design_1/ip/design_1_v_frmbuf_wr_0_0/src/hls/hls_video_core.h:495)                                    |
| INLINE               |                                                                                                                                                                           | in yuvd422_8_to_scalar (../../hdmi_mixer.gen/sources_1/bd/design_1/ip/design_1_v_frmbuf_wr_0_0/src/hls/hls_video_core.h:504)                                    |
| INLINE               |                                                                                                                                                                           | in scalar_to_yuvd444_8 (../../hdmi_mixer.gen/sources_1/bd/design_1/ip/design_1_v_frmbuf_wr_0_0/src/hls/hls_video_core.h:515)                                    |
| INLINE               |                                                                                                                                                                           | in yuvd444_8_to_scalar (../../hdmi_mixer.gen/sources_1/bd/design_1/ip/design_1_v_frmbuf_wr_0_0/src/hls/hls_video_core.h:525)                                    |
| INLINE               |                                                                                                                                                                           | in scalar_to_rgbd_8 (../../hdmi_mixer.gen/sources_1/bd/design_1/ip/design_1_v_frmbuf_wr_0_0/src/hls/hls_video_core.h:537)                                       |
| INLINE               |                                                                                                                                                                           | in rgbd_8_to_scalar (../../hdmi_mixer.gen/sources_1/bd/design_1/ip/design_1_v_frmbuf_wr_0_0/src/hls/hls_video_core.h:547)                                       |
| INLINE               |                                                                                                                                                                           | in scalar_to_bayer_8 (../../hdmi_mixer.gen/sources_1/bd/design_1/ip/design_1_v_frmbuf_wr_0_0/src/hls/hls_video_core.h:559)                                      |
| INLINE               |                                                                                                                                                                           | in bayer_8_to_scalar (../../hdmi_mixer.gen/sources_1/bd/design_1/ip/design_1_v_frmbuf_wr_0_0/src/hls/hls_video_core.h:566)                                      |
| INLINE               |                                                                                                                                                                           | in scalar_to_luma_8 (../../hdmi_mixer.gen/sources_1/bd/design_1/ip/design_1_v_frmbuf_wr_0_0/src/hls/hls_video_core.h:575)                                       |
| INLINE               |                                                                                                                                                                           | in luma_8_to_scalar (../../hdmi_mixer.gen/sources_1/bd/design_1/ip/design_1_v_frmbuf_wr_0_0/src/hls/hls_video_core.h:582)                                       |
| INLINE               |                                                                                                                                                                           | in read (../../hdmi_mixer.gen/sources_1/bd/design_1/ip/design_1_v_frmbuf_wr_0_0/src/hls/hls_video_core.h:604)                                                   |
| INLINE               |                                                                                                                                                                           | in write (../../hdmi_mixer.gen/sources_1/bd/design_1/ip/design_1_v_frmbuf_wr_0_0/src/hls/hls_video_core.h:611)                                                  |
| AGGREGATE            | variable=data_stream                                                                                                                                                      | in write (../../hdmi_mixer.gen/sources_1/bd/design_1/ip/design_1_v_frmbuf_wr_0_0/src/hls/hls_video_core.h:612)                                                  |
| PROTOCOL             | floating                                                                                                                                                                  | in write (../../hdmi_mixer.gen/sources_1/bd/design_1/ip/design_1_v_frmbuf_wr_0_0/src/hls/hls_video_core.h:618)                                                  |
| UNROLL               |                                                                                                                                                                           | in write (../../hdmi_mixer.gen/sources_1/bd/design_1/ip/design_1_v_frmbuf_wr_0_0/src/hls/hls_video_core.h:620)                                                  |
| INLINE               |                                                                                                                                                                           | in operator>> (../../hdmi_mixer.gen/sources_1/bd/design_1/ip/design_1_v_frmbuf_wr_0_0/src/hls/hls_video_core.h:629)                                             |
| INLINE               |                                                                                                                                                                           | in operator<< (../../hdmi_mixer.gen/sources_1/bd/design_1/ip/design_1_v_frmbuf_wr_0_0/src/hls/hls_video_core.h:636)                                             |
| INLINE               |                                                                                                                                                                           | in mat<rows, cols, t> (../../hdmi_mixer.gen/sources_1/bd/design_1/ip/design_1_v_frmbuf_wr_0_0/src/hls/hls_video_core.h:654)                                     |
| INLINE               |                                                                                                                                                                           | in mat<rows, cols, t> (../../hdmi_mixer.gen/sources_1/bd/design_1/ip/design_1_v_frmbuf_wr_0_0/src/hls/hls_video_core.h:660)                                     |
| INLINE               |                                                                                                                                                                           | in mat<rows, cols, t> (../../hdmi_mixer.gen/sources_1/bd/design_1/ip/design_1_v_frmbuf_wr_0_0/src/hls/hls_video_core.h:666)                                     |
| INLINE               |                                                                                                                                                                           | in init (../../hdmi_mixer.gen/sources_1/bd/design_1/ip/design_1_v_frmbuf_wr_0_0/src/hls/hls_video_core.h:672)                                                   |
| INLINE               |                                                                                                                                                                           | in assignto (../../hdmi_mixer.gen/sources_1/bd/design_1/ip/design_1_v_frmbuf_wr_0_0/src/hls/hls_video_core.h:681)                                               |
| INLINE               |                                                                                                                                                                           | in read (../../hdmi_mixer.gen/sources_1/bd/design_1/ip/design_1_v_frmbuf_wr_0_0/src/hls/hls_video_core.h:688)                                                   |
| PROTOCOL             | floating                                                                                                                                                                  | in read (../../hdmi_mixer.gen/sources_1/bd/design_1/ip/design_1_v_frmbuf_wr_0_0/src/hls/hls_video_core.h:695)                                                   |
| UNROLL               |                                                                                                                                                                           | in read (../../hdmi_mixer.gen/sources_1/bd/design_1/ip/design_1_v_frmbuf_wr_0_0/src/hls/hls_video_core.h:697)                                                   |
| INLINE               |                                                                                                                                                                           | in read (../../hdmi_mixer.gen/sources_1/bd/design_1/ip/design_1_v_frmbuf_wr_0_0/src/hls/hls_video_core.h:706)                                                   |
| INLINE               |                                                                                                                                                                           | in write (../../hdmi_mixer.gen/sources_1/bd/design_1/ip/design_1_v_frmbuf_wr_0_0/src/hls/hls_video_core.h:712)                                                  |
| AGGREGATE            | variable=data_stream                                                                                                                                                      | in write (../../hdmi_mixer.gen/sources_1/bd/design_1/ip/design_1_v_frmbuf_wr_0_0/src/hls/hls_video_core.h:713)                                                  |
| PROTOCOL             | floating                                                                                                                                                                  | in write (../../hdmi_mixer.gen/sources_1/bd/design_1/ip/design_1_v_frmbuf_wr_0_0/src/hls/hls_video_core.h:719)                                                  |
| UNROLL               |                                                                                                                                                                           | in write (../../hdmi_mixer.gen/sources_1/bd/design_1/ip/design_1_v_frmbuf_wr_0_0/src/hls/hls_video_core.h:721)                                                  |
| INLINE               |                                                                                                                                                                           | in operator>> (../../hdmi_mixer.gen/sources_1/bd/design_1/ip/design_1_v_frmbuf_wr_0_0/src/hls/hls_video_core.h:729)                                             |
| INLINE               |                                                                                                                                                                           | in operator<< (../../hdmi_mixer.gen/sources_1/bd/design_1/ip/design_1_v_frmbuf_wr_0_0/src/hls/hls_video_core.h:735)                                             |
| INLINE               |                                                                                                                                                                           | in empty (../../hdmi_mixer.gen/sources_1/bd/design_1/ip/design_1_v_frmbuf_wr_0_0/src/hls/hls_video_core.h:741)                                                  |
| UNROLL               |                                                                                                                                                                           | in empty (../../hdmi_mixer.gen/sources_1/bd/design_1/ip/design_1_v_frmbuf_wr_0_0/src/hls/hls_video_core.h:744)                                                  |
| INLINE               |                                                                                                                                                                           | in type (../../hdmi_mixer.gen/sources_1/bd/design_1/ip/design_1_v_frmbuf_wr_0_0/src/hls/hls_video_core.h:756)                                                   |
| INLINE               |                                                                                                                                                                           | in depth (../../hdmi_mixer.gen/sources_1/bd/design_1/ip/design_1_v_frmbuf_wr_0_0/src/hls/hls_video_core.h:762)                                                  |
| INLINE               |                                                                                                                                                                           | in channels (../../hdmi_mixer.gen/sources_1/bd/design_1/ip/design_1_v_frmbuf_wr_0_0/src/hls/hls_video_core.h:767)                                               |
| INLINE               |                                                                                                                                                                           | in fast_pixel_diff (../../hdmi_mixer.gen/sources_1/bd/design_1/ip/design_1_v_frmbuf_wr_0_0/src/hls/hls_video_fast.h:63)                                         |
| INLINE               |                                                                                                                                                                           | in corescore (../../hdmi_mixer.gen/sources_1/bd/design_1/ip/design_1_v_frmbuf_wr_0_0/src/hls/hls_video_fast.h:105)                                              |
| ARRAY_PARTITION      | variable=flag_d_min2 dim=0                                                                                                                                                | in corescore (../../hdmi_mixer.gen/sources_1/bd/design_1/ip/design_1_v_frmbuf_wr_0_0/src/hls/hls_video_fast.h:113)                                              |
| ARRAY_PARTITION      | variable=flag_d_max2 dim=0                                                                                                                                                | in corescore (../../hdmi_mixer.gen/sources_1/bd/design_1/ip/design_1_v_frmbuf_wr_0_0/src/hls/hls_video_fast.h:114)                                              |
| ARRAY_PARTITION      | variable=flag_d_min4 dim=0                                                                                                                                                | in corescore (../../hdmi_mixer.gen/sources_1/bd/design_1/ip/design_1_v_frmbuf_wr_0_0/src/hls/hls_video_fast.h:115)                                              |
| ARRAY_PARTITION      | variable=flag_d_max4 dim=0                                                                                                                                                | in corescore (../../hdmi_mixer.gen/sources_1/bd/design_1/ip/design_1_v_frmbuf_wr_0_0/src/hls/hls_video_fast.h:116)                                              |
| ARRAY_PARTITION      | variable=flag_val dim=0                                                                                                                                                   | in fast_judge (../../hdmi_mixer.gen/sources_1/bd/design_1/ip/design_1_v_frmbuf_wr_0_0/src/hls/hls_video_fast.h:174)                                             |
| ARRAY_PARTITION      | variable=flag_d dim=0                                                                                                                                                     | in fast_judge (../../hdmi_mixer.gen/sources_1/bd/design_1/ip/design_1_v_frmbuf_wr_0_0/src/hls/hls_video_fast.h:175)                                             |
| INLINE               |                                                                                                                                                                           | in fast_judge (../../hdmi_mixer.gen/sources_1/bd/design_1/ip/design_1_v_frmbuf_wr_0_0/src/hls/hls_video_fast.h:177)                                             |
| INLINE               |                                                                                                                                                                           | in fast_nonmax (../../hdmi_mixer.gen/sources_1/bd/design_1/ip/design_1_v_frmbuf_wr_0_0/src/hls/hls_video_fast.h:207)                                            |
| ARRAY_PARTITION      | variable=flag_val dim=0                                                                                                                                                   | in fast_t_opr (../../hdmi_mixer.gen/sources_1/bd/design_1/ip/design_1_v_frmbuf_wr_0_0/src/hls/hls_video_fast.h:249)                                             |
| ARRAY_PARTITION      | variable=flag_d dim=0                                                                                                                                                     | in fast_t_opr (../../hdmi_mixer.gen/sources_1/bd/design_1/ip/design_1_v_frmbuf_wr_0_0/src/hls/hls_video_fast.h:250)                                             |
| LOOP_FLATTEN         | off                                                                                                                                                                       | in fast_t_opr (../../hdmi_mixer.gen/sources_1/bd/design_1/ip/design_1_v_frmbuf_wr_0_0/src/hls/hls_video_fast.h:260)                                             |
| PIPELINE             | ii=1                                                                                                                                                                      | in fast_t_opr (../../hdmi_mixer.gen/sources_1/bd/design_1/ip/design_1_v_frmbuf_wr_0_0/src/hls/hls_video_fast.h:261)                                             |
| INLINE               |                                                                                                                                                                           | in fastx (../../hdmi_mixer.gen/sources_1/bd/design_1/ip/design_1_v_frmbuf_wr_0_0/src/hls/hls_video_fast.h:338)                                                  |
| ARRAY_PARTITION      | variable=flag_val dim=0                                                                                                                                                   | in fast_t_opr (../../hdmi_mixer.gen/sources_1/bd/design_1/ip/design_1_v_frmbuf_wr_0_0/src/hls/hls_video_fast.h:366)                                             |
| ARRAY_PARTITION      | variable=flag_d dim=0                                                                                                                                                     | in fast_t_opr (../../hdmi_mixer.gen/sources_1/bd/design_1/ip/design_1_v_frmbuf_wr_0_0/src/hls/hls_video_fast.h:367)                                             |
| LOOP_FLATTEN         | off                                                                                                                                                                       | in fast_t_opr (../../hdmi_mixer.gen/sources_1/bd/design_1/ip/design_1_v_frmbuf_wr_0_0/src/hls/hls_video_fast.h:377)                                             |
| PIPELINE             | ii=1                                                                                                                                                                      | in fast_t_opr (../../hdmi_mixer.gen/sources_1/bd/design_1/ip/design_1_v_frmbuf_wr_0_0/src/hls/hls_video_fast.h:378)                                             |
| INLINE               |                                                                                                                                                                           | in fastx (../../hdmi_mixer.gen/sources_1/bd/design_1/ip/design_1_v_frmbuf_wr_0_0/src/hls/hls_video_fast.h:460)                                                  |
| LOOP_FLATTEN         | off                                                                                                                                                                       | in paintmask (../../hdmi_mixer.gen/sources_1/bd/design_1/ip/design_1_v_frmbuf_wr_0_0/src/hls/hls_video_fast.h:488)                                              |
| PIPELINE             | ii=1                                                                                                                                                                      | in paintmask (../../hdmi_mixer.gen/sources_1/bd/design_1/ip/design_1_v_frmbuf_wr_0_0/src/hls/hls_video_fast.h:489)                                              |
| ARRAY_PARTITION      | variable=rect complete dim=1                                                                                                                                              | in haarfeature (../../hdmi_mixer.gen/sources_1/bd/design_1/ip/design_1_v_frmbuf_wr_0_0/src/hls/hls_video_haar.h:73)                                             |
| ARRAY_PARTITION      | variable=haar_feature complete dim=1                                                                                                                                      | in haarclassifier<feature_max> (../../hdmi_mixer.gen/sources_1/bd/design_1/ip/design_1_v_frmbuf_wr_0_0/src/hls/hls_video_haar.h:84)                             |
| ARRAY_PARTITION      | variable=classifier complete dim=1                                                                                                                                        | in haarstageclassifier<stage, classifier_all, feature_max> (../../hdmi_mixer.gen/sources_1/bd/design_1/ip/design_1_v_frmbuf_wr_0_0/src/hls/hls_video_haar.h:99) |
| INLINE               |                                                                                                                                                                           | in intergral_win (../../hdmi_mixer.gen/sources_1/bd/design_1/ip/design_1_v_frmbuf_wr_0_0/src/hls/hls_video_haar.h:188)                                          |
| INLINE               | off                                                                                                                                                                       | in icvevalhidhaarclassifier (../../hdmi_mixer.gen/sources_1/bd/design_1/ip/design_1_v_frmbuf_wr_0_0/src/hls/hls_video_haar.h:205)                               |
| FUNCTION_INSTANTIATE | variable=classifier                                                                                                                                                       | in icvevalhidhaarclassifier (../../hdmi_mixer.gen/sources_1/bd/design_1/ip/design_1_v_frmbuf_wr_0_0/src/hls/hls_video_haar.h:206)                               |
| INLINE               |                                                                                                                                                                           | in runhaarclassifiercascade (../../hdmi_mixer.gen/sources_1/bd/design_1/ip/design_1_v_frmbuf_wr_0_0/src/hls/hls_video_haar.h:241)                               |
| LOOP_FLATTEN         | off                                                                                                                                                                       | in haarclassifierobject_opr (../../hdmi_mixer.gen/sources_1/bd/design_1/ip/design_1_v_frmbuf_wr_0_0/src/hls/hls_video_haar.h:298)                               |
| PIPELINE             |                                                                                                                                                                           | in haarclassifierobject_opr (../../hdmi_mixer.gen/sources_1/bd/design_1/ip/design_1_v_frmbuf_wr_0_0/src/hls/hls_video_haar.h:299)                               |
| DEPENDENCE           | array inter false                                                                                                                                                         | in haarclassifierobject_opr (../../hdmi_mixer.gen/sources_1/bd/design_1/ip/design_1_v_frmbuf_wr_0_0/src/hls/hls_video_haar.h:300)                               |
| EXPRESSION_BALANCE   | off                                                                                                                                                                       | in haarclassifierobject_opr (../../hdmi_mixer.gen/sources_1/bd/design_1/ip/design_1_v_frmbuf_wr_0_0/src/hls/hls_video_haar.h:303)                               |
| INLINE               |                                                                                                                                                                           | in haarclassifierobject (../../hdmi_mixer.gen/sources_1/bd/design_1/ip/design_1_v_frmbuf_wr_0_0/src/hls/hls_video_haar.h:412)                                   |
| PIPELINE             |                                                                                                                                                                           | in combin_mask (../../hdmi_mixer.gen/sources_1/bd/design_1/ip/design_1_v_frmbuf_wr_0_0/src/hls/hls_video_haar.h:476)                                            |
| INLINE               |                                                                                                                                                                           | in haarclassifierobject_group (../../hdmi_mixer.gen/sources_1/bd/design_1/ip/design_1_v_frmbuf_wr_0_0/src/hls/hls_video_haar.h:517)                             |
| INLINE               |                                                                                                                                                                           | in ismax (../../hdmi_mixer.gen/sources_1/bd/design_1/ip/design_1_v_frmbuf_wr_0_0/src/hls/hls_video_harris.h:102)                                                |
| LOOP_TRIPCOUNT       | MAX=ROWS                                                                                                                                                                  | in findmax (../../hdmi_mixer.gen/sources_1/bd/design_1/ip/design_1_v_frmbuf_wr_0_0/src/hls/hls_video_harris.h:129)                                              |
| DEPENDENCE           | ARRAY INTER FALSE                                                                                                                                                         | in findmax (../../hdmi_mixer.gen/sources_1/bd/design_1/ip/design_1_v_frmbuf_wr_0_0/src/hls/hls_video_harris.h:132)                                              |
| LOOP_TRIPCOUNT       | MAX=COLS                                                                                                                                                                  | in findmax (../../hdmi_mixer.gen/sources_1/bd/design_1/ip/design_1_v_frmbuf_wr_0_0/src/hls/hls_video_harris.h:133)                                              |
| LOOP_FLATTEN         | off                                                                                                                                                                       | in findmax (../../hdmi_mixer.gen/sources_1/bd/design_1/ip/design_1_v_frmbuf_wr_0_0/src/hls/hls_video_harris.h:134)                                              |
| PIPELINE             | ii=1                                                                                                                                                                      | in findmax (../../hdmi_mixer.gen/sources_1/bd/design_1/ip/design_1_v_frmbuf_wr_0_0/src/hls/hls_video_harris.h:135)                                              |
| LOOP_TRIPCOUNT       | MAX=ROWS                                                                                                                                                                  | in calcim (../../hdmi_mixer.gen/sources_1/bd/design_1/ip/design_1_v_frmbuf_wr_0_0/src/hls/hls_video_harris.h:198)                                               |
| DEPENDENCE           | ARRAY INTER FALSE                                                                                                                                                         | in calcim (../../hdmi_mixer.gen/sources_1/bd/design_1/ip/design_1_v_frmbuf_wr_0_0/src/hls/hls_video_harris.h:201)                                               |
| LOOP_TRIPCOUNT       | MAX=COLS                                                                                                                                                                  | in calcim (../../hdmi_mixer.gen/sources_1/bd/design_1/ip/design_1_v_frmbuf_wr_0_0/src/hls/hls_video_harris.h:202)                                               |
| LOOP_FLATTEN         | off                                                                                                                                                                       | in calcim (../../hdmi_mixer.gen/sources_1/bd/design_1/ip/design_1_v_frmbuf_wr_0_0/src/hls/hls_video_harris.h:203)                                               |
| PIPELINE             | ii=1                                                                                                                                                                      | in calcim (../../hdmi_mixer.gen/sources_1/bd/design_1/ip/design_1_v_frmbuf_wr_0_0/src/hls/hls_video_harris.h:204)                                               |
| INLINE               |                                                                                                                                                                           | in harris_opr (../../hdmi_mixer.gen/sources_1/bd/design_1/ip/design_1_v_frmbuf_wr_0_0/src/hls/hls_video_harris.h:228)                                           |
| DATAFLOW             |                                                                                                                                                                           | in harris_opr (../../hdmi_mixer.gen/sources_1/bd/design_1/ip/design_1_v_frmbuf_wr_0_0/src/hls/hls_video_harris.h:229)                                           |
| INLINE               |                                                                                                                                                                           | in cornerharris (../../hdmi_mixer.gen/sources_1/bd/design_1/ip/design_1_v_frmbuf_wr_0_0/src/hls/hls_video_harris.h:284)                                         |
| INLINE               |                                                                                                                                                                           | in harris (../../hdmi_mixer.gen/sources_1/bd/design_1/ip/design_1_v_frmbuf_wr_0_0/src/hls/hls_video_harris.h:325)                                               |
| UNROLL               |                                                                                                                                                                           | in equalize (../../hdmi_mixer.gen/sources_1/bd/design_1/ip/design_1_v_frmbuf_wr_0_0/src/hls/hls_video_histogram.h:78)                                           |
| PIPELINE             |                                                                                                                                                                           | in equalize (../../hdmi_mixer.gen/sources_1/bd/design_1/ip/design_1_v_frmbuf_wr_0_0/src/hls/hls_video_histogram.h:94)                                           |
| LOOP_FLATTEN         | OFF                                                                                                                                                                       | in equalize (../../hdmi_mixer.gen/sources_1/bd/design_1/ip/design_1_v_frmbuf_wr_0_0/src/hls/hls_video_histogram.h:95)                                           |
| DEPENDENCE           | array inter false                                                                                                                                                         | in equalize (../../hdmi_mixer.gen/sources_1/bd/design_1/ip/design_1_v_frmbuf_wr_0_0/src/hls/hls_video_histogram.h:96)                                           |
| LATENCY              | min=0 max=1                                                                                                                                                               | in equalize (../../hdmi_mixer.gen/sources_1/bd/design_1/ip/design_1_v_frmbuf_wr_0_0/src/hls/hls_video_histogram.h:112)                                          |
| PIPELINE             |                                                                                                                                                                           | in equalize (../../hdmi_mixer.gen/sources_1/bd/design_1/ip/design_1_v_frmbuf_wr_0_0/src/hls/hls_video_histogram.h:157)                                          |
| PIPELINE             |                                                                                                                                                                           | in equalize (../../hdmi_mixer.gen/sources_1/bd/design_1/ip/design_1_v_frmbuf_wr_0_0/src/hls/hls_video_histogram.h:168)                                          |
| INLINE               |                                                                                                                                                                           | in equalizehist (../../hdmi_mixer.gen/sources_1/bd/design_1/ip/design_1_v_frmbuf_wr_0_0/src/hls/hls_video_histogram.h:192)                                      |
| ARRAY_PARTITION      | variable=addr complete dim=0                                                                                                                                              | in houghpolar (../../hdmi_mixer.gen/sources_1/bd/design_1/ip/design_1_v_frmbuf_wr_0_0/src/hls/hls_video_hough.h:118)                                            |
| ARRAY_PARTITION      | variable=accbuf complete dim=0                                                                                                                                            | in houghpolar (../../hdmi_mixer.gen/sources_1/bd/design_1/ip/design_1_v_frmbuf_wr_0_0/src/hls/hls_video_hough.h:119)                                            |
| ARRAY_PARTITION      | variable=sinval complete dim=0                                                                                                                                            | in houghpolar (../../hdmi_mixer.gen/sources_1/bd/design_1/ip/design_1_v_frmbuf_wr_0_0/src/hls/hls_video_hough.h:125)                                            |
| ARRAY_PARTITION      | variable=cosval complete dim=0                                                                                                                                            | in houghpolar (../../hdmi_mixer.gen/sources_1/bd/design_1/ip/design_1_v_frmbuf_wr_0_0/src/hls/hls_video_hough.h:126)                                            |
| PIPELINE             |                                                                                                                                                                           | in houghpolar (../../hdmi_mixer.gen/sources_1/bd/design_1/ip/design_1_v_frmbuf_wr_0_0/src/hls/hls_video_hough.h:131)                                            |
| PIPELINE             |                                                                                                                                                                           | in houghpolar (../../hdmi_mixer.gen/sources_1/bd/design_1/ip/design_1_v_frmbuf_wr_0_0/src/hls/hls_video_hough.h:149)                                            |
| DEPENDENCE           | array inter false                                                                                                                                                         | in houghpolar (../../hdmi_mixer.gen/sources_1/bd/design_1/ip/design_1_v_frmbuf_wr_0_0/src/hls/hls_video_hough.h:150)                                            |
| ARRAY_PARTITION      | variable=&accum_buf complete dim=1                                                                                                                                        | in sort_insert (../../hdmi_mixer.gen/sources_1/bd/design_1/ip/design_1_v_frmbuf_wr_0_0/src/hls/hls_video_hough.h:192)                                           |
| ARRAY_PARTITION      | variable=lines_val complete dim=1                                                                                                                                         | in sort_insert (../../hdmi_mixer.gen/sources_1/bd/design_1/ip/design_1_v_frmbuf_wr_0_0/src/hls/hls_video_hough.h:193)                                           |
| ARRAY_PARTITION      | variable=lines complete dim=0                                                                                                                                             | in sort_insert (../../hdmi_mixer.gen/sources_1/bd/design_1/ip/design_1_v_frmbuf_wr_0_0/src/hls/hls_video_hough.h:194)                                           |
| ARRAY_PARTITION      | variable=&accum_win complete dim=0                                                                                                                                        | in sort_insert (../../hdmi_mixer.gen/sources_1/bd/design_1/ip/design_1_v_frmbuf_wr_0_0/src/hls/hls_video_hough.h:195)                                           |
| ARRAY_PARTITION      | variable=lines_flag complete dim=0                                                                                                                                        | in sort_insert (../../hdmi_mixer.gen/sources_1/bd/design_1/ip/design_1_v_frmbuf_wr_0_0/src/hls/hls_video_hough.h:196)                                           |
| DEPENDENCE           | array intra false                                                                                                                                                         | in sort_insert (../../hdmi_mixer.gen/sources_1/bd/design_1/ip/design_1_v_frmbuf_wr_0_0/src/hls/hls_video_hough.h:212)                                           |
| DEPENDENCE           | array inter false                                                                                                                                                         | in sort_insert (../../hdmi_mixer.gen/sources_1/bd/design_1/ip/design_1_v_frmbuf_wr_0_0/src/hls/hls_video_hough.h:213)                                           |
| PIPELINE             |                                                                                                                                                                           | in sort_insert (../../hdmi_mixer.gen/sources_1/bd/design_1/ip/design_1_v_frmbuf_wr_0_0/src/hls/hls_video_hough.h:214)                                           |
| ARRAY_PARTITION      | variable=_accum complete dim=1                                                                                                                                            | in houghlines2 (../../hdmi_mixer.gen/sources_1/bd/design_1/ip/design_1_v_frmbuf_wr_0_0/src/hls/hls_video_hough.h:334)                                           |
| INLINE               |                                                                                                                                                                           | in borderinterpolate (../../hdmi_mixer.gen/sources_1/bd/design_1/ip/design_1_v_frmbuf_wr_0_0/src/hls/hls_video_imgbase.h:129)                                   |
| INLINE               |                                                                                                                                                                           | in normalizeanchor (../../hdmi_mixer.gen/sources_1/bd/design_1/ip/design_1_v_frmbuf_wr_0_0/src/hls/hls_video_imgbase.h:175)                                     |
| LOOP_TRIPCOUNT       | min=20 max=2000                                                                                                                                                           | in duplicateimagen (../../hdmi_mixer.gen/sources_1/bd/design_1/ip/design_1_v_frmbuf_wr_0_0/src/hls/hls_video_imgbase.h:202)                                     |
| LOOP_TRIPCOUNT       | min=20 max=2000                                                                                                                                                           | in duplicateimagen (../../hdmi_mixer.gen/sources_1/bd/design_1/ip/design_1_v_frmbuf_wr_0_0/src/hls/hls_video_imgbase.h:204)                                     |
| PIPELINE             |                                                                                                                                                                           | in duplicateimagen (../../hdmi_mixer.gen/sources_1/bd/design_1/ip/design_1_v_frmbuf_wr_0_0/src/hls/hls_video_imgbase.h:206)                                     |
| INLINE               |                                                                                                                                                                           | in apply (../../hdmi_mixer.gen/sources_1/bd/design_1/ip/design_1_v_frmbuf_wr_0_0/src/hls/hls_video_imgproc.h:166)                                               |
| INLINE               |                                                                                                                                                                           | in apply (../../hdmi_mixer.gen/sources_1/bd/design_1/ip/design_1_v_frmbuf_wr_0_0/src/hls/hls_video_imgproc.h:192)                                               |
| INLINE               |                                                                                                                                                                           | in apply (../../hdmi_mixer.gen/sources_1/bd/design_1/ip/design_1_v_frmbuf_wr_0_0/src/hls/hls_video_imgproc.h:294)                                               |
| INLINE               |                                                                                                                                                                           | in apply (../../hdmi_mixer.gen/sources_1/bd/design_1/ip/design_1_v_frmbuf_wr_0_0/src/hls/hls_video_imgproc.h:316)                                               |
| INLINE               |                                                                                                                                                                           | in getstructuringelement (../../hdmi_mixer.gen/sources_1/bd/design_1/ip/design_1_v_frmbuf_wr_0_0/src/hls/hls_video_imgproc.h:330)                               |
| INLINE               |                                                                                                                                                                           | in fill_pixelkernel (../../hdmi_mixer.gen/sources_1/bd/design_1/ip/design_1_v_frmbuf_wr_0_0/src/hls/hls_video_imgproc.h:387)                                    |
| INLINE               |                                                                                                                                                                           | in filter (../../hdmi_mixer.gen/sources_1/bd/design_1/ip/design_1_v_frmbuf_wr_0_0/src/hls/hls_video_imgproc.h:410)                                              |
| ARRAY_PARTITION      | variable=col_buf complete dim=0                                                                                                                                           | in filter (../../hdmi_mixer.gen/sources_1/bd/design_1/ip/design_1_v_frmbuf_wr_0_0/src/hls/hls_video_imgproc.h:427)                                              |
| ARRAY_PARTITION      | variable=&kernel complete dim=0                                                                                                                                           | in filter (../../hdmi_mixer.gen/sources_1/bd/design_1/ip/design_1_v_frmbuf_wr_0_0/src/hls/hls_video_imgproc.h:428)                                              |
| ARRAY_PARTITION      | variable=src_kernel_win complete dim=0                                                                                                                                    | in filter (../../hdmi_mixer.gen/sources_1/bd/design_1/ip/design_1_v_frmbuf_wr_0_0/src/hls/hls_video_imgproc.h:429)                                              |
| ARRAY_PARTITION      | variable=k_buf complete dim=1                                                                                                                                             | in filter (../../hdmi_mixer.gen/sources_1/bd/design_1/ip/design_1_v_frmbuf_wr_0_0/src/hls/hls_video_imgproc.h:430)                                              |
| ARRAY_PARTITION      | variable=right_border_buf complete dim=0                                                                                                                                  | in filter (../../hdmi_mixer.gen/sources_1/bd/design_1/ip/design_1_v_frmbuf_wr_0_0/src/hls/hls_video_imgproc.h:431)                                              |
| DEPENDENCE           | array inter false                                                                                                                                                         | in filter (../../hdmi_mixer.gen/sources_1/bd/design_1/ip/design_1_v_frmbuf_wr_0_0/src/hls/hls_video_imgproc.h:461)                                              |
| LOOP_FLATTEN         | OFF                                                                                                                                                                       | in filter (../../hdmi_mixer.gen/sources_1/bd/design_1/ip/design_1_v_frmbuf_wr_0_0/src/hls/hls_video_imgproc.h:462)                                              |
| PIPELINE             |                                                                                                                                                                           | in filter (../../hdmi_mixer.gen/sources_1/bd/design_1/ip/design_1_v_frmbuf_wr_0_0/src/hls/hls_video_imgproc.h:463)                                              |
| INLINE               |                                                                                                                                                                           | in get_parameters (../../hdmi_mixer.gen/sources_1/bd/design_1/ip/design_1_v_frmbuf_wr_0_0/src/hls/hls_video_imgproc.h:541)                                      |
| INLINE               |                                                                                                                                                                           | in filter (../../hdmi_mixer.gen/sources_1/bd/design_1/ip/design_1_v_frmbuf_wr_0_0/src/hls/hls_video_imgproc.h:603)                                              |
| ARRAY_PARTITION      | variable=&kernel complete dim=0                                                                                                                                           | in filter (../../hdmi_mixer.gen/sources_1/bd/design_1/ip/design_1_v_frmbuf_wr_0_0/src/hls/hls_video_imgproc.h:612)                                              |
| ARRAY_PARTITION      | variable=src_kernel_win complete dim=0                                                                                                                                    | in filter (../../hdmi_mixer.gen/sources_1/bd/design_1/ip/design_1_v_frmbuf_wr_0_0/src/hls/hls_video_imgproc.h:613)                                              |
| ARRAY_PARTITION      | variable=k_buf complete dim=1                                                                                                                                             | in filter (../../hdmi_mixer.gen/sources_1/bd/design_1/ip/design_1_v_frmbuf_wr_0_0/src/hls/hls_video_imgproc.h:614)                                              |
| ARRAY_PARTITION      | variable=col_buf complete dim=0                                                                                                                                           | in filter (../../hdmi_mixer.gen/sources_1/bd/design_1/ip/design_1_v_frmbuf_wr_0_0/src/hls/hls_video_imgproc.h:615)                                              |
| LOOP_FLATTEN         | OFF                                                                                                                                                                       | in filter (../../hdmi_mixer.gen/sources_1/bd/design_1/ip/design_1_v_frmbuf_wr_0_0/src/hls/hls_video_imgproc.h:642)                                              |
| PIPELINE             |                                                                                                                                                                           | in filter (../../hdmi_mixer.gen/sources_1/bd/design_1/ip/design_1_v_frmbuf_wr_0_0/src/hls/hls_video_imgproc.h:643)                                              |
| ARRAY_PARTITION      | variable=col_buf complete dim=0                                                                                                                                           | in column_filter (../../hdmi_mixer.gen/sources_1/bd/design_1/ip/design_1_v_frmbuf_wr_0_0/src/hls/hls_video_imgproc.h:730)                                       |
| ARRAY_PARTITION      | variable=&kernelY complete dim=0                                                                                                                                          | in column_filter (../../hdmi_mixer.gen/sources_1/bd/design_1/ip/design_1_v_frmbuf_wr_0_0/src/hls/hls_video_imgproc.h:731)                                       |
| ARRAY_PARTITION      | variable=src_kernel_winY complete dim=0                                                                                                                                   | in column_filter (../../hdmi_mixer.gen/sources_1/bd/design_1/ip/design_1_v_frmbuf_wr_0_0/src/hls/hls_video_imgproc.h:732)                                       |
| ARRAY_PARTITION      | variable=k_buf complete dim=1                                                                                                                                             | in column_filter (../../hdmi_mixer.gen/sources_1/bd/design_1/ip/design_1_v_frmbuf_wr_0_0/src/hls/hls_video_imgproc.h:733)                                       |
| DEPENDENCE           | array inter false                                                                                                                                                         | in column_filter (../../hdmi_mixer.gen/sources_1/bd/design_1/ip/design_1_v_frmbuf_wr_0_0/src/hls/hls_video_imgproc.h:776)                                       |
| LOOP_FLATTEN         | OFF                                                                                                                                                                       | in column_filter (../../hdmi_mixer.gen/sources_1/bd/design_1/ip/design_1_v_frmbuf_wr_0_0/src/hls/hls_video_imgproc.h:777)                                       |
| PIPELINE             |                                                                                                                                                                           | in column_filter (../../hdmi_mixer.gen/sources_1/bd/design_1/ip/design_1_v_frmbuf_wr_0_0/src/hls/hls_video_imgproc.h:778)                                       |
| ARRAY_PARTITION      | variable=&kernelX complete dim=0                                                                                                                                          | in row_filter (../../hdmi_mixer.gen/sources_1/bd/design_1/ip/design_1_v_frmbuf_wr_0_0/src/hls/hls_video_imgproc.h:864)                                          |
| ARRAY_PARTITION      | variable=src_kernel_winX complete dim=0                                                                                                                                   | in row_filter (../../hdmi_mixer.gen/sources_1/bd/design_1/ip/design_1_v_frmbuf_wr_0_0/src/hls/hls_video_imgproc.h:865)                                          |
| ARRAY_PARTITION      | variable=src_kernel_winX_temp complete dim=0                                                                                                                              | in row_filter (../../hdmi_mixer.gen/sources_1/bd/design_1/ip/design_1_v_frmbuf_wr_0_0/src/hls/hls_video_imgproc.h:866)                                          |
| ARRAY_PARTITION      | variable=row_buf complete dim=0                                                                                                                                           | in row_filter (../../hdmi_mixer.gen/sources_1/bd/design_1/ip/design_1_v_frmbuf_wr_0_0/src/hls/hls_video_imgproc.h:867)                                          |
| ARRAY_PARTITION      | variable=l_border_buf complete dim=1                                                                                                                                      | in row_filter (../../hdmi_mixer.gen/sources_1/bd/design_1/ip/design_1_v_frmbuf_wr_0_0/src/hls/hls_video_imgproc.h:868)                                          |
| ARRAY_PARTITION      | variable=r_border_buf complete dim=1                                                                                                                                      | in row_filter (../../hdmi_mixer.gen/sources_1/bd/design_1/ip/design_1_v_frmbuf_wr_0_0/src/hls/hls_video_imgproc.h:869)                                          |
| DEPENDENCE           | array inter false                                                                                                                                                         | in row_filter (../../hdmi_mixer.gen/sources_1/bd/design_1/ip/design_1_v_frmbuf_wr_0_0/src/hls/hls_video_imgproc.h:925)                                          |
| LOOP_FLATTEN         | OFF                                                                                                                                                                       | in row_filter (../../hdmi_mixer.gen/sources_1/bd/design_1/ip/design_1_v_frmbuf_wr_0_0/src/hls/hls_video_imgproc.h:926)                                          |
| PIPELINE             |                                                                                                                                                                           | in row_filter (../../hdmi_mixer.gen/sources_1/bd/design_1/ip/design_1_v_frmbuf_wr_0_0/src/hls/hls_video_imgproc.h:927)                                          |
| INLINE               |                                                                                                                                                                           | in filter (../../hdmi_mixer.gen/sources_1/bd/design_1/ip/design_1_v_frmbuf_wr_0_0/src/hls/hls_video_imgproc.h:993)                                              |
| DATAFLOW             |                                                                                                                                                                           | in filter (../../hdmi_mixer.gen/sources_1/bd/design_1/ip/design_1_v_frmbuf_wr_0_0/src/hls/hls_video_imgproc.h:994)                                              |
| INLINE               |                                                                                                                                                                           | in filter (../../hdmi_mixer.gen/sources_1/bd/design_1/ip/design_1_v_frmbuf_wr_0_0/src/hls/hls_video_imgproc.h:1016)                                             |
| INLINE               |                                                                                                                                                                           | in filter (../../hdmi_mixer.gen/sources_1/bd/design_1/ip/design_1_v_frmbuf_wr_0_0/src/hls/hls_video_imgproc.h:1037)                                             |
| ARRAY_PARTITION      | variable=&kernelX complete dim=0                                                                                                                                          | in filter (../../hdmi_mixer.gen/sources_1/bd/design_1/ip/design_1_v_frmbuf_wr_0_0/src/hls/hls_video_imgproc.h:1048)                                             |
| ARRAY_PARTITION      | variable=&kernelY complete dim=0                                                                                                                                          | in filter (../../hdmi_mixer.gen/sources_1/bd/design_1/ip/design_1_v_frmbuf_wr_0_0/src/hls/hls_video_imgproc.h:1049)                                             |
| ARRAY_PARTITION      | variable=src_kernel_winX complete dim=0                                                                                                                                   | in filter (../../hdmi_mixer.gen/sources_1/bd/design_1/ip/design_1_v_frmbuf_wr_0_0/src/hls/hls_video_imgproc.h:1050)                                             |
| ARRAY_PARTITION      | variable=src_kernel_winX_temp complete dim=0                                                                                                                              | in filter (../../hdmi_mixer.gen/sources_1/bd/design_1/ip/design_1_v_frmbuf_wr_0_0/src/hls/hls_video_imgproc.h:1051)                                             |
| ARRAY_PARTITION      | variable=src_kernel_winY complete dim=0                                                                                                                                   | in filter (../../hdmi_mixer.gen/sources_1/bd/design_1/ip/design_1_v_frmbuf_wr_0_0/src/hls/hls_video_imgproc.h:1052)                                             |
| ARRAY_PARTITION      | variable=k_buf complete dim=1                                                                                                                                             | in filter (../../hdmi_mixer.gen/sources_1/bd/design_1/ip/design_1_v_frmbuf_wr_0_0/src/hls/hls_video_imgproc.h:1053)                                             |
| LOOP_FLATTEN         | OFF                                                                                                                                                                       | in filter (../../hdmi_mixer.gen/sources_1/bd/design_1/ip/design_1_v_frmbuf_wr_0_0/src/hls/hls_video_imgproc.h:1074)                                             |
| PIPELINE             |                                                                                                                                                                           | in filter (../../hdmi_mixer.gen/sources_1/bd/design_1/ip/design_1_v_frmbuf_wr_0_0/src/hls/hls_video_imgproc.h:1075)                                             |
| INLINE               |                                                                                                                                                                           | in filter (../../hdmi_mixer.gen/sources_1/bd/design_1/ip/design_1_v_frmbuf_wr_0_0/src/hls/hls_video_imgproc.h:1144)                                             |
| DATAFLOW             |                                                                                                                                                                           | in filter_opr_iter (../../hdmi_mixer.gen/sources_1/bd/design_1/ip/design_1_v_frmbuf_wr_0_0/src/hls/hls_video_imgproc.h:1171)                                    |
| ARRAY_PARTITION      | dim=1 type=complete variable=internal                                                                                                                                     | in filter_opr_iter (../../hdmi_mixer.gen/sources_1/bd/design_1/ip/design_1_v_frmbuf_wr_0_0/src/hls/hls_video_imgproc.h:1173)                                    |
| UNROLL               |                                                                                                                                                                           | in filter_opr_iter (../../hdmi_mixer.gen/sources_1/bd/design_1/ip/design_1_v_frmbuf_wr_0_0/src/hls/hls_video_imgproc.h:1177)                                    |
| INLINE               |                                                                                                                                                                           | in morp_opr (../../hdmi_mixer.gen/sources_1/bd/design_1/ip/design_1_v_frmbuf_wr_0_0/src/hls/hls_video_imgproc.h:1188)                                           |
| INLINE               |                                                                                                                                                                           | in morp_opr (../../hdmi_mixer.gen/sources_1/bd/design_1/ip/design_1_v_frmbuf_wr_0_0/src/hls/hls_video_imgproc.h:1210)                                           |
| INLINE               |                                                                                                                                                                           | in erode (../../hdmi_mixer.gen/sources_1/bd/design_1/ip/design_1_v_frmbuf_wr_0_0/src/hls/hls_video_imgproc.h:1255)                                              |
| INLINE               |                                                                                                                                                                           | in dilate (../../hdmi_mixer.gen/sources_1/bd/design_1/ip/design_1_v_frmbuf_wr_0_0/src/hls/hls_video_imgproc.h:1282)                                             |
| INLINE               |                                                                                                                                                                           | in convert (../../hdmi_mixer.gen/sources_1/bd/design_1/ip/design_1_v_frmbuf_wr_0_0/src/hls/hls_video_imgproc.h:1507)                                            |
| INLINE               |                                                                                                                                                                           | in max (../../hdmi_mixer.gen/sources_1/bd/design_1/ip/design_1_v_frmbuf_wr_0_0/src/hls/hls_video_imgproc.h:1523)                                                |
| INLINE               |                                                                                                                                                                           | in min (../../hdmi_mixer.gen/sources_1/bd/design_1/ip/design_1_v_frmbuf_wr_0_0/src/hls/hls_video_imgproc.h:1532)                                                |
| INLINE               |                                                                                                                                                                           | in apply (../../hdmi_mixer.gen/sources_1/bd/design_1/ip/design_1_v_frmbuf_wr_0_0/src/hls/hls_video_imgproc.h:1569)                                              |
| INLINE               |                                                                                                                                                                           | in apply (../../hdmi_mixer.gen/sources_1/bd/design_1/ip/design_1_v_frmbuf_wr_0_0/src/hls/hls_video_imgproc.h:1580)                                              |
| INLINE               |                                                                                                                                                                           | in apply (../../hdmi_mixer.gen/sources_1/bd/design_1/ip/design_1_v_frmbuf_wr_0_0/src/hls/hls_video_imgproc.h:1721)                                              |
| INLINE               |                                                                                                                                                                           | in apply (../../hdmi_mixer.gen/sources_1/bd/design_1/ip/design_1_v_frmbuf_wr_0_0/src/hls/hls_video_imgproc.h:1786)                                              |
| ARRAY_PARTITION      | variable=tab dim=0 complete                                                                                                                                               | in apply (../../hdmi_mixer.gen/sources_1/bd/design_1/ip/design_1_v_frmbuf_wr_0_0/src/hls/hls_video_imgproc.h:1797)                                              |
| INLINE               |                                                                                                                                                                           | in apply (../../hdmi_mixer.gen/sources_1/bd/design_1/ip/design_1_v_frmbuf_wr_0_0/src/hls/hls_video_imgproc.h:1836)                                              |
| INLINE               |                                                                                                                                                                           | in apply (../../hdmi_mixer.gen/sources_1/bd/design_1/ip/design_1_v_frmbuf_wr_0_0/src/hls/hls_video_imgproc.h:1919)                                              |
| ARRAY_PARTITION      | variable=tab dim=0 complete                                                                                                                                               | in apply (../../hdmi_mixer.gen/sources_1/bd/design_1/ip/design_1_v_frmbuf_wr_0_0/src/hls/hls_video_imgproc.h:1930)                                              |
| LOOP_FLATTEN         | OFF                                                                                                                                                                       | in cvtcolor (../../hdmi_mixer.gen/sources_1/bd/design_1/ip/design_1_v_frmbuf_wr_0_0/src/hls/hls_video_imgproc.h:1985)                                           |
| PIPELINE             |                                                                                                                                                                           | in cvtcolor (../../hdmi_mixer.gen/sources_1/bd/design_1/ip/design_1_v_frmbuf_wr_0_0/src/hls/hls_video_imgproc.h:1986)                                           |
| LOOP_FLATTEN         | OFF                                                                                                                                                                       | in integral (../../hdmi_mixer.gen/sources_1/bd/design_1/ip/design_1_v_frmbuf_wr_0_0/src/hls/hls_video_imgproc.h:2012)                                           |
| PIPELINE             |                                                                                                                                                                           | in integral (../../hdmi_mixer.gen/sources_1/bd/design_1/ip/design_1_v_frmbuf_wr_0_0/src/hls/hls_video_imgproc.h:2013)                                           |
| LOOP_FLATTEN         | OFF                                                                                                                                                                       | in integral (../../hdmi_mixer.gen/sources_1/bd/design_1/ip/design_1_v_frmbuf_wr_0_0/src/hls/hls_video_imgproc.h:2052)                                           |
| PIPELINE             |                                                                                                                                                                           | in integral (../../hdmi_mixer.gen/sources_1/bd/design_1/ip/design_1_v_frmbuf_wr_0_0/src/hls/hls_video_imgproc.h:2053)                                           |
| INLINE               | off                                                                                                                                                                       | in init_scale_coefficients (../../hdmi_mixer.gen/sources_1/bd/design_1/ip/design_1_v_frmbuf_wr_0_0/src/hls/hls_video_imgproc.h:2089)                            |
| INLINE               |                                                                                                                                                                           | in scale_operator (../../hdmi_mixer.gen/sources_1/bd/design_1/ip/design_1_v_frmbuf_wr_0_0/src/hls/hls_video_imgproc.h:2120)                                     |
| ARRAY_PARTITION      | variable= temp_in dim=0 complete                                                                                                                                          | in resize_opr_bicubic (../../hdmi_mixer.gen/sources_1/bd/design_1/ip/design_1_v_frmbuf_wr_0_0/src/hls/hls_video_imgproc.h:2160)                                 |
| ARRAY_PARTITION      | variable= temp_out dim=0 complete                                                                                                                                         | in resize_opr_bicubic (../../hdmi_mixer.gen/sources_1/bd/design_1/ip/design_1_v_frmbuf_wr_0_0/src/hls/hls_video_imgproc.h:2161)                                 |
| ARRAY_PARTITION      | variable= h_fir dim=0 complete                                                                                                                                            | in resize_opr_bicubic (../../hdmi_mixer.gen/sources_1/bd/design_1/ip/design_1_v_frmbuf_wr_0_0/src/hls/hls_video_imgproc.h:2162)                                 |
| ARRAY_PARTITION      | variable= v_fir dim=0 complete                                                                                                                                            | in resize_opr_bicubic (../../hdmi_mixer.gen/sources_1/bd/design_1/ip/design_1_v_frmbuf_wr_0_0/src/hls/hls_video_imgproc.h:2163)                                 |
| ARRAY_PARTITION      | variable=hcoeffs dim=2 complete                                                                                                                                           | in resize_opr_bicubic (../../hdmi_mixer.gen/sources_1/bd/design_1/ip/design_1_v_frmbuf_wr_0_0/src/hls/hls_video_imgproc.h:2164)                                 |
| ARRAY_PARTITION      | variable=vcoeffs dim=2 complete                                                                                                                                           | in resize_opr_bicubic (../../hdmi_mixer.gen/sources_1/bd/design_1/ip/design_1_v_frmbuf_wr_0_0/src/hls/hls_video_imgproc.h:2165)                                 |
| PIPELINE             |                                                                                                                                                                           | in resize_opr_bicubic (../../hdmi_mixer.gen/sources_1/bd/design_1/ip/design_1_v_frmbuf_wr_0_0/src/hls/hls_video_imgproc.h:2187)                                 |
| LOOP_FLATTEN         | off                                                                                                                                                                       | in resize_opr_bicubic (../../hdmi_mixer.gen/sources_1/bd/design_1/ip/design_1_v_frmbuf_wr_0_0/src/hls/hls_video_imgproc.h:2188)                                 |
| DEPENDENCE           | array inter false                                                                                                                                                         | in resize_opr_bicubic (../../hdmi_mixer.gen/sources_1/bd/design_1/ip/design_1_v_frmbuf_wr_0_0/src/hls/hls_video_imgproc.h:2189)                                 |
| LOOP_FLATTEN         | OFF                                                                                                                                                                       | in resize_opr_linear (../../hdmi_mixer.gen/sources_1/bd/design_1/ip/design_1_v_frmbuf_wr_0_0/src/hls/hls_video_imgproc.h:2331)                                  |
| DEPENDENCE           | array inter false                                                                                                                                                         | in resize_opr_linear (../../hdmi_mixer.gen/sources_1/bd/design_1/ip/design_1_v_frmbuf_wr_0_0/src/hls/hls_video_imgproc.h:2332)                                  |
| PIPELINE             |                                                                                                                                                                           | in resize_opr_linear (../../hdmi_mixer.gen/sources_1/bd/design_1/ip/design_1_v_frmbuf_wr_0_0/src/hls/hls_video_imgproc.h:2333)                                  |
| LOOP_FLATTEN         | OFF                                                                                                                                                                       | in convertscale (../../hdmi_mixer.gen/sources_1/bd/design_1/ip/design_1_v_frmbuf_wr_0_0/src/hls/hls_video_imgproc.h:2515)                                       |
| PIPELINE             |                                                                                                                                                                           | in convertscale (../../hdmi_mixer.gen/sources_1/bd/design_1/ip/design_1_v_frmbuf_wr_0_0/src/hls/hls_video_imgproc.h:2516)                                       |
| LOOP_FLATTEN         | OFF                                                                                                                                                                       | in convertscaleabs (../../hdmi_mixer.gen/sources_1/bd/design_1/ip/design_1_v_frmbuf_wr_0_0/src/hls/hls_video_imgproc.h:2544)                                    |
| PIPELINE             |                                                                                                                                                                           | in convertscaleabs (../../hdmi_mixer.gen/sources_1/bd/design_1/ip/design_1_v_frmbuf_wr_0_0/src/hls/hls_video_imgproc.h:2545)                                    |
| INLINE               | off                                                                                                                                                                       | in getgaussiankernel (../../hdmi_mixer.gen/sources_1/bd/design_1/ip/design_1_v_frmbuf_wr_0_0/src/hls/hls_video_imgproc.h:2653)                                  |
| INLINE               |                                                                                                                                                                           | in pyrup_opr (../../hdmi_mixer.gen/sources_1/bd/design_1/ip/design_1_v_frmbuf_wr_0_0/src/hls/hls_video_imgproc.h:2790)                                          |
| ARRAY_PARTITION      | variable=col_buf complete dim=0                                                                                                                                           | in pyrup_opr (../../hdmi_mixer.gen/sources_1/bd/design_1/ip/design_1_v_frmbuf_wr_0_0/src/hls/hls_video_imgproc.h:2801)                                          |
| ARRAY_PARTITION      | variable=&kernel complete dim=0                                                                                                                                           | in pyrup_opr (../../hdmi_mixer.gen/sources_1/bd/design_1/ip/design_1_v_frmbuf_wr_0_0/src/hls/hls_video_imgproc.h:2802)                                          |
| ARRAY_PARTITION      | variable=src_kernel_win complete dim=0                                                                                                                                    | in pyrup_opr (../../hdmi_mixer.gen/sources_1/bd/design_1/ip/design_1_v_frmbuf_wr_0_0/src/hls/hls_video_imgproc.h:2803)                                          |
| ARRAY_PARTITION      | variable=k_buf complete dim=1                                                                                                                                             | in pyrup_opr (../../hdmi_mixer.gen/sources_1/bd/design_1/ip/design_1_v_frmbuf_wr_0_0/src/hls/hls_video_imgproc.h:2804)                                          |
| ARRAY_PARTITION      | variable=right_border_buf complete dim=0                                                                                                                                  | in pyrup_opr (../../hdmi_mixer.gen/sources_1/bd/design_1/ip/design_1_v_frmbuf_wr_0_0/src/hls/hls_video_imgproc.h:2805)                                          |
| LOOP_FLATTEN         | OFF                                                                                                                                                                       | in pyrup_opr (../../hdmi_mixer.gen/sources_1/bd/design_1/ip/design_1_v_frmbuf_wr_0_0/src/hls/hls_video_imgproc.h:2817)                                          |
| DEPENDENCE           | array inter false                                                                                                                                                         | in pyrup_opr (../../hdmi_mixer.gen/sources_1/bd/design_1/ip/design_1_v_frmbuf_wr_0_0/src/hls/hls_video_imgproc.h:2818)                                          |
| PIPELINE             |                                                                                                                                                                           | in pyrup_opr (../../hdmi_mixer.gen/sources_1/bd/design_1/ip/design_1_v_frmbuf_wr_0_0/src/hls/hls_video_imgproc.h:2819)                                          |
| INLINE               |                                                                                                                                                                           | in pyrdown_opr (../../hdmi_mixer.gen/sources_1/bd/design_1/ip/design_1_v_frmbuf_wr_0_0/src/hls/hls_video_imgproc.h:2986)                                        |
| ARRAY_PARTITION      | variable=col_buf complete dim=0                                                                                                                                           | in pyrdown_opr (../../hdmi_mixer.gen/sources_1/bd/design_1/ip/design_1_v_frmbuf_wr_0_0/src/hls/hls_video_imgproc.h:2997)                                        |
| ARRAY_PARTITION      | variable=&kernel complete dim=0                                                                                                                                           | in pyrdown_opr (../../hdmi_mixer.gen/sources_1/bd/design_1/ip/design_1_v_frmbuf_wr_0_0/src/hls/hls_video_imgproc.h:2998)                                        |
| ARRAY_PARTITION      | variable=src_kernel_win complete dim=0                                                                                                                                    | in pyrdown_opr (../../hdmi_mixer.gen/sources_1/bd/design_1/ip/design_1_v_frmbuf_wr_0_0/src/hls/hls_video_imgproc.h:2999)                                        |
| ARRAY_PARTITION      | variable=k_buf complete dim=1                                                                                                                                             | in pyrdown_opr (../../hdmi_mixer.gen/sources_1/bd/design_1/ip/design_1_v_frmbuf_wr_0_0/src/hls/hls_video_imgproc.h:3000)                                        |
| ARRAY_PARTITION      | variable=right_border_buf complete dim=0                                                                                                                                  | in pyrdown_opr (../../hdmi_mixer.gen/sources_1/bd/design_1/ip/design_1_v_frmbuf_wr_0_0/src/hls/hls_video_imgproc.h:3001)                                        |
| LOOP_FLATTEN         | OFF                                                                                                                                                                       | in pyrdown_opr (../../hdmi_mixer.gen/sources_1/bd/design_1/ip/design_1_v_frmbuf_wr_0_0/src/hls/hls_video_imgproc.h:3018)                                        |
| DEPENDENCE           | array inter false                                                                                                                                                         | in pyrdown_opr (../../hdmi_mixer.gen/sources_1/bd/design_1/ip/design_1_v_frmbuf_wr_0_0/src/hls/hls_video_imgproc.h:3019)                                        |
| PIPELINE             |                                                                                                                                                                           | in pyrdown_opr (../../hdmi_mixer.gen/sources_1/bd/design_1/ip/design_1_v_frmbuf_wr_0_0/src/hls/hls_video_imgproc.h:3020)                                        |
| PIPELINE             | ii=1                                                                                                                                                                      | in axivideo2mat (../../hdmi_mixer.gen/sources_1/bd/design_1/ip/design_1_v_frmbuf_wr_0_0/src/hls/hls_video_io.h:80)                                              |
| LOOP_TRIPCOUNT       | avg=0 max=0                                                                                                                                                               | in axivideo2mat (../../hdmi_mixer.gen/sources_1/bd/design_1/ip/design_1_v_frmbuf_wr_0_0/src/hls/hls_video_io.h:81)                                              |
| LOOP_FLATTEN         | off                                                                                                                                                                       | in axivideo2mat (../../hdmi_mixer.gen/sources_1/bd/design_1/ip/design_1_v_frmbuf_wr_0_0/src/hls/hls_video_io.h:88)                                              |
| PIPELINE             | ii=1                                                                                                                                                                      | in axivideo2mat (../../hdmi_mixer.gen/sources_1/bd/design_1/ip/design_1_v_frmbuf_wr_0_0/src/hls/hls_video_io.h:89)                                              |
| PIPELINE             | ii=1                                                                                                                                                                      | in axivideo2mat (../../hdmi_mixer.gen/sources_1/bd/design_1/ip/design_1_v_frmbuf_wr_0_0/src/hls/hls_video_io.h:111)                                             |
| LOOP_TRIPCOUNT       | avg=0 max=0                                                                                                                                                               | in axivideo2mat (../../hdmi_mixer.gen/sources_1/bd/design_1/ip/design_1_v_frmbuf_wr_0_0/src/hls/hls_video_io.h:112)                                             |
| LOOP_FLATTEN         | off                                                                                                                                                                       | in mat2axivideo (../../hdmi_mixer.gen/sources_1/bd/design_1/ip/design_1_v_frmbuf_wr_0_0/src/hls/hls_video_io.h:141)                                             |
| PIPELINE             | ii=1                                                                                                                                                                      | in mat2axivideo (../../hdmi_mixer.gen/sources_1/bd/design_1/ip/design_1_v_frmbuf_wr_0_0/src/hls/hls_video_io.h:142)                                             |
| LOOP_FLATTEN         | off                                                                                                                                                                       | in array2mat (../../hdmi_mixer.gen/sources_1/bd/design_1/ip/design_1_v_frmbuf_wr_0_0/src/hls/hls_video_io.h:190)                                                |
| PIPELINE             | ii=1                                                                                                                                                                      | in array2mat (../../hdmi_mixer.gen/sources_1/bd/design_1/ip/design_1_v_frmbuf_wr_0_0/src/hls/hls_video_io.h:191)                                                |
| UNROLL               |                                                                                                                                                                           | in array2mat (../../hdmi_mixer.gen/sources_1/bd/design_1/ip/design_1_v_frmbuf_wr_0_0/src/hls/hls_video_io.h:197)                                                |
| LOOP_FLATTEN         | off                                                                                                                                                                       | in mat2array (../../hdmi_mixer.gen/sources_1/bd/design_1/ip/design_1_v_frmbuf_wr_0_0/src/hls/hls_video_io.h:256)                                                |
| PIPELINE             | ii=1                                                                                                                                                                      | in mat2array (../../hdmi_mixer.gen/sources_1/bd/design_1/ip/design_1_v_frmbuf_wr_0_0/src/hls/hls_video_io.h:257)                                                |
| UNROLL               |                                                                                                                                                                           | in mat2array (../../hdmi_mixer.gen/sources_1/bd/design_1/ip/design_1_v_frmbuf_wr_0_0/src/hls/hls_video_io.h:262)                                                |
| ARRAY_PARTITION      | variable=val dim=1 complete                                                                                                                                               | in window<rows, cols, t> (../../hdmi_mixer.gen/sources_1/bd/design_1/ip/design_1_v_frmbuf_wr_0_0/src/hls/hls_video_mem.h:66)                                    |
| ARRAY_PARTITION      | variable=val dim=2 complete                                                                                                                                               | in window<rows, cols, t> (../../hdmi_mixer.gen/sources_1/bd/design_1/ip/design_1_v_frmbuf_wr_0_0/src/hls/hls_video_mem.h:67)                                    |
| INLINE               |                                                                                                                                                                           | in shift_pixels_left (../../hdmi_mixer.gen/sources_1/bd/design_1/ip/design_1_v_frmbuf_wr_0_0/src/hls/hls_video_mem.h:128)                                       |
| UNROLL               |                                                                                                                                                                           | in shift_pixels_left (../../hdmi_mixer.gen/sources_1/bd/design_1/ip/design_1_v_frmbuf_wr_0_0/src/hls/hls_video_mem.h:138)                                       |
| UNROLL               |                                                                                                                                                                           | in shift_pixels_left (../../hdmi_mixer.gen/sources_1/bd/design_1/ip/design_1_v_frmbuf_wr_0_0/src/hls/hls_video_mem.h:140)                                       |
| INLINE               |                                                                                                                                                                           | in shift_pixels_right (../../hdmi_mixer.gen/sources_1/bd/design_1/ip/design_1_v_frmbuf_wr_0_0/src/hls/hls_video_mem.h:166)                                      |
| UNROLL               |                                                                                                                                                                           | in shift_pixels_right (../../hdmi_mixer.gen/sources_1/bd/design_1/ip/design_1_v_frmbuf_wr_0_0/src/hls/hls_video_mem.h:176)                                      |
| UNROLL               |                                                                                                                                                                           | in shift_pixels_right (../../hdmi_mixer.gen/sources_1/bd/design_1/ip/design_1_v_frmbuf_wr_0_0/src/hls/hls_video_mem.h:178)                                      |
| INLINE               |                                                                                                                                                                           | in shift_pixels_up (../../hdmi_mixer.gen/sources_1/bd/design_1/ip/design_1_v_frmbuf_wr_0_0/src/hls/hls_video_mem.h:204)                                         |
| UNROLL               |                                                                                                                                                                           | in shift_pixels_up (../../hdmi_mixer.gen/sources_1/bd/design_1/ip/design_1_v_frmbuf_wr_0_0/src/hls/hls_video_mem.h:214)                                         |
| UNROLL               |                                                                                                                                                                           | in shift_pixels_up (../../hdmi_mixer.gen/sources_1/bd/design_1/ip/design_1_v_frmbuf_wr_0_0/src/hls/hls_video_mem.h:216)                                         |
| INLINE               |                                                                                                                                                                           | in shift_pixels_down (../../hdmi_mixer.gen/sources_1/bd/design_1/ip/design_1_v_frmbuf_wr_0_0/src/hls/hls_video_mem.h:242)                                       |
| UNROLL               |                                                                                                                                                                           | in shift_pixels_down (../../hdmi_mixer.gen/sources_1/bd/design_1/ip/design_1_v_frmbuf_wr_0_0/src/hls/hls_video_mem.h:252)                                       |
| UNROLL               |                                                                                                                                                                           | in shift_pixels_down (../../hdmi_mixer.gen/sources_1/bd/design_1/ip/design_1_v_frmbuf_wr_0_0/src/hls/hls_video_mem.h:254)                                       |
| INLINE               |                                                                                                                                                                           | in insert_pixel (../../hdmi_mixer.gen/sources_1/bd/design_1/ip/design_1_v_frmbuf_wr_0_0/src/hls/hls_video_mem.h:279)                                            |
| INLINE               |                                                                                                                                                                           | in insert_row (../../hdmi_mixer.gen/sources_1/bd/design_1/ip/design_1_v_frmbuf_wr_0_0/src/hls/hls_video_mem.h:311)                                              |
| UNROLL               |                                                                                                                                                                           | in insert_row (../../hdmi_mixer.gen/sources_1/bd/design_1/ip/design_1_v_frmbuf_wr_0_0/src/hls/hls_video_mem.h:321)                                              |
| INLINE               |                                                                                                                                                                           | in insert_top_row (../../hdmi_mixer.gen/sources_1/bd/design_1/ip/design_1_v_frmbuf_wr_0_0/src/hls/hls_video_mem.h:346)                                          |
| INLINE               |                                                                                                                                                                           | in insert_bottom_row (../../hdmi_mixer.gen/sources_1/bd/design_1/ip/design_1_v_frmbuf_wr_0_0/src/hls/hls_video_mem.h:377)                                       |
| INLINE               |                                                                                                                                                                           | in insert_col (../../hdmi_mixer.gen/sources_1/bd/design_1/ip/design_1_v_frmbuf_wr_0_0/src/hls/hls_video_mem.h:408)                                              |
| UNROLL               |                                                                                                                                                                           | in insert_col (../../hdmi_mixer.gen/sources_1/bd/design_1/ip/design_1_v_frmbuf_wr_0_0/src/hls/hls_video_mem.h:418)                                              |
| INLINE               |                                                                                                                                                                           | in insert_left_col (../../hdmi_mixer.gen/sources_1/bd/design_1/ip/design_1_v_frmbuf_wr_0_0/src/hls/hls_video_mem.h:443)                                         |
| INLINE               |                                                                                                                                                                           | in insert_right_col (../../hdmi_mixer.gen/sources_1/bd/design_1/ip/design_1_v_frmbuf_wr_0_0/src/hls/hls_video_mem.h:474)                                        |
| INLINE               |                                                                                                                                                                           | in getval (../../hdmi_mixer.gen/sources_1/bd/design_1/ip/design_1_v_frmbuf_wr_0_0/src/hls/hls_video_mem.h:505)                                                  |
| INLINE               |                                                                                                                                                                           | in operator() (../../hdmi_mixer.gen/sources_1/bd/design_1/ip/design_1_v_frmbuf_wr_0_0/src/hls/hls_video_mem.h:514)                                              |
| INLINE               |                                                                                                                                                                           | in shift_left (../../hdmi_mixer.gen/sources_1/bd/design_1/ip/design_1_v_frmbuf_wr_0_0/src/hls/hls_video_mem.h:546)                                              |
| INLINE               |                                                                                                                                                                           | in shift_right (../../hdmi_mixer.gen/sources_1/bd/design_1/ip/design_1_v_frmbuf_wr_0_0/src/hls/hls_video_mem.h:556)                                             |
| INLINE               |                                                                                                                                                                           | in shift_up (../../hdmi_mixer.gen/sources_1/bd/design_1/ip/design_1_v_frmbuf_wr_0_0/src/hls/hls_video_mem.h:566)                                                |
| INLINE               |                                                                                                                                                                           | in shift_down (../../hdmi_mixer.gen/sources_1/bd/design_1/ip/design_1_v_frmbuf_wr_0_0/src/hls/hls_video_mem.h:576)                                              |
| INLINE               |                                                                                                                                                                           | in insert (../../hdmi_mixer.gen/sources_1/bd/design_1/ip/design_1_v_frmbuf_wr_0_0/src/hls/hls_video_mem.h:586)                                                  |
| INLINE               |                                                                                                                                                                           | in insert_top (../../hdmi_mixer.gen/sources_1/bd/design_1/ip/design_1_v_frmbuf_wr_0_0/src/hls/hls_video_mem.h:596)                                              |
| INLINE               |                                                                                                                                                                           | in insert_bottom (../../hdmi_mixer.gen/sources_1/bd/design_1/ip/design_1_v_frmbuf_wr_0_0/src/hls/hls_video_mem.h:606)                                           |
| INLINE               |                                                                                                                                                                           | in insert_left (../../hdmi_mixer.gen/sources_1/bd/design_1/ip/design_1_v_frmbuf_wr_0_0/src/hls/hls_video_mem.h:616)                                             |
| INLINE               |                                                                                                                                                                           | in insert_right (../../hdmi_mixer.gen/sources_1/bd/design_1/ip/design_1_v_frmbuf_wr_0_0/src/hls/hls_video_mem.h:626)                                            |
| INLINE               |                                                                                                                                                                           | in linebuffer<rows, cols, type-parameter-0-2, 0> (../../hdmi_mixer.gen/sources_1/bd/design_1/ip/design_1_v_frmbuf_wr_0_0/src/hls/hls_video_mem.h:638)           |
| ARRAY_PARTITION      | variable=val dim=1 complete                                                                                                                                               | in linebuffer<rows, cols, type-parameter-0-2, 0> (../../hdmi_mixer.gen/sources_1/bd/design_1/ip/design_1_v_frmbuf_wr_0_0/src/hls/hls_video_mem.h:639)           |
| DEPENDENCE           | variable=val inter false                                                                                                                                                  | in linebuffer<rows, cols, type-parameter-0-2, 0> (../../hdmi_mixer.gen/sources_1/bd/design_1/ip/design_1_v_frmbuf_wr_0_0/src/hls/hls_video_mem.h:640)           |
| DEPENDENCE           | variable=val intra false                                                                                                                                                  | in linebuffer<rows, cols, type-parameter-0-2, 0> (../../hdmi_mixer.gen/sources_1/bd/design_1/ip/design_1_v_frmbuf_wr_0_0/src/hls/hls_video_mem.h:641)           |
| INLINE               |                                                                                                                                                                           | in shift_pixels_down (../../hdmi_mixer.gen/sources_1/bd/design_1/ip/design_1_v_frmbuf_wr_0_0/src/hls/hls_video_mem.h:692)                                       |
| UNROLL               |                                                                                                                                                                           | in shift_pixels_down (../../hdmi_mixer.gen/sources_1/bd/design_1/ip/design_1_v_frmbuf_wr_0_0/src/hls/hls_video_mem.h:703)                                       |
| INLINE               |                                                                                                                                                                           | in shift_pixels_up (../../hdmi_mixer.gen/sources_1/bd/design_1/ip/design_1_v_frmbuf_wr_0_0/src/hls/hls_video_mem.h:732)                                         |
| UNROLL               |                                                                                                                                                                           | in shift_pixels_up (../../hdmi_mixer.gen/sources_1/bd/design_1/ip/design_1_v_frmbuf_wr_0_0/src/hls/hls_video_mem.h:743)                                         |
| INLINE               |                                                                                                                                                                           | in insert_bottom_row (../../hdmi_mixer.gen/sources_1/bd/design_1/ip/design_1_v_frmbuf_wr_0_0/src/hls/hls_video_mem.h:771)                                       |
| INLINE               |                                                                                                                                                                           | in insert_top_row (../../hdmi_mixer.gen/sources_1/bd/design_1/ip/design_1_v_frmbuf_wr_0_0/src/hls/hls_video_mem.h:803)                                          |
| INLINE               |                                                                                                                                                                           | in get_col (../../hdmi_mixer.gen/sources_1/bd/design_1/ip/design_1_v_frmbuf_wr_0_0/src/hls/hls_video_mem.h:835)                                                 |
| UNROLL               |                                                                                                                                                                           | in get_col (../../hdmi_mixer.gen/sources_1/bd/design_1/ip/design_1_v_frmbuf_wr_0_0/src/hls/hls_video_mem.h:839)                                                 |
| INLINE               |                                                                                                                                                                           | in getval (../../hdmi_mixer.gen/sources_1/bd/design_1/ip/design_1_v_frmbuf_wr_0_0/src/hls/hls_video_mem.h:848)                                                  |
| INLINE               |                                                                                                                                                                           | in operator() (../../hdmi_mixer.gen/sources_1/bd/design_1/ip/design_1_v_frmbuf_wr_0_0/src/hls/hls_video_mem.h:857)                                              |
| INLINE               |                                                                                                                                                                           | in shift_down (../../hdmi_mixer.gen/sources_1/bd/design_1/ip/design_1_v_frmbuf_wr_0_0/src/hls/hls_video_mem.h:867)                                              |
| INLINE               |                                                                                                                                                                           | in shift_up (../../hdmi_mixer.gen/sources_1/bd/design_1/ip/design_1_v_frmbuf_wr_0_0/src/hls/hls_video_mem.h:877)                                                |
| INLINE               |                                                                                                                                                                           | in insert_bottom (../../hdmi_mixer.gen/sources_1/bd/design_1/ip/design_1_v_frmbuf_wr_0_0/src/hls/hls_video_mem.h:887)                                           |
| INLINE               |                                                                                                                                                                           | in insert_top (../../hdmi_mixer.gen/sources_1/bd/design_1/ip/design_1_v_frmbuf_wr_0_0/src/hls/hls_video_mem.h:897)                                              |
| ARRAY_RESHAPE        | variable=val dim=1                                                                                                                                                        | in linebuffer<rows, cols, type-parameter-0-2, 1> (../../hdmi_mixer.gen/sources_1/bd/design_1/ip/design_1_v_frmbuf_wr_0_0/src/hls/hls_video_mem.h:926)           |
| DEPENDENCE           | variable=val inter false                                                                                                                                                  | in linebuffer<rows, cols, type-parameter-0-2, 1> (../../hdmi_mixer.gen/sources_1/bd/design_1/ip/design_1_v_frmbuf_wr_0_0/src/hls/hls_video_mem.h:927)           |
| DEPENDENCE           | variable=val intra false                                                                                                                                                  | in linebuffer<rows, cols, type-parameter-0-2, 1> (../../hdmi_mixer.gen/sources_1/bd/design_1/ip/design_1_v_frmbuf_wr_0_0/src/hls/hls_video_mem.h:928)           |
| INLINE               |                                                                                                                                                                           | in shift_pixels_down (../../hdmi_mixer.gen/sources_1/bd/design_1/ip/design_1_v_frmbuf_wr_0_0/src/hls/hls_video_mem.h:980)                                       |
| UNROLL               |                                                                                                                                                                           | in shift_pixels_down (../../hdmi_mixer.gen/sources_1/bd/design_1/ip/design_1_v_frmbuf_wr_0_0/src/hls/hls_video_mem.h:991)                                       |
| INLINE               |                                                                                                                                                                           | in shift_pixels_up (../../hdmi_mixer.gen/sources_1/bd/design_1/ip/design_1_v_frmbuf_wr_0_0/src/hls/hls_video_mem.h:1020)                                        |
| UNROLL               |                                                                                                                                                                           | in shift_pixels_up (../../hdmi_mixer.gen/sources_1/bd/design_1/ip/design_1_v_frmbuf_wr_0_0/src/hls/hls_video_mem.h:1031)                                        |
| INLINE               |                                                                                                                                                                           | in insert_bottom_row (../../hdmi_mixer.gen/sources_1/bd/design_1/ip/design_1_v_frmbuf_wr_0_0/src/hls/hls_video_mem.h:1059)                                      |
| INLINE               |                                                                                                                                                                           | in insert_top_row (../../hdmi_mixer.gen/sources_1/bd/design_1/ip/design_1_v_frmbuf_wr_0_0/src/hls/hls_video_mem.h:1091)                                         |
| INLINE               |                                                                                                                                                                           | in get_col (../../hdmi_mixer.gen/sources_1/bd/design_1/ip/design_1_v_frmbuf_wr_0_0/src/hls/hls_video_mem.h:1123)                                                |
| UNROLL               |                                                                                                                                                                           | in get_col (../../hdmi_mixer.gen/sources_1/bd/design_1/ip/design_1_v_frmbuf_wr_0_0/src/hls/hls_video_mem.h:1127)                                                |
| INLINE               |                                                                                                                                                                           | in getval (../../hdmi_mixer.gen/sources_1/bd/design_1/ip/design_1_v_frmbuf_wr_0_0/src/hls/hls_video_mem.h:1136)                                                 |
| INLINE               |                                                                                                                                                                           | in operator() (../../hdmi_mixer.gen/sources_1/bd/design_1/ip/design_1_v_frmbuf_wr_0_0/src/hls/hls_video_mem.h:1145)                                             |
| INLINE               |                                                                                                                                                                           | in shift_down (../../hdmi_mixer.gen/sources_1/bd/design_1/ip/design_1_v_frmbuf_wr_0_0/src/hls/hls_video_mem.h:1155)                                             |
| INLINE               |                                                                                                                                                                           | in shift_up (../../hdmi_mixer.gen/sources_1/bd/design_1/ip/design_1_v_frmbuf_wr_0_0/src/hls/hls_video_mem.h:1165)                                               |
| INLINE               |                                                                                                                                                                           | in insert_bottom (../../hdmi_mixer.gen/sources_1/bd/design_1/ip/design_1_v_frmbuf_wr_0_0/src/hls/hls_video_mem.h:1175)                                          |
| INLINE               |                                                                                                                                                                           | in insert_top (../../hdmi_mixer.gen/sources_1/bd/design_1/ip/design_1_v_frmbuf_wr_0_0/src/hls/hls_video_mem.h:1185)                                             |
| ARRAY_PARTITION      | variable=tmp complete dim=0                                                                                                                                               | in prefilternorm (../../hdmi_mixer.gen/sources_1/bd/design_1/ip/design_1_v_frmbuf_wr_0_0/src/hls/hls_video_stereobm.h:167)                                      |
| ARRAY_PARTITION      | variable=tmp complete dim=0                                                                                                                                               | in prefilternorm (../../hdmi_mixer.gen/sources_1/bd/design_1/ip/design_1_v_frmbuf_wr_0_0/src/hls/hls_video_stereobm.h:169)                                      |
| LOOP_FLATTEN         | off                                                                                                                                                                       | in prefilternorm (../../hdmi_mixer.gen/sources_1/bd/design_1/ip/design_1_v_frmbuf_wr_0_0/src/hls/hls_video_stereobm.h:181)                                      |
| PIPELINE             | ii=1                                                                                                                                                                      | in prefilternorm (../../hdmi_mixer.gen/sources_1/bd/design_1/ip/design_1_v_frmbuf_wr_0_0/src/hls/hls_video_stereobm.h:182)                                      |
| PIPELINE             | ii=1                                                                                                                                                                      | in clip (../../hdmi_mixer.gen/sources_1/bd/design_1/ip/design_1_v_frmbuf_wr_0_0/src/hls/hls_video_stereobm.h:232)                                               |
| INLINE               |                                                                                                                                                                           | in absdiff (../../hdmi_mixer.gen/sources_1/bd/design_1/ip/design_1_v_frmbuf_wr_0_0/src/hls/hls_video_stereobm.h:245)                                            |
| INLINE               |                                                                                                                                                                           | in updatetexture (../../hdmi_mixer.gen/sources_1/bd/design_1/ip/design_1_v_frmbuf_wr_0_0/src/hls/hls_video_stereobm.h:268)                                      |
| INLINE               |                                                                                                                                                                           | in sad_compute_inc (../../hdmi_mixer.gen/sources_1/bd/design_1/ip/design_1_v_frmbuf_wr_0_0/src/hls/hls_video_stereobm.h:285)                                    |
| INLINE               |                                                                                                                                                                           | in find (../../hdmi_mixer.gen/sources_1/bd/design_1/ip/design_1_v_frmbuf_wr_0_0/src/hls/hls_video_stereobm.h:310)                                               |
| ARRAY_PARTITION      | variable=a complete dim=0                                                                                                                                                 | in find (../../hdmi_mixer.gen/sources_1/bd/design_1/ip/design_1_v_frmbuf_wr_0_0/src/hls/hls_video_stereobm.h:311)                                               |
| INLINE               |                                                                                                                                                                           | in find (../../hdmi_mixer.gen/sources_1/bd/design_1/ip/design_1_v_frmbuf_wr_0_0/src/hls/hls_video_stereobm.h:339)                                               |
| ARRAY_PARTITION      | variable=a complete dim=0                                                                                                                                                 | in find (../../hdmi_mixer.gen/sources_1/bd/design_1/ip/design_1_v_frmbuf_wr_0_0/src/hls/hls_video_stereobm.h:340)                                               |
| INLINE               |                                                                                                                                                                           | in find (../../hdmi_mixer.gen/sources_1/bd/design_1/ip/design_1_v_frmbuf_wr_0_0/src/hls/hls_video_stereobm.h:351)                                               |
| ARRAY_PARTITION      | variable=a complete dim=0                                                                                                                                                 | in find (../../hdmi_mixer.gen/sources_1/bd/design_1/ip/design_1_v_frmbuf_wr_0_0/src/hls/hls_video_stereobm.h:352)                                               |
| ARRAY_PARTITION      | variable=l_tmp complete dim=0                                                                                                                                             | in sadblockmatching (../../hdmi_mixer.gen/sources_1/bd/design_1/ip/design_1_v_frmbuf_wr_0_0/src/hls/hls_video_stereobm.h:390)                                   |
| ARRAY_PARTITION      | variable=r_tmp complete dim=0                                                                                                                                             | in sadblockmatching (../../hdmi_mixer.gen/sources_1/bd/design_1/ip/design_1_v_frmbuf_wr_0_0/src/hls/hls_video_stereobm.h:392)                                   |
| ARRAY_PARTITION      | variable=sad complete dim=0                                                                                                                                               | in sadblockmatching (../../hdmi_mixer.gen/sources_1/bd/design_1/ip/design_1_v_frmbuf_wr_0_0/src/hls/hls_video_stereobm.h:395)                                   |
| ARRAY_PARTITION      | variable=sad_cols complete dim=0                                                                                                                                          | in sadblockmatching (../../hdmi_mixer.gen/sources_1/bd/design_1/ip/design_1_v_frmbuf_wr_0_0/src/hls/hls_video_stereobm.h:397)                                   |
| LOOP_FLATTEN         | off                                                                                                                                                                       | in sadblockmatching (../../hdmi_mixer.gen/sources_1/bd/design_1/ip/design_1_v_frmbuf_wr_0_0/src/hls/hls_video_stereobm.h:414)                                   |
| PIPELINE             | ii=1                                                                                                                                                                      | in sadblockmatching (../../hdmi_mixer.gen/sources_1/bd/design_1/ip/design_1_v_frmbuf_wr_0_0/src/hls/hls_video_stereobm.h:415)                                   |
| UNROLL               |                                                                                                                                                                           | in sadblockmatching (../../hdmi_mixer.gen/sources_1/bd/design_1/ip/design_1_v_frmbuf_wr_0_0/src/hls/hls_video_stereobm.h:419)                                   |
| UNROLL               |                                                                                                                                                                           | in sadblockmatching (../../hdmi_mixer.gen/sources_1/bd/design_1/ip/design_1_v_frmbuf_wr_0_0/src/hls/hls_video_stereobm.h:422)                                   |
| DATAFLOW             |                                                                                                                                                                           | in findstereocorrespondencebm (../../hdmi_mixer.gen/sources_1/bd/design_1/ip/design_1_v_frmbuf_wr_0_0/src/hls/hls_video_stereobm.h:578)                         |
| LOOP_FLATTEN         | OFF                                                                                                                                                                       | in remap_nearest (../../hdmi_mixer.gen/sources_1/bd/design_1/ip/design_1_v_frmbuf_wr_0_0/src/hls/hls_video_undistort.h:243)                                     |
| PIPELINE             | ii=1                                                                                                                                                                      | in remap_nearest (../../hdmi_mixer.gen/sources_1/bd/design_1/ip/design_1_v_frmbuf_wr_0_0/src/hls/hls_video_undistort.h:246)                                     |
| DEPENDENCE           | array inter false                                                                                                                                                         | in remap_nearest (../../hdmi_mixer.gen/sources_1/bd/design_1/ip/design_1_v_frmbuf_wr_0_0/src/hls/hls_video_undistort.h:247)                                     |
| ARRAY_PARTITION      | complete variable=buf dim=2                                                                                                                                               | in remap_linear (../../hdmi_mixer.gen/sources_1/bd/design_1/ip/design_1_v_frmbuf_wr_0_0/src/hls/hls_video_undistort.h:288)                                      |
| ARRAY_PARTITION      | complete variable=buf dim=4                                                                                                                                               | in remap_linear (../../hdmi_mixer.gen/sources_1/bd/design_1/ip/design_1_v_frmbuf_wr_0_0/src/hls/hls_video_undistort.h:289)                                      |
| LOOP_FLATTEN         | OFF                                                                                                                                                                       | in remap_linear (../../hdmi_mixer.gen/sources_1/bd/design_1/ip/design_1_v_frmbuf_wr_0_0/src/hls/hls_video_undistort.h:303)                                      |
| PIPELINE             | ii=1                                                                                                                                                                      | in remap_linear (../../hdmi_mixer.gen/sources_1/bd/design_1/ip/design_1_v_frmbuf_wr_0_0/src/hls/hls_video_undistort.h:306)                                      |
| DEPENDENCE           | array inter false                                                                                                                                                         | in remap_linear (../../hdmi_mixer.gen/sources_1/bd/design_1/ip/design_1_v_frmbuf_wr_0_0/src/hls/hls_video_undistort.h:307)                                      |
| ARRAY_PARTITION      | variable=distCoeffs complete                                                                                                                                              | in initundistortrectifymapinverse (../../hdmi_mixer.gen/sources_1/bd/design_1/ip/design_1_v_frmbuf_wr_0_0/src/hls/hls_video_undistort.h:687)                    |
| PIPELINE             | ii=1                                                                                                                                                                      | in initundistortrectifymapinverse (../../hdmi_mixer.gen/sources_1/bd/design_1/ip/design_1_v_frmbuf_wr_0_0/src/hls/hls_video_undistort.h:701)                    |
| STREAM               | depth=PLANE_STREAM_DEPTH2 variable=bytePlanes.plane2                                                                                                                      | in frmbufwrhlsdataflow (prj/sol/.autopilot/db/v_frmbuf_wr.cpp:111)                                                                                              |
| BIND_STORAGE         | variable=bytePlanes.plane2 type=fifo impl=bram                                                                                                                            | in frmbufwrhlsdataflow (prj/sol/.autopilot/db/v_frmbuf_wr.cpp:112)                                                                                              |
| STREAM               | depth=PLANE_STREAM_DEPTH1 variable=bytePlanes.plane1                                                                                                                      | in frmbufwrhlsdataflow (prj/sol/.autopilot/db/v_frmbuf_wr.cpp:115)                                                                                              |
| BIND_STORAGE         | variable=bytePlanes.plane1 type=fifo impl=bram                                                                                                                            | in frmbufwrhlsdataflow (prj/sol/.autopilot/db/v_frmbuf_wr.cpp:116)                                                                                              |
| STREAM               | depth=PLANE_STREAM_DEPTH0 variable=bytePlanes.plane0                                                                                                                      | in frmbufwrhlsdataflow (prj/sol/.autopilot/db/v_frmbuf_wr.cpp:119)                                                                                              |
| BIND_STORAGE         | variable=bytePlanes.plane0 type=fifo impl=bram                                                                                                                            | in frmbufwrhlsdataflow (prj/sol/.autopilot/db/v_frmbuf_wr.cpp:120)                                                                                              |
| DATAFLOW             |                                                                                                                                                                           | in frmbufwrhlsdataflow (prj/sol/.autopilot/db/v_frmbuf_wr.cpp:122)                                                                                              |
| INTERFACE            | axis port=s_axis_video register                                                                                                                                           | in v_frmbuf_wr (prj/sol/.autopilot/db/v_frmbuf_wr.cpp:175)                                                                                                      |
| INTERFACE            | s_axilite port=width bundle=CTRL offset=0x0010                                                                                                                            | in v_frmbuf_wr (prj/sol/.autopilot/db/v_frmbuf_wr.cpp:177)                                                                                                      |
| INTERFACE            | s_axilite port=height bundle=CTRL offset=0x0018                                                                                                                           | in v_frmbuf_wr (prj/sol/.autopilot/db/v_frmbuf_wr.cpp:178)                                                                                                      |
| INTERFACE            | s_axilite port=stride bundle=CTRL offset=0x0020                                                                                                                           | in v_frmbuf_wr (prj/sol/.autopilot/db/v_frmbuf_wr.cpp:179)                                                                                                      |
| INTERFACE            | s_axilite port=video_format bundle=CTRL offset=0x0028                                                                                                                     | in v_frmbuf_wr (prj/sol/.autopilot/db/v_frmbuf_wr.cpp:180)                                                                                                      |
| INTERFACE            | s_axilite port=return bundle=CTRL                                                                                                                                         | in v_frmbuf_wr (prj/sol/.autopilot/db/v_frmbuf_wr.cpp:185)                                                                                                      |
| STABLE               | variable=width                                                                                                                                                            | in v_frmbuf_wr (prj/sol/.autopilot/db/v_frmbuf_wr.cpp:187)                                                                                                      |
| STABLE               | variable=height                                                                                                                                                           | in v_frmbuf_wr (prj/sol/.autopilot/db/v_frmbuf_wr.cpp:189)                                                                                                      |
| STABLE               | variable=stride                                                                                                                                                           | in v_frmbuf_wr (prj/sol/.autopilot/db/v_frmbuf_wr.cpp:191)                                                                                                      |
| STABLE               | variable=video_format                                                                                                                                                     | in v_frmbuf_wr (prj/sol/.autopilot/db/v_frmbuf_wr.cpp:193)                                                                                                      |
| INTERFACE            | m_axi port=frm_buffer offset=slave bundle=mm_video latency=100 num_write_outstanding=NUM_WRITE_OUTSTANDING max_write_burst_length=MAX_WRITE_BURST_LENGTH depth=1920*1080  | in v_frmbuf_wr (prj/sol/.autopilot/db/v_frmbuf_wr.cpp:208)                                                                                                      |
| INTERFACE            | s_axilite port=frm_buffer bundle=CTRL offset=0x0030                                                                                                                       | in v_frmbuf_wr (prj/sol/.autopilot/db/v_frmbuf_wr.cpp:209)                                                                                                      |
| INTERFACE            | m_axi port=frm_buffer2 offset=slave bundle=mm_video latency=100 num_write_outstanding=NUM_WRITE_OUTSTANDING max_write_burst_length=MAX_WRITE_BURST_LENGTH depth=1920*1080 | in v_frmbuf_wr (prj/sol/.autopilot/db/v_frmbuf_wr.cpp:211)                                                                                                      |
| INTERFACE            | s_axilite port=frm_buffer2 bundle=CTRL offset=0x003C                                                                                                                      | in v_frmbuf_wr (prj/sol/.autopilot/db/v_frmbuf_wr.cpp:212)                                                                                                      |
| INTERFACE            | m_axi port=frm_buffer3 offset=slave bundle=mm_video latency=100 num_write_outstanding=NUM_WRITE_OUTSTANDING max_write_burst_length=MAX_WRITE_BURST_LENGTH depth=1920*1080 | in v_frmbuf_wr (prj/sol/.autopilot/db/v_frmbuf_wr.cpp:214)                                                                                                      |
| INTERFACE            | s_axilite port=frm_buffer3 bundle=CTRL offset=0x0054                                                                                                                      | in v_frmbuf_wr (prj/sol/.autopilot/db/v_frmbuf_wr.cpp:215)                                                                                                      |
| PIPELINE             | ii=1                                                                                                                                                                      | in axivideo2multipixstream (prj/sol/.autopilot/db/v_frmbuf_wr.cpp:312)                                                                                          |
| LOOP_TRIPCOUNT       | avg=0 max=0                                                                                                                                                               | in axivideo2multipixstream (prj/sol/.autopilot/db/v_frmbuf_wr.cpp:313)                                                                                          |
| LOOP_FLATTEN         | off                                                                                                                                                                       | in axivideo2multipixstream (prj/sol/.autopilot/db/v_frmbuf_wr.cpp:328)                                                                                          |
| PIPELINE             | ii=1                                                                                                                                                                      | in axivideo2multipixstream (prj/sol/.autopilot/db/v_frmbuf_wr.cpp:329)                                                                                          |
| ARRAY_PARTITION      | variable=map complete dim=0                                                                                                                                               | in axivideo2multipixstream (prj/sol/.autopilot/db/v_frmbuf_wr.cpp:357)                                                                                          |
| PIPELINE             | ii=1                                                                                                                                                                      | in axivideo2multipixstream (prj/sol/.autopilot/db/v_frmbuf_wr.cpp:409)                                                                                          |
| LOOP_TRIPCOUNT       | avg=0 max=0                                                                                                                                                               | in axivideo2multipixstream (prj/sol/.autopilot/db/v_frmbuf_wr.cpp:410)                                                                                          |
| LOOP_TRIPCOUNT       | max=4320                                                                                                                                                                  | in multipixstream2bytes (prj/sol/.autopilot/db/v_frmbuf_wr.cpp:509)                                                                                             |
| LOOP_FLATTEN         | off                                                                                                                                                                       | in multipixstream2bytes (prj/sol/.autopilot/db/v_frmbuf_wr.cpp:510)                                                                                             |
| PIPELINE             | ii=8                                                                                                                                                                      | in multipixstream2bytes (prj/sol/.autopilot/db/v_frmbuf_wr.cpp:513)                                                                                             |
| LOOP_TRIPCOUNT       | max=4320                                                                                                                                                                  | in multipixstream2bytes (prj/sol/.autopilot/db/v_frmbuf_wr.cpp:603)                                                                                             |
| LOOP_FLATTEN         | off                                                                                                                                                                       | in multipixstream2bytes (prj/sol/.autopilot/db/v_frmbuf_wr.cpp:604)                                                                                             |
| PIPELINE             | ii=8                                                                                                                                                                      | in multipixstream2bytes (prj/sol/.autopilot/db/v_frmbuf_wr.cpp:607)                                                                                             |
| LOOP_TRIPCOUNT       | max=4320                                                                                                                                                                  | in multipixstream2bytes (prj/sol/.autopilot/db/v_frmbuf_wr.cpp:695)                                                                                             |
| LOOP_FLATTEN         | off                                                                                                                                                                       | in multipixstream2bytes (prj/sol/.autopilot/db/v_frmbuf_wr.cpp:696)                                                                                             |
| PIPELINE             | ii=3                                                                                                                                                                      | in multipixstream2bytes (prj/sol/.autopilot/db/v_frmbuf_wr.cpp:699)                                                                                             |
| LOOP_TRIPCOUNT       | max=4320                                                                                                                                                                  | in multipixstream2bytes (prj/sol/.autopilot/db/v_frmbuf_wr.cpp:737)                                                                                             |
| LOOP_FLATTEN         | off                                                                                                                                                                       | in multipixstream2bytes (prj/sol/.autopilot/db/v_frmbuf_wr.cpp:738)                                                                                             |
| PIPELINE             | ii=3                                                                                                                                                                      | in multipixstream2bytes (prj/sol/.autopilot/db/v_frmbuf_wr.cpp:741)                                                                                             |
| LOOP_TRIPCOUNT       | max=4320                                                                                                                                                                  | in multipixstream2bytes (prj/sol/.autopilot/db/v_frmbuf_wr.cpp:819)                                                                                             |
| LOOP_FLATTEN         | off                                                                                                                                                                       | in multipixstream2bytes (prj/sol/.autopilot/db/v_frmbuf_wr.cpp:820)                                                                                             |
| PIPELINE             | ii=4                                                                                                                                                                      | in multipixstream2bytes (prj/sol/.autopilot/db/v_frmbuf_wr.cpp:823)                                                                                             |
| LOOP_TRIPCOUNT       | max=4320                                                                                                                                                                  | in multipixstream2bytes (prj/sol/.autopilot/db/v_frmbuf_wr.cpp:861)                                                                                             |
| LOOP_FLATTEN         | off                                                                                                                                                                       | in multipixstream2bytes (prj/sol/.autopilot/db/v_frmbuf_wr.cpp:862)                                                                                             |
| PIPELINE             | ii=4                                                                                                                                                                      | in multipixstream2bytes (prj/sol/.autopilot/db/v_frmbuf_wr.cpp:865)                                                                                             |
| LOOP_TRIPCOUNT       | max=4320                                                                                                                                                                  | in multipixstream2bytes (prj/sol/.autopilot/db/v_frmbuf_wr.cpp:902)                                                                                             |
| LOOP_FLATTEN         | off                                                                                                                                                                       | in multipixstream2bytes (prj/sol/.autopilot/db/v_frmbuf_wr.cpp:903)                                                                                             |
| PIPELINE             | ii=8                                                                                                                                                                      | in multipixstream2bytes (prj/sol/.autopilot/db/v_frmbuf_wr.cpp:906)                                                                                             |
| LOOP_TRIPCOUNT       | max=4320                                                                                                                                                                  | in multipixstream2bytes (prj/sol/.autopilot/db/v_frmbuf_wr.cpp:1088)                                                                                            |
| LOOP_FLATTEN         | off                                                                                                                                                                       | in multipixstream2bytes (prj/sol/.autopilot/db/v_frmbuf_wr.cpp:1089)                                                                                            |
| PIPELINE             | ii=8                                                                                                                                                                      | in multipixstream2bytes (prj/sol/.autopilot/db/v_frmbuf_wr.cpp:1092)                                                                                            |
| LOOP_TRIPCOUNT       | max=4320                                                                                                                                                                  | in multipixstream2bytes (prj/sol/.autopilot/db/v_frmbuf_wr.cpp:1331)                                                                                            |
| LOOP_FLATTEN         | off                                                                                                                                                                       | in multipixstream2bytes (prj/sol/.autopilot/db/v_frmbuf_wr.cpp:1332)                                                                                            |
| PIPELINE             | ii=8                                                                                                                                                                      | in multipixstream2bytes (prj/sol/.autopilot/db/v_frmbuf_wr.cpp:1335)                                                                                            |
| LOOP_TRIPCOUNT       | max=4320                                                                                                                                                                  | in multipixstream2bytes (prj/sol/.autopilot/db/v_frmbuf_wr.cpp:1378)                                                                                            |
| LOOP_FLATTEN         | off                                                                                                                                                                       | in multipixstream2bytes (prj/sol/.autopilot/db/v_frmbuf_wr.cpp:1379)                                                                                            |
| PIPELINE             | ii=8                                                                                                                                                                      | in multipixstream2bytes (prj/sol/.autopilot/db/v_frmbuf_wr.cpp:1382)                                                                                            |
| LOOP_TRIPCOUNT       | max=4320                                                                                                                                                                  | in bytes2aximmvideo (prj/sol/.autopilot/db/v_frmbuf_wr.cpp:1649)                                                                                                |
| LOOP_FLATTEN         | off                                                                                                                                                                       | in bytes2aximmvideo (prj/sol/.autopilot/db/v_frmbuf_wr.cpp:1650)                                                                                                |
| PIPELINE             | ii=1                                                                                                                                                                      | in bytes2aximmvideo (prj/sol/.autopilot/db/v_frmbuf_wr.cpp:1654)                                                                                                |
| PIPELINE             | ii=1                                                                                                                                                                      | in bytes2aximmvideo (prj/sol/.autopilot/db/v_frmbuf_wr.cpp:1660)                                                                                                |
| PIPELINE             | ii=1                                                                                                                                                                      | in bytes2aximmvideo (prj/sol/.autopilot/db/v_frmbuf_wr.cpp:1666)                                                                                                |
| LOOP_TRIPCOUNT       | max=4320                                                                                                                                                                  | in bytes2aximmvideo (prj/sol/.autopilot/db/v_frmbuf_wr.cpp:1696)                                                                                                |
| LOOP_FLATTEN         | off                                                                                                                                                                       | in bytes2aximmvideo (prj/sol/.autopilot/db/v_frmbuf_wr.cpp:1697)                                                                                                |
| PIPELINE             | ii=1                                                                                                                                                                      | in bytes2aximmvideo (prj/sol/.autopilot/db/v_frmbuf_wr.cpp:1701)                                                                                                |
| PIPELINE             | ii=1                                                                                                                                                                      | in bytes2aximmvideo (prj/sol/.autopilot/db/v_frmbuf_wr.cpp:1711)                                                                                                |
| PIPELINE             | ii=1                                                                                                                                                                      | in bytes2aximmvideo (prj/sol/.autopilot/db/v_frmbuf_wr.cpp:1717)                                                                                                |
| LOOP_TRIPCOUNT       | max=4320                                                                                                                                                                  | in bytes2aximmvideo (prj/sol/.autopilot/db/v_frmbuf_wr.cpp:1745)                                                                                                |
| LOOP_FLATTEN         | off                                                                                                                                                                       | in bytes2aximmvideo (prj/sol/.autopilot/db/v_frmbuf_wr.cpp:1746)                                                                                                |
| PIPELINE             | ii=1                                                                                                                                                                      | in bytes2aximmvideo (prj/sol/.autopilot/db/v_frmbuf_wr.cpp:1751)                                                                                                |
| PIPELINE             | ii=1                                                                                                                                                                      | in bytes2aximmvideo (prj/sol/.autopilot/db/v_frmbuf_wr.cpp:1762)                                                                                                |
+----------------------+---------------------------------------------------------------------------------------------------------------------------------------------------------------------------+-----------------------------------------------------------------------------------------------------------------------------------------------------------------+


