Execute       source -notrace -encoding utf-8 /tools/xilinx/2025.2/Vitis/tps/tcl/tcl8.6/clock.tcl 
Execute         source -encoding utf-8 /tools/xilinx/2025.2/tps/tcl/tcl8/8.5/msgcat-1.6.1.tm 
INFO-FLOW: Workspace /home/serg/Documents/Xilinx/z700_hdmi/HDMI_MIXER/hdmi_mixer.runs/design_1_v_frmbuf_rd_0_0_synth_1/prj/sol opened at Mon Mar 16 15:10:04 MSK 2026
Execute       send_msg_by_id INFO @200-1505@%s%s default  vivado 
INFO: [HLS 200-1505] Using default flow_target 'vivado'
Execute     set_part xc7z020clg400-2 
INFO: [HLS 200-1510] Running: set_part xc7z020clg400-2 
Execute       create_platform xc7z020clg400-2 -board  
DBG:HLSDevice: Trying to load device library: /tools/xilinx/2025.2/Vitis/lib/lnx64.o/libxv_hlsvwrap.so
DBG:HLSDevice: first parts/arch.xml in RDI_DATADIR: /tools/xilinx/2025.2/Vivado/data/parts/arch.xml
DBG:HLSDevice: init success
INFO: [HLS 200-1611] Setting target device to 'xc7z020-clg400-2'
Command       create_platform done; 0.22 sec.
Execute       source /tools/xilinx/2025.2/Vitis/common/technology/xilinx/common/xilinx.gen 
Execute         source /tools/xilinx/2025.2/Vitis/common/technology/xilinx/interface/plb46.gen 
Execute         source /tools/xilinx/2025.2/Vitis/common/technology/xilinx/interface/axi4.gen 
Execute         source /tools/xilinx/2025.2/Vitis/common/technology/xilinx/interface/nativeAXI4.gen 
Execute           source /tools/xilinx/2025.2/Vitis/common/technology/xilinx/interface/saxilite.gen 
Execute         source /tools/xilinx/2025.2/Vitis/common/technology/xilinx/scripts/xilinxcoregen.gen 
Execute         source /tools/xilinx/2025.2/Vitis/common/technology/xilinx/interface/XilEDKCoreGen.gen 
Execute         source /tools/xilinx/2025.2/Vitis/common/technology/xilinx/ip/util.gen 
Execute         source /tools/xilinx/2025.2/Vitis/common/technology/xilinx/ip/xfft.gen 
Execute         source /tools/xilinx/2025.2/Vitis/common/technology/xilinx/ip/dds_compiler.gen 
Execute         source /tools/xilinx/2025.2/Vitis/common/technology/xilinx/ip/xfir.gen 
Execute         source /tools/xilinx/2025.2/Vitis/common/technology/xilinx/DSP48/dsp48.gen 
Execute       ap_part_info -name xc7z020-clg400-2 -data info 
Execute       config_compile -quiet -complex-mul-dsp=0 
Command     set_part done; 0.31 sec.
Execute     add_files -cflags  -I /home/serg/Documents/Xilinx/z700_hdmi/HDMI_MIXER/hdmi_mixer.gen/sources_1/bd/design_1/ip/design_1_v_frmbuf_rd_0_0/src/hls -I /home/serg/Documents/Xilinx/z700_hdmi/HDMI_MIXER/hdmi_mixer.gen/sources_1/bd/design_1/ip/design_1_v_frmbuf_rd_0_0/src  /home/serg/Documents/Xilinx/z700_hdmi/HDMI_MIXER/hdmi_mixer.gen/sources_1/bd/design_1/ip/design_1_v_frmbuf_rd_0_0/src/v_frmbuf_rd_config.h 
INFO: [HLS 200-1510] Running: add_files -cflags  -I /home/serg/Documents/Xilinx/z700_hdmi/HDMI_MIXER/hdmi_mixer.gen/sources_1/bd/design_1/ip/design_1_v_frmbuf_rd_0_0/src/hls -I /home/serg/Documents/Xilinx/z700_hdmi/HDMI_MIXER/hdmi_mixer.gen/sources_1/bd/design_1/ip/design_1_v_frmbuf_rd_0_0/src  /home/serg/Documents/Xilinx/z700_hdmi/HDMI_MIXER/hdmi_mixer.gen/sources_1/bd/design_1/ip/design_1_v_frmbuf_rd_0_0/src/v_frmbuf_rd_config.h 
INFO: [HLS 200-10] Adding design file '/home/serg/Documents/Xilinx/z700_hdmi/HDMI_MIXER/hdmi_mixer.gen/sources_1/bd/design_1/ip/design_1_v_frmbuf_rd_0_0/src/v_frmbuf_rd_config.h' to the project
Execute     add_files -cflags  -I /home/serg/Documents/Xilinx/z700_hdmi/HDMI_MIXER/hdmi_mixer.gen/sources_1/bd/design_1/ip/design_1_v_frmbuf_rd_0_0/src/hls -I /home/serg/Documents/Xilinx/z700_hdmi/HDMI_MIXER/hdmi_mixer.gen/sources_1/bd/design_1/ip/design_1_v_frmbuf_rd_0_0/src  /home/serg/Documents/Xilinx/z700_hdmi/HDMI_MIXER/hdmi_mixer.gen/sources_1/bd/design_1/ip/design_1_v_frmbuf_rd_0_0/src/v_frmbuf_rd.cpp 
INFO: [HLS 200-1510] Running: add_files -cflags  -I /home/serg/Documents/Xilinx/z700_hdmi/HDMI_MIXER/hdmi_mixer.gen/sources_1/bd/design_1/ip/design_1_v_frmbuf_rd_0_0/src/hls -I /home/serg/Documents/Xilinx/z700_hdmi/HDMI_MIXER/hdmi_mixer.gen/sources_1/bd/design_1/ip/design_1_v_frmbuf_rd_0_0/src  /home/serg/Documents/Xilinx/z700_hdmi/HDMI_MIXER/hdmi_mixer.gen/sources_1/bd/design_1/ip/design_1_v_frmbuf_rd_0_0/src/v_frmbuf_rd.cpp 
INFO: [HLS 200-10] Adding design file '/home/serg/Documents/Xilinx/z700_hdmi/HDMI_MIXER/hdmi_mixer.gen/sources_1/bd/design_1/ip/design_1_v_frmbuf_rd_0_0/src/v_frmbuf_rd.cpp' to the project
Execute     add_files -cflags  -I /home/serg/Documents/Xilinx/z700_hdmi/HDMI_MIXER/hdmi_mixer.gen/sources_1/bd/design_1/ip/design_1_v_frmbuf_rd_0_0/src/hls -I /home/serg/Documents/Xilinx/z700_hdmi/HDMI_MIXER/hdmi_mixer.gen/sources_1/bd/design_1/ip/design_1_v_frmbuf_rd_0_0/src  /home/serg/Documents/Xilinx/z700_hdmi/HDMI_MIXER/hdmi_mixer.gen/sources_1/bd/design_1/ip/design_1_v_frmbuf_rd_0_0/src/v_frmbuf_rd.h 
INFO: [HLS 200-1510] Running: add_files -cflags  -I /home/serg/Documents/Xilinx/z700_hdmi/HDMI_MIXER/hdmi_mixer.gen/sources_1/bd/design_1/ip/design_1_v_frmbuf_rd_0_0/src/hls -I /home/serg/Documents/Xilinx/z700_hdmi/HDMI_MIXER/hdmi_mixer.gen/sources_1/bd/design_1/ip/design_1_v_frmbuf_rd_0_0/src  /home/serg/Documents/Xilinx/z700_hdmi/HDMI_MIXER/hdmi_mixer.gen/sources_1/bd/design_1/ip/design_1_v_frmbuf_rd_0_0/src/v_frmbuf_rd.h 
INFO: [HLS 200-10] Adding design file '/home/serg/Documents/Xilinx/z700_hdmi/HDMI_MIXER/hdmi_mixer.gen/sources_1/bd/design_1/ip/design_1_v_frmbuf_rd_0_0/src/v_frmbuf_rd.h' to the project
Execute     add_files -cflags  -I /home/serg/Documents/Xilinx/z700_hdmi/HDMI_MIXER/hdmi_mixer.gen/sources_1/bd/design_1/ip/design_1_v_frmbuf_rd_0_0/src/hls -I /home/serg/Documents/Xilinx/z700_hdmi/HDMI_MIXER/hdmi_mixer.gen/sources_1/bd/design_1/ip/design_1_v_frmbuf_rd_0_0/src  /home/serg/Documents/Xilinx/z700_hdmi/HDMI_MIXER/hdmi_mixer.gen/sources_1/bd/design_1/ip/design_1_v_frmbuf_rd_0_0/src/hls_video.h 
INFO: [HLS 200-1510] Running: add_files -cflags  -I /home/serg/Documents/Xilinx/z700_hdmi/HDMI_MIXER/hdmi_mixer.gen/sources_1/bd/design_1/ip/design_1_v_frmbuf_rd_0_0/src/hls -I /home/serg/Documents/Xilinx/z700_hdmi/HDMI_MIXER/hdmi_mixer.gen/sources_1/bd/design_1/ip/design_1_v_frmbuf_rd_0_0/src  /home/serg/Documents/Xilinx/z700_hdmi/HDMI_MIXER/hdmi_mixer.gen/sources_1/bd/design_1/ip/design_1_v_frmbuf_rd_0_0/src/hls_video.h 
INFO: [HLS 200-10] Adding design file '/home/serg/Documents/Xilinx/z700_hdmi/HDMI_MIXER/hdmi_mixer.gen/sources_1/bd/design_1/ip/design_1_v_frmbuf_rd_0_0/src/hls_video.h' to the project
Execute     add_files -cflags  -I /home/serg/Documents/Xilinx/z700_hdmi/HDMI_MIXER/hdmi_mixer.gen/sources_1/bd/design_1/ip/design_1_v_frmbuf_rd_0_0/src/hls -I /home/serg/Documents/Xilinx/z700_hdmi/HDMI_MIXER/hdmi_mixer.gen/sources_1/bd/design_1/ip/design_1_v_frmbuf_rd_0_0/src  /home/serg/Documents/Xilinx/z700_hdmi/HDMI_MIXER/hdmi_mixer.gen/sources_1/bd/design_1/ip/design_1_v_frmbuf_rd_0_0/src/hls_opencv.h 
INFO: [HLS 200-1510] Running: add_files -cflags  -I /home/serg/Documents/Xilinx/z700_hdmi/HDMI_MIXER/hdmi_mixer.gen/sources_1/bd/design_1/ip/design_1_v_frmbuf_rd_0_0/src/hls -I /home/serg/Documents/Xilinx/z700_hdmi/HDMI_MIXER/hdmi_mixer.gen/sources_1/bd/design_1/ip/design_1_v_frmbuf_rd_0_0/src  /home/serg/Documents/Xilinx/z700_hdmi/HDMI_MIXER/hdmi_mixer.gen/sources_1/bd/design_1/ip/design_1_v_frmbuf_rd_0_0/src/hls_opencv.h 
INFO: [HLS 200-10] Adding design file '/home/serg/Documents/Xilinx/z700_hdmi/HDMI_MIXER/hdmi_mixer.gen/sources_1/bd/design_1/ip/design_1_v_frmbuf_rd_0_0/src/hls_opencv.h' to the project
Execute     add_files -cflags  -I /home/serg/Documents/Xilinx/z700_hdmi/HDMI_MIXER/hdmi_mixer.gen/sources_1/bd/design_1/ip/design_1_v_frmbuf_rd_0_0/src/hls -I /home/serg/Documents/Xilinx/z700_hdmi/HDMI_MIXER/hdmi_mixer.gen/sources_1/bd/design_1/ip/design_1_v_frmbuf_rd_0_0/src  /home/serg/Documents/Xilinx/z700_hdmi/HDMI_MIXER/hdmi_mixer.gen/sources_1/bd/design_1/ip/design_1_v_frmbuf_rd_0_0/src/hls/hls_axi_io.h 
INFO: [HLS 200-1510] Running: add_files -cflags  -I /home/serg/Documents/Xilinx/z700_hdmi/HDMI_MIXER/hdmi_mixer.gen/sources_1/bd/design_1/ip/design_1_v_frmbuf_rd_0_0/src/hls -I /home/serg/Documents/Xilinx/z700_hdmi/HDMI_MIXER/hdmi_mixer.gen/sources_1/bd/design_1/ip/design_1_v_frmbuf_rd_0_0/src  /home/serg/Documents/Xilinx/z700_hdmi/HDMI_MIXER/hdmi_mixer.gen/sources_1/bd/design_1/ip/design_1_v_frmbuf_rd_0_0/src/hls/hls_axi_io.h 
INFO: [HLS 200-10] Adding design file '/home/serg/Documents/Xilinx/z700_hdmi/HDMI_MIXER/hdmi_mixer.gen/sources_1/bd/design_1/ip/design_1_v_frmbuf_rd_0_0/src/hls/hls_axi_io.h' to the project
Execute     add_files -cflags  -I /home/serg/Documents/Xilinx/z700_hdmi/HDMI_MIXER/hdmi_mixer.gen/sources_1/bd/design_1/ip/design_1_v_frmbuf_rd_0_0/src/hls -I /home/serg/Documents/Xilinx/z700_hdmi/HDMI_MIXER/hdmi_mixer.gen/sources_1/bd/design_1/ip/design_1_v_frmbuf_rd_0_0/src  /home/serg/Documents/Xilinx/z700_hdmi/HDMI_MIXER/hdmi_mixer.gen/sources_1/bd/design_1/ip/design_1_v_frmbuf_rd_0_0/src/hls/hls_video_arithm.h 
INFO: [HLS 200-1510] Running: add_files -cflags  -I /home/serg/Documents/Xilinx/z700_hdmi/HDMI_MIXER/hdmi_mixer.gen/sources_1/bd/design_1/ip/design_1_v_frmbuf_rd_0_0/src/hls -I /home/serg/Documents/Xilinx/z700_hdmi/HDMI_MIXER/hdmi_mixer.gen/sources_1/bd/design_1/ip/design_1_v_frmbuf_rd_0_0/src  /home/serg/Documents/Xilinx/z700_hdmi/HDMI_MIXER/hdmi_mixer.gen/sources_1/bd/design_1/ip/design_1_v_frmbuf_rd_0_0/src/hls/hls_video_arithm.h 
INFO: [HLS 200-10] Adding design file '/home/serg/Documents/Xilinx/z700_hdmi/HDMI_MIXER/hdmi_mixer.gen/sources_1/bd/design_1/ip/design_1_v_frmbuf_rd_0_0/src/hls/hls_video_arithm.h' to the project
Execute     add_files -cflags  -I /home/serg/Documents/Xilinx/z700_hdmi/HDMI_MIXER/hdmi_mixer.gen/sources_1/bd/design_1/ip/design_1_v_frmbuf_rd_0_0/src/hls -I /home/serg/Documents/Xilinx/z700_hdmi/HDMI_MIXER/hdmi_mixer.gen/sources_1/bd/design_1/ip/design_1_v_frmbuf_rd_0_0/src  /home/serg/Documents/Xilinx/z700_hdmi/HDMI_MIXER/hdmi_mixer.gen/sources_1/bd/design_1/ip/design_1_v_frmbuf_rd_0_0/src/hls/hls_video_core.h 
INFO: [HLS 200-1510] Running: add_files -cflags  -I /home/serg/Documents/Xilinx/z700_hdmi/HDMI_MIXER/hdmi_mixer.gen/sources_1/bd/design_1/ip/design_1_v_frmbuf_rd_0_0/src/hls -I /home/serg/Documents/Xilinx/z700_hdmi/HDMI_MIXER/hdmi_mixer.gen/sources_1/bd/design_1/ip/design_1_v_frmbuf_rd_0_0/src  /home/serg/Documents/Xilinx/z700_hdmi/HDMI_MIXER/hdmi_mixer.gen/sources_1/bd/design_1/ip/design_1_v_frmbuf_rd_0_0/src/hls/hls_video_core.h 
INFO: [HLS 200-10] Adding design file '/home/serg/Documents/Xilinx/z700_hdmi/HDMI_MIXER/hdmi_mixer.gen/sources_1/bd/design_1/ip/design_1_v_frmbuf_rd_0_0/src/hls/hls_video_core.h' to the project
Execute     add_files -cflags  -I /home/serg/Documents/Xilinx/z700_hdmi/HDMI_MIXER/hdmi_mixer.gen/sources_1/bd/design_1/ip/design_1_v_frmbuf_rd_0_0/src/hls -I /home/serg/Documents/Xilinx/z700_hdmi/HDMI_MIXER/hdmi_mixer.gen/sources_1/bd/design_1/ip/design_1_v_frmbuf_rd_0_0/src  /home/serg/Documents/Xilinx/z700_hdmi/HDMI_MIXER/hdmi_mixer.gen/sources_1/bd/design_1/ip/design_1_v_frmbuf_rd_0_0/src/hls/hls_video_fast.h 
INFO: [HLS 200-1510] Running: add_files -cflags  -I /home/serg/Documents/Xilinx/z700_hdmi/HDMI_MIXER/hdmi_mixer.gen/sources_1/bd/design_1/ip/design_1_v_frmbuf_rd_0_0/src/hls -I /home/serg/Documents/Xilinx/z700_hdmi/HDMI_MIXER/hdmi_mixer.gen/sources_1/bd/design_1/ip/design_1_v_frmbuf_rd_0_0/src  /home/serg/Documents/Xilinx/z700_hdmi/HDMI_MIXER/hdmi_mixer.gen/sources_1/bd/design_1/ip/design_1_v_frmbuf_rd_0_0/src/hls/hls_video_fast.h 
INFO: [HLS 200-10] Adding design file '/home/serg/Documents/Xilinx/z700_hdmi/HDMI_MIXER/hdmi_mixer.gen/sources_1/bd/design_1/ip/design_1_v_frmbuf_rd_0_0/src/hls/hls_video_fast.h' to the project
Execute     add_files -cflags  -I /home/serg/Documents/Xilinx/z700_hdmi/HDMI_MIXER/hdmi_mixer.gen/sources_1/bd/design_1/ip/design_1_v_frmbuf_rd_0_0/src/hls -I /home/serg/Documents/Xilinx/z700_hdmi/HDMI_MIXER/hdmi_mixer.gen/sources_1/bd/design_1/ip/design_1_v_frmbuf_rd_0_0/src  /home/serg/Documents/Xilinx/z700_hdmi/HDMI_MIXER/hdmi_mixer.gen/sources_1/bd/design_1/ip/design_1_v_frmbuf_rd_0_0/src/hls/hls_video_haar.h 
INFO: [HLS 200-1510] Running: add_files -cflags  -I /home/serg/Documents/Xilinx/z700_hdmi/HDMI_MIXER/hdmi_mixer.gen/sources_1/bd/design_1/ip/design_1_v_frmbuf_rd_0_0/src/hls -I /home/serg/Documents/Xilinx/z700_hdmi/HDMI_MIXER/hdmi_mixer.gen/sources_1/bd/design_1/ip/design_1_v_frmbuf_rd_0_0/src  /home/serg/Documents/Xilinx/z700_hdmi/HDMI_MIXER/hdmi_mixer.gen/sources_1/bd/design_1/ip/design_1_v_frmbuf_rd_0_0/src/hls/hls_video_haar.h 
INFO: [HLS 200-10] Adding design file '/home/serg/Documents/Xilinx/z700_hdmi/HDMI_MIXER/hdmi_mixer.gen/sources_1/bd/design_1/ip/design_1_v_frmbuf_rd_0_0/src/hls/hls_video_haar.h' to the project
Execute     add_files -cflags  -I /home/serg/Documents/Xilinx/z700_hdmi/HDMI_MIXER/hdmi_mixer.gen/sources_1/bd/design_1/ip/design_1_v_frmbuf_rd_0_0/src/hls -I /home/serg/Documents/Xilinx/z700_hdmi/HDMI_MIXER/hdmi_mixer.gen/sources_1/bd/design_1/ip/design_1_v_frmbuf_rd_0_0/src  /home/serg/Documents/Xilinx/z700_hdmi/HDMI_MIXER/hdmi_mixer.gen/sources_1/bd/design_1/ip/design_1_v_frmbuf_rd_0_0/src/hls/hls_video_harris.h 
INFO: [HLS 200-1510] Running: add_files -cflags  -I /home/serg/Documents/Xilinx/z700_hdmi/HDMI_MIXER/hdmi_mixer.gen/sources_1/bd/design_1/ip/design_1_v_frmbuf_rd_0_0/src/hls -I /home/serg/Documents/Xilinx/z700_hdmi/HDMI_MIXER/hdmi_mixer.gen/sources_1/bd/design_1/ip/design_1_v_frmbuf_rd_0_0/src  /home/serg/Documents/Xilinx/z700_hdmi/HDMI_MIXER/hdmi_mixer.gen/sources_1/bd/design_1/ip/design_1_v_frmbuf_rd_0_0/src/hls/hls_video_harris.h 
INFO: [HLS 200-10] Adding design file '/home/serg/Documents/Xilinx/z700_hdmi/HDMI_MIXER/hdmi_mixer.gen/sources_1/bd/design_1/ip/design_1_v_frmbuf_rd_0_0/src/hls/hls_video_harris.h' to the project
Execute     add_files -cflags  -I /home/serg/Documents/Xilinx/z700_hdmi/HDMI_MIXER/hdmi_mixer.gen/sources_1/bd/design_1/ip/design_1_v_frmbuf_rd_0_0/src/hls -I /home/serg/Documents/Xilinx/z700_hdmi/HDMI_MIXER/hdmi_mixer.gen/sources_1/bd/design_1/ip/design_1_v_frmbuf_rd_0_0/src  /home/serg/Documents/Xilinx/z700_hdmi/HDMI_MIXER/hdmi_mixer.gen/sources_1/bd/design_1/ip/design_1_v_frmbuf_rd_0_0/src/hls/hls_video_histogram.h 
INFO: [HLS 200-1510] Running: add_files -cflags  -I /home/serg/Documents/Xilinx/z700_hdmi/HDMI_MIXER/hdmi_mixer.gen/sources_1/bd/design_1/ip/design_1_v_frmbuf_rd_0_0/src/hls -I /home/serg/Documents/Xilinx/z700_hdmi/HDMI_MIXER/hdmi_mixer.gen/sources_1/bd/design_1/ip/design_1_v_frmbuf_rd_0_0/src  /home/serg/Documents/Xilinx/z700_hdmi/HDMI_MIXER/hdmi_mixer.gen/sources_1/bd/design_1/ip/design_1_v_frmbuf_rd_0_0/src/hls/hls_video_histogram.h 
INFO: [HLS 200-10] Adding design file '/home/serg/Documents/Xilinx/z700_hdmi/HDMI_MIXER/hdmi_mixer.gen/sources_1/bd/design_1/ip/design_1_v_frmbuf_rd_0_0/src/hls/hls_video_histogram.h' to the project
Execute     add_files -cflags  -I /home/serg/Documents/Xilinx/z700_hdmi/HDMI_MIXER/hdmi_mixer.gen/sources_1/bd/design_1/ip/design_1_v_frmbuf_rd_0_0/src/hls -I /home/serg/Documents/Xilinx/z700_hdmi/HDMI_MIXER/hdmi_mixer.gen/sources_1/bd/design_1/ip/design_1_v_frmbuf_rd_0_0/src  /home/serg/Documents/Xilinx/z700_hdmi/HDMI_MIXER/hdmi_mixer.gen/sources_1/bd/design_1/ip/design_1_v_frmbuf_rd_0_0/src/hls/hls_video_hough.h 
INFO: [HLS 200-1510] Running: add_files -cflags  -I /home/serg/Documents/Xilinx/z700_hdmi/HDMI_MIXER/hdmi_mixer.gen/sources_1/bd/design_1/ip/design_1_v_frmbuf_rd_0_0/src/hls -I /home/serg/Documents/Xilinx/z700_hdmi/HDMI_MIXER/hdmi_mixer.gen/sources_1/bd/design_1/ip/design_1_v_frmbuf_rd_0_0/src  /home/serg/Documents/Xilinx/z700_hdmi/HDMI_MIXER/hdmi_mixer.gen/sources_1/bd/design_1/ip/design_1_v_frmbuf_rd_0_0/src/hls/hls_video_hough.h 
INFO: [HLS 200-10] Adding design file '/home/serg/Documents/Xilinx/z700_hdmi/HDMI_MIXER/hdmi_mixer.gen/sources_1/bd/design_1/ip/design_1_v_frmbuf_rd_0_0/src/hls/hls_video_hough.h' to the project
Execute     add_files -cflags  -I /home/serg/Documents/Xilinx/z700_hdmi/HDMI_MIXER/hdmi_mixer.gen/sources_1/bd/design_1/ip/design_1_v_frmbuf_rd_0_0/src/hls -I /home/serg/Documents/Xilinx/z700_hdmi/HDMI_MIXER/hdmi_mixer.gen/sources_1/bd/design_1/ip/design_1_v_frmbuf_rd_0_0/src  /home/serg/Documents/Xilinx/z700_hdmi/HDMI_MIXER/hdmi_mixer.gen/sources_1/bd/design_1/ip/design_1_v_frmbuf_rd_0_0/src/hls/hls_video_imgbase.h 
INFO: [HLS 200-1510] Running: add_files -cflags  -I /home/serg/Documents/Xilinx/z700_hdmi/HDMI_MIXER/hdmi_mixer.gen/sources_1/bd/design_1/ip/design_1_v_frmbuf_rd_0_0/src/hls -I /home/serg/Documents/Xilinx/z700_hdmi/HDMI_MIXER/hdmi_mixer.gen/sources_1/bd/design_1/ip/design_1_v_frmbuf_rd_0_0/src  /home/serg/Documents/Xilinx/z700_hdmi/HDMI_MIXER/hdmi_mixer.gen/sources_1/bd/design_1/ip/design_1_v_frmbuf_rd_0_0/src/hls/hls_video_imgbase.h 
INFO: [HLS 200-10] Adding design file '/home/serg/Documents/Xilinx/z700_hdmi/HDMI_MIXER/hdmi_mixer.gen/sources_1/bd/design_1/ip/design_1_v_frmbuf_rd_0_0/src/hls/hls_video_imgbase.h' to the project
Execute     add_files -cflags  -I /home/serg/Documents/Xilinx/z700_hdmi/HDMI_MIXER/hdmi_mixer.gen/sources_1/bd/design_1/ip/design_1_v_frmbuf_rd_0_0/src/hls -I /home/serg/Documents/Xilinx/z700_hdmi/HDMI_MIXER/hdmi_mixer.gen/sources_1/bd/design_1/ip/design_1_v_frmbuf_rd_0_0/src  /home/serg/Documents/Xilinx/z700_hdmi/HDMI_MIXER/hdmi_mixer.gen/sources_1/bd/design_1/ip/design_1_v_frmbuf_rd_0_0/src/hls/hls_video_imgproc.h 
INFO: [HLS 200-1510] Running: add_files -cflags  -I /home/serg/Documents/Xilinx/z700_hdmi/HDMI_MIXER/hdmi_mixer.gen/sources_1/bd/design_1/ip/design_1_v_frmbuf_rd_0_0/src/hls -I /home/serg/Documents/Xilinx/z700_hdmi/HDMI_MIXER/hdmi_mixer.gen/sources_1/bd/design_1/ip/design_1_v_frmbuf_rd_0_0/src  /home/serg/Documents/Xilinx/z700_hdmi/HDMI_MIXER/hdmi_mixer.gen/sources_1/bd/design_1/ip/design_1_v_frmbuf_rd_0_0/src/hls/hls_video_imgproc.h 
INFO: [HLS 200-10] Adding design file '/home/serg/Documents/Xilinx/z700_hdmi/HDMI_MIXER/hdmi_mixer.gen/sources_1/bd/design_1/ip/design_1_v_frmbuf_rd_0_0/src/hls/hls_video_imgproc.h' to the project
Execute     add_files -cflags  -I /home/serg/Documents/Xilinx/z700_hdmi/HDMI_MIXER/hdmi_mixer.gen/sources_1/bd/design_1/ip/design_1_v_frmbuf_rd_0_0/src/hls -I /home/serg/Documents/Xilinx/z700_hdmi/HDMI_MIXER/hdmi_mixer.gen/sources_1/bd/design_1/ip/design_1_v_frmbuf_rd_0_0/src  /home/serg/Documents/Xilinx/z700_hdmi/HDMI_MIXER/hdmi_mixer.gen/sources_1/bd/design_1/ip/design_1_v_frmbuf_rd_0_0/src/hls/hls_video_io.h 
INFO: [HLS 200-1510] Running: add_files -cflags  -I /home/serg/Documents/Xilinx/z700_hdmi/HDMI_MIXER/hdmi_mixer.gen/sources_1/bd/design_1/ip/design_1_v_frmbuf_rd_0_0/src/hls -I /home/serg/Documents/Xilinx/z700_hdmi/HDMI_MIXER/hdmi_mixer.gen/sources_1/bd/design_1/ip/design_1_v_frmbuf_rd_0_0/src  /home/serg/Documents/Xilinx/z700_hdmi/HDMI_MIXER/hdmi_mixer.gen/sources_1/bd/design_1/ip/design_1_v_frmbuf_rd_0_0/src/hls/hls_video_io.h 
INFO: [HLS 200-10] Adding design file '/home/serg/Documents/Xilinx/z700_hdmi/HDMI_MIXER/hdmi_mixer.gen/sources_1/bd/design_1/ip/design_1_v_frmbuf_rd_0_0/src/hls/hls_video_io.h' to the project
Execute     add_files -cflags  -I /home/serg/Documents/Xilinx/z700_hdmi/HDMI_MIXER/hdmi_mixer.gen/sources_1/bd/design_1/ip/design_1_v_frmbuf_rd_0_0/src/hls -I /home/serg/Documents/Xilinx/z700_hdmi/HDMI_MIXER/hdmi_mixer.gen/sources_1/bd/design_1/ip/design_1_v_frmbuf_rd_0_0/src  /home/serg/Documents/Xilinx/z700_hdmi/HDMI_MIXER/hdmi_mixer.gen/sources_1/bd/design_1/ip/design_1_v_frmbuf_rd_0_0/src/hls/hls_video_mem.h 
INFO: [HLS 200-1510] Running: add_files -cflags  -I /home/serg/Documents/Xilinx/z700_hdmi/HDMI_MIXER/hdmi_mixer.gen/sources_1/bd/design_1/ip/design_1_v_frmbuf_rd_0_0/src/hls -I /home/serg/Documents/Xilinx/z700_hdmi/HDMI_MIXER/hdmi_mixer.gen/sources_1/bd/design_1/ip/design_1_v_frmbuf_rd_0_0/src  /home/serg/Documents/Xilinx/z700_hdmi/HDMI_MIXER/hdmi_mixer.gen/sources_1/bd/design_1/ip/design_1_v_frmbuf_rd_0_0/src/hls/hls_video_mem.h 
INFO: [HLS 200-10] Adding design file '/home/serg/Documents/Xilinx/z700_hdmi/HDMI_MIXER/hdmi_mixer.gen/sources_1/bd/design_1/ip/design_1_v_frmbuf_rd_0_0/src/hls/hls_video_mem.h' to the project
Execute     add_files -cflags  -I /home/serg/Documents/Xilinx/z700_hdmi/HDMI_MIXER/hdmi_mixer.gen/sources_1/bd/design_1/ip/design_1_v_frmbuf_rd_0_0/src/hls -I /home/serg/Documents/Xilinx/z700_hdmi/HDMI_MIXER/hdmi_mixer.gen/sources_1/bd/design_1/ip/design_1_v_frmbuf_rd_0_0/src  /home/serg/Documents/Xilinx/z700_hdmi/HDMI_MIXER/hdmi_mixer.gen/sources_1/bd/design_1/ip/design_1_v_frmbuf_rd_0_0/src/hls/hls_video_stereobm.h 
INFO: [HLS 200-1510] Running: add_files -cflags  -I /home/serg/Documents/Xilinx/z700_hdmi/HDMI_MIXER/hdmi_mixer.gen/sources_1/bd/design_1/ip/design_1_v_frmbuf_rd_0_0/src/hls -I /home/serg/Documents/Xilinx/z700_hdmi/HDMI_MIXER/hdmi_mixer.gen/sources_1/bd/design_1/ip/design_1_v_frmbuf_rd_0_0/src  /home/serg/Documents/Xilinx/z700_hdmi/HDMI_MIXER/hdmi_mixer.gen/sources_1/bd/design_1/ip/design_1_v_frmbuf_rd_0_0/src/hls/hls_video_stereobm.h 
INFO: [HLS 200-10] Adding design file '/home/serg/Documents/Xilinx/z700_hdmi/HDMI_MIXER/hdmi_mixer.gen/sources_1/bd/design_1/ip/design_1_v_frmbuf_rd_0_0/src/hls/hls_video_stereobm.h' to the project
Execute     add_files -cflags  -I /home/serg/Documents/Xilinx/z700_hdmi/HDMI_MIXER/hdmi_mixer.gen/sources_1/bd/design_1/ip/design_1_v_frmbuf_rd_0_0/src/hls -I /home/serg/Documents/Xilinx/z700_hdmi/HDMI_MIXER/hdmi_mixer.gen/sources_1/bd/design_1/ip/design_1_v_frmbuf_rd_0_0/src  /home/serg/Documents/Xilinx/z700_hdmi/HDMI_MIXER/hdmi_mixer.gen/sources_1/bd/design_1/ip/design_1_v_frmbuf_rd_0_0/src/hls/hls_video_types.h 
INFO: [HLS 200-1510] Running: add_files -cflags  -I /home/serg/Documents/Xilinx/z700_hdmi/HDMI_MIXER/hdmi_mixer.gen/sources_1/bd/design_1/ip/design_1_v_frmbuf_rd_0_0/src/hls -I /home/serg/Documents/Xilinx/z700_hdmi/HDMI_MIXER/hdmi_mixer.gen/sources_1/bd/design_1/ip/design_1_v_frmbuf_rd_0_0/src  /home/serg/Documents/Xilinx/z700_hdmi/HDMI_MIXER/hdmi_mixer.gen/sources_1/bd/design_1/ip/design_1_v_frmbuf_rd_0_0/src/hls/hls_video_types.h 
INFO: [HLS 200-10] Adding design file '/home/serg/Documents/Xilinx/z700_hdmi/HDMI_MIXER/hdmi_mixer.gen/sources_1/bd/design_1/ip/design_1_v_frmbuf_rd_0_0/src/hls/hls_video_types.h' to the project
Execute     add_files -cflags  -I /home/serg/Documents/Xilinx/z700_hdmi/HDMI_MIXER/hdmi_mixer.gen/sources_1/bd/design_1/ip/design_1_v_frmbuf_rd_0_0/src/hls -I /home/serg/Documents/Xilinx/z700_hdmi/HDMI_MIXER/hdmi_mixer.gen/sources_1/bd/design_1/ip/design_1_v_frmbuf_rd_0_0/src  /home/serg/Documents/Xilinx/z700_hdmi/HDMI_MIXER/hdmi_mixer.gen/sources_1/bd/design_1/ip/design_1_v_frmbuf_rd_0_0/src/hls/hls_video_undistort.h 
INFO: [HLS 200-1510] Running: add_files -cflags  -I /home/serg/Documents/Xilinx/z700_hdmi/HDMI_MIXER/hdmi_mixer.gen/sources_1/bd/design_1/ip/design_1_v_frmbuf_rd_0_0/src/hls -I /home/serg/Documents/Xilinx/z700_hdmi/HDMI_MIXER/hdmi_mixer.gen/sources_1/bd/design_1/ip/design_1_v_frmbuf_rd_0_0/src  /home/serg/Documents/Xilinx/z700_hdmi/HDMI_MIXER/hdmi_mixer.gen/sources_1/bd/design_1/ip/design_1_v_frmbuf_rd_0_0/src/hls/hls_video_undistort.h 
INFO: [HLS 200-10] Adding design file '/home/serg/Documents/Xilinx/z700_hdmi/HDMI_MIXER/hdmi_mixer.gen/sources_1/bd/design_1/ip/design_1_v_frmbuf_rd_0_0/src/hls/hls_video_undistort.h' to the project
Execute     create_clock -period 6.522 -name ap_clk 
INFO: [HLS 200-1510] Running: create_clock -period 6.522 -name ap_clk 
Execute       ap_set_clock -name ap_clk -period 6.522 -unit ns -default=false 
INFO: [SYN 201-201] Setting up clock 'ap_clk' with a period of 6.522ns.
Execute     config_rtl -reset all 
INFO: [HLS 200-1510] Running: config_rtl -reset all 
Execute     config_interface -m_axi_flush_mode 
INFO: [HLS 200-1510] Running: config_interface -m_axi_flush_mode 
Execute     config_interface -m_axi_conservative_mode 
INFO: [HLS 200-1510] Running: config_interface -m_axi_conservative_mode 
Execute     config_interface -m_axi_addr64=false 
INFO: [HLS 200-1510] Running: config_interface -m_axi_addr64=false 
Execute     config_rtl -module_prefix design_1_v_frmbuf_rd_0_0_ 
INFO: [HLS 200-1510] Running: config_rtl -module_prefix design_1_v_frmbuf_rd_0_0_ 
Execute     config_export -vendor xilinx.com -library ip -version 3.0 
INFO: [HLS 200-1510] Running: config_export -vendor xilinx.com -library ip -version 3.0 
Execute     csynth_design 
INFO: [HLS 200-1510] Running: csynth_design 
Execute       ::AP::init_summary_file csynth 
Execute       AP::msg_collection_file -open /home/serg/Documents/Xilinx/z700_hdmi/HDMI_MIXER/hdmi_mixer.runs/design_1_v_frmbuf_rd_0_0_synth_1/prj/sol/.autopilot/db/be_messages.xml 
Execute       ap_part_info -name xc7z020-clg400-2 -data info 
INFO-FLOW: run_clang v_frmbuf_rd.cpp.xilinx-performance-pragma-detector exec: /tools/xilinx/2025.2/Vitis/lnx64/tools/clang-16/bin/xilinx-performance-pragma-detector /home/serg/Documents/Xilinx/z700_hdmi/HDMI_MIXER/hdmi_mixer.gen/sources_1/bd/design_1/ip/design_1_v_frmbuf_rd_0_0/src/v_frmbuf_rd.cpp -- -fhls -I/home/serg/Documents/Xilinx/z700_hdmi/HDMI_MIXER/hdmi_mixer.gen/sources_1/bd/design_1/ip/design_1_v_frmbuf_rd_0_0/src/hls -I/home/serg/Documents/Xilinx/z700_hdmi/HDMI_MIXER/hdmi_mixer.gen/sources_1/bd/design_1/ip/design_1_v_frmbuf_rd_0_0/src -D__VITIS_HLS__ -DAESL_SYN -D__SYNTHESIS__ -D__HLS_SYN__ -I /tools/xilinx/2025.2/Vitis/common/technology/autopilot -I /tools/xilinx/2025.2/Vitis/common/technology/autopilot/ap_sysc -include etc/autopilot_ssdm_op.h -D__DSP48E1__ -target fpga64-xilinx-linux-gnu -I /usr/include/x86_64-linux-gnu --gcc-toolchain=/tools/xilinx/2025.2/Vitis/tps/lnx64/gcc-8.3.0 -hls-platform-db-name=/tools/xilinx/2025.2/Vitis/common/technology/xilinx/common/platform.db -hls-platform-name=zynq_medium -device-resource-info=BRAM_280.000000_DSP_220.000000_FF_106400.000000_LUT_53200.000000_SLICE_13300.000000_URAM_0.000000 -device-name-info=xc7z020clg400-2 > /home/serg/Documents/Xilinx/z700_hdmi/HDMI_MIXER/hdmi_mixer.runs/design_1_v_frmbuf_rd_0_0_synth_1/prj/sol/.autopilot/db/v_frmbuf_rd.cpp.xilinx-performance-pragma-detector.out.log 2> /home/serg/Documents/Xilinx/z700_hdmi/HDMI_MIXER/hdmi_mixer.runs/design_1_v_frmbuf_rd_0_0_synth_1/prj/sol/.autopilot/db/v_frmbuf_rd.cpp.xilinx-performance-pragma-detector.err.log
INFO-FLOW: run_clang result=success num-err-msgs=0 num-stderr-lines=48
Execute       elaborate -effort=medium -skip_syncheck=0 -keep_printf=0 -skip_cdt=0 -skip_transform=0 -ng=0 -g=0 -from_csynth_design=1 
INFO: [HLS 200-111] Finished File checks and directory preparation: CPU user time: 0.06 seconds. CPU system time: 0.06 seconds. Elapsed time: 0.11 seconds; current allocated memory: 234.625 MB.
Execute         send_msg_by_id INFO @200-2191@%s%s C-Synthesis clang-16 
INFO: [HLS 200-2191] C-Synthesis will use clang-16 as the compiler
Execute         set_directive_top v_frmbuf_rd -name=v_frmbuf_rd 
Execute         source /tools/xilinx/2025.2/Vitis/tps/tcl/tcllib2.0/yaml/huddle.tcl 
Execute           source /tools/xilinx/2025.2/tps/tcl/tcllib2.0/yaml/huddle_types.tcl 
Execute         source /tools/xilinx/2025.2/Vitis/tps/tcl/tcllib2.0/yaml/json2huddle.tcl 
Execute           source /tools/xilinx/2025.2/Vitis/tps/tcl/tcllib2.0/try/try.tcl 
INFO: [HLS 200-10] Analyzing design file '/home/serg/Documents/Xilinx/z700_hdmi/HDMI_MIXER/hdmi_mixer.gen/sources_1/bd/design_1/ip/design_1_v_frmbuf_rd_0_0/src/v_frmbuf_rd.cpp' ... 
INFO-FLOW: Compiling one TU...
INFO-FLOW: Handling /home/serg/Documents/Xilinx/z700_hdmi/HDMI_MIXER/hdmi_mixer.gen/sources_1/bd/design_1/ip/design_1_v_frmbuf_rd_0_0/src/v_frmbuf_rd.cpp as C++
Execute         ap_part_info -name xc7z020-clg400-2 -data info 
INFO-FLOW: Running: GCC PP 39
INFO-FLOW: Source preprocessing
INFO-FLOW: run_clang v_frmbuf_rd.cpp.clang exec: /tools/xilinx/2025.2/Vitis/lnx64/tools/clang-16/bin/clang /home/serg/Documents/Xilinx/z700_hdmi/HDMI_MIXER/hdmi_mixer.runs/design_1_v_frmbuf_rd_0_0_synth_1/prj/sol/.autopilot/db/v_frmbuf_rd.cpp -foptimization-record-file=/home/serg/Documents/Xilinx/z700_hdmi/HDMI_MIXER/hdmi_mixer.runs/design_1_v_frmbuf_rd_0_0_synth_1/prj/sol/.autopilot/db/v_frmbuf_rd.cpp.clang.diag.yml -mllvm -pass-remarks-missed=reflow|pasta|unroll|inline -mllvm -pass-remarks=reflow|pasta|unroll|inline -fno-limit-debug-info --gcc-toolchain=/tools/xilinx/2025.2/Vitis/tps/lnx64/gcc-8.3.0 -fhls -fno-exceptions -insert-hls-directive=/home/serg/Documents/Xilinx/z700_hdmi/HDMI_MIXER/hdmi_mixer.runs/design_1_v_frmbuf_rd_0_0_synth_1/prj/sol/.autopilot/db/all.directive.json -hls-directive-location -E -I/home/serg/Documents/Xilinx/z700_hdmi/HDMI_MIXER/hdmi_mixer.gen/sources_1/bd/design_1/ip/design_1_v_frmbuf_rd_0_0/src/hls -I/home/serg/Documents/Xilinx/z700_hdmi/HDMI_MIXER/hdmi_mixer.gen/sources_1/bd/design_1/ip/design_1_v_frmbuf_rd_0_0/src -fno-math-errno -c -emit-llvm -mllvm -disable-llvm-optzns -Xclang -no-opaque-pointers -Xclang -fmerge-all-constants -Werror=implicit-hls-streams -Werror=return-type -Wpragmas -Wunused-parameter -Wdump-hls-pragmas -Wno-error=dump-hls-pragmas -hls-clock-period=6.522 -fno-threadsafe-statics -fno-use-cxa-atexit -target fpga64-xilinx-linux-gnu -fno-threadsafe-statics -fno-use-cxa-atexit -D__VITIS_HLS__ -DAESL_SYN -D__SYNTHESIS__ -D__HLS_SYN__ -I /tools/xilinx/2025.2/Vitis/common/technology/autopilot -I /tools/xilinx/2025.2/Vitis/common/technology/autopilot/ap_sysc -include etc/autopilot_ssdm_op.h -D__DSP48E1__ -I /usr/include/x86_64-linux-gnu -o /home/serg/Documents/Xilinx/z700_hdmi/HDMI_MIXER/hdmi_mixer.runs/design_1_v_frmbuf_rd_0_0_synth_1/prj/sol/.autopilot/db/v_frmbuf_rd.pp.0.cpp -hls-platform-db-name=/tools/xilinx/2025.2/Vitis/common/technology/xilinx/common/platform.db -hls-platform-name=zynq_medium -device-resource-info=BRAM_280.000000_DSP_220.000000_FF_106400.000000_LUT_53200.000000_SLICE_13300.000000_URAM_0.000000 -device-name-info=xc7z020clg400-2 > /home/serg/Documents/Xilinx/z700_hdmi/HDMI_MIXER/hdmi_mixer.runs/design_1_v_frmbuf_rd_0_0_synth_1/prj/sol/.autopilot/db/v_frmbuf_rd.cpp.clang.out.log 2> /home/serg/Documents/Xilinx/z700_hdmi/HDMI_MIXER/hdmi_mixer.runs/design_1_v_frmbuf_rd_0_0_synth_1/prj/sol/.autopilot/db/v_frmbuf_rd.cpp.clang.err.log
INFO-FLOW: run_clang result=success num-err-msgs=0 num-stderr-lines=0
INFO-FLOW: Done: GCC PP 39 time: 1.1 seconds 
INFO-FLOW: Source syntax check for synthesis
INFO-FLOW: run_clang clang exec: /tools/xilinx/2025.2/Vitis/lnx64/tools/clang-16/bin/clang -foptimization-record-file=/home/serg/Documents/Xilinx/z700_hdmi/HDMI_MIXER/hdmi_mixer.runs/design_1_v_frmbuf_rd_0_0_synth_1/prj/sol/.autopilot/db/clang.diag.yml -mllvm -pass-remarks-missed=reflow|pasta|unroll|inline -mllvm -pass-remarks=reflow|pasta|unroll|inline -fsyntax-only -fhls -target fpga64-xilinx-linux-gnu /home/serg/Documents/Xilinx/z700_hdmi/HDMI_MIXER/hdmi_mixer.runs/design_1_v_frmbuf_rd_0_0_synth_1/prj/sol/.autopilot/db/v_frmbuf_rd.pp.0.cpp -hls-platform-db-name=/tools/xilinx/2025.2/Vitis/common/technology/xilinx/common/platform.db -hls-platform-name=zynq_medium -device-resource-info=BRAM_280.000000_DSP_220.000000_FF_106400.000000_LUT_53200.000000_SLICE_13300.000000_URAM_0.000000 -device-name-info=xc7z020clg400-2 > /home/serg/Documents/Xilinx/z700_hdmi/HDMI_MIXER/hdmi_mixer.runs/design_1_v_frmbuf_rd_0_0_synth_1/prj/sol/.autopilot/db/clang.out.log 2> /home/serg/Documents/Xilinx/z700_hdmi/HDMI_MIXER/hdmi_mixer.runs/design_1_v_frmbuf_rd_0_0_synth_1/prj/sol/.autopilot/db/clang.err.log
INFO-FLOW: run_clang result=success num-err-msgs=0 num-stderr-lines=0
Execute         clang_tidy xilinx-systemc-detector -desc systemc-detector /home/serg/Documents/Xilinx/z700_hdmi/HDMI_MIXER/hdmi_mixer.runs/design_1_v_frmbuf_rd_0_0_synth_1/prj/sol/.autopilot/db/v_frmbuf_rd.pp.0.cpp  -target fpga -directive=/home/serg/Documents/Xilinx/z700_hdmi/HDMI_MIXER/hdmi_mixer.runs/design_1_v_frmbuf_rd_0_0_synth_1/prj/sol/.autopilot/db/.systemc_flag 
INFO-FLOW: exec /tools/xilinx/2025.2/Vitis/lnx64/tools/clang-16/bin/clang-tidy -header-filter=.* --checks=-*,xilinx-systemc-detector -import-directive=/home/serg/Documents/Xilinx/z700_hdmi/HDMI_MIXER/hdmi_mixer.runs/design_1_v_frmbuf_rd_0_0_synth_1/prj/sol/.autopilot/db/.systemc_flag -fix-errors /home/serg/Documents/Xilinx/z700_hdmi/HDMI_MIXER/hdmi_mixer.runs/design_1_v_frmbuf_rd_0_0_synth_1/prj/sol/.autopilot/db/v_frmbuf_rd.pp.0.cpp -- - -target fpga -fhls -ferror-limit=0
Command         clang_tidy done; 5.43 sec.
INFO-FLOW: Running: clang-tidy CDT preprocess 39
Execute         clang_tidy xilinx-directive2pragma -desc directive2pragma /home/serg/Documents/Xilinx/z700_hdmi/HDMI_MIXER/hdmi_mixer.runs/design_1_v_frmbuf_rd_0_0_synth_1/prj/sol/.autopilot/db/v_frmbuf_rd.pp.0.cpp  -target fpga -directive=/home/serg/Documents/Xilinx/z700_hdmi/HDMI_MIXER/hdmi_mixer.runs/design_1_v_frmbuf_rd_0_0_synth_1/prj/sol/.autopilot/db/all.directive.json 
INFO-FLOW: exec /tools/xilinx/2025.2/Vitis/lnx64/tools/clang-16/bin/clang-tidy -header-filter=.* --checks=-*,xilinx-directive2pragma -import-directive=/home/serg/Documents/Xilinx/z700_hdmi/HDMI_MIXER/hdmi_mixer.runs/design_1_v_frmbuf_rd_0_0_synth_1/prj/sol/.autopilot/db/all.directive.json -fix-errors /home/serg/Documents/Xilinx/z700_hdmi/HDMI_MIXER/hdmi_mixer.runs/design_1_v_frmbuf_rd_0_0_synth_1/prj/sol/.autopilot/db/v_frmbuf_rd.pp.0.cpp -- - -target fpga -fhls -ferror-limit=0
Command         clang_tidy done; 4.64 sec.
INFO-FLOW: Done: clang-tidy CDT preprocess 39 time: 4.6 seconds 
INFO-FLOW: Calling xilinx-label-all-loops ... 
INFO-FLOW: Calling xilinx-aggregate-on-hls-vector ... 
Execute         clang_tidy -errorcheck -desc loop-label xilinx-label-all-loops,xilinx-aggregate-on-hls-vector,,xilinx-warn-mayneed-no-ctor-attribute /home/serg/Documents/Xilinx/z700_hdmi/HDMI_MIXER/hdmi_mixer.runs/design_1_v_frmbuf_rd_0_0_synth_1/prj/sol/.autopilot/db/v_frmbuf_rd.pp.0.cpp  -target fpga 
INFO-FLOW: run_clang loop-label exec: /tools/xilinx/2025.2/Vitis/lnx64/tools/clang-16/bin/clang-tidy -export-fixes=/home/serg/Documents/Xilinx/z700_hdmi/HDMI_MIXER/hdmi_mixer.runs/design_1_v_frmbuf_rd_0_0_synth_1/prj/sol/.autopilot/db/v_frmbuf_rd.pp.0.cpp.clang-tidy.loop-label.diag.yml -header-filter=.* --checks=-*,xilinx-label-all-loops,xilinx-aggregate-on-hls-vector,,xilinx-warn-mayneed-no-ctor-attribute -fix-errors /home/serg/Documents/Xilinx/z700_hdmi/HDMI_MIXER/hdmi_mixer.runs/design_1_v_frmbuf_rd_0_0_synth_1/prj/sol/.autopilot/db/v_frmbuf_rd.pp.0.cpp -- - -target fpga -fhls -ferror-limit=0 > /home/serg/Documents/Xilinx/z700_hdmi/HDMI_MIXER/hdmi_mixer.runs/design_1_v_frmbuf_rd_0_0_synth_1/prj/sol/.autopilot/db/v_frmbuf_rd.pp.0.cpp.clang-tidy.loop-label.out.log 2> /home/serg/Documents/Xilinx/z700_hdmi/HDMI_MIXER/hdmi_mixer.runs/design_1_v_frmbuf_rd_0_0_synth_1/prj/sol/.autopilot/db/v_frmbuf_rd.pp.0.cpp.clang-tidy.loop-label.err.log
Execute           source /tools/xilinx/2025.2/Vitis/tps/tcl/tcllib2.0/yaml/yaml.tcl 
Execute             source /tools/xilinx/2025.2/Vitis/tps/tcl/tcllib2.0/cmdline/cmdline.tcl 
INFO-FLOW: run_clang result=success num-err-msgs=0 num-stderr-lines=1923
Command         clang_tidy done; 9.08 sec.
INFO-FLOW: run_clang v_frmbuf_rd.pp.0.cpp.xilinx-dataflow-lawyer exec: /tools/xilinx/2025.2/Vitis/lnx64/tools/clang-16/bin/xilinx-dataflow-lawyer -export-fixes=/home/serg/Documents/Xilinx/z700_hdmi/HDMI_MIXER/hdmi_mixer.runs/design_1_v_frmbuf_rd_0_0_synth_1/prj/sol/.autopilot/db/v_frmbuf_rd.pp.0.cpp.xilinx-dataflow-lawyer.diag.yml /home/serg/Documents/Xilinx/z700_hdmi/HDMI_MIXER/hdmi_mixer.runs/design_1_v_frmbuf_rd_0_0_synth_1/prj/sol/.autopilot/db/v_frmbuf_rd.pp.0.cpp -- - -target fpga -fhls -ferror-limit=0 -fstrict-dataflow > /home/serg/Documents/Xilinx/z700_hdmi/HDMI_MIXER/hdmi_mixer.runs/design_1_v_frmbuf_rd_0_0_synth_1/prj/sol/.autopilot/db/v_frmbuf_rd.pp.0.cpp.xilinx-dataflow-lawyer.out.log 2> /home/serg/Documents/Xilinx/z700_hdmi/HDMI_MIXER/hdmi_mixer.runs/design_1_v_frmbuf_rd_0_0_synth_1/prj/sol/.autopilot/db/v_frmbuf_rd.pp.0.cpp.xilinx-dataflow-lawyer.err.log
INFO-FLOW: run_clang result=success num-err-msgs=0 num-stderr-lines=0
Execute         ap_part_info -name xc7z020-clg400-2 -data info 
INFO-FLOW: compiling source code to llvm bc
INFO-FLOW: run_clang v_frmbuf_rd.pp.0.cpp.clang exec: /tools/xilinx/2025.2/Vitis/lnx64/tools/clang-16/bin/clang -foptimization-record-file=/home/serg/Documents/Xilinx/z700_hdmi/HDMI_MIXER/hdmi_mixer.runs/design_1_v_frmbuf_rd_0_0_synth_1/prj/sol/.autopilot/db/v_frmbuf_rd.pp.0.cpp.clang.diag.yml -mllvm -pass-remarks-missed=reflow|pasta|unroll|inline -mllvm -pass-remarks=reflow|pasta|unroll|inline -flto -fno-exceptions -Wno-error=c++11-narrowing -fno-limit-debug-info -fhls -hls-emit-hint-scope /home/serg/Documents/Xilinx/z700_hdmi/HDMI_MIXER/hdmi_mixer.runs/design_1_v_frmbuf_rd_0_0_synth_1/prj/sol/.autopilot/db/v_frmbuf_rd.pp.0.cpp -I/home/serg/Documents/Xilinx/z700_hdmi/HDMI_MIXER/hdmi_mixer.gen/sources_1/bd/design_1/ip/design_1_v_frmbuf_rd_0_0/src/hls -I/home/serg/Documents/Xilinx/z700_hdmi/HDMI_MIXER/hdmi_mixer.gen/sources_1/bd/design_1/ip/design_1_v_frmbuf_rd_0_0/src -fno-math-errno -c -emit-llvm -mllvm -disable-llvm-optzns -Xclang -no-opaque-pointers -Xclang -fmerge-all-constants -Werror=implicit-hls-streams -Werror=return-type -Wpragmas -Wunused-parameter -Wdump-hls-pragmas -Wno-error=dump-hls-pragmas -hls-clock-period=6.522 -fno-threadsafe-statics -fno-use-cxa-atexit -target fpga64-xilinx-linux-gnu -D__VITIS_HLS__ -DAESL_SYN -D__SYNTHESIS__ -D__HLS_SYN__ -I /tools/xilinx/2025.2/Vitis/common/technology/autopilot -I /tools/xilinx/2025.2/Vitis/common/technology/autopilot/ap_sysc -include etc/autopilot_ssdm_op.h -D__DSP48E1__ -g -o /home/serg/Documents/Xilinx/z700_hdmi/HDMI_MIXER/hdmi_mixer.runs/design_1_v_frmbuf_rd_0_0_synth_1/prj/sol/.autopilot/db/v_frmbuf_rd.pre.g.bc -hls-platform-db-name=/tools/xilinx/2025.2/Vitis/common/technology/xilinx/common/platform.db -hls-platform-name=zynq_medium -device-resource-info=BRAM_280.000000_DSP_220.000000_FF_106400.000000_LUT_53200.000000_SLICE_13300.000000_URAM_0.000000 -device-name-info=xc7z020clg400-2 > /home/serg/Documents/Xilinx/z700_hdmi/HDMI_MIXER/hdmi_mixer.runs/design_1_v_frmbuf_rd_0_0_synth_1/prj/sol/.autopilot/db/v_frmbuf_rd.pp.0.cpp.clang.out.log 2> /home/serg/Documents/Xilinx/z700_hdmi/HDMI_MIXER/hdmi_mixer.runs/design_1_v_frmbuf_rd_0_0_synth_1/prj/sol/.autopilot/db/v_frmbuf_rd.pp.0.cpp.clang.err.log
INFO-FLOW: run_clang result=success num-err-msgs=0 num-stderr-lines=0
INFO-FLOW: converting llvm 16.0.4 bc to downstrem bc
INFO-FLOW: run_clang v_frmbuf_rd.bc.llvm-converter exec: /tools/xilinx/2025.2/Vitis/lnx64/tools/clang-16/bin/llvm-converter -opaque-pointers=0 /home/serg/Documents/Xilinx/z700_hdmi/HDMI_MIXER/hdmi_mixer.runs/design_1_v_frmbuf_rd_0_0_synth_1/prj/sol/.autopilot/db/v_frmbuf_rd.pre.g.bc -o /home/serg/Documents/Xilinx/z700_hdmi/HDMI_MIXER/hdmi_mixer.runs/design_1_v_frmbuf_rd_0_0_synth_1/prj/sol/.autopilot/db/v_frmbuf_rd.bc > /home/serg/Documents/Xilinx/z700_hdmi/HDMI_MIXER/hdmi_mixer.runs/design_1_v_frmbuf_rd_0_0_synth_1/prj/sol/.autopilot/db/v_frmbuf_rd.bc.llvm-converter.out.log 2> /home/serg/Documents/Xilinx/z700_hdmi/HDMI_MIXER/hdmi_mixer.runs/design_1_v_frmbuf_rd_0_0_synth_1/prj/sol/.autopilot/db/v_frmbuf_rd.bc.llvm-converter.err.log
INFO-FLOW: run_clang result=success num-err-msgs=0 num-stderr-lines=0
INFO: [HLS 200-111] Finished Source Code Analysis and Preprocessing: CPU user time: 29.1 seconds. CPU system time: 1.14 seconds. Elapsed time: 31.15 seconds; current allocated memory: 263.816 MB.
INFO-FLOW: Linking Debug ...
INFO-FLOW: Linking dut bc code.
Execute         run_link_or_opt -out /home/serg/Documents/Xilinx/z700_hdmi/HDMI_MIXER/hdmi_mixer.runs/design_1_v_frmbuf_rd_0_0_synth_1/prj/sol/.autopilot/db/a.g.ld.0.bc -args /home/serg/Documents/Xilinx/z700_hdmi/HDMI_MIXER/hdmi_mixer.runs/design_1_v_frmbuf_rd_0_0_synth_1/prj/sol/.autopilot/db/v_frmbuf_rd.bc 
INFO-FLOW: run_clang a.g.ld.0.bc.llvm-link exec: /tools/xilinx/2025.2/Vitis/lnx64/tools/clang-3.9-csynth/bin/llvm-link /home/serg/Documents/Xilinx/z700_hdmi/HDMI_MIXER/hdmi_mixer.runs/design_1_v_frmbuf_rd_0_0_synth_1/prj/sol/.autopilot/db/v_frmbuf_rd.bc -o /home/serg/Documents/Xilinx/z700_hdmi/HDMI_MIXER/hdmi_mixer.runs/design_1_v_frmbuf_rd_0_0_synth_1/prj/sol/.autopilot/db/a.g.ld.0.bc > /home/serg/Documents/Xilinx/z700_hdmi/HDMI_MIXER/hdmi_mixer.runs/design_1_v_frmbuf_rd_0_0_synth_1/prj/sol/.autopilot/db/a.g.ld.0.bc.llvm-link.out.log 2> /home/serg/Documents/Xilinx/z700_hdmi/HDMI_MIXER/hdmi_mixer.runs/design_1_v_frmbuf_rd_0_0_synth_1/prj/sol/.autopilot/db/a.g.ld.0.bc.llvm-link.err.log
INFO-FLOW: run_clang result=success num-err-msgs=0 num-stderr-lines=0
Execute         run_link_or_opt -opt -out /home/serg/Documents/Xilinx/z700_hdmi/HDMI_MIXER/hdmi_mixer.runs/design_1_v_frmbuf_rd_0_0_synth_1/prj/sol/.autopilot/db/a.g.ld.1.lower.bc -args /home/serg/Documents/Xilinx/z700_hdmi/HDMI_MIXER/hdmi_mixer.runs/design_1_v_frmbuf_rd_0_0_synth_1/prj/sol/.autopilot/db/a.g.ld.0.bc -reflow-lower-math-intrinsics 
INFO-FLOW: run_clang a.g.ld.1.lower.bc.opt exec: /tools/xilinx/2025.2/Vitis/lnx64/tools/clang-3.9-csynth/bin/opt -pass-remarks-missed=reflow|pasta|unroll|inline -pass-remarks=reflow|pasta|unroll|inline -pass-remarks-output=/home/serg/Documents/Xilinx/z700_hdmi/HDMI_MIXER/hdmi_mixer.runs/design_1_v_frmbuf_rd_0_0_synth_1/prj/sol/.autopilot/db/a.g.ld.1.lower.bc.opt.diag.yml /home/serg/Documents/Xilinx/z700_hdmi/HDMI_MIXER/hdmi_mixer.runs/design_1_v_frmbuf_rd_0_0_synth_1/prj/sol/.autopilot/db/a.g.ld.0.bc -reflow-lower-math-intrinsics -o /home/serg/Documents/Xilinx/z700_hdmi/HDMI_MIXER/hdmi_mixer.runs/design_1_v_frmbuf_rd_0_0_synth_1/prj/sol/.autopilot/db/a.g.ld.1.lower.bc > /home/serg/Documents/Xilinx/z700_hdmi/HDMI_MIXER/hdmi_mixer.runs/design_1_v_frmbuf_rd_0_0_synth_1/prj/sol/.autopilot/db/a.g.ld.1.lower.bc.opt.out.log 2> /home/serg/Documents/Xilinx/z700_hdmi/HDMI_MIXER/hdmi_mixer.runs/design_1_v_frmbuf_rd_0_0_synth_1/prj/sol/.autopilot/db/a.g.ld.1.lower.bc.opt.err.log
INFO-FLOW: run_clang result=success num-err-msgs=0 num-stderr-lines=0
INFO-FLOW: Running: gen_design_size_report post-opt
INFO-FLOW: Done: gen_design_size_report post-opt time: 0 seconds 
INFO-FLOW: Linking math bc lib
Execute         run_link_or_opt -out /home/serg/Documents/Xilinx/z700_hdmi/HDMI_MIXER/hdmi_mixer.runs/design_1_v_frmbuf_rd_0_0_synth_1/prj/sol/.autopilot/db/a.g.ld.2.m1.bc -args /home/serg/Documents/Xilinx/z700_hdmi/HDMI_MIXER/hdmi_mixer.runs/design_1_v_frmbuf_rd_0_0_synth_1/prj/sol/.autopilot/db/a.g.ld.1.lower.bc -only-needed /tools/xilinx/2025.2/Vitis/lnx64/lib/libhlsm_39.bc /tools/xilinx/2025.2/Vitis/lnx64/lib/libhlsmc++_39.bc 
INFO-FLOW: run_clang a.g.ld.2.m1.bc.llvm-link exec: /tools/xilinx/2025.2/Vitis/lnx64/tools/clang-3.9-csynth/bin/llvm-link /home/serg/Documents/Xilinx/z700_hdmi/HDMI_MIXER/hdmi_mixer.runs/design_1_v_frmbuf_rd_0_0_synth_1/prj/sol/.autopilot/db/a.g.ld.1.lower.bc -only-needed /tools/xilinx/2025.2/Vitis/lnx64/lib/libhlsm_39.bc /tools/xilinx/2025.2/Vitis/lnx64/lib/libhlsmc++_39.bc -o /home/serg/Documents/Xilinx/z700_hdmi/HDMI_MIXER/hdmi_mixer.runs/design_1_v_frmbuf_rd_0_0_synth_1/prj/sol/.autopilot/db/a.g.ld.2.m1.bc > /home/serg/Documents/Xilinx/z700_hdmi/HDMI_MIXER/hdmi_mixer.runs/design_1_v_frmbuf_rd_0_0_synth_1/prj/sol/.autopilot/db/a.g.ld.2.m1.bc.llvm-link.out.log 2> /home/serg/Documents/Xilinx/z700_hdmi/HDMI_MIXER/hdmi_mixer.runs/design_1_v_frmbuf_rd_0_0_synth_1/prj/sol/.autopilot/db/a.g.ld.2.m1.bc.llvm-link.err.log
INFO-FLOW: run_clang result=success num-err-msgs=0 num-stderr-lines=0
Command         run_link_or_opt done; 1.12 sec.
Execute         run_link_or_opt -opt -out /home/serg/Documents/Xilinx/z700_hdmi/HDMI_MIXER/hdmi_mixer.runs/design_1_v_frmbuf_rd_0_0_synth_1/prj/sol/.autopilot/db/a.g.ld.3.fpc.bc -args /home/serg/Documents/Xilinx/z700_hdmi/HDMI_MIXER/hdmi_mixer.runs/design_1_v_frmbuf_rd_0_0_synth_1/prj/sol/.autopilot/db/a.g.ld.2.m1.bc -reflow-globaldce -hls-top-function-name=v_frmbuf_rd -reflow-float-conversion 
INFO-FLOW: run_clang a.g.ld.3.fpc.bc.opt exec: /tools/xilinx/2025.2/Vitis/lnx64/tools/clang-3.9-csynth/bin/opt -pass-remarks-missed=reflow|pasta|unroll|inline -pass-remarks=reflow|pasta|unroll|inline -pass-remarks-output=/home/serg/Documents/Xilinx/z700_hdmi/HDMI_MIXER/hdmi_mixer.runs/design_1_v_frmbuf_rd_0_0_synth_1/prj/sol/.autopilot/db/a.g.ld.3.fpc.bc.opt.diag.yml /home/serg/Documents/Xilinx/z700_hdmi/HDMI_MIXER/hdmi_mixer.runs/design_1_v_frmbuf_rd_0_0_synth_1/prj/sol/.autopilot/db/a.g.ld.2.m1.bc -reflow-globaldce -hls-top-function-name=v_frmbuf_rd -reflow-float-conversion -o /home/serg/Documents/Xilinx/z700_hdmi/HDMI_MIXER/hdmi_mixer.runs/design_1_v_frmbuf_rd_0_0_synth_1/prj/sol/.autopilot/db/a.g.ld.3.fpc.bc > /home/serg/Documents/Xilinx/z700_hdmi/HDMI_MIXER/hdmi_mixer.runs/design_1_v_frmbuf_rd_0_0_synth_1/prj/sol/.autopilot/db/a.g.ld.3.fpc.bc.opt.out.log 2> /home/serg/Documents/Xilinx/z700_hdmi/HDMI_MIXER/hdmi_mixer.runs/design_1_v_frmbuf_rd_0_0_synth_1/prj/sol/.autopilot/db/a.g.ld.3.fpc.bc.opt.err.log
INFO-FLOW: run_clang result=success num-err-msgs=0 num-stderr-lines=0
INFO-FLOW: Running: gen_design_size_report post-opt
INFO-FLOW: Done: gen_design_size_report post-opt time: 0 seconds 
Command         run_link_or_opt done; 0.45 sec.
Execute         run_link_or_opt -out /home/serg/Documents/Xilinx/z700_hdmi/HDMI_MIXER/hdmi_mixer.runs/design_1_v_frmbuf_rd_0_0_synth_1/prj/sol/.autopilot/db/a.g.ld.4.m2.bc -args /home/serg/Documents/Xilinx/z700_hdmi/HDMI_MIXER/hdmi_mixer.runs/design_1_v_frmbuf_rd_0_0_synth_1/prj/sol/.autopilot/db/a.g.ld.3.fpc.bc -only-needed /tools/xilinx/2025.2/Vitis/lnx64/lib/libfloatconversion_39.bc 
INFO-FLOW: run_clang a.g.ld.4.m2.bc.llvm-link exec: /tools/xilinx/2025.2/Vitis/lnx64/tools/clang-3.9-csynth/bin/llvm-link /home/serg/Documents/Xilinx/z700_hdmi/HDMI_MIXER/hdmi_mixer.runs/design_1_v_frmbuf_rd_0_0_synth_1/prj/sol/.autopilot/db/a.g.ld.3.fpc.bc -only-needed /tools/xilinx/2025.2/Vitis/lnx64/lib/libfloatconversion_39.bc -o /home/serg/Documents/Xilinx/z700_hdmi/HDMI_MIXER/hdmi_mixer.runs/design_1_v_frmbuf_rd_0_0_synth_1/prj/sol/.autopilot/db/a.g.ld.4.m2.bc > /home/serg/Documents/Xilinx/z700_hdmi/HDMI_MIXER/hdmi_mixer.runs/design_1_v_frmbuf_rd_0_0_synth_1/prj/sol/.autopilot/db/a.g.ld.4.m2.bc.llvm-link.out.log 2> /home/serg/Documents/Xilinx/z700_hdmi/HDMI_MIXER/hdmi_mixer.runs/design_1_v_frmbuf_rd_0_0_synth_1/prj/sol/.autopilot/db/a.g.ld.4.m2.bc.llvm-link.err.log
INFO-FLOW: run_clang result=success num-err-msgs=0 num-stderr-lines=0
Execute         run_link_or_opt -opt -out /home/serg/Documents/Xilinx/z700_hdmi/HDMI_MIXER/hdmi_mixer.runs/design_1_v_frmbuf_rd_0_0_synth_1/prj/sol/.autopilot/db/a.g.ld.5.gdce.bc -args /home/serg/Documents/Xilinx/z700_hdmi/HDMI_MIXER/hdmi_mixer.runs/design_1_v_frmbuf_rd_0_0_synth_1/prj/sol/.autopilot/db/a.g.ld.4.m2.bc -reflow-globaldce -hls-top-function-name=v_frmbuf_rd 
INFO-FLOW: run_clang a.g.ld.5.gdce.bc.opt exec: /tools/xilinx/2025.2/Vitis/lnx64/tools/clang-3.9-csynth/bin/opt -pass-remarks-missed=reflow|pasta|unroll|inline -pass-remarks=reflow|pasta|unroll|inline -pass-remarks-output=/home/serg/Documents/Xilinx/z700_hdmi/HDMI_MIXER/hdmi_mixer.runs/design_1_v_frmbuf_rd_0_0_synth_1/prj/sol/.autopilot/db/a.g.ld.5.gdce.bc.opt.diag.yml /home/serg/Documents/Xilinx/z700_hdmi/HDMI_MIXER/hdmi_mixer.runs/design_1_v_frmbuf_rd_0_0_synth_1/prj/sol/.autopilot/db/a.g.ld.4.m2.bc -reflow-globaldce -hls-top-function-name=v_frmbuf_rd -o /home/serg/Documents/Xilinx/z700_hdmi/HDMI_MIXER/hdmi_mixer.runs/design_1_v_frmbuf_rd_0_0_synth_1/prj/sol/.autopilot/db/a.g.ld.5.gdce.bc > /home/serg/Documents/Xilinx/z700_hdmi/HDMI_MIXER/hdmi_mixer.runs/design_1_v_frmbuf_rd_0_0_synth_1/prj/sol/.autopilot/db/a.g.ld.5.gdce.bc.opt.out.log 2> /home/serg/Documents/Xilinx/z700_hdmi/HDMI_MIXER/hdmi_mixer.runs/design_1_v_frmbuf_rd_0_0_synth_1/prj/sol/.autopilot/db/a.g.ld.5.gdce.bc.opt.err.log
INFO-FLOW: run_clang result=success num-err-msgs=0 num-stderr-lines=0
INFO-FLOW: Running: gen_design_size_report post-opt
INFO-FLOW: Done: gen_design_size_report post-opt time: 0 seconds 
Execute         send_msg_by_id INFO @200-777@%s Vivado 
INFO: [HLS 200-777] Using interface defaults for 'Vivado' flow target.
Execute         is_m_axi_addr64 
INFO-FLOW: Doing LTO.
INFO-FLOW: run_clang reflow (background poll_ms 5000) exec: /tools/xilinx/2025.2/Vitis/lnx64/tools/clang-3.9-csynth/bin/clang -foptimization-record-file=/home/serg/Documents/Xilinx/z700_hdmi/HDMI_MIXER/hdmi_mixer.runs/design_1_v_frmbuf_rd_0_0_synth_1/prj/sol/.autopilot/db/a.g.ld.0.bc.clang.reflow.diag.yml -mllvm -pass-remarks-missed=reflow|pasta|unroll|inline -mllvm -pass-remarks=reflow|pasta|unroll|inline -fhls -mllvm -hls-top-function-name=v_frmbuf_rd -mllvm -hls-db-dir -mllvm /home/serg/Documents/Xilinx/z700_hdmi/HDMI_MIXER/hdmi_mixer.runs/design_1_v_frmbuf_rd_0_0_synth_1/prj/sol/.autopilot/db -emit-llvm -c -target fpga64-xilinx-none -mllvm -xcl-xmlinfo=/home/serg/Documents/Xilinx/z700_hdmi/HDMI_MIXER/hdmi_mixer.runs/design_1_v_frmbuf_rd_0_0_synth_1/prj/sol/.autopilot/db/kernel.internal.xml -mllvm -top-io-mapping-info=/home/serg/Documents/Xilinx/z700_hdmi/HDMI_MIXER/hdmi_mixer.runs/design_1_v_frmbuf_rd_0_0_synth_1/prj/sol/.autopilot/db/top-io-fe.xml -mllvm -hls-bitcode-version=3.1 -mllvm -hls-top-function-prefix=design_1_v_frmbuf_rd_0_0_ -mllvm -reflow-enable-slave-interface-default-setting=true -mllvm -gen-kernel-xml=false -mllvm -default-maxi-offset=slave -mllvm -reflow-unroll-size-threshold=10000 -mllvm -reflow-unroll-cost-threshold=1000000 -mllvm -maxi-latency=0 -mllvm -hls-maxi-data-size-in-bits=8 -mllvm -hls-maxi-max-data-size-in-bits=1024 -mllvm -hls-max-widen-size-in-bits=0 -mllvm -xcl-kernel-max-mem-ports=0 -mllvm -maxi-read-trans=16 -mllvm -maxi-write-trans=16 -mllvm -maxi-read-burst-len=16 -mllvm -maxi-write-burst-len=16 -mllvm -reflow-enable-saxi-64bits=0 -mllvm -reflow-basic-block-instr-threshold=200000 -mllvm -reflow-auto-pipeline-threshold=64 -mllvm -reflow-enable-maxi-auto-id-channel=0 -mllvm -reflow-bdd-simplify-threshold=1048576 -mllvm -reflow-fanout-threshold=16 -mllvm -reflow-force-aggressive-unroll=0 -mllvm -reflow-aggressive-unroll-adjust-factor=1.000000 -mllvm -reflow-complete-threshold=4 -mllvm -reflow-array-promotion-threshold=64 -mllvm -reflow-enable-critical-path-for-performance=1 -mllvm -assume-maxi-align=1 -mllvm -reflow-enable-dataflow-strict-mode-checking=1 -ftime-report -mllvm -time-passes -mllvm -reflow-auto-array-partition-mode=default -mllvm -reflow-enable-auto-small-array-partition=true -mllvm -reflow-enable-auto-array-promotion=true -mllvm -reflow-enable-auto-array-partition-for-flatten=true -mllvm -reflow-enable-auto-parallel-performance-driven=true -mllvm -reflow-enable-partition-for-automation=true -mllvm -reflow-aggregate-bitwidth-threshold=4096 -mllvm -reflow-reserved-saxilite-registers=0 -mllvm -enable-reflow-auto-loop-pipeline -mllvm -reflow-max-unroll-threshold=409600 -mllvm -auto-unroll-tripcount-threshold=0 -mllvm -reflow-assume-no-address-wrap=true -mllvm -reflow-enable-occurrence-inference=true -mllvm -reflow-emit-hint-scope=true -mllvm -reflow-enable-codegen-with-if=true -mllvm -reflow-enable-dataflow-canon=true -mllvm -reflow-enable-dataflow-canon2=true -mllvm -reflow-dump-extra-complexity-metric=true -mllvm -reflow-enable-dse-loop-nest-extraction=false -mllvm -hls -mllvm -disable-inlined-alloca-merging=true -mllvm -reflow-enable-maxi-addr-32bits -mllvm -default-clock-period=6.522 -mllvm -use_read_first_ram_in_loop=1 -mllvm -default-clock-uncertainty=1.761 -x ir /home/serg/Documents/Xilinx/z700_hdmi/HDMI_MIXER/hdmi_mixer.runs/design_1_v_frmbuf_rd_0_0_synth_1/prj/sol/.autopilot/db/a.g.ld.5.gdce.bc -o /home/serg/Documents/Xilinx/z700_hdmi/HDMI_MIXER/hdmi_mixer.runs/design_1_v_frmbuf_rd_0_0_synth_1/prj/sol/.autopilot/db/a.g.lto.bc -hls-platform-db-name=/tools/xilinx/2025.2/Vitis/common/technology/xilinx/common/platform.db -hls-platform-name=zynq_medium -device-resource-info=BRAM_280.000000_DSP_220.000000_FF_106400.000000_LUT_53200.000000_SLICE_13300.000000_URAM_0.000000 -device-name-info=xc7z020clg400-2 2> /home/serg/Documents/Xilinx/z700_hdmi/HDMI_MIXER/hdmi_mixer.runs/design_1_v_frmbuf_rd_0_0_synth_1/prj/sol/.autopilot/db/a.g.ld.0.bc.clang.reflow.err.log bg_poll_cmd: ::AP::poll_clang_39_closed_source
Execute         send_msg_by_id INFO @200-1995@%s%s%s 10,524 Compile/Link (/home/serg/Documents/Xilinx/z700_hdmi/HDMI_MIXER/hdmi_mixer.runs/design_1_v_frmbuf_rd_0_0_synth_1/prj/sol/syn/report/csynth_design_size.rpt:2) 
INFO: [HLS 200-1995] There were 10,524 instructions in the design after the 'Compile/Link' phase of compilation. See the Design Size Report for more details (/home/serg/Documents/Xilinx/z700_hdmi/HDMI_MIXER/hdmi_mixer.runs/design_1_v_frmbuf_rd_0_0_synth_1/prj/sol/syn/report/csynth_design_size.rpt:2)
Execute         send_msg_by_id INFO @200-1995@%s%s%s 2,959 Unroll/Inline (step 1) (/home/serg/Documents/Xilinx/z700_hdmi/HDMI_MIXER/hdmi_mixer.runs/design_1_v_frmbuf_rd_0_0_synth_1/prj/sol/syn/report/csynth_design_size.rpt:2) 
INFO: [HLS 200-1995] There were 2,959 instructions in the design after the 'Unroll/Inline (step 1)' phase of compilation. See the Design Size Report for more details (/home/serg/Documents/Xilinx/z700_hdmi/HDMI_MIXER/hdmi_mixer.runs/design_1_v_frmbuf_rd_0_0_synth_1/prj/sol/syn/report/csynth_design_size.rpt:2)
Execute         send_msg_by_id INFO @200-1995@%s%s%s 1,841 Unroll/Inline (step 2) (/home/serg/Documents/Xilinx/z700_hdmi/HDMI_MIXER/hdmi_mixer.runs/design_1_v_frmbuf_rd_0_0_synth_1/prj/sol/syn/report/csynth_design_size.rpt:2) 
INFO: [HLS 200-1995] There were 1,841 instructions in the design after the 'Unroll/Inline (step 2)' phase of compilation. See the Design Size Report for more details (/home/serg/Documents/Xilinx/z700_hdmi/HDMI_MIXER/hdmi_mixer.runs/design_1_v_frmbuf_rd_0_0_synth_1/prj/sol/syn/report/csynth_design_size.rpt:2)
Execute         send_msg_by_id INFO @200-1995@%s%s%s 1,534 Unroll/Inline (step 3) (/home/serg/Documents/Xilinx/z700_hdmi/HDMI_MIXER/hdmi_mixer.runs/design_1_v_frmbuf_rd_0_0_synth_1/prj/sol/syn/report/csynth_design_size.rpt:2) 
INFO: [HLS 200-1995] There were 1,534 instructions in the design after the 'Unroll/Inline (step 3)' phase of compilation. See the Design Size Report for more details (/home/serg/Documents/Xilinx/z700_hdmi/HDMI_MIXER/hdmi_mixer.runs/design_1_v_frmbuf_rd_0_0_synth_1/prj/sol/syn/report/csynth_design_size.rpt:2)
Execute         send_msg_by_id INFO @200-1995@%s%s%s 1,504 Unroll/Inline (step 4) (/home/serg/Documents/Xilinx/z700_hdmi/HDMI_MIXER/hdmi_mixer.runs/design_1_v_frmbuf_rd_0_0_synth_1/prj/sol/syn/report/csynth_design_size.rpt:2) 
INFO: [HLS 200-1995] There were 1,504 instructions in the design after the 'Unroll/Inline (step 4)' phase of compilation. See the Design Size Report for more details (/home/serg/Documents/Xilinx/z700_hdmi/HDMI_MIXER/hdmi_mixer.runs/design_1_v_frmbuf_rd_0_0_synth_1/prj/sol/syn/report/csynth_design_size.rpt:2)
Execute         send_msg_by_id INFO @200-1995@%s%s%s 1,430 Array/Struct (step 1) (/home/serg/Documents/Xilinx/z700_hdmi/HDMI_MIXER/hdmi_mixer.runs/design_1_v_frmbuf_rd_0_0_synth_1/prj/sol/syn/report/csynth_design_size.rpt:2) 
INFO: [HLS 200-1995] There were 1,430 instructions in the design after the 'Array/Struct (step 1)' phase of compilation. See the Design Size Report for more details (/home/serg/Documents/Xilinx/z700_hdmi/HDMI_MIXER/hdmi_mixer.runs/design_1_v_frmbuf_rd_0_0_synth_1/prj/sol/syn/report/csynth_design_size.rpt:2)
Execute         send_msg_by_id INFO @200-1995@%s%s%s 1,332 Array/Struct (step 2) (/home/serg/Documents/Xilinx/z700_hdmi/HDMI_MIXER/hdmi_mixer.runs/design_1_v_frmbuf_rd_0_0_synth_1/prj/sol/syn/report/csynth_design_size.rpt:2) 
INFO: [HLS 200-1995] There were 1,332 instructions in the design after the 'Array/Struct (step 2)' phase of compilation. See the Design Size Report for more details (/home/serg/Documents/Xilinx/z700_hdmi/HDMI_MIXER/hdmi_mixer.runs/design_1_v_frmbuf_rd_0_0_synth_1/prj/sol/syn/report/csynth_design_size.rpt:2)
Execute         send_msg_by_id INFO @200-1995@%s%s%s 1,393 Array/Struct (step 3) (/home/serg/Documents/Xilinx/z700_hdmi/HDMI_MIXER/hdmi_mixer.runs/design_1_v_frmbuf_rd_0_0_synth_1/prj/sol/syn/report/csynth_design_size.rpt:2) 
INFO: [HLS 200-1995] There were 1,393 instructions in the design after the 'Array/Struct (step 3)' phase of compilation. See the Design Size Report for more details (/home/serg/Documents/Xilinx/z700_hdmi/HDMI_MIXER/hdmi_mixer.runs/design_1_v_frmbuf_rd_0_0_synth_1/prj/sol/syn/report/csynth_design_size.rpt:2)
Execute         send_msg_by_id INFO @200-1995@%s%s%s 2,661 Array/Struct (step 4) (/home/serg/Documents/Xilinx/z700_hdmi/HDMI_MIXER/hdmi_mixer.runs/design_1_v_frmbuf_rd_0_0_synth_1/prj/sol/syn/report/csynth_design_size.rpt:2) 
INFO: [HLS 200-1995] There were 2,661 instructions in the design after the 'Array/Struct (step 4)' phase of compilation. See the Design Size Report for more details (/home/serg/Documents/Xilinx/z700_hdmi/HDMI_MIXER/hdmi_mixer.runs/design_1_v_frmbuf_rd_0_0_synth_1/prj/sol/syn/report/csynth_design_size.rpt:2)
Execute         send_msg_by_id INFO @200-1995@%s%s%s 2,788 Array/Struct (step 5) (/home/serg/Documents/Xilinx/z700_hdmi/HDMI_MIXER/hdmi_mixer.runs/design_1_v_frmbuf_rd_0_0_synth_1/prj/sol/syn/report/csynth_design_size.rpt:2) 
INFO: [HLS 200-1995] There were 2,788 instructions in the design after the 'Array/Struct (step 5)' phase of compilation. See the Design Size Report for more details (/home/serg/Documents/Xilinx/z700_hdmi/HDMI_MIXER/hdmi_mixer.runs/design_1_v_frmbuf_rd_0_0_synth_1/prj/sol/syn/report/csynth_design_size.rpt:2)
Execute         send_msg_by_id INFO @200-1995@%s%s%s 2,740 Performance (step 1) (/home/serg/Documents/Xilinx/z700_hdmi/HDMI_MIXER/hdmi_mixer.runs/design_1_v_frmbuf_rd_0_0_synth_1/prj/sol/syn/report/csynth_design_size.rpt:2) 
INFO: [HLS 200-1995] There were 2,740 instructions in the design after the 'Performance (step 1)' phase of compilation. See the Design Size Report for more details (/home/serg/Documents/Xilinx/z700_hdmi/HDMI_MIXER/hdmi_mixer.runs/design_1_v_frmbuf_rd_0_0_synth_1/prj/sol/syn/report/csynth_design_size.rpt:2)
Execute         send_msg_by_id INFO @200-1995@%s%s%s 2,707 Performance (step 2) (/home/serg/Documents/Xilinx/z700_hdmi/HDMI_MIXER/hdmi_mixer.runs/design_1_v_frmbuf_rd_0_0_synth_1/prj/sol/syn/report/csynth_design_size.rpt:2) 
INFO: [HLS 200-1995] There were 2,707 instructions in the design after the 'Performance (step 2)' phase of compilation. See the Design Size Report for more details (/home/serg/Documents/Xilinx/z700_hdmi/HDMI_MIXER/hdmi_mixer.runs/design_1_v_frmbuf_rd_0_0_synth_1/prj/sol/syn/report/csynth_design_size.rpt:2)
Execute         send_msg_by_id INFO @200-1995@%s%s%s 2,651 Performance (step 3) (/home/serg/Documents/Xilinx/z700_hdmi/HDMI_MIXER/hdmi_mixer.runs/design_1_v_frmbuf_rd_0_0_synth_1/prj/sol/syn/report/csynth_design_size.rpt:2) 
INFO: [HLS 200-1995] There were 2,651 instructions in the design after the 'Performance (step 3)' phase of compilation. See the Design Size Report for more details (/home/serg/Documents/Xilinx/z700_hdmi/HDMI_MIXER/hdmi_mixer.runs/design_1_v_frmbuf_rd_0_0_synth_1/prj/sol/syn/report/csynth_design_size.rpt:2)
Execute         send_msg_by_id INFO @200-1995@%s%s%s 2,651 Performance (step 4) (/home/serg/Documents/Xilinx/z700_hdmi/HDMI_MIXER/hdmi_mixer.runs/design_1_v_frmbuf_rd_0_0_synth_1/prj/sol/syn/report/csynth_design_size.rpt:2) 
INFO: [HLS 200-1995] There were 2,651 instructions in the design after the 'Performance (step 4)' phase of compilation. See the Design Size Report for more details (/home/serg/Documents/Xilinx/z700_hdmi/HDMI_MIXER/hdmi_mixer.runs/design_1_v_frmbuf_rd_0_0_synth_1/prj/sol/syn/report/csynth_design_size.rpt:2)
Execute         send_msg_by_id INFO @200-1995@%s%s%s 2,127 HW Transforms (step 1) (/home/serg/Documents/Xilinx/z700_hdmi/HDMI_MIXER/hdmi_mixer.runs/design_1_v_frmbuf_rd_0_0_synth_1/prj/sol/syn/report/csynth_design_size.rpt:2) 
INFO: [HLS 200-1995] There were 2,127 instructions in the design after the 'HW Transforms (step 1)' phase of compilation. See the Design Size Report for more details (/home/serg/Documents/Xilinx/z700_hdmi/HDMI_MIXER/hdmi_mixer.runs/design_1_v_frmbuf_rd_0_0_synth_1/prj/sol/syn/report/csynth_design_size.rpt:2)
Execute         send_msg_by_id INFO @200-1995@%s%s%s 2,190 HW Transforms (step 2) (/home/serg/Documents/Xilinx/z700_hdmi/HDMI_MIXER/hdmi_mixer.runs/design_1_v_frmbuf_rd_0_0_synth_1/prj/sol/syn/report/csynth_design_size.rpt:2) 
INFO: [HLS 200-1995] There were 2,190 instructions in the design after the 'HW Transforms (step 2)' phase of compilation. See the Design Size Report for more details (/home/serg/Documents/Xilinx/z700_hdmi/HDMI_MIXER/hdmi_mixer.runs/design_1_v_frmbuf_rd_0_0_synth_1/prj/sol/syn/report/csynth_design_size.rpt:2)
INFO: [HLS 214-131] Inlining function 'hls::Scalar<3, ap_uint<8> >::Scalar()' into 'Bytes2MultiPixStream(STREAM_PLANES&, hls::stream<hls::Scalar<3, ap_uint<8> >, 0>&, unsigned short const&, unsigned short const&, unsigned short const&, unsigned short const&)' (prj/sol/.autopilot/db/v_frmbuf_rd.cpp:753:20)
INFO: [HLS 214-131] Inlining function 'hls::Scalar<3, ap_uint<8> >::Scalar()' into 'MultiPixStream2AXIvideo(hls::stream<hls::Scalar<3, ap_uint<8> >, 0>&, hls::stream<hls::axis<ap_uint<24>, 1ul, 1ul, 1ul, (unsigned char)56, false>, 0>&, unsigned short&, unsigned short&, unsigned short&)' (prj/sol/.autopilot/db/v_frmbuf_rd.cpp:311:18)
INFO: [HLS 214-377] Adding 'pix' into disaggregation list because there's array-partition pragma applied on the struct field (hdmi_mixer.gen/sources_1/bd/design_1/ip/design_1_v_frmbuf_rd_0_0/src/hls/hls_video_core.h:198:1)
INFO: [HLS 214-377] Adding 'pix103' into disaggregation list because there's array-partition pragma applied on the struct field (hdmi_mixer.gen/sources_1/bd/design_1/ip/design_1_v_frmbuf_rd_0_0/src/hls/hls_video_core.h:198:1)
INFO: [HLS 214-377] Adding 'pix234' into disaggregation list because there's array-partition pragma applied on the struct field (hdmi_mixer.gen/sources_1/bd/design_1/ip/design_1_v_frmbuf_rd_0_0/src/hls/hls_video_core.h:198:1)
INFO: [HLS 214-377] Adding 'pix369' into disaggregation list because there's array-partition pragma applied on the struct field (hdmi_mixer.gen/sources_1/bd/design_1/ip/design_1_v_frmbuf_rd_0_0/src/hls/hls_video_core.h:198:1)
INFO: [HLS 214-377] Adding 'pix462' into disaggregation list because there's array-partition pragma applied on the struct field (hdmi_mixer.gen/sources_1/bd/design_1/ip/design_1_v_frmbuf_rd_0_0/src/hls/hls_video_core.h:198:1)
INFO: [HLS 214-377] Adding 'pix560' into disaggregation list because there's array-partition pragma applied on the struct field (hdmi_mixer.gen/sources_1/bd/design_1/ip/design_1_v_frmbuf_rd_0_0/src/hls/hls_video_core.h:198:1)
INFO: [HLS 214-377] Adding 'pix739' into disaggregation list because there's array-partition pragma applied on the struct field (hdmi_mixer.gen/sources_1/bd/design_1/ip/design_1_v_frmbuf_rd_0_0/src/hls/hls_video_core.h:198:1)
INFO: [HLS 214-377] Adding 'pix901' into disaggregation list because there's array-partition pragma applied on the struct field (hdmi_mixer.gen/sources_1/bd/design_1/ip/design_1_v_frmbuf_rd_0_0/src/hls/hls_video_core.h:198:1)
INFO: [HLS 214-377] Adding 'pix1016' into disaggregation list because there's array-partition pragma applied on the struct field (hdmi_mixer.gen/sources_1/bd/design_1/ip/design_1_v_frmbuf_rd_0_0/src/hls/hls_video_core.h:198:1)
INFO: [HLS 214-377] Adding 'pix1128' into disaggregation list because there's array-partition pragma applied on the struct field (hdmi_mixer.gen/sources_1/bd/design_1/ip/design_1_v_frmbuf_rd_0_0/src/hls/hls_video_core.h:198:1)
INFO: [HLS 214-377] Adding 'bytePlanes' into disaggregation list because there's stream pragma applied on the struct field (prj/sol/.autopilot/db/v_frmbuf_rd.cpp:105:1)
INFO: [HLS 214-377] Adding 'bytePlanes' into disaggregation list because there's stream pragma applied on the struct field (prj/sol/.autopilot/db/v_frmbuf_rd.cpp:100:1)
INFO: [HLS 214-377] Adding 'bytePlanes' into disaggregation list because there's stream pragma applied on the struct field (prj/sol/.autopilot/db/v_frmbuf_rd.cpp:96:1)
INFO: [HLS 214-210] Disaggregating variable 'pix1128' (prj/sol/.autopilot/db/v_frmbuf_rd.cpp:1769:20)
INFO: [HLS 214-210] Disaggregating variable 'pix1016' (prj/sol/.autopilot/db/v_frmbuf_rd.cpp:1529:20)
INFO: [HLS 214-210] Disaggregating variable 'pix901' (prj/sol/.autopilot/db/v_frmbuf_rd.cpp:1447:20)
INFO: [HLS 214-210] Disaggregating variable 'pix739' (prj/sol/.autopilot/db/v_frmbuf_rd.cpp:1395:20)
INFO: [HLS 214-210] Disaggregating variable 'pix560' (prj/sol/.autopilot/db/v_frmbuf_rd.cpp:1237:20)
INFO: [HLS 214-210] Disaggregating variable 'pix462' (prj/sol/.autopilot/db/v_frmbuf_rd.cpp:1194:20)
INFO: [HLS 214-210] Disaggregating variable 'pix369' (prj/sol/.autopilot/db/v_frmbuf_rd.cpp:1154:20)
INFO: [HLS 214-210] Disaggregating variable 'pix234' (prj/sol/.autopilot/db/v_frmbuf_rd.cpp:951:20)
INFO: [HLS 214-210] Disaggregating variable 'pix103' (prj/sol/.autopilot/db/v_frmbuf_rd.cpp:860:20)
INFO: [HLS 214-210] Disaggregating variable 'pix' (prj/sol/.autopilot/db/v_frmbuf_rd.cpp:753:20)
INFO: [HLS 214-210] Disaggregating variable 'pix' (prj/sol/.autopilot/db/v_frmbuf_rd.cpp:311:18)
INFO: [HLS 214-210] Disaggregating variable 'bytePlanes' (prj/sol/.autopilot/db/v_frmbuf_rd.cpp:95:16)
INFO: [HLS 214-291] Loop 'VITIS_LOOP_403_4' is marked as complete unroll implied by the pipeline pragma (prj/sol/.autopilot/db/v_frmbuf_rd.cpp:403:22)
INFO: [HLS 214-291] Loop 'VITIS_LOOP_405_5' is marked as complete unroll implied by the pipeline pragma (prj/sol/.autopilot/db/v_frmbuf_rd.cpp:405:23)
INFO: [HLS 214-291] Loop 'VITIS_LOOP_762_2' is marked as complete unroll implied by the pipeline pragma (prj/sol/.autopilot/db/v_frmbuf_rd.cpp:762:23)
INFO: [HLS 214-291] Loop 'VITIS_LOOP_764_3' is marked as complete unroll implied by the pipeline pragma (prj/sol/.autopilot/db/v_frmbuf_rd.cpp:764:24)
INFO: [HLS 214-291] Loop 'VITIS_LOOP_876_6' is marked as complete unroll implied by the pipeline pragma (prj/sol/.autopilot/db/v_frmbuf_rd.cpp:876:23)
INFO: [HLS 214-291] Loop 'VITIS_LOOP_878_7' is marked as complete unroll implied by the pipeline pragma (prj/sol/.autopilot/db/v_frmbuf_rd.cpp:878:24)
INFO: [HLS 214-291] Loop 'VITIS_LOOP_966_9' is marked as complete unroll implied by the pipeline pragma (prj/sol/.autopilot/db/v_frmbuf_rd.cpp:966:23)
INFO: [HLS 214-291] Loop 'VITIS_LOOP_968_10' is marked as complete unroll implied by the pipeline pragma (prj/sol/.autopilot/db/v_frmbuf_rd.cpp:968:25)
INFO: [HLS 214-291] Loop 'VITIS_LOOP_1164_12' is marked as complete unroll implied by the pipeline pragma (prj/sol/.autopilot/db/v_frmbuf_rd.cpp:1164:25)
INFO: [HLS 214-291] Loop 'VITIS_LOOP_1166_13' is marked as complete unroll implied by the pipeline pragma (prj/sol/.autopilot/db/v_frmbuf_rd.cpp:1166:26)
INFO: [HLS 214-291] Loop 'VITIS_LOOP_1204_15' is marked as complete unroll implied by the pipeline pragma (prj/sol/.autopilot/db/v_frmbuf_rd.cpp:1204:25)
INFO: [HLS 214-291] Loop 'VITIS_LOOP_1206_16' is marked as complete unroll implied by the pipeline pragma (prj/sol/.autopilot/db/v_frmbuf_rd.cpp:1206:26)
INFO: [HLS 214-291] Loop 'VITIS_LOOP_1254_18' is marked as complete unroll implied by the pipeline pragma (prj/sol/.autopilot/db/v_frmbuf_rd.cpp:1254:25)
INFO: [HLS 214-291] Loop 'VITIS_LOOP_1256_19' is marked as complete unroll implied by the pipeline pragma (prj/sol/.autopilot/db/v_frmbuf_rd.cpp:1256:26)
INFO: [HLS 214-291] Loop 'VITIS_LOOP_1412_21' is marked as complete unroll implied by the pipeline pragma (prj/sol/.autopilot/db/v_frmbuf_rd.cpp:1412:25)
INFO: [HLS 214-291] Loop 'VITIS_LOOP_1414_22' is marked as complete unroll implied by the pipeline pragma (prj/sol/.autopilot/db/v_frmbuf_rd.cpp:1414:26)
INFO: [HLS 214-291] Loop 'VITIS_LOOP_1456_24' is marked as complete unroll implied by the pipeline pragma (prj/sol/.autopilot/db/v_frmbuf_rd.cpp:1456:25)
INFO: [HLS 214-291] Loop 'VITIS_LOOP_1458_25' is marked as complete unroll implied by the pipeline pragma (prj/sol/.autopilot/db/v_frmbuf_rd.cpp:1458:26)
INFO: [HLS 214-291] Loop 'VITIS_LOOP_1539_27' is marked as complete unroll implied by the pipeline pragma (prj/sol/.autopilot/db/v_frmbuf_rd.cpp:1539:25)
INFO: [HLS 214-291] Loop 'VITIS_LOOP_1541_28' is marked as complete unroll implied by the pipeline pragma (prj/sol/.autopilot/db/v_frmbuf_rd.cpp:1541:26)
INFO: [HLS 214-291] Loop 'VITIS_LOOP_1778_30' is marked as complete unroll implied by the pipeline pragma (prj/sol/.autopilot/db/v_frmbuf_rd.cpp:1778:25)
INFO: [HLS 214-291] Loop 'VITIS_LOOP_1780_31' is marked as complete unroll implied by the pipeline pragma (prj/sol/.autopilot/db/v_frmbuf_rd.cpp:1780:26)
INFO: [HLS 214-186] Unrolling loop 'VITIS_LOOP_403_4' (prj/sol/.autopilot/db/v_frmbuf_rd.cpp:403:22) in function 'MultiPixStream2AXIvideo' completely with a factor of 1 (prj/sol/.autopilot/db/v_frmbuf_rd.cpp:310:0)
INFO: [HLS 214-186] Unrolling loop 'VITIS_LOOP_405_5' (prj/sol/.autopilot/db/v_frmbuf_rd.cpp:405:23) in function 'MultiPixStream2AXIvideo' completely with a factor of 3 (prj/sol/.autopilot/db/v_frmbuf_rd.cpp:310:0)
INFO: [HLS 214-186] Unrolling loop 'VITIS_LOOP_762_2' (prj/sol/.autopilot/db/v_frmbuf_rd.cpp:762:23) in function 'Bytes2MultiPixStream' completely with a factor of 8 (prj/sol/.autopilot/db/v_frmbuf_rd.cpp:688:0)
INFO: [HLS 214-186] Unrolling loop 'VITIS_LOOP_764_3' (prj/sol/.autopilot/db/v_frmbuf_rd.cpp:764:24) in function 'Bytes2MultiPixStream' completely with a factor of 1 (prj/sol/.autopilot/db/v_frmbuf_rd.cpp:688:0)
INFO: [HLS 214-186] Unrolling loop 'VITIS_LOOP_876_6' (prj/sol/.autopilot/db/v_frmbuf_rd.cpp:876:23) in function 'Bytes2MultiPixStream' completely with a factor of 8 (prj/sol/.autopilot/db/v_frmbuf_rd.cpp:688:0)
INFO: [HLS 214-186] Unrolling loop 'VITIS_LOOP_878_7' (prj/sol/.autopilot/db/v_frmbuf_rd.cpp:878:24) in function 'Bytes2MultiPixStream' completely with a factor of 1 (prj/sol/.autopilot/db/v_frmbuf_rd.cpp:688:0)
INFO: [HLS 214-186] Unrolling loop 'VITIS_LOOP_966_9' (prj/sol/.autopilot/db/v_frmbuf_rd.cpp:966:23) in function 'Bytes2MultiPixStream' completely with a factor of 8 (prj/sol/.autopilot/db/v_frmbuf_rd.cpp:688:0)
INFO: [HLS 214-186] Unrolling loop 'VITIS_LOOP_968_10' (prj/sol/.autopilot/db/v_frmbuf_rd.cpp:968:25) in function 'Bytes2MultiPixStream' completely with a factor of 1 (prj/sol/.autopilot/db/v_frmbuf_rd.cpp:688:0)
INFO: [HLS 214-186] Unrolling loop 'VITIS_LOOP_1164_12' (prj/sol/.autopilot/db/v_frmbuf_rd.cpp:1164:25) in function 'Bytes2MultiPixStream' completely with a factor of 4 (prj/sol/.autopilot/db/v_frmbuf_rd.cpp:688:0)
INFO: [HLS 214-186] Unrolling loop 'VITIS_LOOP_1166_13' (prj/sol/.autopilot/db/v_frmbuf_rd.cpp:1166:26) in function 'Bytes2MultiPixStream' completely with a factor of 1 (prj/sol/.autopilot/db/v_frmbuf_rd.cpp:688:0)
INFO: [HLS 214-186] Unrolling loop 'VITIS_LOOP_1204_15' (prj/sol/.autopilot/db/v_frmbuf_rd.cpp:1204:25) in function 'Bytes2MultiPixStream' completely with a factor of 4 (prj/sol/.autopilot/db/v_frmbuf_rd.cpp:688:0)
INFO: [HLS 214-186] Unrolling loop 'VITIS_LOOP_1206_16' (prj/sol/.autopilot/db/v_frmbuf_rd.cpp:1206:26) in function 'Bytes2MultiPixStream' completely with a factor of 1 (prj/sol/.autopilot/db/v_frmbuf_rd.cpp:688:0)
INFO: [HLS 214-186] Unrolling loop 'VITIS_LOOP_1254_18' (prj/sol/.autopilot/db/v_frmbuf_rd.cpp:1254:25) in function 'Bytes2MultiPixStream' completely with a factor of 8 (prj/sol/.autopilot/db/v_frmbuf_rd.cpp:688:0)
INFO: [HLS 214-186] Unrolling loop 'VITIS_LOOP_1256_19' (prj/sol/.autopilot/db/v_frmbuf_rd.cpp:1256:26) in function 'Bytes2MultiPixStream' completely with a factor of 1 (prj/sol/.autopilot/db/v_frmbuf_rd.cpp:688:0)
INFO: [HLS 214-186] Unrolling loop 'VITIS_LOOP_1412_21' (prj/sol/.autopilot/db/v_frmbuf_rd.cpp:1412:25) in function 'Bytes2MultiPixStream' completely with a factor of 8 (prj/sol/.autopilot/db/v_frmbuf_rd.cpp:688:0)
INFO: [HLS 214-186] Unrolling loop 'VITIS_LOOP_1414_22' (prj/sol/.autopilot/db/v_frmbuf_rd.cpp:1414:26) in function 'Bytes2MultiPixStream' completely with a factor of 1 (prj/sol/.autopilot/db/v_frmbuf_rd.cpp:688:0)
INFO: [HLS 214-186] Unrolling loop 'VITIS_LOOP_1456_24' (prj/sol/.autopilot/db/v_frmbuf_rd.cpp:1456:25) in function 'Bytes2MultiPixStream' completely with a factor of 2 (prj/sol/.autopilot/db/v_frmbuf_rd.cpp:688:0)
INFO: [HLS 214-186] Unrolling loop 'VITIS_LOOP_1458_25' (prj/sol/.autopilot/db/v_frmbuf_rd.cpp:1458:26) in function 'Bytes2MultiPixStream' completely with a factor of 1 (prj/sol/.autopilot/db/v_frmbuf_rd.cpp:688:0)
INFO: [HLS 214-186] Unrolling loop 'VITIS_LOOP_1539_27' (prj/sol/.autopilot/db/v_frmbuf_rd.cpp:1539:25) in function 'Bytes2MultiPixStream' completely with a factor of 8 (prj/sol/.autopilot/db/v_frmbuf_rd.cpp:688:0)
INFO: [HLS 214-186] Unrolling loop 'VITIS_LOOP_1541_28' (prj/sol/.autopilot/db/v_frmbuf_rd.cpp:1541:26) in function 'Bytes2MultiPixStream' completely with a factor of 1 (prj/sol/.autopilot/db/v_frmbuf_rd.cpp:688:0)
INFO: [HLS 214-186] Unrolling loop 'VITIS_LOOP_1778_30' (prj/sol/.autopilot/db/v_frmbuf_rd.cpp:1778:25) in function 'Bytes2MultiPixStream' completely with a factor of 2 (prj/sol/.autopilot/db/v_frmbuf_rd.cpp:688:0)
INFO: [HLS 214-186] Unrolling loop 'VITIS_LOOP_1780_31' (prj/sol/.autopilot/db/v_frmbuf_rd.cpp:1780:26) in function 'Bytes2MultiPixStream' completely with a factor of 1 (prj/sol/.autopilot/db/v_frmbuf_rd.cpp:688:0)
WARNING: [HLS 214-464] Skipping array undecay on variable length array 'HwReg_frm_buffer'. (prj/sol/.autopilot/db/v_frmbuf_rd.cpp:84:0)
WARNING: [HLS 214-464] Skipping array undecay on variable length array 'HwReg_frm_buffer2'. (prj/sol/.autopilot/db/v_frmbuf_rd.cpp:84:0)
WARNING: [HLS 214-464] Skipping array undecay on variable length array 'HwReg_frm_buffer3'. (prj/sol/.autopilot/db/v_frmbuf_rd.cpp:84:0)
INFO: [HLS 214-248] Applying array_partition to 'pix103': Complete partitioning on dimension 1. (prj/sol/.autopilot/db/v_frmbuf_rd.cpp:860:20)
INFO: [HLS 214-248] Applying array_partition to 'pix234': Complete partitioning on dimension 1. (prj/sol/.autopilot/db/v_frmbuf_rd.cpp:951:20)
INFO: [HLS 214-248] Applying array_partition to 'pix369': Complete partitioning on dimension 1. (prj/sol/.autopilot/db/v_frmbuf_rd.cpp:1154:20)
INFO: [HLS 214-248] Applying array_partition to 'pix462': Complete partitioning on dimension 1. (prj/sol/.autopilot/db/v_frmbuf_rd.cpp:1194:20)
INFO: [HLS 214-248] Applying array_partition to 'pix': Complete partitioning on dimension 1. (prj/sol/.autopilot/db/v_frmbuf_rd.cpp:311:18)
INFO: [HLS 214-248] Applying array_partition to 'map': Complete partitioning on dimension 1. (prj/sol/.autopilot/db/v_frmbuf_rd.cpp:365:13)
WARNING: [HLS 214-358] Array transformation on index using bit extension logic may lead to poor performance. Please use int or long for array index computation to benefit from optimizations. (prj/sol/.autopilot/db/v_frmbuf_rd.cpp:407:17)
INFO: [HLS 214-241] Aggregating fifo (hls::stream) variable 'img' with compact=bit mode in 24-bits (prj/sol/.autopilot/db/v_frmbuf_rd.cpp:90:18)
INFO: [HLS 214-376] Pipelining loop< VITIS_LOOP_367_1> at prj/sol/.autopilot/db/v_frmbuf_rd.cpp:367:20 due to pipeline_loops threshold
INFO: [HLS 214-115] Multiple burst reads of variable length and bit width 64 in loop 'VITIS_LOOP_591_1'(prj/sol/.autopilot/db/v_frmbuf_rd.cpp:591:22) has been inferred on bundle 'mm_video'. These burst requests might be further partitioned into multiple requests during RTL generation, based on max_read_burst_length or max_write_burst_length settings. (prj/sol/.autopilot/db/v_frmbuf_rd.cpp:591:22)
INFO: [HLS 214-115] Multiple burst reads of variable length and bit width 64 in loop 'VITIS_LOOP_597_2'(prj/sol/.autopilot/db/v_frmbuf_rd.cpp:597:22) has been inferred on bundle 'mm_video'. These burst requests might be further partitioned into multiple requests during RTL generation, based on max_read_burst_length or max_write_burst_length settings. (prj/sol/.autopilot/db/v_frmbuf_rd.cpp:597:22)
INFO: [HLS 214-115] Multiple burst reads of variable length and bit width 64 in loop 'VITIS_LOOP_603_3'(prj/sol/.autopilot/db/v_frmbuf_rd.cpp:603:22) has been inferred on bundle 'mm_video'. These burst requests might be further partitioned into multiple requests during RTL generation, based on max_read_burst_length or max_write_burst_length settings. (prj/sol/.autopilot/db/v_frmbuf_rd.cpp:603:22)
INFO: [HLS 214-115] Multiple burst reads of variable length and bit width 64 in loop 'VITIS_LOOP_625_4'(prj/sol/.autopilot/db/v_frmbuf_rd.cpp:625:22) has been inferred on bundle 'mm_video'. These burst requests might be further partitioned into multiple requests during RTL generation, based on max_read_burst_length or max_write_burst_length settings. (prj/sol/.autopilot/db/v_frmbuf_rd.cpp:625:22)
INFO: [HLS 214-115] Multiple burst reads of variable length and bit width 64 in loop 'VITIS_LOOP_634_5'(prj/sol/.autopilot/db/v_frmbuf_rd.cpp:634:23) has been inferred on bundle 'mm_video'. These burst requests might be further partitioned into multiple requests during RTL generation, based on max_read_burst_length or max_write_burst_length settings. (prj/sol/.autopilot/db/v_frmbuf_rd.cpp:634:23)
INFO: [HLS 214-115] Multiple burst reads of variable length and bit width 64 in loop 'VITIS_LOOP_640_6'(prj/sol/.autopilot/db/v_frmbuf_rd.cpp:640:23) has been inferred on bundle 'mm_video'. These burst requests might be further partitioned into multiple requests during RTL generation, based on max_read_burst_length or max_write_burst_length settings. (prj/sol/.autopilot/db/v_frmbuf_rd.cpp:640:23)
INFO: [HLS 214-115] Multiple burst reads of variable length and bit width 64 in loop 'VITIS_LOOP_660_7'(prj/sol/.autopilot/db/v_frmbuf_rd.cpp:660:22) has been inferred on bundle 'mm_video'. These burst requests might be further partitioned into multiple requests during RTL generation, based on max_read_burst_length or max_write_burst_length settings. (prj/sol/.autopilot/db/v_frmbuf_rd.cpp:660:22)
INFO: [HLS 214-115] Multiple burst reads of variable length and bit width 64 in loop 'VITIS_LOOP_670_8'(prj/sol/.autopilot/db/v_frmbuf_rd.cpp:670:23) has been inferred on bundle 'mm_video'. These burst requests might be further partitioned into multiple requests during RTL generation, based on max_read_burst_length or max_write_burst_length settings. (prj/sol/.autopilot/db/v_frmbuf_rd.cpp:670:23)
INFO-FLOW: run_clang result=success num-err-msgs=0 num-stderr-lines=280
INFO-FLOW: DBG:PUTS: copy_raw_kernel_xml ap_link_39: kernel.xml not generated: /home/serg/Documents/Xilinx/z700_hdmi/HDMI_MIXER/hdmi_mixer.runs/design_1_v_frmbuf_rd_0_0_synth_1/prj/sol/.autopilot/db/kernel.internal.xml
INFO: [HLS 200-111] Finished Compiling Optimization and Transform: CPU user time: 3.34 seconds. CPU system time: 0.32 seconds. Elapsed time: 7.73 seconds; current allocated memory: 271.816 MB.
INFO: [HLS 200-111] Finished Checking Pragmas: CPU user time: 0 seconds. CPU system time: 0 seconds. Elapsed time: 0 seconds; current allocated memory: 271.816 MB.
Execute         opt_and_import_c a -opt_level=2 -skip_syncheck=0 -ng=0 -keep_printf=0 
Execute           cleanup_all_models 
INFO: [HLS 200-10] Starting code transformations ...
INFO-FLOW: Running Standard Transforms...
Execute           transform -hls -share-std-xform -demangle-name -inline-byval-memcpy -always-inline -promote-dbg-pointer -interface-preproc -mem2reg -reassociate -gvn -reassociate -scalarrepl -mem2reg -keep-read-access -instcombine -dce -promote-dbg-pointer -bitop-raise -loop-simplify -indvarspre -indvars -loop-simplify -constprop -instcombine -simplifycfg -indvars -simplifycfg -dce -globaldce -basicaa -simplifycfg -mem2reg -globalopt -global-constprop -deadargelim -instcombine -simplifycfg -scalarrepl -instcombine -reassociate -licm -simplifycfg -loop-simplify -indvars -instcombine -simplifycfg -mem2reg -loop-simplify -indvars -instcombine -gvn -gvn -instcombine -adce -break-crit-edges -simplifycfg -loop-delete -global-array-opt -dce -dse -adce -find-syn-modules -top v_frmbuf_rd -deadargelim -mem2reg -instcombine -dce -presyn-prepare -interface-preproc -syn-check -check-rec-only -find-region -simplifycfg -func-extr -function-inline -globaldce -mem2reg -instcombine -dce -gvn -globaldce -adce -adse -constprop -instcombine -bit-constprop -instcombine -dce -simplifycfg -bitop-raise -simplifycfg -dce -loop-delete -reassociate -globalopt -global-privatize -mem2reg -dce -global-constprop -pointer-simplify -constprop -dce -promote-dbg-pointer -norm-name /home/serg/Documents/Xilinx/z700_hdmi/HDMI_MIXER/hdmi_mixer.runs/design_1_v_frmbuf_rd_0_0_synth_1/prj/sol/.autopilot/db/a.g.0.bc -o /home/serg/Documents/Xilinx/z700_hdmi/HDMI_MIXER/hdmi_mixer.runs/design_1_v_frmbuf_rd_0_0_synth_1/prj/sol/.autopilot/db/a.g.1.bc -f -phase std-opt 
INFO: [HLS 200-111] Finished Standard Transforms: CPU user time: 0.06 seconds. CPU system time: 0 seconds. Elapsed time: 0.06 seconds; current allocated memory: 271.816 MB.
INFO: [HLS 200-10] Checking synthesizability ...
INFO-FLOW: Checking Synthesizability 1/2..
Execute           transform -hls -syn-check -check-rec-only -scalarrepl -norm-name -dce -mem2reg -instcombine -directive-preproc -mem2reg -dse -dce -dce -pag -array-normalize -instcombine -dce -array-seg-normalize -instcombine -dce -data-pack -instcombine -dce -inst-simplify -array-flatten -instcombine -dce -array-burst -dce -deadargelim -promote-global-argument -simplifycfg -mem2reg -globaldce -dce -deadargelim -dce -instcombine -function-inline -globaldce -dce -doublePtrSimplify -doublePtrElim -dce -doublePtrSimplify -promote-dbg-pointer -dce -scalarrepl -dse -adse -instcombine -ptrLegalization -simplifycfg -dce -instcombine -pointer-simplify -ptrArgReplace -dce -instcombine -resolve-double-ptr -scalarrepl -norm-name -dce -mem2reg -instcombine -ptrLegalization -simplifycfg -deadargelim -instcombine -dce -inst-simplify -directive-preproc -mem2reg -dse -dce -globaldce /home/serg/Documents/Xilinx/z700_hdmi/HDMI_MIXER/hdmi_mixer.runs/design_1_v_frmbuf_rd_0_0_synth_1/prj/sol/.autopilot/db/a.g.1.bc -o /home/serg/Documents/Xilinx/z700_hdmi/HDMI_MIXER/hdmi_mixer.runs/design_1_v_frmbuf_rd_0_0_synth_1/prj/sol/.autopilot/db/a.g.2.prechk.bc -f 
INFO-FLOW: Checking Synthesizability 2/2..
Execute           transform -syn-check /home/serg/Documents/Xilinx/z700_hdmi/HDMI_MIXER/hdmi_mixer.runs/design_1_v_frmbuf_rd_0_0_synth_1/prj/sol/.autopilot/db/a.g.2.prechk.bc -o /home/serg/Documents/Xilinx/z700_hdmi/HDMI_MIXER/hdmi_mixer.runs/design_1_v_frmbuf_rd_0_0_synth_1/prj/sol/.autopilot/db/a.g.2.bc -f -phase syn-check 
WARNING: [SYNCHK 200-23] prj/sol/.autopilot/db/v_frmbuf_rd.cpp:891: variable-indexed range selection may cause suboptimal QoR.
INFO: [SYNCHK 200-10] 0 error(s), 1 warning(s).
INFO: [HLS 200-111] Finished Checking Synthesizability: CPU user time: 0.08 seconds. CPU system time: 0 seconds. Elapsed time: 0.08 seconds; current allocated memory: 271.816 MB.
INFO-FLOW: Compiler optimizing ...
INFO-FLOW: Share syncheck's 1.bc for syn flow: copy /home/serg/Documents/Xilinx/z700_hdmi/HDMI_MIXER/hdmi_mixer.runs/design_1_v_frmbuf_rd_0_0_synth_1/prj/sol/.autopilot/db/a.g.1.bc to /home/serg/Documents/Xilinx/z700_hdmi/HDMI_MIXER/hdmi_mixer.runs/design_1_v_frmbuf_rd_0_0_synth_1/prj/sol/.autopilot/db/a.o.1.bc
INFO-FLOW: Presyn 1...
Execute           transform -hls -tmp /home/serg/Documents/Xilinx/z700_hdmi/HDMI_MIXER/hdmi_mixer.runs/design_1_v_frmbuf_rd_0_0_synth_1/prj/sol/.autopilot/db -interface-port-rename -directive-preproc -mem2reg -dse -dce -scalarrepl -norm-name -deadargelim -dce -hls-dead-arg-elim -deadargelim -mem2reg -instcombine -dce -simplifycfg -dce -resource-proc -clib-intrinsic-prepare -dce -func-buffer -dce -pag -array-normalize -func-legal -instcombine -gvn -constprop -dce -simplifycfg -mem2reg -globaldce -resolve-double-ptr -dce -deadargelim -dce -instcombine -ptrArgReplace -mem2reg -dce -array-seg-normalize -deadargelim -instcombine -dce -directive-preproc -mem2reg -dse -dce -pointer-simplify -dce -dce -interface-preproc -data-pack -instcombine -dce -basicaa -aggr-aa -aggrmodref-aa -aggr-aa -gvn -gvn -basicaa -aggr-aa -aggrmodref-aa -aggr-aa -dse -adse -adce -loop-simplify -indvars -instcombine -gvn -loop-simplify -mem2reg -dce -find-region -instcombine -inst-simplify -interface-preproc -cfgopt -instcombine -indvars -loop-simplify -loop-bound -constprop -instcombine -simplifycfg -indvars -simplifycfg -dce -globaldce -clean-region -attach-range -gvn -inst-simplify -constprop -simplifycfg -dce -pointer-simplify -dce -globalopt -constprop -dce -ptrArgReplace -mem2reg -simplifycfg -dce -instcombine -dce -array-transform-check -array-reshape -instcombine -simplifycfg -dce -ptrArgReplace -deadargelim -mem2reg -instcombine -simplifycfg -dce -indvars -loop-simplify -loop-bound -constprop -instcombine -simplifycfg -indvars -simplifycfg -dce -globaldce -basicaa -aggr-aa -aggrmodref-aa -aggr-aa -dse -duplicate-dataflow-processes -globaldce -instcombine -array-partition -prepare-dynamic-array-partition -instcombine -simplifycfg -dce -ptrArgReplace -global-constprop -deadargelim -mem2reg -func-legal -dce -global-constprop -deadargelim -mem2reg -simplifycfg -dce -merge-param -deadargelim -globalopt -constprop -dce -ptrArgReplace -mem2reg -simplifycfg -dce -mem-intrinsic-preproc -dce -global-internalize -global-privatize -mem2reg -globaldce -lcssa -loop-simplify -phi-select-elim -promote-global-argument -ptrArgReplace -mem2reg -dce -globalopt -mergereturn -simplify-global-access -mem2reg -dce -pointer-simplify -dce -basicaa -aggr-aa -aggrmodref-aa -aggr-aa -functionattrs -basicaa -aggr-aa -aggrmodref-aa -aggr-aa -gvn -gvn -basicaa -aggr-aa -aggrmodref-aa -aggr-aa -dse -adse -adce -dce -norm-name -basicaa -aggr-aa -aggrmodref-aa -aggr-aa -accesses-merge -function-inline -complex-op-raise -inst-simplify -globaldce -func-legal -dce -loop-bound -arraycheck -bitwidthmin2 -bitwidthmin2 -on-by-dataflow -loop-delete -instcombine -simplifycfg -globaldce -dce -gvn -deadargelim -dce -loop-simplify -clean-region -simplifycfg -propagate-stable-arguments -instcombine -simplifycfg -dce -globaldce -duplicate-dataflow-processes -stream-intrinsic-preproc -dce -check-ap-stream -loop-simplify -eliminate-keepreads -extract-dataflow-in-loop -loop-simplify -dce -gvn -deadargelim -dse -duplicate-dataflow-processes -check-dataflow-syntax -legalize-stream-variable -globaldce -extract-subproc -global-constprop -deadargelim -globaldce -legalize-global -dce -dead-channel-elimination -canonicalize-gep -globaldce -dce -gvn -hls-dead-arg-elim -deadargelim -canonicalize-dataflow -directive-preproc -dce -globaldce -scalar-preprocessing -scalar-propagation2 -scalar-stream -deadargelim -globaldce -mem2reg -check-dataflow-channels -function-stream -dce -globaldce -prop-fifo-spec -internal-stream-gen -canonicalize-gep -globaldce -dce -gvn -deadargelim -mergereturn -indvars -loop-simplify -instcombine -array-stream -array-seg-normalize -array-partition -clean-array-spec -func-legal -instcombine -simplifycfg -dce -bundle-memfifo-ops -deadargelim -directive-preproc -mem2reg -dse -dce -group-axi-access -licm -simplifycfg -dce -loop-delete -hls-display -norm-name /home/serg/Documents/Xilinx/z700_hdmi/HDMI_MIXER/hdmi_mixer.runs/design_1_v_frmbuf_rd_0_0_synth_1/prj/sol/.autopilot/db/a.o.1.bc -o /home/serg/Documents/Xilinx/z700_hdmi/HDMI_MIXER/hdmi_mixer.runs/design_1_v_frmbuf_rd_0_0_synth_1/prj/sol/.autopilot/db/a.o.1.tmp.bc -f 
WARNING: [XFORM 203-561] Updating loop upper bound from 65535 to 1920 for loop 'VITIS_LOOP_376_3' (prj/sol/.autopilot/db/v_frmbuf_rd.cpp:372:7) in function 'MultiPixStream2AXIvideo'.
WARNING: [XFORM 203-561] Ignored invalid trip count directive (MAX (= 1920) < AVE (= 32767)) for loop 'VITIS_LOOP_376_3' (prj/sol/.autopilot/db/v_frmbuf_rd.cpp:372:7) in function 'MultiPixStream2AXIvideo'.
WARNING: [XFORM 203-561] Updating loop upper bound from 65535 to 1080 for loop 'VITIS_LOOP_374_2' (prj/sol/.autopilot/db/v_frmbuf_rd.cpp:372:7) in function 'MultiPixStream2AXIvideo'.
WARNING: [XFORM 203-561] Ignored invalid trip count directive (MAX (= 1080) < AVE (= 32767)) for loop 'VITIS_LOOP_374_2' (prj/sol/.autopilot/db/v_frmbuf_rd.cpp:372:7) in function 'MultiPixStream2AXIvideo'.
WARNING: [XFORM 203-561] Updating loop upper bound from 8192 to 1440 for loop 'VITIS_LOOP_755_1' (prj/sol/.autopilot/db/v_frmbuf_rd.cpp:755:31) in function 'Bytes2MultiPixStream'.
WARNING: [XFORM 203-561] Ignored invalid trip count directive (MAX (= 1440) < AVE (= 4096)) for loop 'VITIS_LOOP_755_1' (prj/sol/.autopilot/db/v_frmbuf_rd.cpp:755:31) in function 'Bytes2MultiPixStream'.
WARNING: [XFORM 203-561] Updating loop upper bound from 4320 to 1080 for loop 'loop_Bytes2MulPxStrm_Y_U_V8' (prj/sol/.autopilot/db/v_frmbuf_rd.cpp:752:1) in function 'Bytes2MultiPixStream'.
WARNING: [XFORM 203-561] Updating loop lower bound from 0 to 64 for loop 'loop_Bytes2MulPxStrm_Y_U_V8' (prj/sol/.autopilot/db/v_frmbuf_rd.cpp:752:1) in function 'Bytes2MultiPixStream'.
WARNING: [XFORM 203-561] Ignored invalid trip count directive (MAX (= 1080) < AVE (= 2160)) for loop 'loop_Bytes2MulPxStrm_Y_U_V8' (prj/sol/.autopilot/db/v_frmbuf_rd.cpp:752:1) in function 'Bytes2MultiPixStream'.
WARNING: [XFORM 203-561] Updating loop upper bound from 8192 to 1440 for loop 'VITIS_LOOP_862_5' (prj/sol/.autopilot/db/v_frmbuf_rd.cpp:856:21) in function 'Bytes2MultiPixStream'.
WARNING: [XFORM 203-561] Ignored invalid trip count directive (MAX (= 1440) < AVE (= 4096)) for loop 'VITIS_LOOP_862_5' (prj/sol/.autopilot/db/v_frmbuf_rd.cpp:856:21) in function 'Bytes2MultiPixStream'.
WARNING: [XFORM 203-561] Updating loop upper bound from 4320 to 1080 for loop 'VITIS_LOOP_857_4' (prj/sol/.autopilot/db/v_frmbuf_rd.cpp:859:1) in function 'Bytes2MultiPixStream'.
WARNING: [XFORM 203-561] Updating loop lower bound from 0 to 64 for loop 'VITIS_LOOP_857_4' (prj/sol/.autopilot/db/v_frmbuf_rd.cpp:859:1) in function 'Bytes2MultiPixStream'.
WARNING: [XFORM 203-561] Ignored invalid trip count directive (MAX (= 1080) < AVE (= 2160)) for loop 'VITIS_LOOP_857_4' (prj/sol/.autopilot/db/v_frmbuf_rd.cpp:859:1) in function 'Bytes2MultiPixStream'.
WARNING: [XFORM 203-561] Updating loop upper bound from 8192 to 1440 for loop 'VITIS_LOOP_954_8' (prj/sol/.autopilot/db/v_frmbuf_rd.cpp:954:31) in function 'Bytes2MultiPixStream'.
WARNING: [XFORM 203-561] Ignored invalid trip count directive (MAX (= 1440) < AVE (= 4096)) for loop 'VITIS_LOOP_954_8' (prj/sol/.autopilot/db/v_frmbuf_rd.cpp:954:31) in function 'Bytes2MultiPixStream'.
WARNING: [XFORM 203-561] Updating loop upper bound from 4320 to 1080 for loop 'loop_Y_UV8_Y_UV8_420' (prj/sol/.autopilot/db/v_frmbuf_rd.cpp:949:1) in function 'Bytes2MultiPixStream'.
WARNING: [XFORM 203-561] Updating loop lower bound from 0 to 64 for loop 'loop_Y_UV8_Y_UV8_420' (prj/sol/.autopilot/db/v_frmbuf_rd.cpp:949:1) in function 'Bytes2MultiPixStream'.
WARNING: [XFORM 203-561] Ignored invalid trip count directive (MAX (= 1080) < AVE (= 2160)) for loop 'loop_Y_UV8_Y_UV8_420' (prj/sol/.autopilot/db/v_frmbuf_rd.cpp:949:1) in function 'Bytes2MultiPixStream'.
WARNING: [XFORM 203-561] Updating loop upper bound from 8192 to 1440 for loop 'VITIS_LOOP_1157_11' (prj/sol/.autopilot/db/v_frmbuf_rd.cpp:1157:33) in function 'Bytes2MultiPixStream'.
WARNING: [XFORM 203-561] Ignored invalid trip count directive (MAX (= 1440) < AVE (= 4096)) for loop 'VITIS_LOOP_1157_11' (prj/sol/.autopilot/db/v_frmbuf_rd.cpp:1157:33) in function 'Bytes2MultiPixStream'.
WARNING: [XFORM 203-561] Updating loop upper bound from 4320 to 1080 for loop 'loop_YUYV8' (prj/sol/.autopilot/db/v_frmbuf_rd.cpp:1152:1) in function 'Bytes2MultiPixStream'.
WARNING: [XFORM 203-561] Updating loop lower bound from 0 to 64 for loop 'loop_YUYV8' (prj/sol/.autopilot/db/v_frmbuf_rd.cpp:1152:1) in function 'Bytes2MultiPixStream'.
WARNING: [XFORM 203-561] Ignored invalid trip count directive (MAX (= 1080) < AVE (= 2160)) for loop 'loop_YUYV8' (prj/sol/.autopilot/db/v_frmbuf_rd.cpp:1152:1) in function 'Bytes2MultiPixStream'.
WARNING: [XFORM 203-561] Updating loop upper bound from 8192 to 1440 for loop 'VITIS_LOOP_1197_14' (prj/sol/.autopilot/db/v_frmbuf_rd.cpp:1197:33) in function 'Bytes2MultiPixStream'.
WARNING: [XFORM 203-561] Ignored invalid trip count directive (MAX (= 1440) < AVE (= 4096)) for loop 'VITIS_LOOP_1197_14' (prj/sol/.autopilot/db/v_frmbuf_rd.cpp:1197:33) in function 'Bytes2MultiPixStream'.
WARNING: [XFORM 203-561] Updating loop upper bound from 4320 to 1080 for loop 'loop_UYVY8' (prj/sol/.autopilot/db/v_frmbuf_rd.cpp:1192:1) in function 'Bytes2MultiPixStream'.
WARNING: [XFORM 203-561] Updating loop lower bound from 0 to 64 for loop 'loop_UYVY8' (prj/sol/.autopilot/db/v_frmbuf_rd.cpp:1192:1) in function 'Bytes2MultiPixStream'.
WARNING: [XFORM 203-561] Ignored invalid trip count directive (MAX (= 1080) < AVE (= 2160)) for loop 'loop_UYVY8' (prj/sol/.autopilot/db/v_frmbuf_rd.cpp:1192:1) in function 'Bytes2MultiPixStream'.
WARNING: [XFORM 203-561] Updating loop upper bound from 2731 to 480 for loop 'VITIS_LOOP_1240_17' (prj/sol/.autopilot/db/v_frmbuf_rd.cpp:1236:21) in function 'Bytes2MultiPixStream'.
WARNING: [XFORM 203-561] Ignored invalid trip count directive (MAX (= 480) < AVE (= 1365)) for loop 'VITIS_LOOP_1240_17' (prj/sol/.autopilot/db/v_frmbuf_rd.cpp:1236:21) in function 'Bytes2MultiPixStream'.
WARNING: [XFORM 203-561] Updating loop upper bound from 4320 to 1080 for loop 'loop_RGB8_YUV8' (prj/sol/.autopilot/db/v_frmbuf_rd.cpp:1234:1) in function 'Bytes2MultiPixStream'.
WARNING: [XFORM 203-561] Updating loop lower bound from 0 to 64 for loop 'loop_RGB8_YUV8' (prj/sol/.autopilot/db/v_frmbuf_rd.cpp:1234:1) in function 'Bytes2MultiPixStream'.
WARNING: [XFORM 203-561] Ignored invalid trip count directive (MAX (= 1080) < AVE (= 2160)) for loop 'loop_RGB8_YUV8' (prj/sol/.autopilot/db/v_frmbuf_rd.cpp:1234:1) in function 'Bytes2MultiPixStream'.
WARNING: [XFORM 203-561] Updating loop upper bound from 2731 to 480 for loop 'VITIS_LOOP_1398_20' (prj/sol/.autopilot/db/v_frmbuf_rd.cpp:1394:21) in function 'Bytes2MultiPixStream'.
WARNING: [XFORM 203-561] Ignored invalid trip count directive (MAX (= 480) < AVE (= 1365)) for loop 'VITIS_LOOP_1398_20' (prj/sol/.autopilot/db/v_frmbuf_rd.cpp:1394:21) in function 'Bytes2MultiPixStream'.
WARNING: [XFORM 203-561] Updating loop upper bound from 4320 to 1080 for loop 'loop_BGR8' (prj/sol/.autopilot/db/v_frmbuf_rd.cpp:1392:1) in function 'Bytes2MultiPixStream'.
WARNING: [XFORM 203-561] Updating loop lower bound from 0 to 64 for loop 'loop_BGR8' (prj/sol/.autopilot/db/v_frmbuf_rd.cpp:1392:1) in function 'Bytes2MultiPixStream'.
WARNING: [XFORM 203-561] Ignored invalid trip count directive (MAX (= 1080) < AVE (= 2160)) for loop 'loop_BGR8' (prj/sol/.autopilot/db/v_frmbuf_rd.cpp:1392:1) in function 'Bytes2MultiPixStream'.
WARNING: [XFORM 203-561] Updating loop upper bound from 8192 to 1440 for loop 'VITIS_LOOP_1450_23' (prj/sol/.autopilot/db/v_frmbuf_rd.cpp:1450:33) in function 'Bytes2MultiPixStream'.
WARNING: [XFORM 203-561] Ignored invalid trip count directive (MAX (= 1440) < AVE (= 4096)) for loop 'VITIS_LOOP_1450_23' (prj/sol/.autopilot/db/v_frmbuf_rd.cpp:1450:33) in function 'Bytes2MultiPixStream'.
WARNING: [XFORM 203-561] Updating loop upper bound from 4320 to 1080 for loop 'loop_RGBX8_YUVX8' (prj/sol/.autopilot/db/v_frmbuf_rd.cpp:1445:1) in function 'Bytes2MultiPixStream'.
WARNING: [XFORM 203-561] Updating loop lower bound from 0 to 64 for loop 'loop_RGBX8_YUVX8' (prj/sol/.autopilot/db/v_frmbuf_rd.cpp:1445:1) in function 'Bytes2MultiPixStream'.
WARNING: [XFORM 203-561] Ignored invalid trip count directive (MAX (= 1080) < AVE (= 2160)) for loop 'loop_RGBX8_YUVX8' (prj/sol/.autopilot/db/v_frmbuf_rd.cpp:1445:1) in function 'Bytes2MultiPixStream'.
WARNING: [XFORM 203-561] Updating loop upper bound from 8192 to 1440 for loop 'VITIS_LOOP_1532_26' (prj/sol/.autopilot/db/v_frmbuf_rd.cpp:1532:33) in function 'Bytes2MultiPixStream'.
WARNING: [XFORM 203-561] Ignored invalid trip count directive (MAX (= 1440) < AVE (= 4096)) for loop 'VITIS_LOOP_1532_26' (prj/sol/.autopilot/db/v_frmbuf_rd.cpp:1532:33) in function 'Bytes2MultiPixStream'.
WARNING: [XFORM 203-561] Updating loop upper bound from 4320 to 1080 for loop 'loop_Y8' (prj/sol/.autopilot/db/v_frmbuf_rd.cpp:1527:1) in function 'Bytes2MultiPixStream'.
WARNING: [XFORM 203-561] Updating loop lower bound from 0 to 64 for loop 'loop_Y8' (prj/sol/.autopilot/db/v_frmbuf_rd.cpp:1527:1) in function 'Bytes2MultiPixStream'.
WARNING: [XFORM 203-561] Ignored invalid trip count directive (MAX (= 1080) < AVE (= 2160)) for loop 'loop_Y8' (prj/sol/.autopilot/db/v_frmbuf_rd.cpp:1527:1) in function 'Bytes2MultiPixStream'.
WARNING: [XFORM 203-561] Updating loop upper bound from 8192 to 1440 for loop 'VITIS_LOOP_1772_29' (prj/sol/.autopilot/db/v_frmbuf_rd.cpp:1772:33) in function 'Bytes2MultiPixStream'.
WARNING: [XFORM 203-561] Ignored invalid trip count directive (MAX (= 1440) < AVE (= 4096)) for loop 'VITIS_LOOP_1772_29' (prj/sol/.autopilot/db/v_frmbuf_rd.cpp:1772:33) in function 'Bytes2MultiPixStream'.
WARNING: [XFORM 203-561] Updating loop upper bound from 4320 to 1080 for loop 'loop_BGRX8' (prj/sol/.autopilot/db/v_frmbuf_rd.cpp:1767:1) in function 'Bytes2MultiPixStream'.
WARNING: [XFORM 203-561] Updating loop lower bound from 0 to 64 for loop 'loop_BGRX8' (prj/sol/.autopilot/db/v_frmbuf_rd.cpp:1767:1) in function 'Bytes2MultiPixStream'.
WARNING: [XFORM 203-561] Ignored invalid trip count directive (MAX (= 1080) < AVE (= 2160)) for loop 'loop_BGRX8' (prj/sol/.autopilot/db/v_frmbuf_rd.cpp:1767:1) in function 'Bytes2MultiPixStream'.
WARNING: [XFORM 203-561] Updating loop upper bound from 8192 to 1440 for loop 'VITIS_LOOP_591_1' (prj/sol/.autopilot/db/v_frmbuf_rd.cpp:591:31) in function 'AXIMMvideo2Bytes'.
WARNING: [XFORM 203-561] Updating loop lower bound from 0 to 1 for loop 'VITIS_LOOP_591_1' (prj/sol/.autopilot/db/v_frmbuf_rd.cpp:591:31) in function 'AXIMMvideo2Bytes'.
WARNING: [XFORM 203-561] Ignored invalid trip count directive (MAX (= 1440) < AVE (= 4096)) for loop 'VITIS_LOOP_591_1' (prj/sol/.autopilot/db/v_frmbuf_rd.cpp:591:31) in function 'AXIMMvideo2Bytes'.
WARNING: [XFORM 203-561] Updating loop upper bound from 8192 to 1440 for loop 'VITIS_LOOP_597_2' (prj/sol/.autopilot/db/v_frmbuf_rd.cpp:597:31) in function 'AXIMMvideo2Bytes'.
WARNING: [XFORM 203-561] Updating loop lower bound from 0 to 1 for loop 'VITIS_LOOP_597_2' (prj/sol/.autopilot/db/v_frmbuf_rd.cpp:597:31) in function 'AXIMMvideo2Bytes'.
WARNING: [XFORM 203-561] Ignored invalid trip count directive (MAX (= 1440) < AVE (= 4096)) for loop 'VITIS_LOOP_597_2' (prj/sol/.autopilot/db/v_frmbuf_rd.cpp:597:31) in function 'AXIMMvideo2Bytes'.
WARNING: [XFORM 203-561] Updating loop upper bound from 8192 to 1440 for loop 'VITIS_LOOP_603_3' (prj/sol/.autopilot/db/v_frmbuf_rd.cpp:603:31) in function 'AXIMMvideo2Bytes'.
WARNING: [XFORM 203-561] Updating loop lower bound from 0 to 1 for loop 'VITIS_LOOP_603_3' (prj/sol/.autopilot/db/v_frmbuf_rd.cpp:603:31) in function 'AXIMMvideo2Bytes'.
WARNING: [XFORM 203-561] Ignored invalid trip count directive (MAX (= 1440) < AVE (= 4096)) for loop 'VITIS_LOOP_603_3' (prj/sol/.autopilot/db/v_frmbuf_rd.cpp:603:31) in function 'AXIMMvideo2Bytes'.
WARNING: [XFORM 203-561] Updating loop upper bound from 4320 to 1080 for loop 'loop_AXIMMvideo2Bytes_y_u_v_3planes' (prj/sol/.autopilot/db/v_frmbuf_rd.cpp:589:1) in function 'AXIMMvideo2Bytes'.
WARNING: [XFORM 203-561] Updating loop lower bound from 0 to 64 for loop 'loop_AXIMMvideo2Bytes_y_u_v_3planes' (prj/sol/.autopilot/db/v_frmbuf_rd.cpp:589:1) in function 'AXIMMvideo2Bytes'.
WARNING: [XFORM 203-561] Ignored invalid trip count directive (MAX (= 1080) < AVE (= 2160)) for loop 'loop_AXIMMvideo2Bytes_y_u_v_3planes' (prj/sol/.autopilot/db/v_frmbuf_rd.cpp:589:1) in function 'AXIMMvideo2Bytes'.
WARNING: [XFORM 203-561] Updating loop upper bound from 8192 to 1440 for loop 'VITIS_LOOP_625_4' (prj/sol/.autopilot/db/v_frmbuf_rd.cpp:625:31) in function 'AXIMMvideo2Bytes'.
WARNING: [XFORM 203-561] Ignored invalid trip count directive (MAX (= 1440) < AVE (= 4096)) for loop 'VITIS_LOOP_625_4' (prj/sol/.autopilot/db/v_frmbuf_rd.cpp:625:31) in function 'AXIMMvideo2Bytes'.
WARNING: [XFORM 203-561] Updating loop upper bound from 4096 to 720 for loop 'VITIS_LOOP_634_5' (prj/sol/.autopilot/db/v_frmbuf_rd.cpp:634:32) in function 'AXIMMvideo2Bytes'.
WARNING: [XFORM 203-561] Updating loop lower bound from 0 to 1 for loop 'VITIS_LOOP_634_5' (prj/sol/.autopilot/db/v_frmbuf_rd.cpp:634:32) in function 'AXIMMvideo2Bytes'.
WARNING: [XFORM 203-561] Ignored invalid trip count directive (MAX (= 720) < AVE (= 2048)) for loop 'VITIS_LOOP_634_5' (prj/sol/.autopilot/db/v_frmbuf_rd.cpp:634:32) in function 'AXIMMvideo2Bytes'.
WARNING: [XFORM 203-561] Updating loop upper bound from 4096 to 720 for loop 'VITIS_LOOP_640_6' (prj/sol/.autopilot/db/v_frmbuf_rd.cpp:640:32) in function 'AXIMMvideo2Bytes'.
WARNING: [XFORM 203-561] Updating loop lower bound from 0 to 1 for loop 'VITIS_LOOP_640_6' (prj/sol/.autopilot/db/v_frmbuf_rd.cpp:640:32) in function 'AXIMMvideo2Bytes'.
WARNING: [XFORM 203-561] Ignored invalid trip count directive (MAX (= 720) < AVE (= 2048)) for loop 'VITIS_LOOP_640_6' (prj/sol/.autopilot/db/v_frmbuf_rd.cpp:640:32) in function 'AXIMMvideo2Bytes'.
WARNING: [XFORM 203-561] Updating loop upper bound from 4320 to 1080 for loop 'loop_AXIMMvideo2BytesYuv_3planes' (prj/sol/.autopilot/db/v_frmbuf_rd.cpp:623:1) in function 'AXIMMvideo2Bytes'.
WARNING: [XFORM 203-561] Updating loop lower bound from 0 to 64 for loop 'loop_AXIMMvideo2BytesYuv_3planes' (prj/sol/.autopilot/db/v_frmbuf_rd.cpp:623:1) in function 'AXIMMvideo2Bytes'.
WARNING: [XFORM 203-561] Ignored invalid trip count directive (MAX (= 1080) < AVE (= 2160)) for loop 'loop_AXIMMvideo2BytesYuv_3planes' (prj/sol/.autopilot/db/v_frmbuf_rd.cpp:623:1) in function 'AXIMMvideo2Bytes'.
WARNING: [XFORM 203-561] Updating loop upper bound from 8192 to 1440 for loop 'VITIS_LOOP_660_7' (prj/sol/.autopilot/db/v_frmbuf_rd.cpp:660:31) in function 'AXIMMvideo2Bytes'.
WARNING: [XFORM 203-561] Ignored invalid trip count directive (MAX (= 1440) < AVE (= 4096)) for loop 'VITIS_LOOP_660_7' (prj/sol/.autopilot/db/v_frmbuf_rd.cpp:660:31) in function 'AXIMMvideo2Bytes'.
WARNING: [XFORM 203-561] Updating loop upper bound from 8192 to 1440 for loop 'VITIS_LOOP_670_8' (prj/sol/.autopilot/db/v_frmbuf_rd.cpp:670:32) in function 'AXIMMvideo2Bytes'.
WARNING: [XFORM 203-561] Ignored invalid trip count directive (MAX (= 1440) < AVE (= 4096)) for loop 'VITIS_LOOP_670_8' (prj/sol/.autopilot/db/v_frmbuf_rd.cpp:670:32) in function 'AXIMMvideo2Bytes'.
WARNING: [XFORM 203-561] Updating loop upper bound from 4320 to 1080 for loop 'loop_AXIMMvideo2Bytes_2planes' (prj/sol/.autopilot/db/v_frmbuf_rd.cpp:658:1) in function 'AXIMMvideo2Bytes'.
WARNING: [XFORM 203-561] Updating loop lower bound from 0 to 64 for loop 'loop_AXIMMvideo2Bytes_2planes' (prj/sol/.autopilot/db/v_frmbuf_rd.cpp:658:1) in function 'AXIMMvideo2Bytes'.
WARNING: [XFORM 203-561] Ignored invalid trip count directive (MAX (= 1080) < AVE (= 2160)) for loop 'loop_AXIMMvideo2Bytes_2planes' (prj/sol/.autopilot/db/v_frmbuf_rd.cpp:658:1) in function 'AXIMMvideo2Bytes'.
WARNING: [HLS 200-805] An internal stream 'img' (prj/sol/.autopilot/db/v_frmbuf_rd.cpp:90) with default size can result in deadlock. Please consider resizing the stream using the directive 'set_directive_stream' or the 'HLS stream' pragma.
INFO: [HLS 200-1947] Using 'stable' for argument 'mm_video' of dataflow function 'FrmbufRdHlsDataFlow' (prj/sol/.autopilot/db/v_frmbuf_rd.cpp:90:1).
INFO: [HLS 200-1947] Using 'stable' for argument 'HwReg_frm_buffer' of dataflow function 'FrmbufRdHlsDataFlow' (prj/sol/.autopilot/db/v_frmbuf_rd.cpp:90:1).
INFO: [HLS 200-1947] Using 'stable' for argument 'HwReg_frm_buffer2' of dataflow function 'FrmbufRdHlsDataFlow' (prj/sol/.autopilot/db/v_frmbuf_rd.cpp:90:1).
INFO: [HLS 200-1947] Using 'stable' for argument 'HwReg_frm_buffer3' of dataflow function 'FrmbufRdHlsDataFlow' (prj/sol/.autopilot/db/v_frmbuf_rd.cpp:90:1).
INFO: [HLS 200-1947] Using 'stable' for argument 'WidthInBytes.val10' of dataflow function 'FrmbufRdHlsDataFlow' (prj/sol/.autopilot/db/v_frmbuf_rd.cpp:90:1).
INFO: [HLS 200-1947] Using 'stable' for argument 'colorFormat.val11' of dataflow function 'FrmbufRdHlsDataFlow' (prj/sol/.autopilot/db/v_frmbuf_rd.cpp:90:1).
INFO: [XFORM 203-712] Applying dataflow to function 'FrmbufRdHlsDataFlow' (prj/sol/.autopilot/db/v_frmbuf_rd.cpp:90:1), detected/extracted 3 process function(s): 
	 'AXIMMvideo2Bytes'
	 'Bytes2MultiPixStream'
	 'MultiPixStream2AXIvideo'.
Command           transform done; 0.24 sec.
INFO-FLOW: Presyn 2...
Execute           transform -hls -keep-callgraph -scalarrepl -mem2reg -attach-range -dce -pipe-mux-gen -indvars -loop-bound -inst-simplify -instcombine -dce -merge-array-access -mem2reg -dce -clean-region -mergereturn -if-conv -instcombine -dce -constprop -basicaa -aggr-aa -aggrmodref-aa -aggr-aa -gvn -gvn -basicaa -aggr-aa -aggrmodref-aa -aggr-aa -dse -adse -adce -scalarrepl -mem2reg -global-constprop -deadargelim -deadargelim -instcombine -dce -simplifycfg -ptrArgReplace -mem2reg -function-inline -globaldce -mem2reg -instcombine -dce -expr-balance -instcombine -dce -bitwidthmin2 -bitwidthmin2 -interface-preproc -directive-preproc -inst-rectify -instcombine -dce -basicaa -aggr-aa -aggrmodref-aa -aggr-aa -functionattrs -constprop -instcombine -bit-constprop -simplify-global-access -globalopt -globaldce -inst-simplify -instcombine -elimdeaddata -dce -loop-delete -simplifycfg -loop-simplify -barrier -norm-name /home/serg/Documents/Xilinx/z700_hdmi/HDMI_MIXER/hdmi_mixer.runs/design_1_v_frmbuf_rd_0_0_synth_1/prj/sol/.autopilot/db/a.o.1.tmp.bc -o /home/serg/Documents/Xilinx/z700_hdmi/HDMI_MIXER/hdmi_mixer.runs/design_1_v_frmbuf_rd_0_0_synth_1/prj/sol/.autopilot/db/a.o.2.bc -f -phase presyn 
INFO: [XFORM 203-11] Balancing expressions in function 'AXIMMvideo2Bytes' (prj/sol/.autopilot/db/v_frmbuf_rd.cpp:576:23)...3 expression(s) balanced.
Command           transform done; 0.12 sec.
INFO: [HLS 200-111] Finished Loop, function and other optimizations: CPU user time: 0.36 seconds. CPU system time: 0.01 seconds. Elapsed time: 0.36 seconds; current allocated memory: 291.117 MB.
Execute           transform -hls -auto-function-inline -globaldce -ptrArgReplace -mem2reg -dce -reset-lda -loop-simplify -indvars -aggr-aa -licm -loop-dep -loop-bound -licm -loop-simplify -loop-sink-hoist -flattenloopnest -array-flatten -gvn -instcombine -dce -array-map -dce -func-legal -gvn -adce -instcombine -cfgopt -simplifycfg-lite -loop-simplify -array-burst -promote-global-argument -dce -array-seg-normalize -basicaa -aggrmodref-aa -globalsmodref-aa -aggr-aa -gvn -gvn -basicaa -aggrmodref-aa -globalsmodref-aa -aggr-aa -dse -adse -adce -licm -inst-simplify -dce -globaldce -instcombine -array-stream -eliminate-keepreads -instcombine -dce -deadargelim -doublePtrSimplify -doublePtrElim -dce -doublePtrSimplify -promote-dbg-pointer -dce -scalarrepl -mem2reg -norm-name -mem2reg -instcombine -dse -adse -adce -ptrLegalization -dce -array-flatten -dce -instcombine -check-doubleptr -loop-rot -constprop -inst-simplify -cfgopt -simplifycfg-lite -loop-simplify -indvars -pointer-simplify -dce -loop-bound -loop-simplify -loop-preproc -constprop -global-constprop -gvn -mem2reg -instcombine -dce -loop-bound -loop-merge -dce -deadargelim -dce -canonicalize-dataflow -dce -deadargelim -globaldce -mem2reg -bram-byte-enable -inst-simplify -inst-rectify -instcombine -adce -deadargelim -load-elim -read-loop-dep -loop-simplify -loop-rewind-sink-hoist -loop-outline -hls-dead-arg-elim -directive-preproc -bitwidthmin2 -bitwidthmin2 -read-loop-dep -interface-preproc -directive-preproc -interface-gen -bram-byte-enable-spec-prop -mul2addshift -deadargelim -inst-simplify -dce -mem2reg -instcombine -gvn -dce -adse -loop-bound -instcombine -cfgopt -simplifycfg-lite -loop-simplify -clean-region -io-protocol -find-region -mem2reg -bitop-raise -complex-op-raise -inst-simplify -inst-rectify -instcombine -gvn -adce -deadargelim -float-op-raise -loop-simplify -phi-opt -bitop-raise -cfgopt -simplifycfg-lite -strip-dead-prototypes -interface-lower -bitop-lower -intrinsic-lower -auto-function-inline -basicaa -aggrmodref-aa -globalsmodref-aa -aggr-aa -inst-simplify -simplifycfg-lite -loop-simplify -mergereturn -inst-simplify -inst-rectify -globaldce -dce -load-elim -bitop-lower -float-op-raise -fma-raise -loop-rewind -pointer-simplify -dce -cfgopt -dce -loop-bound -loop-dep -read-loop-dep -dce -dyn-mem-reuse -dce -recurrence-min -dce -share-scalar-alloca -deadargelim -dce -check-stream -norm-name -legalize -inst-clarity -bitwidth -dce -validate-dataflow -dump-loop-dep-to-ir -check-all-ssdm -drop-inferred-ii -dump-complexity-metric /home/serg/Documents/Xilinx/z700_hdmi/HDMI_MIXER/hdmi_mixer.runs/design_1_v_frmbuf_rd_0_0_synth_1/prj/sol/.autopilot/db/a.o.2.bc -o /home/serg/Documents/Xilinx/z700_hdmi/HDMI_MIXER/hdmi_mixer.runs/design_1_v_frmbuf_rd_0_0_synth_1/prj/sol/.autopilot/db/a.o.3.bc -f -phase build-ssdm 
Execute             AP::auto_get_db
Command           transform done; 0.3 sec.
INFO-FLOW: Building ssdm...
Execute           transform -hls -cdfg-build /home/serg/Documents/Xilinx/z700_hdmi/HDMI_MIXER/hdmi_mixer.runs/design_1_v_frmbuf_rd_0_0_synth_1/prj/sol/.autopilot/db/a.o.3.bc -o /home/serg/Documents/Xilinx/z700_hdmi/HDMI_MIXER/hdmi_mixer.runs/design_1_v_frmbuf_rd_0_0_synth_1/prj/sol/.autopilot/db/a.o.3.bc -f -phase build-ssdm 
Command           transform done; 0.18 sec.
INFO: [HLS 200-111] Finished Architecture Synthesis: CPU user time: 0.42 seconds. CPU system time: 0.06 seconds. Elapsed time: 0.49 seconds; current allocated memory: 527.758 MB.
INFO-FLOW: Finish building internal data model.
Command         opt_and_import_c done; 0.99 sec.
Command       elaborate done; 39.87 sec.
Execute       ap_eval exec zip -j /home/serg/Documents/Xilinx/z700_hdmi/HDMI_MIXER/hdmi_mixer.runs/design_1_v_frmbuf_rd_0_0_synth_1/prj/sol/.autopilot/db/dut.hcp $dbDir/a.o.3.bc $dbDir/${topname}.rtl_wrap.cfg.tcl $dbDir/apatb_${topname}.cpp $dbDir/apatb_${topname}_util.cpp $dbDir/apatb_${topname}_ir.ll $dbDir/mapper_${topname}.cpp $dbDir/top-io-fe.xml $dbDir/kernel.internal.xml $workdir/../hls.app 
INFO: [HLS 200-10] Starting hardware synthesis ...
INFO-FLOW: Synthesizing C/C++ design AP::SynTopModule=v_frmbuf_rd
INFO: [HLS 200-10] Synthesizing 'v_frmbuf_rd' ...
Execute       ap_set_top_model v_frmbuf_rd 
WARNING: [SYN 201-103] Legalizing function name 'reg<unsigned short>' to 'reg_unsigned_short_s'.
Execute       get_model_list v_frmbuf_rd -filter all-wo-channel -topdown 
Execute       preproc_iomode -model v_frmbuf_rd 
Execute       preproc_iomode -model FrmbufRdHlsDataFlow 
Execute       preproc_iomode -model MultiPixStream2AXIvideo 
Execute       preproc_iomode -model MultiPixStream2AXIvideo_Pipeline_VITIS_LOOP_376_3 
Execute       preproc_iomode -model MultiPixStream2AXIvideo_Pipeline_VITIS_LOOP_367_1 
Execute       preproc_iomode -model reg<unsigned short> 
Execute       preproc_iomode -model Bytes2MultiPixStream 
Execute       preproc_iomode -model Bytes2MultiPixStream_Pipeline_VITIS_LOOP_755_1 
Execute       preproc_iomode -model Bytes2MultiPixStream_Pipeline_VITIS_LOOP_862_5 
Execute       preproc_iomode -model Bytes2MultiPixStream_Pipeline_VITIS_LOOP_954_8 
Execute       preproc_iomode -model Bytes2MultiPixStream_Pipeline_VITIS_LOOP_1157_11 
Execute       preproc_iomode -model Bytes2MultiPixStream_Pipeline_VITIS_LOOP_1197_14 
Execute       preproc_iomode -model Bytes2MultiPixStream_Pipeline_VITIS_LOOP_1240_17 
Execute       preproc_iomode -model Bytes2MultiPixStream_Pipeline_VITIS_LOOP_1398_20 
Execute       preproc_iomode -model Bytes2MultiPixStream_Pipeline_VITIS_LOOP_1450_23 
Execute       preproc_iomode -model Bytes2MultiPixStream_Pipeline_VITIS_LOOP_1532_26 
Execute       preproc_iomode -model Bytes2MultiPixStream_Pipeline_VITIS_LOOP_1772_29 
Execute       preproc_iomode -model AXIMMvideo2Bytes 
Execute       preproc_iomode -model AXIMMvideo2Bytes_Pipeline_VITIS_LOOP_670_8 
Execute       preproc_iomode -model AXIMMvideo2Bytes_Pipeline_VITIS_LOOP_660_7 
Execute       preproc_iomode -model AXIMMvideo2Bytes_Pipeline_VITIS_LOOP_603_3 
Execute       preproc_iomode -model AXIMMvideo2Bytes_Pipeline_VITIS_LOOP_597_2 
Execute       preproc_iomode -model AXIMMvideo2Bytes_Pipeline_VITIS_LOOP_591_1 
Execute       preproc_iomode -model AXIMMvideo2Bytes_Pipeline_VITIS_LOOP_640_6 
Execute       preproc_iomode -model AXIMMvideo2Bytes_Pipeline_VITIS_LOOP_634_5 
Execute       preproc_iomode -model AXIMMvideo2Bytes_Pipeline_VITIS_LOOP_625_4 
Execute       get_model_list v_frmbuf_rd -filter all-wo-channel 
INFO-FLOW: Model list for configure: AXIMMvideo2Bytes_Pipeline_VITIS_LOOP_625_4 AXIMMvideo2Bytes_Pipeline_VITIS_LOOP_634_5 AXIMMvideo2Bytes_Pipeline_VITIS_LOOP_640_6 AXIMMvideo2Bytes_Pipeline_VITIS_LOOP_591_1 AXIMMvideo2Bytes_Pipeline_VITIS_LOOP_597_2 AXIMMvideo2Bytes_Pipeline_VITIS_LOOP_603_3 AXIMMvideo2Bytes_Pipeline_VITIS_LOOP_660_7 AXIMMvideo2Bytes_Pipeline_VITIS_LOOP_670_8 AXIMMvideo2Bytes Bytes2MultiPixStream_Pipeline_VITIS_LOOP_1772_29 Bytes2MultiPixStream_Pipeline_VITIS_LOOP_1532_26 Bytes2MultiPixStream_Pipeline_VITIS_LOOP_1450_23 Bytes2MultiPixStream_Pipeline_VITIS_LOOP_1398_20 Bytes2MultiPixStream_Pipeline_VITIS_LOOP_1240_17 Bytes2MultiPixStream_Pipeline_VITIS_LOOP_1197_14 Bytes2MultiPixStream_Pipeline_VITIS_LOOP_1157_11 Bytes2MultiPixStream_Pipeline_VITIS_LOOP_954_8 Bytes2MultiPixStream_Pipeline_VITIS_LOOP_862_5 Bytes2MultiPixStream_Pipeline_VITIS_LOOP_755_1 Bytes2MultiPixStream {reg<unsigned short>} MultiPixStream2AXIvideo_Pipeline_VITIS_LOOP_367_1 MultiPixStream2AXIvideo_Pipeline_VITIS_LOOP_376_3 MultiPixStream2AXIvideo FrmbufRdHlsDataFlow v_frmbuf_rd
INFO-FLOW: Configuring Module : AXIMMvideo2Bytes_Pipeline_VITIS_LOOP_625_4 ...
Execute       set_default_model AXIMMvideo2Bytes_Pipeline_VITIS_LOOP_625_4 
Execute       apply_spec_resource_limit AXIMMvideo2Bytes_Pipeline_VITIS_LOOP_625_4 
INFO-FLOW: Configuring Module : AXIMMvideo2Bytes_Pipeline_VITIS_LOOP_634_5 ...
Execute       set_default_model AXIMMvideo2Bytes_Pipeline_VITIS_LOOP_634_5 
Execute       apply_spec_resource_limit AXIMMvideo2Bytes_Pipeline_VITIS_LOOP_634_5 
INFO-FLOW: Configuring Module : AXIMMvideo2Bytes_Pipeline_VITIS_LOOP_640_6 ...
Execute       set_default_model AXIMMvideo2Bytes_Pipeline_VITIS_LOOP_640_6 
Execute       apply_spec_resource_limit AXIMMvideo2Bytes_Pipeline_VITIS_LOOP_640_6 
INFO-FLOW: Configuring Module : AXIMMvideo2Bytes_Pipeline_VITIS_LOOP_591_1 ...
Execute       set_default_model AXIMMvideo2Bytes_Pipeline_VITIS_LOOP_591_1 
Execute       apply_spec_resource_limit AXIMMvideo2Bytes_Pipeline_VITIS_LOOP_591_1 
INFO-FLOW: Configuring Module : AXIMMvideo2Bytes_Pipeline_VITIS_LOOP_597_2 ...
Execute       set_default_model AXIMMvideo2Bytes_Pipeline_VITIS_LOOP_597_2 
Execute       apply_spec_resource_limit AXIMMvideo2Bytes_Pipeline_VITIS_LOOP_597_2 
INFO-FLOW: Configuring Module : AXIMMvideo2Bytes_Pipeline_VITIS_LOOP_603_3 ...
Execute       set_default_model AXIMMvideo2Bytes_Pipeline_VITIS_LOOP_603_3 
Execute       apply_spec_resource_limit AXIMMvideo2Bytes_Pipeline_VITIS_LOOP_603_3 
INFO-FLOW: Configuring Module : AXIMMvideo2Bytes_Pipeline_VITIS_LOOP_660_7 ...
Execute       set_default_model AXIMMvideo2Bytes_Pipeline_VITIS_LOOP_660_7 
Execute       apply_spec_resource_limit AXIMMvideo2Bytes_Pipeline_VITIS_LOOP_660_7 
INFO-FLOW: Configuring Module : AXIMMvideo2Bytes_Pipeline_VITIS_LOOP_670_8 ...
Execute       set_default_model AXIMMvideo2Bytes_Pipeline_VITIS_LOOP_670_8 
Execute       apply_spec_resource_limit AXIMMvideo2Bytes_Pipeline_VITIS_LOOP_670_8 
INFO-FLOW: Configuring Module : AXIMMvideo2Bytes ...
Execute       set_default_model AXIMMvideo2Bytes 
Execute       apply_spec_resource_limit AXIMMvideo2Bytes 
INFO-FLOW: Configuring Module : Bytes2MultiPixStream_Pipeline_VITIS_LOOP_1772_29 ...
Execute       set_default_model Bytes2MultiPixStream_Pipeline_VITIS_LOOP_1772_29 
Execute       apply_spec_resource_limit Bytes2MultiPixStream_Pipeline_VITIS_LOOP_1772_29 
INFO-FLOW: Configuring Module : Bytes2MultiPixStream_Pipeline_VITIS_LOOP_1532_26 ...
Execute       set_default_model Bytes2MultiPixStream_Pipeline_VITIS_LOOP_1532_26 
Execute       apply_spec_resource_limit Bytes2MultiPixStream_Pipeline_VITIS_LOOP_1532_26 
INFO-FLOW: Configuring Module : Bytes2MultiPixStream_Pipeline_VITIS_LOOP_1450_23 ...
Execute       set_default_model Bytes2MultiPixStream_Pipeline_VITIS_LOOP_1450_23 
Execute       apply_spec_resource_limit Bytes2MultiPixStream_Pipeline_VITIS_LOOP_1450_23 
INFO-FLOW: Configuring Module : Bytes2MultiPixStream_Pipeline_VITIS_LOOP_1398_20 ...
Execute       set_default_model Bytes2MultiPixStream_Pipeline_VITIS_LOOP_1398_20 
Execute       apply_spec_resource_limit Bytes2MultiPixStream_Pipeline_VITIS_LOOP_1398_20 
INFO-FLOW: Configuring Module : Bytes2MultiPixStream_Pipeline_VITIS_LOOP_1240_17 ...
Execute       set_default_model Bytes2MultiPixStream_Pipeline_VITIS_LOOP_1240_17 
Execute       apply_spec_resource_limit Bytes2MultiPixStream_Pipeline_VITIS_LOOP_1240_17 
INFO-FLOW: Configuring Module : Bytes2MultiPixStream_Pipeline_VITIS_LOOP_1197_14 ...
Execute       set_default_model Bytes2MultiPixStream_Pipeline_VITIS_LOOP_1197_14 
Execute       apply_spec_resource_limit Bytes2MultiPixStream_Pipeline_VITIS_LOOP_1197_14 
INFO-FLOW: Configuring Module : Bytes2MultiPixStream_Pipeline_VITIS_LOOP_1157_11 ...
Execute       set_default_model Bytes2MultiPixStream_Pipeline_VITIS_LOOP_1157_11 
Execute       apply_spec_resource_limit Bytes2MultiPixStream_Pipeline_VITIS_LOOP_1157_11 
INFO-FLOW: Configuring Module : Bytes2MultiPixStream_Pipeline_VITIS_LOOP_954_8 ...
Execute       set_default_model Bytes2MultiPixStream_Pipeline_VITIS_LOOP_954_8 
Execute       apply_spec_resource_limit Bytes2MultiPixStream_Pipeline_VITIS_LOOP_954_8 
INFO-FLOW: Configuring Module : Bytes2MultiPixStream_Pipeline_VITIS_LOOP_862_5 ...
Execute       set_default_model Bytes2MultiPixStream_Pipeline_VITIS_LOOP_862_5 
Execute       apply_spec_resource_limit Bytes2MultiPixStream_Pipeline_VITIS_LOOP_862_5 
INFO-FLOW: Configuring Module : Bytes2MultiPixStream_Pipeline_VITIS_LOOP_755_1 ...
Execute       set_default_model Bytes2MultiPixStream_Pipeline_VITIS_LOOP_755_1 
Execute       apply_spec_resource_limit Bytes2MultiPixStream_Pipeline_VITIS_LOOP_755_1 
INFO-FLOW: Configuring Module : Bytes2MultiPixStream ...
Execute       set_default_model Bytes2MultiPixStream 
Execute       apply_spec_resource_limit Bytes2MultiPixStream 
INFO-FLOW: Configuring Module : reg<unsigned short> ...
Execute       set_default_model reg<unsigned short> 
Execute       apply_spec_resource_limit reg<unsigned short> 
INFO-FLOW: Configuring Module : MultiPixStream2AXIvideo_Pipeline_VITIS_LOOP_367_1 ...
Execute       set_default_model MultiPixStream2AXIvideo_Pipeline_VITIS_LOOP_367_1 
Execute       apply_spec_resource_limit MultiPixStream2AXIvideo_Pipeline_VITIS_LOOP_367_1 
INFO-FLOW: Configuring Module : MultiPixStream2AXIvideo_Pipeline_VITIS_LOOP_376_3 ...
Execute       set_default_model MultiPixStream2AXIvideo_Pipeline_VITIS_LOOP_376_3 
Execute       apply_spec_resource_limit MultiPixStream2AXIvideo_Pipeline_VITIS_LOOP_376_3 
INFO-FLOW: Configuring Module : MultiPixStream2AXIvideo ...
Execute       set_default_model MultiPixStream2AXIvideo 
Execute       apply_spec_resource_limit MultiPixStream2AXIvideo 
INFO-FLOW: Configuring Module : FrmbufRdHlsDataFlow ...
Execute       set_default_model FrmbufRdHlsDataFlow 
Execute       apply_spec_resource_limit FrmbufRdHlsDataFlow 
INFO-FLOW: Configuring Module : v_frmbuf_rd ...
Execute       set_default_model v_frmbuf_rd 
Execute       apply_spec_resource_limit v_frmbuf_rd 
INFO-FLOW: Model list for preprocess: AXIMMvideo2Bytes_Pipeline_VITIS_LOOP_625_4 AXIMMvideo2Bytes_Pipeline_VITIS_LOOP_634_5 AXIMMvideo2Bytes_Pipeline_VITIS_LOOP_640_6 AXIMMvideo2Bytes_Pipeline_VITIS_LOOP_591_1 AXIMMvideo2Bytes_Pipeline_VITIS_LOOP_597_2 AXIMMvideo2Bytes_Pipeline_VITIS_LOOP_603_3 AXIMMvideo2Bytes_Pipeline_VITIS_LOOP_660_7 AXIMMvideo2Bytes_Pipeline_VITIS_LOOP_670_8 AXIMMvideo2Bytes Bytes2MultiPixStream_Pipeline_VITIS_LOOP_1772_29 Bytes2MultiPixStream_Pipeline_VITIS_LOOP_1532_26 Bytes2MultiPixStream_Pipeline_VITIS_LOOP_1450_23 Bytes2MultiPixStream_Pipeline_VITIS_LOOP_1398_20 Bytes2MultiPixStream_Pipeline_VITIS_LOOP_1240_17 Bytes2MultiPixStream_Pipeline_VITIS_LOOP_1197_14 Bytes2MultiPixStream_Pipeline_VITIS_LOOP_1157_11 Bytes2MultiPixStream_Pipeline_VITIS_LOOP_954_8 Bytes2MultiPixStream_Pipeline_VITIS_LOOP_862_5 Bytes2MultiPixStream_Pipeline_VITIS_LOOP_755_1 Bytes2MultiPixStream {reg<unsigned short>} MultiPixStream2AXIvideo_Pipeline_VITIS_LOOP_367_1 MultiPixStream2AXIvideo_Pipeline_VITIS_LOOP_376_3 MultiPixStream2AXIvideo FrmbufRdHlsDataFlow v_frmbuf_rd
INFO-FLOW: Preprocessing Module: AXIMMvideo2Bytes_Pipeline_VITIS_LOOP_625_4 ...
Execute       set_default_model AXIMMvideo2Bytes_Pipeline_VITIS_LOOP_625_4 
Execute       cdfg_preprocess -model AXIMMvideo2Bytes_Pipeline_VITIS_LOOP_625_4 
Execute       rtl_gen_preprocess AXIMMvideo2Bytes_Pipeline_VITIS_LOOP_625_4 
INFO-FLOW: Preprocessing Module: AXIMMvideo2Bytes_Pipeline_VITIS_LOOP_634_5 ...
Execute       set_default_model AXIMMvideo2Bytes_Pipeline_VITIS_LOOP_634_5 
Execute       cdfg_preprocess -model AXIMMvideo2Bytes_Pipeline_VITIS_LOOP_634_5 
Execute       rtl_gen_preprocess AXIMMvideo2Bytes_Pipeline_VITIS_LOOP_634_5 
INFO-FLOW: Preprocessing Module: AXIMMvideo2Bytes_Pipeline_VITIS_LOOP_640_6 ...
Execute       set_default_model AXIMMvideo2Bytes_Pipeline_VITIS_LOOP_640_6 
Execute       cdfg_preprocess -model AXIMMvideo2Bytes_Pipeline_VITIS_LOOP_640_6 
Execute       rtl_gen_preprocess AXIMMvideo2Bytes_Pipeline_VITIS_LOOP_640_6 
INFO-FLOW: Preprocessing Module: AXIMMvideo2Bytes_Pipeline_VITIS_LOOP_591_1 ...
Execute       set_default_model AXIMMvideo2Bytes_Pipeline_VITIS_LOOP_591_1 
Execute       cdfg_preprocess -model AXIMMvideo2Bytes_Pipeline_VITIS_LOOP_591_1 
Execute       rtl_gen_preprocess AXIMMvideo2Bytes_Pipeline_VITIS_LOOP_591_1 
INFO-FLOW: Preprocessing Module: AXIMMvideo2Bytes_Pipeline_VITIS_LOOP_597_2 ...
Execute       set_default_model AXIMMvideo2Bytes_Pipeline_VITIS_LOOP_597_2 
Execute       cdfg_preprocess -model AXIMMvideo2Bytes_Pipeline_VITIS_LOOP_597_2 
Execute       rtl_gen_preprocess AXIMMvideo2Bytes_Pipeline_VITIS_LOOP_597_2 
INFO-FLOW: Preprocessing Module: AXIMMvideo2Bytes_Pipeline_VITIS_LOOP_603_3 ...
Execute       set_default_model AXIMMvideo2Bytes_Pipeline_VITIS_LOOP_603_3 
Execute       cdfg_preprocess -model AXIMMvideo2Bytes_Pipeline_VITIS_LOOP_603_3 
Execute       rtl_gen_preprocess AXIMMvideo2Bytes_Pipeline_VITIS_LOOP_603_3 
INFO-FLOW: Preprocessing Module: AXIMMvideo2Bytes_Pipeline_VITIS_LOOP_660_7 ...
Execute       set_default_model AXIMMvideo2Bytes_Pipeline_VITIS_LOOP_660_7 
Execute       cdfg_preprocess -model AXIMMvideo2Bytes_Pipeline_VITIS_LOOP_660_7 
Execute       rtl_gen_preprocess AXIMMvideo2Bytes_Pipeline_VITIS_LOOP_660_7 
INFO-FLOW: Preprocessing Module: AXIMMvideo2Bytes_Pipeline_VITIS_LOOP_670_8 ...
Execute       set_default_model AXIMMvideo2Bytes_Pipeline_VITIS_LOOP_670_8 
Execute       cdfg_preprocess -model AXIMMvideo2Bytes_Pipeline_VITIS_LOOP_670_8 
Execute       rtl_gen_preprocess AXIMMvideo2Bytes_Pipeline_VITIS_LOOP_670_8 
INFO-FLOW: Preprocessing Module: AXIMMvideo2Bytes ...
Execute       set_default_model AXIMMvideo2Bytes 
Execute       cdfg_preprocess -model AXIMMvideo2Bytes 
Execute       rtl_gen_preprocess AXIMMvideo2Bytes 
INFO-FLOW: Preprocessing Module: Bytes2MultiPixStream_Pipeline_VITIS_LOOP_1772_29 ...
Execute       set_default_model Bytes2MultiPixStream_Pipeline_VITIS_LOOP_1772_29 
Execute       cdfg_preprocess -model Bytes2MultiPixStream_Pipeline_VITIS_LOOP_1772_29 
Execute       rtl_gen_preprocess Bytes2MultiPixStream_Pipeline_VITIS_LOOP_1772_29 
INFO-FLOW: Preprocessing Module: Bytes2MultiPixStream_Pipeline_VITIS_LOOP_1532_26 ...
Execute       set_default_model Bytes2MultiPixStream_Pipeline_VITIS_LOOP_1532_26 
Execute       cdfg_preprocess -model Bytes2MultiPixStream_Pipeline_VITIS_LOOP_1532_26 
Execute       rtl_gen_preprocess Bytes2MultiPixStream_Pipeline_VITIS_LOOP_1532_26 
INFO-FLOW: Preprocessing Module: Bytes2MultiPixStream_Pipeline_VITIS_LOOP_1450_23 ...
Execute       set_default_model Bytes2MultiPixStream_Pipeline_VITIS_LOOP_1450_23 
Execute       cdfg_preprocess -model Bytes2MultiPixStream_Pipeline_VITIS_LOOP_1450_23 
Execute       rtl_gen_preprocess Bytes2MultiPixStream_Pipeline_VITIS_LOOP_1450_23 
INFO-FLOW: Preprocessing Module: Bytes2MultiPixStream_Pipeline_VITIS_LOOP_1398_20 ...
Execute       set_default_model Bytes2MultiPixStream_Pipeline_VITIS_LOOP_1398_20 
Execute       cdfg_preprocess -model Bytes2MultiPixStream_Pipeline_VITIS_LOOP_1398_20 
Execute       rtl_gen_preprocess Bytes2MultiPixStream_Pipeline_VITIS_LOOP_1398_20 
INFO-FLOW: Preprocessing Module: Bytes2MultiPixStream_Pipeline_VITIS_LOOP_1240_17 ...
Execute       set_default_model Bytes2MultiPixStream_Pipeline_VITIS_LOOP_1240_17 
Execute       cdfg_preprocess -model Bytes2MultiPixStream_Pipeline_VITIS_LOOP_1240_17 
Execute       rtl_gen_preprocess Bytes2MultiPixStream_Pipeline_VITIS_LOOP_1240_17 
INFO-FLOW: Preprocessing Module: Bytes2MultiPixStream_Pipeline_VITIS_LOOP_1197_14 ...
Execute       set_default_model Bytes2MultiPixStream_Pipeline_VITIS_LOOP_1197_14 
Execute       cdfg_preprocess -model Bytes2MultiPixStream_Pipeline_VITIS_LOOP_1197_14 
Execute       rtl_gen_preprocess Bytes2MultiPixStream_Pipeline_VITIS_LOOP_1197_14 
INFO-FLOW: Preprocessing Module: Bytes2MultiPixStream_Pipeline_VITIS_LOOP_1157_11 ...
Execute       set_default_model Bytes2MultiPixStream_Pipeline_VITIS_LOOP_1157_11 
Execute       cdfg_preprocess -model Bytes2MultiPixStream_Pipeline_VITIS_LOOP_1157_11 
Execute       rtl_gen_preprocess Bytes2MultiPixStream_Pipeline_VITIS_LOOP_1157_11 
INFO-FLOW: Preprocessing Module: Bytes2MultiPixStream_Pipeline_VITIS_LOOP_954_8 ...
Execute       set_default_model Bytes2MultiPixStream_Pipeline_VITIS_LOOP_954_8 
Execute       cdfg_preprocess -model Bytes2MultiPixStream_Pipeline_VITIS_LOOP_954_8 
Execute       rtl_gen_preprocess Bytes2MultiPixStream_Pipeline_VITIS_LOOP_954_8 
INFO-FLOW: Preprocessing Module: Bytes2MultiPixStream_Pipeline_VITIS_LOOP_862_5 ...
Execute       set_default_model Bytes2MultiPixStream_Pipeline_VITIS_LOOP_862_5 
Execute       cdfg_preprocess -model Bytes2MultiPixStream_Pipeline_VITIS_LOOP_862_5 
Execute       rtl_gen_preprocess Bytes2MultiPixStream_Pipeline_VITIS_LOOP_862_5 
INFO-FLOW: Preprocessing Module: Bytes2MultiPixStream_Pipeline_VITIS_LOOP_755_1 ...
Execute       set_default_model Bytes2MultiPixStream_Pipeline_VITIS_LOOP_755_1 
Execute       cdfg_preprocess -model Bytes2MultiPixStream_Pipeline_VITIS_LOOP_755_1 
Execute       rtl_gen_preprocess Bytes2MultiPixStream_Pipeline_VITIS_LOOP_755_1 
INFO-FLOW: Preprocessing Module: Bytes2MultiPixStream ...
Execute       set_default_model Bytes2MultiPixStream 
Execute       cdfg_preprocess -model Bytes2MultiPixStream 
Execute       rtl_gen_preprocess Bytes2MultiPixStream 
INFO-FLOW: Preprocessing Module: reg<unsigned short> ...
Execute       set_default_model reg<unsigned short> 
Execute       cdfg_preprocess -model reg<unsigned short> 
Execute       rtl_gen_preprocess reg<unsigned short> 
INFO-FLOW: Preprocessing Module: MultiPixStream2AXIvideo_Pipeline_VITIS_LOOP_367_1 ...
Execute       set_default_model MultiPixStream2AXIvideo_Pipeline_VITIS_LOOP_367_1 
Execute       cdfg_preprocess -model MultiPixStream2AXIvideo_Pipeline_VITIS_LOOP_367_1 
Execute       rtl_gen_preprocess MultiPixStream2AXIvideo_Pipeline_VITIS_LOOP_367_1 
INFO-FLOW: Preprocessing Module: MultiPixStream2AXIvideo_Pipeline_VITIS_LOOP_376_3 ...
Execute       set_default_model MultiPixStream2AXIvideo_Pipeline_VITIS_LOOP_376_3 
Execute       cdfg_preprocess -model MultiPixStream2AXIvideo_Pipeline_VITIS_LOOP_376_3 
Execute       rtl_gen_preprocess MultiPixStream2AXIvideo_Pipeline_VITIS_LOOP_376_3 
INFO-FLOW: Preprocessing Module: MultiPixStream2AXIvideo ...
Execute       set_default_model MultiPixStream2AXIvideo 
Execute       cdfg_preprocess -model MultiPixStream2AXIvideo 
Execute       rtl_gen_preprocess MultiPixStream2AXIvideo 
INFO-FLOW: Preprocessing Module: FrmbufRdHlsDataFlow ...
Execute       set_default_model FrmbufRdHlsDataFlow 
Execute       cdfg_preprocess -model FrmbufRdHlsDataFlow 
Execute       rtl_gen_preprocess FrmbufRdHlsDataFlow 
INFO-FLOW: Preprocessing Module: v_frmbuf_rd ...
Execute       set_default_model v_frmbuf_rd 
Execute       cdfg_preprocess -model v_frmbuf_rd 
Execute       rtl_gen_preprocess v_frmbuf_rd 
INFO-FLOW: Model list for synthesis: AXIMMvideo2Bytes_Pipeline_VITIS_LOOP_625_4 AXIMMvideo2Bytes_Pipeline_VITIS_LOOP_634_5 AXIMMvideo2Bytes_Pipeline_VITIS_LOOP_640_6 AXIMMvideo2Bytes_Pipeline_VITIS_LOOP_591_1 AXIMMvideo2Bytes_Pipeline_VITIS_LOOP_597_2 AXIMMvideo2Bytes_Pipeline_VITIS_LOOP_603_3 AXIMMvideo2Bytes_Pipeline_VITIS_LOOP_660_7 AXIMMvideo2Bytes_Pipeline_VITIS_LOOP_670_8 AXIMMvideo2Bytes Bytes2MultiPixStream_Pipeline_VITIS_LOOP_1772_29 Bytes2MultiPixStream_Pipeline_VITIS_LOOP_1532_26 Bytes2MultiPixStream_Pipeline_VITIS_LOOP_1450_23 Bytes2MultiPixStream_Pipeline_VITIS_LOOP_1398_20 Bytes2MultiPixStream_Pipeline_VITIS_LOOP_1240_17 Bytes2MultiPixStream_Pipeline_VITIS_LOOP_1197_14 Bytes2MultiPixStream_Pipeline_VITIS_LOOP_1157_11 Bytes2MultiPixStream_Pipeline_VITIS_LOOP_954_8 Bytes2MultiPixStream_Pipeline_VITIS_LOOP_862_5 Bytes2MultiPixStream_Pipeline_VITIS_LOOP_755_1 Bytes2MultiPixStream {reg<unsigned short>} MultiPixStream2AXIvideo_Pipeline_VITIS_LOOP_367_1 MultiPixStream2AXIvideo_Pipeline_VITIS_LOOP_376_3 MultiPixStream2AXIvideo FrmbufRdHlsDataFlow v_frmbuf_rd
INFO: [HLS 200-10] ----------------------------------------------------------------
INFO: [HLS 200-42] -- Implementing module 'AXIMMvideo2Bytes_Pipeline_VITIS_LOOP_625_4' 
INFO: [HLS 200-10] ----------------------------------------------------------------
Execute       set_default_model AXIMMvideo2Bytes_Pipeline_VITIS_LOOP_625_4 
Execute       schedule -model AXIMMvideo2Bytes_Pipeline_VITIS_LOOP_625_4 
INFO: [SCHED 204-11] Starting scheduling ...
INFO: [SCHED 204-61] Pipelining loop 'VITIS_LOOP_625_4'.
INFO: [HLS 200-1470] Pipelining result : Target II = 1, Final II = 1, Depth = 3, loop 'VITIS_LOOP_625_4'
INFO: [SCHED 204-11] Finished scheduling.
INFO: [HLS 200-111] Finished Scheduling: CPU user time: 0.05 seconds. CPU system time: 0.01 seconds. Elapsed time: 0.07 seconds; current allocated memory: 529.473 MB.
Execute       syn_report -verbosereport -o /home/serg/Documents/Xilinx/z700_hdmi/HDMI_MIXER/hdmi_mixer.runs/design_1_v_frmbuf_rd_0_0_synth_1/prj/sol/.autopilot/db/AXIMMvideo2Bytes_Pipeline_VITIS_LOOP_625_4.verbose.sched.rpt 
Execute         list_part -family xc7z020-clg400-2 
Execute           ap_family_info -name xc7z020-clg400-2 -data names 
Execute           ap_part_info -quiet -name xc7z020-clg400-2 -data family 
Execute       db_write -o /home/serg/Documents/Xilinx/z700_hdmi/HDMI_MIXER/hdmi_mixer.runs/design_1_v_frmbuf_rd_0_0_synth_1/prj/sol/.autopilot/db/AXIMMvideo2Bytes_Pipeline_VITIS_LOOP_625_4.sched.adb -f 
INFO-FLOW: Finish scheduling AXIMMvideo2Bytes_Pipeline_VITIS_LOOP_625_4.
Execute       set_default_model AXIMMvideo2Bytes_Pipeline_VITIS_LOOP_625_4 
Execute       bind -model AXIMMvideo2Bytes_Pipeline_VITIS_LOOP_625_4 
INFO: [BIND 205-100] Starting micro-architecture generation ...
INFO: [BIND 205-101] Performing variable lifetime analysis.
INFO: [BIND 205-101] Exploring resource sharing.
INFO: [BIND 205-101] Binding ...
INFO: [BIND 205-100] Finished micro-architecture generation.
INFO: [HLS 200-111] Finished Binding: CPU user time: 0.01 seconds. CPU system time: 0 seconds. Elapsed time: 0 seconds; current allocated memory: 529.473 MB.
Execute       syn_report -verbosereport -o /home/serg/Documents/Xilinx/z700_hdmi/HDMI_MIXER/hdmi_mixer.runs/design_1_v_frmbuf_rd_0_0_synth_1/prj/sol/.autopilot/db/AXIMMvideo2Bytes_Pipeline_VITIS_LOOP_625_4.verbose.bind.rpt 
Execute         list_part -family xc7z020-clg400-2 
Execute           ap_family_info -name xc7z020-clg400-2 -data names 
Execute           ap_part_info -quiet -name xc7z020-clg400-2 -data family 
Execute       db_write -o /home/serg/Documents/Xilinx/z700_hdmi/HDMI_MIXER/hdmi_mixer.runs/design_1_v_frmbuf_rd_0_0_synth_1/prj/sol/.autopilot/db/AXIMMvideo2Bytes_Pipeline_VITIS_LOOP_625_4.bind.adb -f 
INFO-FLOW: Finish binding AXIMMvideo2Bytes_Pipeline_VITIS_LOOP_625_4.
INFO: [HLS 200-10] ----------------------------------------------------------------
INFO: [HLS 200-42] -- Implementing module 'AXIMMvideo2Bytes_Pipeline_VITIS_LOOP_634_5' 
INFO: [HLS 200-10] ----------------------------------------------------------------
Execute       set_default_model AXIMMvideo2Bytes_Pipeline_VITIS_LOOP_634_5 
Execute       schedule -model AXIMMvideo2Bytes_Pipeline_VITIS_LOOP_634_5 
INFO: [SCHED 204-11] Starting scheduling ...
INFO: [SCHED 204-61] Pipelining loop 'VITIS_LOOP_634_5'.
INFO: [HLS 200-1470] Pipelining result : Target II = 1, Final II = 1, Depth = 3, loop 'VITIS_LOOP_634_5'
INFO: [SCHED 204-11] Finished scheduling.
INFO: [HLS 200-111] Finished Scheduling: CPU user time: 0.01 seconds. CPU system time: 0.01 seconds. Elapsed time: 0.02 seconds; current allocated memory: 529.719 MB.
Execute       syn_report -verbosereport -o /home/serg/Documents/Xilinx/z700_hdmi/HDMI_MIXER/hdmi_mixer.runs/design_1_v_frmbuf_rd_0_0_synth_1/prj/sol/.autopilot/db/AXIMMvideo2Bytes_Pipeline_VITIS_LOOP_634_5.verbose.sched.rpt 
Execute         list_part -family xc7z020-clg400-2 
Execute           ap_family_info -name xc7z020-clg400-2 -data names 
Execute           ap_part_info -quiet -name xc7z020-clg400-2 -data family 
Execute       db_write -o /home/serg/Documents/Xilinx/z700_hdmi/HDMI_MIXER/hdmi_mixer.runs/design_1_v_frmbuf_rd_0_0_synth_1/prj/sol/.autopilot/db/AXIMMvideo2Bytes_Pipeline_VITIS_LOOP_634_5.sched.adb -f 
INFO-FLOW: Finish scheduling AXIMMvideo2Bytes_Pipeline_VITIS_LOOP_634_5.
Execute       set_default_model AXIMMvideo2Bytes_Pipeline_VITIS_LOOP_634_5 
Execute       bind -model AXIMMvideo2Bytes_Pipeline_VITIS_LOOP_634_5 
INFO: [BIND 205-100] Starting micro-architecture generation ...
INFO: [BIND 205-101] Performing variable lifetime analysis.
INFO: [BIND 205-101] Exploring resource sharing.
INFO: [BIND 205-101] Binding ...
INFO: [BIND 205-100] Finished micro-architecture generation.
INFO: [HLS 200-111] Finished Binding: CPU user time: 0 seconds. CPU system time: 0 seconds. Elapsed time: 0 seconds; current allocated memory: 529.719 MB.
Execute       syn_report -verbosereport -o /home/serg/Documents/Xilinx/z700_hdmi/HDMI_MIXER/hdmi_mixer.runs/design_1_v_frmbuf_rd_0_0_synth_1/prj/sol/.autopilot/db/AXIMMvideo2Bytes_Pipeline_VITIS_LOOP_634_5.verbose.bind.rpt 
Execute         list_part -family xc7z020-clg400-2 
Execute           ap_family_info -name xc7z020-clg400-2 -data names 
Execute           ap_part_info -quiet -name xc7z020-clg400-2 -data family 
Execute       db_write -o /home/serg/Documents/Xilinx/z700_hdmi/HDMI_MIXER/hdmi_mixer.runs/design_1_v_frmbuf_rd_0_0_synth_1/prj/sol/.autopilot/db/AXIMMvideo2Bytes_Pipeline_VITIS_LOOP_634_5.bind.adb -f 
INFO-FLOW: Finish binding AXIMMvideo2Bytes_Pipeline_VITIS_LOOP_634_5.
INFO: [HLS 200-10] ----------------------------------------------------------------
INFO: [HLS 200-42] -- Implementing module 'AXIMMvideo2Bytes_Pipeline_VITIS_LOOP_640_6' 
INFO: [HLS 200-10] ----------------------------------------------------------------
Execute       set_default_model AXIMMvideo2Bytes_Pipeline_VITIS_LOOP_640_6 
Execute       schedule -model AXIMMvideo2Bytes_Pipeline_VITIS_LOOP_640_6 
INFO: [SCHED 204-11] Starting scheduling ...
INFO: [SCHED 204-61] Pipelining loop 'VITIS_LOOP_640_6'.
INFO: [HLS 200-1470] Pipelining result : Target II = 1, Final II = 1, Depth = 3, loop 'VITIS_LOOP_640_6'
INFO: [SCHED 204-11] Finished scheduling.
INFO: [HLS 200-111] Finished Scheduling: CPU user time: 0.01 seconds. CPU system time: 0 seconds. Elapsed time: 0.01 seconds; current allocated memory: 530.000 MB.
Execute       syn_report -verbosereport -o /home/serg/Documents/Xilinx/z700_hdmi/HDMI_MIXER/hdmi_mixer.runs/design_1_v_frmbuf_rd_0_0_synth_1/prj/sol/.autopilot/db/AXIMMvideo2Bytes_Pipeline_VITIS_LOOP_640_6.verbose.sched.rpt 
Execute         list_part -family xc7z020-clg400-2 
Execute           ap_family_info -name xc7z020-clg400-2 -data names 
Execute           ap_part_info -quiet -name xc7z020-clg400-2 -data family 
Execute       db_write -o /home/serg/Documents/Xilinx/z700_hdmi/HDMI_MIXER/hdmi_mixer.runs/design_1_v_frmbuf_rd_0_0_synth_1/prj/sol/.autopilot/db/AXIMMvideo2Bytes_Pipeline_VITIS_LOOP_640_6.sched.adb -f 
INFO-FLOW: Finish scheduling AXIMMvideo2Bytes_Pipeline_VITIS_LOOP_640_6.
Execute       set_default_model AXIMMvideo2Bytes_Pipeline_VITIS_LOOP_640_6 
Execute       bind -model AXIMMvideo2Bytes_Pipeline_VITIS_LOOP_640_6 
INFO: [BIND 205-100] Starting micro-architecture generation ...
INFO: [BIND 205-101] Performing variable lifetime analysis.
INFO: [BIND 205-101] Exploring resource sharing.
INFO: [BIND 205-101] Binding ...
INFO: [BIND 205-100] Finished micro-architecture generation.
INFO: [HLS 200-111] Finished Binding: CPU user time: 0.01 seconds. CPU system time: 0 seconds. Elapsed time: 0.01 seconds; current allocated memory: 530.000 MB.
Execute       syn_report -verbosereport -o /home/serg/Documents/Xilinx/z700_hdmi/HDMI_MIXER/hdmi_mixer.runs/design_1_v_frmbuf_rd_0_0_synth_1/prj/sol/.autopilot/db/AXIMMvideo2Bytes_Pipeline_VITIS_LOOP_640_6.verbose.bind.rpt 
Execute         list_part -family xc7z020-clg400-2 
Execute           ap_family_info -name xc7z020-clg400-2 -data names 
Execute           ap_part_info -quiet -name xc7z020-clg400-2 -data family 
Execute       db_write -o /home/serg/Documents/Xilinx/z700_hdmi/HDMI_MIXER/hdmi_mixer.runs/design_1_v_frmbuf_rd_0_0_synth_1/prj/sol/.autopilot/db/AXIMMvideo2Bytes_Pipeline_VITIS_LOOP_640_6.bind.adb -f 
INFO-FLOW: Finish binding AXIMMvideo2Bytes_Pipeline_VITIS_LOOP_640_6.
INFO: [HLS 200-10] ----------------------------------------------------------------
INFO: [HLS 200-42] -- Implementing module 'AXIMMvideo2Bytes_Pipeline_VITIS_LOOP_591_1' 
INFO: [HLS 200-10] ----------------------------------------------------------------
Execute       set_default_model AXIMMvideo2Bytes_Pipeline_VITIS_LOOP_591_1 
Execute       schedule -model AXIMMvideo2Bytes_Pipeline_VITIS_LOOP_591_1 
INFO: [SCHED 204-11] Starting scheduling ...
INFO: [SCHED 204-61] Pipelining loop 'VITIS_LOOP_591_1'.
INFO: [HLS 200-1470] Pipelining result : Target II = 1, Final II = 1, Depth = 3, loop 'VITIS_LOOP_591_1'
INFO: [SCHED 204-11] Finished scheduling.
INFO: [HLS 200-111] Finished Scheduling: CPU user time: 0.01 seconds. CPU system time: 0 seconds. Elapsed time: 0.01 seconds; current allocated memory: 530.246 MB.
Execute       syn_report -verbosereport -o /home/serg/Documents/Xilinx/z700_hdmi/HDMI_MIXER/hdmi_mixer.runs/design_1_v_frmbuf_rd_0_0_synth_1/prj/sol/.autopilot/db/AXIMMvideo2Bytes_Pipeline_VITIS_LOOP_591_1.verbose.sched.rpt 
Execute         list_part -family xc7z020-clg400-2 
Execute           ap_family_info -name xc7z020-clg400-2 -data names 
Execute           ap_part_info -quiet -name xc7z020-clg400-2 -data family 
Execute       db_write -o /home/serg/Documents/Xilinx/z700_hdmi/HDMI_MIXER/hdmi_mixer.runs/design_1_v_frmbuf_rd_0_0_synth_1/prj/sol/.autopilot/db/AXIMMvideo2Bytes_Pipeline_VITIS_LOOP_591_1.sched.adb -f 
INFO-FLOW: Finish scheduling AXIMMvideo2Bytes_Pipeline_VITIS_LOOP_591_1.
Execute       set_default_model AXIMMvideo2Bytes_Pipeline_VITIS_LOOP_591_1 
Execute       bind -model AXIMMvideo2Bytes_Pipeline_VITIS_LOOP_591_1 
INFO: [BIND 205-100] Starting micro-architecture generation ...
INFO: [BIND 205-101] Performing variable lifetime analysis.
INFO: [BIND 205-101] Exploring resource sharing.
INFO: [BIND 205-101] Binding ...
INFO: [BIND 205-100] Finished micro-architecture generation.
INFO: [HLS 200-111] Finished Binding: CPU user time: 0.01 seconds. CPU system time: 0 seconds. Elapsed time: 0.01 seconds; current allocated memory: 530.246 MB.
Execute       syn_report -verbosereport -o /home/serg/Documents/Xilinx/z700_hdmi/HDMI_MIXER/hdmi_mixer.runs/design_1_v_frmbuf_rd_0_0_synth_1/prj/sol/.autopilot/db/AXIMMvideo2Bytes_Pipeline_VITIS_LOOP_591_1.verbose.bind.rpt 
Execute         list_part -family xc7z020-clg400-2 
Execute           ap_family_info -name xc7z020-clg400-2 -data names 
Execute           ap_part_info -quiet -name xc7z020-clg400-2 -data family 
Execute       db_write -o /home/serg/Documents/Xilinx/z700_hdmi/HDMI_MIXER/hdmi_mixer.runs/design_1_v_frmbuf_rd_0_0_synth_1/prj/sol/.autopilot/db/AXIMMvideo2Bytes_Pipeline_VITIS_LOOP_591_1.bind.adb -f 
INFO-FLOW: Finish binding AXIMMvideo2Bytes_Pipeline_VITIS_LOOP_591_1.
INFO: [HLS 200-10] ----------------------------------------------------------------
INFO: [HLS 200-42] -- Implementing module 'AXIMMvideo2Bytes_Pipeline_VITIS_LOOP_597_2' 
INFO: [HLS 200-10] ----------------------------------------------------------------
Execute       set_default_model AXIMMvideo2Bytes_Pipeline_VITIS_LOOP_597_2 
Execute       schedule -model AXIMMvideo2Bytes_Pipeline_VITIS_LOOP_597_2 
INFO: [SCHED 204-11] Starting scheduling ...
INFO: [SCHED 204-61] Pipelining loop 'VITIS_LOOP_597_2'.
INFO: [HLS 200-1470] Pipelining result : Target II = 1, Final II = 1, Depth = 3, loop 'VITIS_LOOP_597_2'
INFO: [SCHED 204-11] Finished scheduling.
INFO: [HLS 200-111] Finished Scheduling: CPU user time: 0.01 seconds. CPU system time: 0 seconds. Elapsed time: 0.01 seconds; current allocated memory: 530.523 MB.
Execute       syn_report -verbosereport -o /home/serg/Documents/Xilinx/z700_hdmi/HDMI_MIXER/hdmi_mixer.runs/design_1_v_frmbuf_rd_0_0_synth_1/prj/sol/.autopilot/db/AXIMMvideo2Bytes_Pipeline_VITIS_LOOP_597_2.verbose.sched.rpt 
Execute         list_part -family xc7z020-clg400-2 
Execute           ap_family_info -name xc7z020-clg400-2 -data names 
Execute           ap_part_info -quiet -name xc7z020-clg400-2 -data family 
Execute       db_write -o /home/serg/Documents/Xilinx/z700_hdmi/HDMI_MIXER/hdmi_mixer.runs/design_1_v_frmbuf_rd_0_0_synth_1/prj/sol/.autopilot/db/AXIMMvideo2Bytes_Pipeline_VITIS_LOOP_597_2.sched.adb -f 
INFO-FLOW: Finish scheduling AXIMMvideo2Bytes_Pipeline_VITIS_LOOP_597_2.
Execute       set_default_model AXIMMvideo2Bytes_Pipeline_VITIS_LOOP_597_2 
Execute       bind -model AXIMMvideo2Bytes_Pipeline_VITIS_LOOP_597_2 
INFO: [BIND 205-100] Starting micro-architecture generation ...
INFO: [BIND 205-101] Performing variable lifetime analysis.
INFO: [BIND 205-101] Exploring resource sharing.
INFO: [BIND 205-101] Binding ...
INFO: [BIND 205-100] Finished micro-architecture generation.
INFO: [HLS 200-111] Finished Binding: CPU user time: 0 seconds. CPU system time: 0 seconds. Elapsed time: 0 seconds; current allocated memory: 530.523 MB.
Execute       syn_report -verbosereport -o /home/serg/Documents/Xilinx/z700_hdmi/HDMI_MIXER/hdmi_mixer.runs/design_1_v_frmbuf_rd_0_0_synth_1/prj/sol/.autopilot/db/AXIMMvideo2Bytes_Pipeline_VITIS_LOOP_597_2.verbose.bind.rpt 
Execute         list_part -family xc7z020-clg400-2 
Execute           ap_family_info -name xc7z020-clg400-2 -data names 
Execute           ap_part_info -quiet -name xc7z020-clg400-2 -data family 
Execute       db_write -o /home/serg/Documents/Xilinx/z700_hdmi/HDMI_MIXER/hdmi_mixer.runs/design_1_v_frmbuf_rd_0_0_synth_1/prj/sol/.autopilot/db/AXIMMvideo2Bytes_Pipeline_VITIS_LOOP_597_2.bind.adb -f 
INFO-FLOW: Finish binding AXIMMvideo2Bytes_Pipeline_VITIS_LOOP_597_2.
INFO: [HLS 200-10] ----------------------------------------------------------------
INFO: [HLS 200-42] -- Implementing module 'AXIMMvideo2Bytes_Pipeline_VITIS_LOOP_603_3' 
INFO: [HLS 200-10] ----------------------------------------------------------------
Execute       set_default_model AXIMMvideo2Bytes_Pipeline_VITIS_LOOP_603_3 
Execute       schedule -model AXIMMvideo2Bytes_Pipeline_VITIS_LOOP_603_3 
INFO: [SCHED 204-11] Starting scheduling ...
INFO: [SCHED 204-61] Pipelining loop 'VITIS_LOOP_603_3'.
INFO: [HLS 200-1470] Pipelining result : Target II = 1, Final II = 1, Depth = 3, loop 'VITIS_LOOP_603_3'
INFO: [SCHED 204-11] Finished scheduling.
INFO: [HLS 200-111] Finished Scheduling: CPU user time: 0.01 seconds. CPU system time: 0 seconds. Elapsed time: 0.02 seconds; current allocated memory: 530.773 MB.
Execute       syn_report -verbosereport -o /home/serg/Documents/Xilinx/z700_hdmi/HDMI_MIXER/hdmi_mixer.runs/design_1_v_frmbuf_rd_0_0_synth_1/prj/sol/.autopilot/db/AXIMMvideo2Bytes_Pipeline_VITIS_LOOP_603_3.verbose.sched.rpt 
Execute         list_part -family xc7z020-clg400-2 
Execute           ap_family_info -name xc7z020-clg400-2 -data names 
Execute           ap_part_info -quiet -name xc7z020-clg400-2 -data family 
Execute       db_write -o /home/serg/Documents/Xilinx/z700_hdmi/HDMI_MIXER/hdmi_mixer.runs/design_1_v_frmbuf_rd_0_0_synth_1/prj/sol/.autopilot/db/AXIMMvideo2Bytes_Pipeline_VITIS_LOOP_603_3.sched.adb -f 
INFO-FLOW: Finish scheduling AXIMMvideo2Bytes_Pipeline_VITIS_LOOP_603_3.
Execute       set_default_model AXIMMvideo2Bytes_Pipeline_VITIS_LOOP_603_3 
Execute       bind -model AXIMMvideo2Bytes_Pipeline_VITIS_LOOP_603_3 
INFO: [BIND 205-100] Starting micro-architecture generation ...
INFO: [BIND 205-101] Performing variable lifetime analysis.
INFO: [BIND 205-101] Exploring resource sharing.
INFO: [BIND 205-101] Binding ...
INFO: [BIND 205-100] Finished micro-architecture generation.
INFO: [HLS 200-111] Finished Binding: CPU user time: 0.01 seconds. CPU system time: 0 seconds. Elapsed time: 0 seconds; current allocated memory: 530.773 MB.
Execute       syn_report -verbosereport -o /home/serg/Documents/Xilinx/z700_hdmi/HDMI_MIXER/hdmi_mixer.runs/design_1_v_frmbuf_rd_0_0_synth_1/prj/sol/.autopilot/db/AXIMMvideo2Bytes_Pipeline_VITIS_LOOP_603_3.verbose.bind.rpt 
Execute         list_part -family xc7z020-clg400-2 
Execute           ap_family_info -name xc7z020-clg400-2 -data names 
Execute           ap_part_info -quiet -name xc7z020-clg400-2 -data family 
Execute       db_write -o /home/serg/Documents/Xilinx/z700_hdmi/HDMI_MIXER/hdmi_mixer.runs/design_1_v_frmbuf_rd_0_0_synth_1/prj/sol/.autopilot/db/AXIMMvideo2Bytes_Pipeline_VITIS_LOOP_603_3.bind.adb -f 
INFO-FLOW: Finish binding AXIMMvideo2Bytes_Pipeline_VITIS_LOOP_603_3.
INFO: [HLS 200-10] ----------------------------------------------------------------
INFO: [HLS 200-42] -- Implementing module 'AXIMMvideo2Bytes_Pipeline_VITIS_LOOP_660_7' 
INFO: [HLS 200-10] ----------------------------------------------------------------
Execute       set_default_model AXIMMvideo2Bytes_Pipeline_VITIS_LOOP_660_7 
Execute       schedule -model AXIMMvideo2Bytes_Pipeline_VITIS_LOOP_660_7 
INFO: [SCHED 204-11] Starting scheduling ...
INFO: [SCHED 204-61] Pipelining loop 'VITIS_LOOP_660_7'.
INFO: [HLS 200-1470] Pipelining result : Target II = 1, Final II = 1, Depth = 3, loop 'VITIS_LOOP_660_7'
INFO: [SCHED 204-11] Finished scheduling.
INFO: [HLS 200-111] Finished Scheduling: CPU user time: 0.01 seconds. CPU system time: 0 seconds. Elapsed time: 0.01 seconds; current allocated memory: 531.051 MB.
Execute       syn_report -verbosereport -o /home/serg/Documents/Xilinx/z700_hdmi/HDMI_MIXER/hdmi_mixer.runs/design_1_v_frmbuf_rd_0_0_synth_1/prj/sol/.autopilot/db/AXIMMvideo2Bytes_Pipeline_VITIS_LOOP_660_7.verbose.sched.rpt 
Execute         list_part -family xc7z020-clg400-2 
Execute           ap_family_info -name xc7z020-clg400-2 -data names 
Execute           ap_part_info -quiet -name xc7z020-clg400-2 -data family 
Execute       db_write -o /home/serg/Documents/Xilinx/z700_hdmi/HDMI_MIXER/hdmi_mixer.runs/design_1_v_frmbuf_rd_0_0_synth_1/prj/sol/.autopilot/db/AXIMMvideo2Bytes_Pipeline_VITIS_LOOP_660_7.sched.adb -f 
INFO-FLOW: Finish scheduling AXIMMvideo2Bytes_Pipeline_VITIS_LOOP_660_7.
Execute       set_default_model AXIMMvideo2Bytes_Pipeline_VITIS_LOOP_660_7 
Execute       bind -model AXIMMvideo2Bytes_Pipeline_VITIS_LOOP_660_7 
INFO: [BIND 205-100] Starting micro-architecture generation ...
INFO: [BIND 205-101] Performing variable lifetime analysis.
INFO: [BIND 205-101] Exploring resource sharing.
INFO: [BIND 205-101] Binding ...
INFO: [BIND 205-100] Finished micro-architecture generation.
INFO: [HLS 200-111] Finished Binding: CPU user time: 0 seconds. CPU system time: 0 seconds. Elapsed time: 0.01 seconds; current allocated memory: 531.051 MB.
Execute       syn_report -verbosereport -o /home/serg/Documents/Xilinx/z700_hdmi/HDMI_MIXER/hdmi_mixer.runs/design_1_v_frmbuf_rd_0_0_synth_1/prj/sol/.autopilot/db/AXIMMvideo2Bytes_Pipeline_VITIS_LOOP_660_7.verbose.bind.rpt 
Execute         list_part -family xc7z020-clg400-2 
Execute           ap_family_info -name xc7z020-clg400-2 -data names 
Execute           ap_part_info -quiet -name xc7z020-clg400-2 -data family 
Execute       db_write -o /home/serg/Documents/Xilinx/z700_hdmi/HDMI_MIXER/hdmi_mixer.runs/design_1_v_frmbuf_rd_0_0_synth_1/prj/sol/.autopilot/db/AXIMMvideo2Bytes_Pipeline_VITIS_LOOP_660_7.bind.adb -f 
INFO-FLOW: Finish binding AXIMMvideo2Bytes_Pipeline_VITIS_LOOP_660_7.
INFO: [HLS 200-10] ----------------------------------------------------------------
INFO: [HLS 200-42] -- Implementing module 'AXIMMvideo2Bytes_Pipeline_VITIS_LOOP_670_8' 
INFO: [HLS 200-10] ----------------------------------------------------------------
Execute       set_default_model AXIMMvideo2Bytes_Pipeline_VITIS_LOOP_670_8 
Execute       schedule -model AXIMMvideo2Bytes_Pipeline_VITIS_LOOP_670_8 
INFO: [SCHED 204-11] Starting scheduling ...
INFO: [SCHED 204-61] Pipelining loop 'VITIS_LOOP_670_8'.
INFO: [HLS 200-1470] Pipelining result : Target II = 1, Final II = 1, Depth = 3, loop 'VITIS_LOOP_670_8'
INFO: [SCHED 204-11] Finished scheduling.
INFO: [HLS 200-111] Finished Scheduling: CPU user time: 0.01 seconds. CPU system time: 0 seconds. Elapsed time: 0.01 seconds; current allocated memory: 531.297 MB.
Execute       syn_report -verbosereport -o /home/serg/Documents/Xilinx/z700_hdmi/HDMI_MIXER/hdmi_mixer.runs/design_1_v_frmbuf_rd_0_0_synth_1/prj/sol/.autopilot/db/AXIMMvideo2Bytes_Pipeline_VITIS_LOOP_670_8.verbose.sched.rpt 
Execute         list_part -family xc7z020-clg400-2 
Execute           ap_family_info -name xc7z020-clg400-2 -data names 
Execute           ap_part_info -quiet -name xc7z020-clg400-2 -data family 
Execute       db_write -o /home/serg/Documents/Xilinx/z700_hdmi/HDMI_MIXER/hdmi_mixer.runs/design_1_v_frmbuf_rd_0_0_synth_1/prj/sol/.autopilot/db/AXIMMvideo2Bytes_Pipeline_VITIS_LOOP_670_8.sched.adb -f 
INFO-FLOW: Finish scheduling AXIMMvideo2Bytes_Pipeline_VITIS_LOOP_670_8.
Execute       set_default_model AXIMMvideo2Bytes_Pipeline_VITIS_LOOP_670_8 
Execute       bind -model AXIMMvideo2Bytes_Pipeline_VITIS_LOOP_670_8 
INFO: [BIND 205-100] Starting micro-architecture generation ...
INFO: [BIND 205-101] Performing variable lifetime analysis.
INFO: [BIND 205-101] Exploring resource sharing.
INFO: [BIND 205-101] Binding ...
INFO: [BIND 205-100] Finished micro-architecture generation.
INFO: [HLS 200-111] Finished Binding: CPU user time: 0.01 seconds. CPU system time: 0.01 seconds. Elapsed time: 0.01 seconds; current allocated memory: 531.297 MB.
Execute       syn_report -verbosereport -o /home/serg/Documents/Xilinx/z700_hdmi/HDMI_MIXER/hdmi_mixer.runs/design_1_v_frmbuf_rd_0_0_synth_1/prj/sol/.autopilot/db/AXIMMvideo2Bytes_Pipeline_VITIS_LOOP_670_8.verbose.bind.rpt 
Execute         list_part -family xc7z020-clg400-2 
Execute           ap_family_info -name xc7z020-clg400-2 -data names 
Execute           ap_part_info -quiet -name xc7z020-clg400-2 -data family 
Execute       db_write -o /home/serg/Documents/Xilinx/z700_hdmi/HDMI_MIXER/hdmi_mixer.runs/design_1_v_frmbuf_rd_0_0_synth_1/prj/sol/.autopilot/db/AXIMMvideo2Bytes_Pipeline_VITIS_LOOP_670_8.bind.adb -f 
INFO-FLOW: Finish binding AXIMMvideo2Bytes_Pipeline_VITIS_LOOP_670_8.
INFO: [HLS 200-10] ----------------------------------------------------------------
INFO: [HLS 200-42] -- Implementing module 'AXIMMvideo2Bytes' 
INFO: [HLS 200-10] ----------------------------------------------------------------
Execute       set_default_model AXIMMvideo2Bytes 
Execute       schedule -model AXIMMvideo2Bytes 
INFO: [SCHED 204-11] Starting scheduling ...
INFO: [SCHED 204-11] Finished scheduling.
INFO: [HLS 200-111] Finished Scheduling: CPU user time: 0.05 seconds. CPU system time: 0 seconds. Elapsed time: 0.05 seconds; current allocated memory: 534.309 MB.
Execute       syn_report -verbosereport -o /home/serg/Documents/Xilinx/z700_hdmi/HDMI_MIXER/hdmi_mixer.runs/design_1_v_frmbuf_rd_0_0_synth_1/prj/sol/.autopilot/db/AXIMMvideo2Bytes.verbose.sched.rpt 
Execute         list_part -family xc7z020-clg400-2 
Execute           ap_family_info -name xc7z020-clg400-2 -data names 
Execute           ap_part_info -quiet -name xc7z020-clg400-2 -data family 
Execute       db_write -o /home/serg/Documents/Xilinx/z700_hdmi/HDMI_MIXER/hdmi_mixer.runs/design_1_v_frmbuf_rd_0_0_synth_1/prj/sol/.autopilot/db/AXIMMvideo2Bytes.sched.adb -f 
INFO-FLOW: Finish scheduling AXIMMvideo2Bytes.
Execute       set_default_model AXIMMvideo2Bytes 
Execute       bind -model AXIMMvideo2Bytes 
INFO: [BIND 205-100] Starting micro-architecture generation ...
INFO: [BIND 205-101] Performing variable lifetime analysis.
INFO: [BIND 205-101] Exploring resource sharing.
INFO: [BIND 205-101] Binding ...
INFO: [BIND 205-100] Finished micro-architecture generation.
Command       bind done; 0.11 sec.
INFO: [HLS 200-111] Finished Binding: CPU user time: 0.19 seconds. CPU system time: 0 seconds. Elapsed time: 0.19 seconds; current allocated memory: 538.859 MB.
Execute       syn_report -verbosereport -o /home/serg/Documents/Xilinx/z700_hdmi/HDMI_MIXER/hdmi_mixer.runs/design_1_v_frmbuf_rd_0_0_synth_1/prj/sol/.autopilot/db/AXIMMvideo2Bytes.verbose.bind.rpt 
Execute         list_part -family xc7z020-clg400-2 
Execute           ap_family_info -name xc7z020-clg400-2 -data names 
Execute           ap_part_info -quiet -name xc7z020-clg400-2 -data family 
Execute       db_write -o /home/serg/Documents/Xilinx/z700_hdmi/HDMI_MIXER/hdmi_mixer.runs/design_1_v_frmbuf_rd_0_0_synth_1/prj/sol/.autopilot/db/AXIMMvideo2Bytes.bind.adb -f 
INFO-FLOW: Finish binding AXIMMvideo2Bytes.
INFO: [HLS 200-10] ----------------------------------------------------------------
INFO: [HLS 200-42] -- Implementing module 'Bytes2MultiPixStream_Pipeline_VITIS_LOOP_1772_29' 
INFO: [HLS 200-10] ----------------------------------------------------------------
Execute       set_default_model Bytes2MultiPixStream_Pipeline_VITIS_LOOP_1772_29 
Execute       schedule -model Bytes2MultiPixStream_Pipeline_VITIS_LOOP_1772_29 
INFO: [SCHED 204-11] Starting scheduling ...
INFO: [SCHED 204-61] Pipelining loop 'VITIS_LOOP_1772_29'.
INFO: [HLS 200-1470] Pipelining result : Target II = 2, Final II = 2, Depth = 3, loop 'VITIS_LOOP_1772_29'
INFO: [SCHED 204-11] Finished scheduling.
INFO: [HLS 200-111] Finished Scheduling: CPU user time: 0.08 seconds. CPU system time: 0 seconds. Elapsed time: 0.08 seconds; current allocated memory: 540.293 MB.
Execute       syn_report -verbosereport -o /home/serg/Documents/Xilinx/z700_hdmi/HDMI_MIXER/hdmi_mixer.runs/design_1_v_frmbuf_rd_0_0_synth_1/prj/sol/.autopilot/db/Bytes2MultiPixStream_Pipeline_VITIS_LOOP_1772_29.verbose.sched.rpt 
Execute         list_part -family xc7z020-clg400-2 
Execute           ap_family_info -name xc7z020-clg400-2 -data names 
Execute           ap_part_info -quiet -name xc7z020-clg400-2 -data family 
Execute       db_write -o /home/serg/Documents/Xilinx/z700_hdmi/HDMI_MIXER/hdmi_mixer.runs/design_1_v_frmbuf_rd_0_0_synth_1/prj/sol/.autopilot/db/Bytes2MultiPixStream_Pipeline_VITIS_LOOP_1772_29.sched.adb -f 
INFO-FLOW: Finish scheduling Bytes2MultiPixStream_Pipeline_VITIS_LOOP_1772_29.
Execute       set_default_model Bytes2MultiPixStream_Pipeline_VITIS_LOOP_1772_29 
Execute       bind -model Bytes2MultiPixStream_Pipeline_VITIS_LOOP_1772_29 
INFO: [BIND 205-100] Starting micro-architecture generation ...
INFO: [BIND 205-101] Performing variable lifetime analysis.
INFO: [BIND 205-101] Exploring resource sharing.
INFO: [BIND 205-101] Binding ...
INFO: [BIND 205-100] Finished micro-architecture generation.
INFO: [HLS 200-111] Finished Binding: CPU user time: 0 seconds. CPU system time: 0 seconds. Elapsed time: 0.01 seconds; current allocated memory: 540.293 MB.
Execute       syn_report -verbosereport -o /home/serg/Documents/Xilinx/z700_hdmi/HDMI_MIXER/hdmi_mixer.runs/design_1_v_frmbuf_rd_0_0_synth_1/prj/sol/.autopilot/db/Bytes2MultiPixStream_Pipeline_VITIS_LOOP_1772_29.verbose.bind.rpt 
Execute         list_part -family xc7z020-clg400-2 
Execute           ap_family_info -name xc7z020-clg400-2 -data names 
Execute           ap_part_info -quiet -name xc7z020-clg400-2 -data family 
Execute       db_write -o /home/serg/Documents/Xilinx/z700_hdmi/HDMI_MIXER/hdmi_mixer.runs/design_1_v_frmbuf_rd_0_0_synth_1/prj/sol/.autopilot/db/Bytes2MultiPixStream_Pipeline_VITIS_LOOP_1772_29.bind.adb -f 
INFO-FLOW: Finish binding Bytes2MultiPixStream_Pipeline_VITIS_LOOP_1772_29.
INFO: [HLS 200-10] ----------------------------------------------------------------
INFO: [HLS 200-42] -- Implementing module 'Bytes2MultiPixStream_Pipeline_VITIS_LOOP_1532_26' 
INFO: [HLS 200-10] ----------------------------------------------------------------
Execute       set_default_model Bytes2MultiPixStream_Pipeline_VITIS_LOOP_1532_26 
Execute       schedule -model Bytes2MultiPixStream_Pipeline_VITIS_LOOP_1532_26 
INFO: [SCHED 204-11] Starting scheduling ...
INFO: [SCHED 204-61] Pipelining loop 'VITIS_LOOP_1532_26'.
INFO: [HLS 200-1470] Pipelining result : Target II = 8, Final II = 8, Depth = 9, loop 'VITIS_LOOP_1532_26'
INFO: [SCHED 204-11] Finished scheduling.
INFO: [HLS 200-111] Finished Scheduling: CPU user time: 0.02 seconds. CPU system time: 0 seconds. Elapsed time: 0.02 seconds; current allocated memory: 541.523 MB.
Execute       syn_report -verbosereport -o /home/serg/Documents/Xilinx/z700_hdmi/HDMI_MIXER/hdmi_mixer.runs/design_1_v_frmbuf_rd_0_0_synth_1/prj/sol/.autopilot/db/Bytes2MultiPixStream_Pipeline_VITIS_LOOP_1532_26.verbose.sched.rpt 
Execute         list_part -family xc7z020-clg400-2 
Execute           ap_family_info -name xc7z020-clg400-2 -data names 
Execute           ap_part_info -quiet -name xc7z020-clg400-2 -data family 
Execute       db_write -o /home/serg/Documents/Xilinx/z700_hdmi/HDMI_MIXER/hdmi_mixer.runs/design_1_v_frmbuf_rd_0_0_synth_1/prj/sol/.autopilot/db/Bytes2MultiPixStream_Pipeline_VITIS_LOOP_1532_26.sched.adb -f 
INFO-FLOW: Finish scheduling Bytes2MultiPixStream_Pipeline_VITIS_LOOP_1532_26.
Execute       set_default_model Bytes2MultiPixStream_Pipeline_VITIS_LOOP_1532_26 
Execute       bind -model Bytes2MultiPixStream_Pipeline_VITIS_LOOP_1532_26 
INFO: [BIND 205-100] Starting micro-architecture generation ...
INFO: [BIND 205-101] Performing variable lifetime analysis.
INFO: [BIND 205-101] Exploring resource sharing.
INFO: [BIND 205-101] Binding ...
INFO: [BIND 205-100] Finished micro-architecture generation.
INFO: [HLS 200-111] Finished Binding: CPU user time: 0 seconds. CPU system time: 0 seconds. Elapsed time: 0.01 seconds; current allocated memory: 541.523 MB.
Execute       syn_report -verbosereport -o /home/serg/Documents/Xilinx/z700_hdmi/HDMI_MIXER/hdmi_mixer.runs/design_1_v_frmbuf_rd_0_0_synth_1/prj/sol/.autopilot/db/Bytes2MultiPixStream_Pipeline_VITIS_LOOP_1532_26.verbose.bind.rpt 
Execute         list_part -family xc7z020-clg400-2 
Execute           ap_family_info -name xc7z020-clg400-2 -data names 
Execute           ap_part_info -quiet -name xc7z020-clg400-2 -data family 
Execute       db_write -o /home/serg/Documents/Xilinx/z700_hdmi/HDMI_MIXER/hdmi_mixer.runs/design_1_v_frmbuf_rd_0_0_synth_1/prj/sol/.autopilot/db/Bytes2MultiPixStream_Pipeline_VITIS_LOOP_1532_26.bind.adb -f 
INFO-FLOW: Finish binding Bytes2MultiPixStream_Pipeline_VITIS_LOOP_1532_26.
INFO: [HLS 200-10] ----------------------------------------------------------------
INFO: [HLS 200-42] -- Implementing module 'Bytes2MultiPixStream_Pipeline_VITIS_LOOP_1450_23' 
INFO: [HLS 200-10] ----------------------------------------------------------------
Execute       set_default_model Bytes2MultiPixStream_Pipeline_VITIS_LOOP_1450_23 
Execute       schedule -model Bytes2MultiPixStream_Pipeline_VITIS_LOOP_1450_23 
INFO: [SCHED 204-11] Starting scheduling ...
INFO: [SCHED 204-61] Pipelining loop 'VITIS_LOOP_1450_23'.
INFO: [HLS 200-1470] Pipelining result : Target II = 2, Final II = 2, Depth = 3, loop 'VITIS_LOOP_1450_23'
INFO: [SCHED 204-11] Finished scheduling.
INFO: [HLS 200-111] Finished Scheduling: CPU user time: 0.02 seconds. CPU system time: 0 seconds. Elapsed time: 0.02 seconds; current allocated memory: 541.523 MB.
Execute       syn_report -verbosereport -o /home/serg/Documents/Xilinx/z700_hdmi/HDMI_MIXER/hdmi_mixer.runs/design_1_v_frmbuf_rd_0_0_synth_1/prj/sol/.autopilot/db/Bytes2MultiPixStream_Pipeline_VITIS_LOOP_1450_23.verbose.sched.rpt 
Execute         list_part -family xc7z020-clg400-2 
Execute           ap_family_info -name xc7z020-clg400-2 -data names 
Execute           ap_part_info -quiet -name xc7z020-clg400-2 -data family 
Execute       db_write -o /home/serg/Documents/Xilinx/z700_hdmi/HDMI_MIXER/hdmi_mixer.runs/design_1_v_frmbuf_rd_0_0_synth_1/prj/sol/.autopilot/db/Bytes2MultiPixStream_Pipeline_VITIS_LOOP_1450_23.sched.adb -f 
INFO-FLOW: Finish scheduling Bytes2MultiPixStream_Pipeline_VITIS_LOOP_1450_23.
Execute       set_default_model Bytes2MultiPixStream_Pipeline_VITIS_LOOP_1450_23 
Execute       bind -model Bytes2MultiPixStream_Pipeline_VITIS_LOOP_1450_23 
INFO: [BIND 205-100] Starting micro-architecture generation ...
INFO: [BIND 205-101] Performing variable lifetime analysis.
INFO: [BIND 205-101] Exploring resource sharing.
INFO: [BIND 205-101] Binding ...
INFO: [BIND 205-100] Finished micro-architecture generation.
INFO: [HLS 200-111] Finished Binding: CPU user time: 0 seconds. CPU system time: 0.01 seconds. Elapsed time: 0 seconds; current allocated memory: 541.523 MB.
Execute       syn_report -verbosereport -o /home/serg/Documents/Xilinx/z700_hdmi/HDMI_MIXER/hdmi_mixer.runs/design_1_v_frmbuf_rd_0_0_synth_1/prj/sol/.autopilot/db/Bytes2MultiPixStream_Pipeline_VITIS_LOOP_1450_23.verbose.bind.rpt 
Execute         list_part -family xc7z020-clg400-2 
Execute           ap_family_info -name xc7z020-clg400-2 -data names 
Execute           ap_part_info -quiet -name xc7z020-clg400-2 -data family 
Execute       db_write -o /home/serg/Documents/Xilinx/z700_hdmi/HDMI_MIXER/hdmi_mixer.runs/design_1_v_frmbuf_rd_0_0_synth_1/prj/sol/.autopilot/db/Bytes2MultiPixStream_Pipeline_VITIS_LOOP_1450_23.bind.adb -f 
INFO-FLOW: Finish binding Bytes2MultiPixStream_Pipeline_VITIS_LOOP_1450_23.
INFO: [HLS 200-10] ----------------------------------------------------------------
INFO: [HLS 200-42] -- Implementing module 'Bytes2MultiPixStream_Pipeline_VITIS_LOOP_1398_20' 
INFO: [HLS 200-10] ----------------------------------------------------------------
Execute       set_default_model Bytes2MultiPixStream_Pipeline_VITIS_LOOP_1398_20 
Execute       schedule -model Bytes2MultiPixStream_Pipeline_VITIS_LOOP_1398_20 
INFO: [SCHED 204-11] Starting scheduling ...
INFO: [SCHED 204-61] Pipelining loop 'VITIS_LOOP_1398_20'.
INFO: [HLS 200-1470] Pipelining result : Target II = 8, Final II = 8, Depth = 9, loop 'VITIS_LOOP_1398_20'
INFO: [SCHED 204-11] Finished scheduling.
INFO: [HLS 200-111] Finished Scheduling: CPU user time: 0.04 seconds. CPU system time: 0 seconds. Elapsed time: 0.04 seconds; current allocated memory: 542.895 MB.
Execute       syn_report -verbosereport -o /home/serg/Documents/Xilinx/z700_hdmi/HDMI_MIXER/hdmi_mixer.runs/design_1_v_frmbuf_rd_0_0_synth_1/prj/sol/.autopilot/db/Bytes2MultiPixStream_Pipeline_VITIS_LOOP_1398_20.verbose.sched.rpt 
Execute         list_part -family xc7z020-clg400-2 
Execute           ap_family_info -name xc7z020-clg400-2 -data names 
Execute           ap_part_info -quiet -name xc7z020-clg400-2 -data family 
Execute       db_write -o /home/serg/Documents/Xilinx/z700_hdmi/HDMI_MIXER/hdmi_mixer.runs/design_1_v_frmbuf_rd_0_0_synth_1/prj/sol/.autopilot/db/Bytes2MultiPixStream_Pipeline_VITIS_LOOP_1398_20.sched.adb -f 
INFO-FLOW: Finish scheduling Bytes2MultiPixStream_Pipeline_VITIS_LOOP_1398_20.
Execute       set_default_model Bytes2MultiPixStream_Pipeline_VITIS_LOOP_1398_20 
Execute       bind -model Bytes2MultiPixStream_Pipeline_VITIS_LOOP_1398_20 
INFO: [BIND 205-100] Starting micro-architecture generation ...
INFO: [BIND 205-101] Performing variable lifetime analysis.
INFO: [BIND 205-101] Exploring resource sharing.
INFO: [BIND 205-101] Binding ...
INFO: [BIND 205-100] Finished micro-architecture generation.
INFO: [HLS 200-111] Finished Binding: CPU user time: 0.01 seconds. CPU system time: 0 seconds. Elapsed time: 0.01 seconds; current allocated memory: 542.895 MB.
Execute       syn_report -verbosereport -o /home/serg/Documents/Xilinx/z700_hdmi/HDMI_MIXER/hdmi_mixer.runs/design_1_v_frmbuf_rd_0_0_synth_1/prj/sol/.autopilot/db/Bytes2MultiPixStream_Pipeline_VITIS_LOOP_1398_20.verbose.bind.rpt 
Execute         list_part -family xc7z020-clg400-2 
Execute           ap_family_info -name xc7z020-clg400-2 -data names 
Execute           ap_part_info -quiet -name xc7z020-clg400-2 -data family 
Execute       db_write -o /home/serg/Documents/Xilinx/z700_hdmi/HDMI_MIXER/hdmi_mixer.runs/design_1_v_frmbuf_rd_0_0_synth_1/prj/sol/.autopilot/db/Bytes2MultiPixStream_Pipeline_VITIS_LOOP_1398_20.bind.adb -f 
INFO-FLOW: Finish binding Bytes2MultiPixStream_Pipeline_VITIS_LOOP_1398_20.
INFO: [HLS 200-10] ----------------------------------------------------------------
INFO: [HLS 200-42] -- Implementing module 'Bytes2MultiPixStream_Pipeline_VITIS_LOOP_1240_17' 
INFO: [HLS 200-10] ----------------------------------------------------------------
Execute       set_default_model Bytes2MultiPixStream_Pipeline_VITIS_LOOP_1240_17 
Execute       schedule -model Bytes2MultiPixStream_Pipeline_VITIS_LOOP_1240_17 
INFO: [SCHED 204-11] Starting scheduling ...
INFO: [SCHED 204-61] Pipelining loop 'VITIS_LOOP_1240_17'.
INFO: [HLS 200-1470] Pipelining result : Target II = 8, Final II = 8, Depth = 9, loop 'VITIS_LOOP_1240_17'
INFO: [SCHED 204-11] Finished scheduling.
INFO: [HLS 200-111] Finished Scheduling: CPU user time: 0.02 seconds. CPU system time: 0 seconds. Elapsed time: 0.03 seconds; current allocated memory: 543.613 MB.
Execute       syn_report -verbosereport -o /home/serg/Documents/Xilinx/z700_hdmi/HDMI_MIXER/hdmi_mixer.runs/design_1_v_frmbuf_rd_0_0_synth_1/prj/sol/.autopilot/db/Bytes2MultiPixStream_Pipeline_VITIS_LOOP_1240_17.verbose.sched.rpt 
Execute         list_part -family xc7z020-clg400-2 
Execute           ap_family_info -name xc7z020-clg400-2 -data names 
Execute           ap_part_info -quiet -name xc7z020-clg400-2 -data family 
Execute       db_write -o /home/serg/Documents/Xilinx/z700_hdmi/HDMI_MIXER/hdmi_mixer.runs/design_1_v_frmbuf_rd_0_0_synth_1/prj/sol/.autopilot/db/Bytes2MultiPixStream_Pipeline_VITIS_LOOP_1240_17.sched.adb -f 
INFO-FLOW: Finish scheduling Bytes2MultiPixStream_Pipeline_VITIS_LOOP_1240_17.
Execute       set_default_model Bytes2MultiPixStream_Pipeline_VITIS_LOOP_1240_17 
Execute       bind -model Bytes2MultiPixStream_Pipeline_VITIS_LOOP_1240_17 
INFO: [BIND 205-100] Starting micro-architecture generation ...
INFO: [BIND 205-101] Performing variable lifetime analysis.
INFO: [BIND 205-101] Exploring resource sharing.
INFO: [BIND 205-101] Binding ...
INFO: [BIND 205-100] Finished micro-architecture generation.
INFO: [HLS 200-111] Finished Binding: CPU user time: 0 seconds. CPU system time: 0 seconds. Elapsed time: 0.01 seconds; current allocated memory: 543.613 MB.
Execute       syn_report -verbosereport -o /home/serg/Documents/Xilinx/z700_hdmi/HDMI_MIXER/hdmi_mixer.runs/design_1_v_frmbuf_rd_0_0_synth_1/prj/sol/.autopilot/db/Bytes2MultiPixStream_Pipeline_VITIS_LOOP_1240_17.verbose.bind.rpt 
Execute         list_part -family xc7z020-clg400-2 
Execute           ap_family_info -name xc7z020-clg400-2 -data names 
Execute           ap_part_info -quiet -name xc7z020-clg400-2 -data family 
Execute       db_write -o /home/serg/Documents/Xilinx/z700_hdmi/HDMI_MIXER/hdmi_mixer.runs/design_1_v_frmbuf_rd_0_0_synth_1/prj/sol/.autopilot/db/Bytes2MultiPixStream_Pipeline_VITIS_LOOP_1240_17.bind.adb -f 
INFO-FLOW: Finish binding Bytes2MultiPixStream_Pipeline_VITIS_LOOP_1240_17.
INFO: [HLS 200-10] ----------------------------------------------------------------
INFO: [HLS 200-42] -- Implementing module 'Bytes2MultiPixStream_Pipeline_VITIS_LOOP_1197_14' 
INFO: [HLS 200-10] ----------------------------------------------------------------
Execute       set_default_model Bytes2MultiPixStream_Pipeline_VITIS_LOOP_1197_14 
Execute       schedule -model Bytes2MultiPixStream_Pipeline_VITIS_LOOP_1197_14 
INFO: [SCHED 204-11] Starting scheduling ...
INFO: [SCHED 204-61] Pipelining loop 'VITIS_LOOP_1197_14'.
INFO: [HLS 200-1470] Pipelining result : Target II = 4, Final II = 4, Depth = 5, loop 'VITIS_LOOP_1197_14'
INFO: [SCHED 204-11] Finished scheduling.
INFO: [HLS 200-111] Finished Scheduling: CPU user time: 0.02 seconds. CPU system time: 0 seconds. Elapsed time: 0.02 seconds; current allocated memory: 543.613 MB.
Execute       syn_report -verbosereport -o /home/serg/Documents/Xilinx/z700_hdmi/HDMI_MIXER/hdmi_mixer.runs/design_1_v_frmbuf_rd_0_0_synth_1/prj/sol/.autopilot/db/Bytes2MultiPixStream_Pipeline_VITIS_LOOP_1197_14.verbose.sched.rpt 
Execute         list_part -family xc7z020-clg400-2 
Execute           ap_family_info -name xc7z020-clg400-2 -data names 
Execute           ap_part_info -quiet -name xc7z020-clg400-2 -data family 
Execute       db_write -o /home/serg/Documents/Xilinx/z700_hdmi/HDMI_MIXER/hdmi_mixer.runs/design_1_v_frmbuf_rd_0_0_synth_1/prj/sol/.autopilot/db/Bytes2MultiPixStream_Pipeline_VITIS_LOOP_1197_14.sched.adb -f 
INFO-FLOW: Finish scheduling Bytes2MultiPixStream_Pipeline_VITIS_LOOP_1197_14.
Execute       set_default_model Bytes2MultiPixStream_Pipeline_VITIS_LOOP_1197_14 
Execute       bind -model Bytes2MultiPixStream_Pipeline_VITIS_LOOP_1197_14 
INFO: [BIND 205-100] Starting micro-architecture generation ...
INFO: [BIND 205-101] Performing variable lifetime analysis.
INFO: [BIND 205-101] Exploring resource sharing.
INFO: [BIND 205-101] Binding ...
INFO: [BIND 205-100] Finished micro-architecture generation.
INFO: [HLS 200-111] Finished Binding: CPU user time: 0.01 seconds. CPU system time: 0 seconds. Elapsed time: 0 seconds; current allocated memory: 543.613 MB.
Execute       syn_report -verbosereport -o /home/serg/Documents/Xilinx/z700_hdmi/HDMI_MIXER/hdmi_mixer.runs/design_1_v_frmbuf_rd_0_0_synth_1/prj/sol/.autopilot/db/Bytes2MultiPixStream_Pipeline_VITIS_LOOP_1197_14.verbose.bind.rpt 
Execute         list_part -family xc7z020-clg400-2 
Execute           ap_family_info -name xc7z020-clg400-2 -data names 
Execute           ap_part_info -quiet -name xc7z020-clg400-2 -data family 
Execute       db_write -o /home/serg/Documents/Xilinx/z700_hdmi/HDMI_MIXER/hdmi_mixer.runs/design_1_v_frmbuf_rd_0_0_synth_1/prj/sol/.autopilot/db/Bytes2MultiPixStream_Pipeline_VITIS_LOOP_1197_14.bind.adb -f 
INFO-FLOW: Finish binding Bytes2MultiPixStream_Pipeline_VITIS_LOOP_1197_14.
INFO: [HLS 200-10] ----------------------------------------------------------------
INFO: [HLS 200-42] -- Implementing module 'Bytes2MultiPixStream_Pipeline_VITIS_LOOP_1157_11' 
INFO: [HLS 200-10] ----------------------------------------------------------------
Execute       set_default_model Bytes2MultiPixStream_Pipeline_VITIS_LOOP_1157_11 
Execute       schedule -model Bytes2MultiPixStream_Pipeline_VITIS_LOOP_1157_11 
INFO: [SCHED 204-11] Starting scheduling ...
INFO: [SCHED 204-61] Pipelining loop 'VITIS_LOOP_1157_11'.
INFO: [HLS 200-1470] Pipelining result : Target II = 4, Final II = 4, Depth = 5, loop 'VITIS_LOOP_1157_11'
INFO: [SCHED 204-11] Finished scheduling.
INFO: [HLS 200-111] Finished Scheduling: CPU user time: 0.01 seconds. CPU system time: 0 seconds. Elapsed time: 0.02 seconds; current allocated memory: 544.043 MB.
Execute       syn_report -verbosereport -o /home/serg/Documents/Xilinx/z700_hdmi/HDMI_MIXER/hdmi_mixer.runs/design_1_v_frmbuf_rd_0_0_synth_1/prj/sol/.autopilot/db/Bytes2MultiPixStream_Pipeline_VITIS_LOOP_1157_11.verbose.sched.rpt 
Execute         list_part -family xc7z020-clg400-2 
Execute           ap_family_info -name xc7z020-clg400-2 -data names 
Execute           ap_part_info -quiet -name xc7z020-clg400-2 -data family 
Execute       db_write -o /home/serg/Documents/Xilinx/z700_hdmi/HDMI_MIXER/hdmi_mixer.runs/design_1_v_frmbuf_rd_0_0_synth_1/prj/sol/.autopilot/db/Bytes2MultiPixStream_Pipeline_VITIS_LOOP_1157_11.sched.adb -f 
INFO-FLOW: Finish scheduling Bytes2MultiPixStream_Pipeline_VITIS_LOOP_1157_11.
Execute       set_default_model Bytes2MultiPixStream_Pipeline_VITIS_LOOP_1157_11 
Execute       bind -model Bytes2MultiPixStream_Pipeline_VITIS_LOOP_1157_11 
INFO: [BIND 205-100] Starting micro-architecture generation ...
INFO: [BIND 205-101] Performing variable lifetime analysis.
INFO: [BIND 205-101] Exploring resource sharing.
INFO: [BIND 205-101] Binding ...
INFO: [BIND 205-100] Finished micro-architecture generation.
INFO: [HLS 200-111] Finished Binding: CPU user time: 0.01 seconds. CPU system time: 0 seconds. Elapsed time: 0 seconds; current allocated memory: 544.043 MB.
Execute       syn_report -verbosereport -o /home/serg/Documents/Xilinx/z700_hdmi/HDMI_MIXER/hdmi_mixer.runs/design_1_v_frmbuf_rd_0_0_synth_1/prj/sol/.autopilot/db/Bytes2MultiPixStream_Pipeline_VITIS_LOOP_1157_11.verbose.bind.rpt 
Execute         list_part -family xc7z020-clg400-2 
Execute           ap_family_info -name xc7z020-clg400-2 -data names 
Execute           ap_part_info -quiet -name xc7z020-clg400-2 -data family 
Execute       db_write -o /home/serg/Documents/Xilinx/z700_hdmi/HDMI_MIXER/hdmi_mixer.runs/design_1_v_frmbuf_rd_0_0_synth_1/prj/sol/.autopilot/db/Bytes2MultiPixStream_Pipeline_VITIS_LOOP_1157_11.bind.adb -f 
INFO-FLOW: Finish binding Bytes2MultiPixStream_Pipeline_VITIS_LOOP_1157_11.
INFO: [HLS 200-10] ----------------------------------------------------------------
INFO: [HLS 200-42] -- Implementing module 'Bytes2MultiPixStream_Pipeline_VITIS_LOOP_954_8' 
INFO: [HLS 200-10] ----------------------------------------------------------------
Execute       set_default_model Bytes2MultiPixStream_Pipeline_VITIS_LOOP_954_8 
Execute       schedule -model Bytes2MultiPixStream_Pipeline_VITIS_LOOP_954_8 
INFO: [SCHED 204-11] Starting scheduling ...
INFO: [SCHED 204-61] Pipelining loop 'VITIS_LOOP_954_8'.
INFO: [HLS 200-1470] Pipelining result : Target II = 8, Final II = 8, Depth = 9, loop 'VITIS_LOOP_954_8'
INFO: [SCHED 204-11] Finished scheduling.
INFO: [HLS 200-111] Finished Scheduling: CPU user time: 0.02 seconds. CPU system time: 0.01 seconds. Elapsed time: 0.03 seconds; current allocated memory: 545.445 MB.
Execute       syn_report -verbosereport -o /home/serg/Documents/Xilinx/z700_hdmi/HDMI_MIXER/hdmi_mixer.runs/design_1_v_frmbuf_rd_0_0_synth_1/prj/sol/.autopilot/db/Bytes2MultiPixStream_Pipeline_VITIS_LOOP_954_8.verbose.sched.rpt 
Execute         list_part -family xc7z020-clg400-2 
Execute           ap_family_info -name xc7z020-clg400-2 -data names 
Execute           ap_part_info -quiet -name xc7z020-clg400-2 -data family 
Execute       db_write -o /home/serg/Documents/Xilinx/z700_hdmi/HDMI_MIXER/hdmi_mixer.runs/design_1_v_frmbuf_rd_0_0_synth_1/prj/sol/.autopilot/db/Bytes2MultiPixStream_Pipeline_VITIS_LOOP_954_8.sched.adb -f 
INFO-FLOW: Finish scheduling Bytes2MultiPixStream_Pipeline_VITIS_LOOP_954_8.
Execute       set_default_model Bytes2MultiPixStream_Pipeline_VITIS_LOOP_954_8 
Execute       bind -model Bytes2MultiPixStream_Pipeline_VITIS_LOOP_954_8 
INFO: [BIND 205-100] Starting micro-architecture generation ...
INFO: [BIND 205-101] Performing variable lifetime analysis.
INFO: [BIND 205-101] Exploring resource sharing.
INFO: [BIND 205-101] Binding ...
INFO: [BIND 205-100] Finished micro-architecture generation.
INFO: [HLS 200-111] Finished Binding: CPU user time: 0.01 seconds. CPU system time: 0 seconds. Elapsed time: 0.01 seconds; current allocated memory: 545.445 MB.
Execute       syn_report -verbosereport -o /home/serg/Documents/Xilinx/z700_hdmi/HDMI_MIXER/hdmi_mixer.runs/design_1_v_frmbuf_rd_0_0_synth_1/prj/sol/.autopilot/db/Bytes2MultiPixStream_Pipeline_VITIS_LOOP_954_8.verbose.bind.rpt 
Execute         list_part -family xc7z020-clg400-2 
Execute           ap_family_info -name xc7z020-clg400-2 -data names 
Execute           ap_part_info -quiet -name xc7z020-clg400-2 -data family 
Execute       db_write -o /home/serg/Documents/Xilinx/z700_hdmi/HDMI_MIXER/hdmi_mixer.runs/design_1_v_frmbuf_rd_0_0_synth_1/prj/sol/.autopilot/db/Bytes2MultiPixStream_Pipeline_VITIS_LOOP_954_8.bind.adb -f 
INFO-FLOW: Finish binding Bytes2MultiPixStream_Pipeline_VITIS_LOOP_954_8.
INFO: [HLS 200-10] ----------------------------------------------------------------
INFO: [HLS 200-42] -- Implementing module 'Bytes2MultiPixStream_Pipeline_VITIS_LOOP_862_5' 
INFO: [HLS 200-10] ----------------------------------------------------------------
Execute       set_default_model Bytes2MultiPixStream_Pipeline_VITIS_LOOP_862_5 
Execute       schedule -model Bytes2MultiPixStream_Pipeline_VITIS_LOOP_862_5 
INFO: [SCHED 204-11] Starting scheduling ...
INFO: [SCHED 204-61] Pipelining loop 'VITIS_LOOP_862_5'.
INFO: [HLS 200-1470] Pipelining result : Target II = 8, Final II = 8, Depth = 10, loop 'VITIS_LOOP_862_5'
INFO: [SCHED 204-11] Finished scheduling.
INFO: [HLS 200-111] Finished Scheduling: CPU user time: 0.03 seconds. CPU system time: 0 seconds. Elapsed time: 0.03 seconds; current allocated memory: 546.656 MB.
Execute       syn_report -verbosereport -o /home/serg/Documents/Xilinx/z700_hdmi/HDMI_MIXER/hdmi_mixer.runs/design_1_v_frmbuf_rd_0_0_synth_1/prj/sol/.autopilot/db/Bytes2MultiPixStream_Pipeline_VITIS_LOOP_862_5.verbose.sched.rpt 
Execute         list_part -family xc7z020-clg400-2 
Execute           ap_family_info -name xc7z020-clg400-2 -data names 
Execute           ap_part_info -quiet -name xc7z020-clg400-2 -data family 
Execute       db_write -o /home/serg/Documents/Xilinx/z700_hdmi/HDMI_MIXER/hdmi_mixer.runs/design_1_v_frmbuf_rd_0_0_synth_1/prj/sol/.autopilot/db/Bytes2MultiPixStream_Pipeline_VITIS_LOOP_862_5.sched.adb -f 
INFO-FLOW: Finish scheduling Bytes2MultiPixStream_Pipeline_VITIS_LOOP_862_5.
Execute       set_default_model Bytes2MultiPixStream_Pipeline_VITIS_LOOP_862_5 
Execute       bind -model Bytes2MultiPixStream_Pipeline_VITIS_LOOP_862_5 
INFO: [BIND 205-100] Starting micro-architecture generation ...
INFO: [BIND 205-101] Performing variable lifetime analysis.
INFO: [BIND 205-101] Exploring resource sharing.
INFO: [BIND 205-101] Binding ...
INFO: [BIND 205-100] Finished micro-architecture generation.
INFO: [HLS 200-111] Finished Binding: CPU user time: 0.01 seconds. CPU system time: 0 seconds. Elapsed time: 0.02 seconds; current allocated memory: 546.656 MB.
Execute       syn_report -verbosereport -o /home/serg/Documents/Xilinx/z700_hdmi/HDMI_MIXER/hdmi_mixer.runs/design_1_v_frmbuf_rd_0_0_synth_1/prj/sol/.autopilot/db/Bytes2MultiPixStream_Pipeline_VITIS_LOOP_862_5.verbose.bind.rpt 
Execute         list_part -family xc7z020-clg400-2 
Execute           ap_family_info -name xc7z020-clg400-2 -data names 
Execute           ap_part_info -quiet -name xc7z020-clg400-2 -data family 
Execute       db_write -o /home/serg/Documents/Xilinx/z700_hdmi/HDMI_MIXER/hdmi_mixer.runs/design_1_v_frmbuf_rd_0_0_synth_1/prj/sol/.autopilot/db/Bytes2MultiPixStream_Pipeline_VITIS_LOOP_862_5.bind.adb -f 
INFO-FLOW: Finish binding Bytes2MultiPixStream_Pipeline_VITIS_LOOP_862_5.
INFO: [HLS 200-10] ----------------------------------------------------------------
INFO: [HLS 200-42] -- Implementing module 'Bytes2MultiPixStream_Pipeline_VITIS_LOOP_755_1' 
INFO: [HLS 200-10] ----------------------------------------------------------------
Execute       set_default_model Bytes2MultiPixStream_Pipeline_VITIS_LOOP_755_1 
Execute       schedule -model Bytes2MultiPixStream_Pipeline_VITIS_LOOP_755_1 
INFO: [SCHED 204-11] Starting scheduling ...
INFO: [SCHED 204-61] Pipelining loop 'VITIS_LOOP_755_1'.
INFO: [HLS 200-1470] Pipelining result : Target II = 8, Final II = 8, Depth = 9, loop 'VITIS_LOOP_755_1'
INFO: [SCHED 204-11] Finished scheduling.
INFO: [HLS 200-111] Finished Scheduling: CPU user time: 0.03 seconds. CPU system time: 0 seconds. Elapsed time: 0.02 seconds; current allocated memory: 547.270 MB.
Execute       syn_report -verbosereport -o /home/serg/Documents/Xilinx/z700_hdmi/HDMI_MIXER/hdmi_mixer.runs/design_1_v_frmbuf_rd_0_0_synth_1/prj/sol/.autopilot/db/Bytes2MultiPixStream_Pipeline_VITIS_LOOP_755_1.verbose.sched.rpt 
Execute         list_part -family xc7z020-clg400-2 
Execute           ap_family_info -name xc7z020-clg400-2 -data names 
Execute           ap_part_info -quiet -name xc7z020-clg400-2 -data family 
Execute       db_write -o /home/serg/Documents/Xilinx/z700_hdmi/HDMI_MIXER/hdmi_mixer.runs/design_1_v_frmbuf_rd_0_0_synth_1/prj/sol/.autopilot/db/Bytes2MultiPixStream_Pipeline_VITIS_LOOP_755_1.sched.adb -f 
INFO-FLOW: Finish scheduling Bytes2MultiPixStream_Pipeline_VITIS_LOOP_755_1.
Execute       set_default_model Bytes2MultiPixStream_Pipeline_VITIS_LOOP_755_1 
Execute       bind -model Bytes2MultiPixStream_Pipeline_VITIS_LOOP_755_1 
INFO: [BIND 205-100] Starting micro-architecture generation ...
INFO: [BIND 205-101] Performing variable lifetime analysis.
INFO: [BIND 205-101] Exploring resource sharing.
INFO: [BIND 205-101] Binding ...
INFO: [BIND 205-100] Finished micro-architecture generation.
INFO: [HLS 200-111] Finished Binding: CPU user time: 0.01 seconds. CPU system time: 0 seconds. Elapsed time: 0.01 seconds; current allocated memory: 547.270 MB.
Execute       syn_report -verbosereport -o /home/serg/Documents/Xilinx/z700_hdmi/HDMI_MIXER/hdmi_mixer.runs/design_1_v_frmbuf_rd_0_0_synth_1/prj/sol/.autopilot/db/Bytes2MultiPixStream_Pipeline_VITIS_LOOP_755_1.verbose.bind.rpt 
Execute         list_part -family xc7z020-clg400-2 
Execute           ap_family_info -name xc7z020-clg400-2 -data names 
Execute           ap_part_info -quiet -name xc7z020-clg400-2 -data family 
Execute       db_write -o /home/serg/Documents/Xilinx/z700_hdmi/HDMI_MIXER/hdmi_mixer.runs/design_1_v_frmbuf_rd_0_0_synth_1/prj/sol/.autopilot/db/Bytes2MultiPixStream_Pipeline_VITIS_LOOP_755_1.bind.adb -f 
INFO-FLOW: Finish binding Bytes2MultiPixStream_Pipeline_VITIS_LOOP_755_1.
INFO: [HLS 200-10] ----------------------------------------------------------------
INFO: [HLS 200-42] -- Implementing module 'Bytes2MultiPixStream' 
INFO: [HLS 200-10] ----------------------------------------------------------------
Execute       set_default_model Bytes2MultiPixStream 
Execute       schedule -model Bytes2MultiPixStream 
INFO: [SCHED 204-11] Starting scheduling ...
INFO: [SCHED 204-11] Finished scheduling.
INFO: [HLS 200-111] Finished Scheduling: CPU user time: 0.06 seconds. CPU system time: 0 seconds. Elapsed time: 0.07 seconds; current allocated memory: 550.148 MB.
Execute       syn_report -verbosereport -o /home/serg/Documents/Xilinx/z700_hdmi/HDMI_MIXER/hdmi_mixer.runs/design_1_v_frmbuf_rd_0_0_synth_1/prj/sol/.autopilot/db/Bytes2MultiPixStream.verbose.sched.rpt 
Execute         list_part -family xc7z020-clg400-2 
Execute           ap_family_info -name xc7z020-clg400-2 -data names 
Execute           ap_part_info -quiet -name xc7z020-clg400-2 -data family 
Execute       db_write -o /home/serg/Documents/Xilinx/z700_hdmi/HDMI_MIXER/hdmi_mixer.runs/design_1_v_frmbuf_rd_0_0_synth_1/prj/sol/.autopilot/db/Bytes2MultiPixStream.sched.adb -f 
INFO-FLOW: Finish scheduling Bytes2MultiPixStream.
Execute       set_default_model Bytes2MultiPixStream 
Execute       bind -model Bytes2MultiPixStream 
INFO: [BIND 205-100] Starting micro-architecture generation ...
INFO: [BIND 205-101] Performing variable lifetime analysis.
INFO: [BIND 205-101] Exploring resource sharing.
INFO: [BIND 205-101] Binding ...
INFO: [BIND 205-100] Finished micro-architecture generation.
INFO: [HLS 200-111] Finished Binding: CPU user time: 0.03 seconds. CPU system time: 0 seconds. Elapsed time: 0.03 seconds; current allocated memory: 550.148 MB.
Execute       syn_report -verbosereport -o /home/serg/Documents/Xilinx/z700_hdmi/HDMI_MIXER/hdmi_mixer.runs/design_1_v_frmbuf_rd_0_0_synth_1/prj/sol/.autopilot/db/Bytes2MultiPixStream.verbose.bind.rpt 
Execute         list_part -family xc7z020-clg400-2 
Execute           ap_family_info -name xc7z020-clg400-2 -data names 
Execute           ap_part_info -quiet -name xc7z020-clg400-2 -data family 
Execute       db_write -o /home/serg/Documents/Xilinx/z700_hdmi/HDMI_MIXER/hdmi_mixer.runs/design_1_v_frmbuf_rd_0_0_synth_1/prj/sol/.autopilot/db/Bytes2MultiPixStream.bind.adb -f 
INFO-FLOW: Finish binding Bytes2MultiPixStream.
INFO: [HLS 200-10] ----------------------------------------------------------------
INFO: [HLS 200-42] -- Implementing module 'reg_unsigned_short_s' 
INFO: [HLS 200-10] ----------------------------------------------------------------
Execute       set_default_model reg<unsigned short> 
Execute       schedule -model reg<unsigned short> 
INFO: [SCHED 204-11] Starting scheduling ...
INFO: [SCHED 204-61] Pipelining function 'reg<unsigned short>'.
INFO: [HLS 200-1470] Pipelining result : Target II = 1, Final II = 1, Depth = 2, function 'reg<unsigned short>'
INFO: [SCHED 204-11] Finished scheduling.
INFO: [HLS 200-111] Finished Scheduling: CPU user time: 0.03 seconds. CPU system time: 0 seconds. Elapsed time: 0.03 seconds; current allocated memory: 550.148 MB.
Execute       syn_report -verbosereport -o /home/serg/Documents/Xilinx/z700_hdmi/HDMI_MIXER/hdmi_mixer.runs/design_1_v_frmbuf_rd_0_0_synth_1/prj/sol/.autopilot/db/reg_unsigned_short_s.verbose.sched.rpt 
Execute         list_part -family xc7z020-clg400-2 
Execute           ap_family_info -name xc7z020-clg400-2 -data names 
Execute           ap_part_info -quiet -name xc7z020-clg400-2 -data family 
Execute       db_write -o /home/serg/Documents/Xilinx/z700_hdmi/HDMI_MIXER/hdmi_mixer.runs/design_1_v_frmbuf_rd_0_0_synth_1/prj/sol/.autopilot/db/reg_unsigned_short_s.sched.adb -f 
INFO-FLOW: Finish scheduling reg<unsigned short>.
Execute       set_default_model reg<unsigned short> 
Execute       bind -model reg<unsigned short> 
INFO: [BIND 205-100] Starting micro-architecture generation ...
INFO: [BIND 205-101] Performing variable lifetime analysis.
INFO: [BIND 205-101] Exploring resource sharing.
INFO: [BIND 205-101] Binding ...
INFO: [BIND 205-100] Finished micro-architecture generation.
INFO: [HLS 200-111] Finished Binding: CPU user time: 0 seconds. CPU system time: 0 seconds. Elapsed time: 0 seconds; current allocated memory: 550.148 MB.
Execute       syn_report -verbosereport -o /home/serg/Documents/Xilinx/z700_hdmi/HDMI_MIXER/hdmi_mixer.runs/design_1_v_frmbuf_rd_0_0_synth_1/prj/sol/.autopilot/db/reg_unsigned_short_s.verbose.bind.rpt 
Execute         list_part -family xc7z020-clg400-2 
Execute           ap_family_info -name xc7z020-clg400-2 -data names 
Execute           ap_part_info -quiet -name xc7z020-clg400-2 -data family 
Execute       db_write -o /home/serg/Documents/Xilinx/z700_hdmi/HDMI_MIXER/hdmi_mixer.runs/design_1_v_frmbuf_rd_0_0_synth_1/prj/sol/.autopilot/db/reg_unsigned_short_s.bind.adb -f 
INFO-FLOW: Finish binding reg<unsigned short>.
INFO: [HLS 200-10] ----------------------------------------------------------------
INFO: [HLS 200-42] -- Implementing module 'MultiPixStream2AXIvideo_Pipeline_VITIS_LOOP_367_1' 
INFO: [HLS 200-10] ----------------------------------------------------------------
Execute       set_default_model MultiPixStream2AXIvideo_Pipeline_VITIS_LOOP_367_1 
Execute       schedule -model MultiPixStream2AXIvideo_Pipeline_VITIS_LOOP_367_1 
INFO: [SCHED 204-11] Starting scheduling ...
INFO: [SCHED 204-61] Pipelining loop 'VITIS_LOOP_367_1'.
INFO: [HLS 200-1470] Pipelining result : Target II = NA, Final II = 1, Depth = 2, loop 'VITIS_LOOP_367_1'
INFO: [SCHED 204-11] Finished scheduling.
INFO: [HLS 200-111] Finished Scheduling: CPU user time: 0.01 seconds. CPU system time: 0 seconds. Elapsed time: 0.01 seconds; current allocated memory: 550.148 MB.
Execute       syn_report -verbosereport -o /home/serg/Documents/Xilinx/z700_hdmi/HDMI_MIXER/hdmi_mixer.runs/design_1_v_frmbuf_rd_0_0_synth_1/prj/sol/.autopilot/db/MultiPixStream2AXIvideo_Pipeline_VITIS_LOOP_367_1.verbose.sched.rpt 
Execute         list_part -family xc7z020-clg400-2 
Execute           ap_family_info -name xc7z020-clg400-2 -data names 
Execute           ap_part_info -quiet -name xc7z020-clg400-2 -data family 
Execute       db_write -o /home/serg/Documents/Xilinx/z700_hdmi/HDMI_MIXER/hdmi_mixer.runs/design_1_v_frmbuf_rd_0_0_synth_1/prj/sol/.autopilot/db/MultiPixStream2AXIvideo_Pipeline_VITIS_LOOP_367_1.sched.adb -f 
INFO-FLOW: Finish scheduling MultiPixStream2AXIvideo_Pipeline_VITIS_LOOP_367_1.
Execute       set_default_model MultiPixStream2AXIvideo_Pipeline_VITIS_LOOP_367_1 
Execute       bind -model MultiPixStream2AXIvideo_Pipeline_VITIS_LOOP_367_1 
INFO: [BIND 205-100] Starting micro-architecture generation ...
INFO: [BIND 205-101] Performing variable lifetime analysis.
INFO: [BIND 205-101] Exploring resource sharing.
INFO: [BIND 205-101] Binding ...
INFO: [BIND 205-100] Finished micro-architecture generation.
INFO: [HLS 200-111] Finished Binding: CPU user time: 0.01 seconds. CPU system time: 0.01 seconds. Elapsed time: 0.01 seconds; current allocated memory: 550.148 MB.
Execute       syn_report -verbosereport -o /home/serg/Documents/Xilinx/z700_hdmi/HDMI_MIXER/hdmi_mixer.runs/design_1_v_frmbuf_rd_0_0_synth_1/prj/sol/.autopilot/db/MultiPixStream2AXIvideo_Pipeline_VITIS_LOOP_367_1.verbose.bind.rpt 
Execute         list_part -family xc7z020-clg400-2 
Execute           ap_family_info -name xc7z020-clg400-2 -data names 
Execute           ap_part_info -quiet -name xc7z020-clg400-2 -data family 
Execute       db_write -o /home/serg/Documents/Xilinx/z700_hdmi/HDMI_MIXER/hdmi_mixer.runs/design_1_v_frmbuf_rd_0_0_synth_1/prj/sol/.autopilot/db/MultiPixStream2AXIvideo_Pipeline_VITIS_LOOP_367_1.bind.adb -f 
INFO-FLOW: Finish binding MultiPixStream2AXIvideo_Pipeline_VITIS_LOOP_367_1.
INFO: [HLS 200-10] ----------------------------------------------------------------
INFO: [HLS 200-42] -- Implementing module 'MultiPixStream2AXIvideo_Pipeline_VITIS_LOOP_376_3' 
INFO: [HLS 200-10] ----------------------------------------------------------------
Execute       set_default_model MultiPixStream2AXIvideo_Pipeline_VITIS_LOOP_376_3 
Execute       schedule -model MultiPixStream2AXIvideo_Pipeline_VITIS_LOOP_376_3 
INFO: [SCHED 204-11] Starting scheduling ...
INFO: [SCHED 204-61] Pipelining loop 'VITIS_LOOP_376_3'.
INFO: [HLS 200-1470] Pipelining result : Target II = 1, Final II = 1, Depth = 3, loop 'VITIS_LOOP_376_3'
INFO: [SCHED 204-11] Finished scheduling.
INFO: [HLS 200-111] Finished Scheduling: CPU user time: 0.01 seconds. CPU system time: 0 seconds. Elapsed time: 0.01 seconds; current allocated memory: 550.246 MB.
Execute       syn_report -verbosereport -o /home/serg/Documents/Xilinx/z700_hdmi/HDMI_MIXER/hdmi_mixer.runs/design_1_v_frmbuf_rd_0_0_synth_1/prj/sol/.autopilot/db/MultiPixStream2AXIvideo_Pipeline_VITIS_LOOP_376_3.verbose.sched.rpt 
Execute         list_part -family xc7z020-clg400-2 
Execute           ap_family_info -name xc7z020-clg400-2 -data names 
Execute           ap_part_info -quiet -name xc7z020-clg400-2 -data family 
Execute       db_write -o /home/serg/Documents/Xilinx/z700_hdmi/HDMI_MIXER/hdmi_mixer.runs/design_1_v_frmbuf_rd_0_0_synth_1/prj/sol/.autopilot/db/MultiPixStream2AXIvideo_Pipeline_VITIS_LOOP_376_3.sched.adb -f 
INFO-FLOW: Finish scheduling MultiPixStream2AXIvideo_Pipeline_VITIS_LOOP_376_3.
Execute       set_default_model MultiPixStream2AXIvideo_Pipeline_VITIS_LOOP_376_3 
Execute       bind -model MultiPixStream2AXIvideo_Pipeline_VITIS_LOOP_376_3 
INFO: [BIND 205-100] Starting micro-architecture generation ...
INFO: [BIND 205-101] Performing variable lifetime analysis.
INFO: [BIND 205-101] Exploring resource sharing.
INFO: [BIND 205-101] Binding ...
INFO: [BIND 205-100] Finished micro-architecture generation.
INFO: [HLS 200-111] Finished Binding: CPU user time: 0.01 seconds. CPU system time: 0 seconds. Elapsed time: 0.01 seconds; current allocated memory: 550.246 MB.
Execute       syn_report -verbosereport -o /home/serg/Documents/Xilinx/z700_hdmi/HDMI_MIXER/hdmi_mixer.runs/design_1_v_frmbuf_rd_0_0_synth_1/prj/sol/.autopilot/db/MultiPixStream2AXIvideo_Pipeline_VITIS_LOOP_376_3.verbose.bind.rpt 
Execute         list_part -family xc7z020-clg400-2 
Execute           ap_family_info -name xc7z020-clg400-2 -data names 
Execute           ap_part_info -quiet -name xc7z020-clg400-2 -data family 
Execute       db_write -o /home/serg/Documents/Xilinx/z700_hdmi/HDMI_MIXER/hdmi_mixer.runs/design_1_v_frmbuf_rd_0_0_synth_1/prj/sol/.autopilot/db/MultiPixStream2AXIvideo_Pipeline_VITIS_LOOP_376_3.bind.adb -f 
INFO-FLOW: Finish binding MultiPixStream2AXIvideo_Pipeline_VITIS_LOOP_376_3.
INFO: [HLS 200-10] ----------------------------------------------------------------
INFO: [HLS 200-42] -- Implementing module 'MultiPixStream2AXIvideo' 
INFO: [HLS 200-10] ----------------------------------------------------------------
Execute       set_default_model MultiPixStream2AXIvideo 
Execute       schedule -model MultiPixStream2AXIvideo 
INFO: [SCHED 204-11] Starting scheduling ...
INFO: [SCHED 204-11] Finished scheduling.
INFO: [HLS 200-111] Finished Scheduling: CPU user time: 0.01 seconds. CPU system time: 0 seconds. Elapsed time: 0.01 seconds; current allocated memory: 550.617 MB.
Execute       syn_report -verbosereport -o /home/serg/Documents/Xilinx/z700_hdmi/HDMI_MIXER/hdmi_mixer.runs/design_1_v_frmbuf_rd_0_0_synth_1/prj/sol/.autopilot/db/MultiPixStream2AXIvideo.verbose.sched.rpt 
Execute         list_part -family xc7z020-clg400-2 
Execute           ap_family_info -name xc7z020-clg400-2 -data names 
Execute           ap_part_info -quiet -name xc7z020-clg400-2 -data family 
Execute       db_write -o /home/serg/Documents/Xilinx/z700_hdmi/HDMI_MIXER/hdmi_mixer.runs/design_1_v_frmbuf_rd_0_0_synth_1/prj/sol/.autopilot/db/MultiPixStream2AXIvideo.sched.adb -f 
INFO-FLOW: Finish scheduling MultiPixStream2AXIvideo.
Execute       set_default_model MultiPixStream2AXIvideo 
Execute       bind -model MultiPixStream2AXIvideo 
INFO: [BIND 205-100] Starting micro-architecture generation ...
INFO: [BIND 205-101] Performing variable lifetime analysis.
INFO: [BIND 205-101] Exploring resource sharing.
INFO: [BIND 205-101] Binding ...
INFO: [BIND 205-100] Finished micro-architecture generation.
INFO: [HLS 200-111] Finished Binding: CPU user time: 0.01 seconds. CPU system time: 0 seconds. Elapsed time: 0 seconds; current allocated memory: 550.617 MB.
Execute       syn_report -verbosereport -o /home/serg/Documents/Xilinx/z700_hdmi/HDMI_MIXER/hdmi_mixer.runs/design_1_v_frmbuf_rd_0_0_synth_1/prj/sol/.autopilot/db/MultiPixStream2AXIvideo.verbose.bind.rpt 
Execute         list_part -family xc7z020-clg400-2 
Execute           ap_family_info -name xc7z020-clg400-2 -data names 
Execute           ap_part_info -quiet -name xc7z020-clg400-2 -data family 
Execute       db_write -o /home/serg/Documents/Xilinx/z700_hdmi/HDMI_MIXER/hdmi_mixer.runs/design_1_v_frmbuf_rd_0_0_synth_1/prj/sol/.autopilot/db/MultiPixStream2AXIvideo.bind.adb -f 
INFO-FLOW: Finish binding MultiPixStream2AXIvideo.
INFO: [HLS 200-10] ----------------------------------------------------------------
INFO: [HLS 200-42] -- Implementing module 'FrmbufRdHlsDataFlow' 
INFO: [HLS 200-10] ----------------------------------------------------------------
Execute       set_default_model FrmbufRdHlsDataFlow 
Execute       schedule -model FrmbufRdHlsDataFlow 
INFO: [SCHED 204-11] Starting scheduling ...
INFO: [SCHED 204-11] Finished scheduling.
INFO: [HLS 200-111] Finished Scheduling: CPU user time: 0.01 seconds. CPU system time: 0 seconds. Elapsed time: 0.01 seconds; current allocated memory: 550.965 MB.
Execute       syn_report -verbosereport -o /home/serg/Documents/Xilinx/z700_hdmi/HDMI_MIXER/hdmi_mixer.runs/design_1_v_frmbuf_rd_0_0_synth_1/prj/sol/.autopilot/db/FrmbufRdHlsDataFlow.verbose.sched.rpt 
Execute         list_part -family xc7z020-clg400-2 
Execute           ap_family_info -name xc7z020-clg400-2 -data names 
Execute           ap_part_info -quiet -name xc7z020-clg400-2 -data family 
Execute       db_write -o /home/serg/Documents/Xilinx/z700_hdmi/HDMI_MIXER/hdmi_mixer.runs/design_1_v_frmbuf_rd_0_0_synth_1/prj/sol/.autopilot/db/FrmbufRdHlsDataFlow.sched.adb -f 
INFO-FLOW: Finish scheduling FrmbufRdHlsDataFlow.
Execute       set_default_model FrmbufRdHlsDataFlow 
Execute       bind -model FrmbufRdHlsDataFlow 
INFO: [BIND 205-100] Starting micro-architecture generation ...
INFO: [BIND 205-101] Performing variable lifetime analysis.
INFO: [BIND 205-101] Exploring resource sharing.
INFO: [BIND 205-101] Binding ...
INFO: [BIND 205-100] Finished micro-architecture generation.
INFO: [HLS 200-111] Finished Binding: CPU user time: 0.01 seconds. CPU system time: 0 seconds. Elapsed time: 0.01 seconds; current allocated memory: 550.965 MB.
Execute       syn_report -verbosereport -o /home/serg/Documents/Xilinx/z700_hdmi/HDMI_MIXER/hdmi_mixer.runs/design_1_v_frmbuf_rd_0_0_synth_1/prj/sol/.autopilot/db/FrmbufRdHlsDataFlow.verbose.bind.rpt 
Execute         list_part -family xc7z020-clg400-2 
Execute           ap_family_info -name xc7z020-clg400-2 -data names 
Execute           ap_part_info -quiet -name xc7z020-clg400-2 -data family 
Execute       db_write -o /home/serg/Documents/Xilinx/z700_hdmi/HDMI_MIXER/hdmi_mixer.runs/design_1_v_frmbuf_rd_0_0_synth_1/prj/sol/.autopilot/db/FrmbufRdHlsDataFlow.bind.adb -f 
INFO-FLOW: Finish binding FrmbufRdHlsDataFlow.
INFO: [HLS 200-10] ----------------------------------------------------------------
INFO: [HLS 200-42] -- Implementing module 'v_frmbuf_rd' 
INFO: [HLS 200-10] ----------------------------------------------------------------
Execute       set_default_model v_frmbuf_rd 
Execute       schedule -model v_frmbuf_rd 
INFO: [SCHED 204-11] Starting scheduling ...
INFO: [SCHED 204-11] Finished scheduling.
INFO: [HLS 200-111] Finished Scheduling: CPU user time: 0.02 seconds. CPU system time: 0 seconds. Elapsed time: 0.02 seconds; current allocated memory: 551.469 MB.
Execute       syn_report -verbosereport -o /home/serg/Documents/Xilinx/z700_hdmi/HDMI_MIXER/hdmi_mixer.runs/design_1_v_frmbuf_rd_0_0_synth_1/prj/sol/.autopilot/db/v_frmbuf_rd.verbose.sched.rpt 
Execute         list_part -family xc7z020-clg400-2 
Execute           ap_family_info -name xc7z020-clg400-2 -data names 
Execute           ap_part_info -quiet -name xc7z020-clg400-2 -data family 
Execute       db_write -o /home/serg/Documents/Xilinx/z700_hdmi/HDMI_MIXER/hdmi_mixer.runs/design_1_v_frmbuf_rd_0_0_synth_1/prj/sol/.autopilot/db/v_frmbuf_rd.sched.adb -f 
INFO-FLOW: Finish scheduling v_frmbuf_rd.
Execute       set_default_model v_frmbuf_rd 
Execute       bind -model v_frmbuf_rd 
INFO: [BIND 205-100] Starting micro-architecture generation ...
INFO: [BIND 205-101] Performing variable lifetime analysis.
INFO: [BIND 205-101] Exploring resource sharing.
INFO: [BIND 205-101] Binding ...
INFO: [BIND 205-100] Finished micro-architecture generation.
INFO: [HLS 200-111] Finished Binding: CPU user time: 0.01 seconds. CPU system time: 0 seconds. Elapsed time: 0.01 seconds; current allocated memory: 551.469 MB.
Execute       syn_report -verbosereport -o /home/serg/Documents/Xilinx/z700_hdmi/HDMI_MIXER/hdmi_mixer.runs/design_1_v_frmbuf_rd_0_0_synth_1/prj/sol/.autopilot/db/v_frmbuf_rd.verbose.bind.rpt 
Execute         list_part -family xc7z020-clg400-2 
Execute           ap_family_info -name xc7z020-clg400-2 -data names 
Execute           ap_part_info -quiet -name xc7z020-clg400-2 -data family 
Execute       db_write -o /home/serg/Documents/Xilinx/z700_hdmi/HDMI_MIXER/hdmi_mixer.runs/design_1_v_frmbuf_rd_0_0_synth_1/prj/sol/.autopilot/db/v_frmbuf_rd.bind.adb -f 
INFO-FLOW: Finish binding v_frmbuf_rd.
Execute       get_model_list v_frmbuf_rd -filter all-wo-channel 
INFO-FLOW: Preprocessing for RTLGen ...
Execute       rtl_gen_preprocess AXIMMvideo2Bytes_Pipeline_VITIS_LOOP_625_4 
Execute       rtl_gen_preprocess AXIMMvideo2Bytes_Pipeline_VITIS_LOOP_634_5 
Execute       rtl_gen_preprocess AXIMMvideo2Bytes_Pipeline_VITIS_LOOP_640_6 
Execute       rtl_gen_preprocess AXIMMvideo2Bytes_Pipeline_VITIS_LOOP_591_1 
Execute       rtl_gen_preprocess AXIMMvideo2Bytes_Pipeline_VITIS_LOOP_597_2 
Execute       rtl_gen_preprocess AXIMMvideo2Bytes_Pipeline_VITIS_LOOP_603_3 
Execute       rtl_gen_preprocess AXIMMvideo2Bytes_Pipeline_VITIS_LOOP_660_7 
Execute       rtl_gen_preprocess AXIMMvideo2Bytes_Pipeline_VITIS_LOOP_670_8 
Execute       rtl_gen_preprocess AXIMMvideo2Bytes 
Execute       rtl_gen_preprocess Bytes2MultiPixStream_Pipeline_VITIS_LOOP_1772_29 
Execute       rtl_gen_preprocess Bytes2MultiPixStream_Pipeline_VITIS_LOOP_1532_26 
Execute       rtl_gen_preprocess Bytes2MultiPixStream_Pipeline_VITIS_LOOP_1450_23 
Execute       rtl_gen_preprocess Bytes2MultiPixStream_Pipeline_VITIS_LOOP_1398_20 
Execute       rtl_gen_preprocess Bytes2MultiPixStream_Pipeline_VITIS_LOOP_1240_17 
Execute       rtl_gen_preprocess Bytes2MultiPixStream_Pipeline_VITIS_LOOP_1197_14 
Execute       rtl_gen_preprocess Bytes2MultiPixStream_Pipeline_VITIS_LOOP_1157_11 
Execute       rtl_gen_preprocess Bytes2MultiPixStream_Pipeline_VITIS_LOOP_954_8 
Execute       rtl_gen_preprocess Bytes2MultiPixStream_Pipeline_VITIS_LOOP_862_5 
Execute       rtl_gen_preprocess Bytes2MultiPixStream_Pipeline_VITIS_LOOP_755_1 
Execute       rtl_gen_preprocess Bytes2MultiPixStream 
Execute       rtl_gen_preprocess reg<unsigned short> 
Execute       rtl_gen_preprocess MultiPixStream2AXIvideo_Pipeline_VITIS_LOOP_367_1 
Execute       rtl_gen_preprocess MultiPixStream2AXIvideo_Pipeline_VITIS_LOOP_376_3 
Execute       rtl_gen_preprocess MultiPixStream2AXIvideo 
Execute       rtl_gen_preprocess FrmbufRdHlsDataFlow 
Execute       rtl_gen_preprocess v_frmbuf_rd 
INFO-FLOW: Model list for RTL generation: AXIMMvideo2Bytes_Pipeline_VITIS_LOOP_625_4 AXIMMvideo2Bytes_Pipeline_VITIS_LOOP_634_5 AXIMMvideo2Bytes_Pipeline_VITIS_LOOP_640_6 AXIMMvideo2Bytes_Pipeline_VITIS_LOOP_591_1 AXIMMvideo2Bytes_Pipeline_VITIS_LOOP_597_2 AXIMMvideo2Bytes_Pipeline_VITIS_LOOP_603_3 AXIMMvideo2Bytes_Pipeline_VITIS_LOOP_660_7 AXIMMvideo2Bytes_Pipeline_VITIS_LOOP_670_8 AXIMMvideo2Bytes Bytes2MultiPixStream_Pipeline_VITIS_LOOP_1772_29 Bytes2MultiPixStream_Pipeline_VITIS_LOOP_1532_26 Bytes2MultiPixStream_Pipeline_VITIS_LOOP_1450_23 Bytes2MultiPixStream_Pipeline_VITIS_LOOP_1398_20 Bytes2MultiPixStream_Pipeline_VITIS_LOOP_1240_17 Bytes2MultiPixStream_Pipeline_VITIS_LOOP_1197_14 Bytes2MultiPixStream_Pipeline_VITIS_LOOP_1157_11 Bytes2MultiPixStream_Pipeline_VITIS_LOOP_954_8 Bytes2MultiPixStream_Pipeline_VITIS_LOOP_862_5 Bytes2MultiPixStream_Pipeline_VITIS_LOOP_755_1 Bytes2MultiPixStream {reg<unsigned short>} MultiPixStream2AXIvideo_Pipeline_VITIS_LOOP_367_1 MultiPixStream2AXIvideo_Pipeline_VITIS_LOOP_376_3 MultiPixStream2AXIvideo FrmbufRdHlsDataFlow v_frmbuf_rd
INFO: [HLS 200-10] ----------------------------------------------------------------
INFO: [HLS 200-10] -- Generating RTL for module 'AXIMMvideo2Bytes_Pipeline_VITIS_LOOP_625_4' 
INFO: [HLS 200-10] ----------------------------------------------------------------
Execute       create_rtl_model AXIMMvideo2Bytes_Pipeline_VITIS_LOOP_625_4 -top_prefix design_1_v_frmbuf_rd_0_0_ -sub_prefix design_1_v_frmbuf_rd_0_0_ -mg_file /home/serg/Documents/Xilinx/z700_hdmi/HDMI_MIXER/hdmi_mixer.runs/design_1_v_frmbuf_rd_0_0_synth_1/prj/sol/.autopilot/db/AXIMMvideo2Bytes_Pipeline_VITIS_LOOP_625_4.compgen.tcl 
INFO: [HLS 200-1030] Apply Unified Pipeline Control on module 'AXIMMvideo2Bytes_Pipeline_VITIS_LOOP_625_4' pipeline 'VITIS_LOOP_625_4' pipeline type 'loop pipeline'
WARNING: [RTGEN 206-101] Setting dangling out port 'AXIMMvideo2Bytes_Pipeline_VITIS_LOOP_625_4/m_axi_mm_video_0_ARVALID' to 0.
WARNING: [RTGEN 206-101] Setting dangling out port 'AXIMMvideo2Bytes_Pipeline_VITIS_LOOP_625_4/m_axi_mm_video_0_ARADDR' to 0.
WARNING: [RTGEN 206-101] Setting dangling out port 'AXIMMvideo2Bytes_Pipeline_VITIS_LOOP_625_4/m_axi_mm_video_0_ARID' to 0.
WARNING: [RTGEN 206-101] Setting dangling out port 'AXIMMvideo2Bytes_Pipeline_VITIS_LOOP_625_4/m_axi_mm_video_0_ARLEN' to 0.
WARNING: [RTGEN 206-101] Setting dangling out port 'AXIMMvideo2Bytes_Pipeline_VITIS_LOOP_625_4/m_axi_mm_video_0_ARSIZE' to 0.
WARNING: [RTGEN 206-101] Setting dangling out port 'AXIMMvideo2Bytes_Pipeline_VITIS_LOOP_625_4/m_axi_mm_video_0_ARBURST' to 0.
WARNING: [RTGEN 206-101] Setting dangling out port 'AXIMMvideo2Bytes_Pipeline_VITIS_LOOP_625_4/m_axi_mm_video_0_ARLOCK' to 0.
WARNING: [RTGEN 206-101] Setting dangling out port 'AXIMMvideo2Bytes_Pipeline_VITIS_LOOP_625_4/m_axi_mm_video_0_ARCACHE' to 0.
WARNING: [RTGEN 206-101] Setting dangling out port 'AXIMMvideo2Bytes_Pipeline_VITIS_LOOP_625_4/m_axi_mm_video_0_ARPROT' to 0.
WARNING: [RTGEN 206-101] Setting dangling out port 'AXIMMvideo2Bytes_Pipeline_VITIS_LOOP_625_4/m_axi_mm_video_0_ARQOS' to 0.
WARNING: [RTGEN 206-101] Setting dangling out port 'AXIMMvideo2Bytes_Pipeline_VITIS_LOOP_625_4/m_axi_mm_video_0_ARREGION' to 0.
WARNING: [RTGEN 206-101] Setting dangling out port 'AXIMMvideo2Bytes_Pipeline_VITIS_LOOP_625_4/m_axi_mm_video_0_ARUSER' to 0.
INFO: [RTGEN 206-100] Finished creating RTL model for 'AXIMMvideo2Bytes_Pipeline_VITIS_LOOP_625_4'.
INFO: [HLS 200-111] Finished Creating RTL model: CPU user time: 0.03 seconds. CPU system time: 0 seconds. Elapsed time: 0.03 seconds; current allocated memory: 551.469 MB.
Execute       source /home/serg/Documents/Xilinx/z700_hdmi/HDMI_MIXER/hdmi_mixer.runs/design_1_v_frmbuf_rd_0_0_synth_1/prj/sol/.autopilot/db/v_frmbuf_rd.rtl_wrap.cfg.tcl 
Execute       gen_rtl AXIMMvideo2Bytes_Pipeline_VITIS_LOOP_625_4 -style xilinx -f -lang vhdl -o /home/serg/Documents/Xilinx/z700_hdmi/HDMI_MIXER/hdmi_mixer.runs/design_1_v_frmbuf_rd_0_0_synth_1/prj/sol/syn/vhdl/design_1_v_frmbuf_rd_0_0_AXIMMvideo2Bytes_Pipeline_VITIS_LOOP_625_4 
Execute       gen_rtl AXIMMvideo2Bytes_Pipeline_VITIS_LOOP_625_4 -style xilinx -f -lang vlog -o /home/serg/Documents/Xilinx/z700_hdmi/HDMI_MIXER/hdmi_mixer.runs/design_1_v_frmbuf_rd_0_0_synth_1/prj/sol/syn/verilog/design_1_v_frmbuf_rd_0_0_AXIMMvideo2Bytes_Pipeline_VITIS_LOOP_625_4 
Execute       syn_report -csynth -model AXIMMvideo2Bytes_Pipeline_VITIS_LOOP_625_4 -o /home/serg/Documents/Xilinx/z700_hdmi/HDMI_MIXER/hdmi_mixer.runs/design_1_v_frmbuf_rd_0_0_synth_1/prj/sol/syn/report/AXIMMvideo2Bytes_Pipeline_VITIS_LOOP_625_4_csynth.rpt 
Execute         list_part -family xc7z020-clg400-2 
Execute           ap_family_info -name xc7z020-clg400-2 -data names 
Execute           ap_part_info -quiet -name xc7z020-clg400-2 -data family 
Execute       syn_report -rtlxml -model AXIMMvideo2Bytes_Pipeline_VITIS_LOOP_625_4 -o /home/serg/Documents/Xilinx/z700_hdmi/HDMI_MIXER/hdmi_mixer.runs/design_1_v_frmbuf_rd_0_0_synth_1/prj/sol/syn/report/AXIMMvideo2Bytes_Pipeline_VITIS_LOOP_625_4_csynth.xml 
Execute         list_part -family xc7z020-clg400-2 
Execute           ap_family_info -name xc7z020-clg400-2 -data names 
Execute           ap_part_info -quiet -name xc7z020-clg400-2 -data family 
Execute       syn_report -verbosereport -model AXIMMvideo2Bytes_Pipeline_VITIS_LOOP_625_4 -o /home/serg/Documents/Xilinx/z700_hdmi/HDMI_MIXER/hdmi_mixer.runs/design_1_v_frmbuf_rd_0_0_synth_1/prj/sol/.autopilot/db/AXIMMvideo2Bytes_Pipeline_VITIS_LOOP_625_4.verbose.rpt 
Execute         list_part -family xc7z020-clg400-2 
Execute           ap_family_info -name xc7z020-clg400-2 -data names 
Execute           ap_part_info -quiet -name xc7z020-clg400-2 -data family 
Execute       db_write -model AXIMMvideo2Bytes_Pipeline_VITIS_LOOP_625_4 -f -o /home/serg/Documents/Xilinx/z700_hdmi/HDMI_MIXER/hdmi_mixer.runs/design_1_v_frmbuf_rd_0_0_synth_1/prj/sol/.autopilot/db/AXIMMvideo2Bytes_Pipeline_VITIS_LOOP_625_4.adb 
Execute       db_write -model AXIMMvideo2Bytes_Pipeline_VITIS_LOOP_625_4 -bindview -o /home/serg/Documents/Xilinx/z700_hdmi/HDMI_MIXER/hdmi_mixer.runs/design_1_v_frmbuf_rd_0_0_synth_1/prj/sol/.autopilot/db/design.bindinfo.xml 
Execute       gen_tb_info AXIMMvideo2Bytes_Pipeline_VITIS_LOOP_625_4 -p /home/serg/Documents/Xilinx/z700_hdmi/HDMI_MIXER/hdmi_mixer.runs/design_1_v_frmbuf_rd_0_0_synth_1/prj/sol/.autopilot/db -o /home/serg/Documents/Xilinx/z700_hdmi/HDMI_MIXER/hdmi_mixer.runs/design_1_v_frmbuf_rd_0_0_synth_1/prj/sol/.autopilot/db/AXIMMvideo2Bytes_Pipeline_VITIS_LOOP_625_4 
INFO: [HLS 200-10] ----------------------------------------------------------------
INFO: [HLS 200-10] -- Generating RTL for module 'AXIMMvideo2Bytes_Pipeline_VITIS_LOOP_634_5' 
INFO: [HLS 200-10] ----------------------------------------------------------------
Execute       create_rtl_model AXIMMvideo2Bytes_Pipeline_VITIS_LOOP_634_5 -top_prefix design_1_v_frmbuf_rd_0_0_ -sub_prefix design_1_v_frmbuf_rd_0_0_ -mg_file /home/serg/Documents/Xilinx/z700_hdmi/HDMI_MIXER/hdmi_mixer.runs/design_1_v_frmbuf_rd_0_0_synth_1/prj/sol/.autopilot/db/AXIMMvideo2Bytes_Pipeline_VITIS_LOOP_634_5.compgen.tcl 
INFO: [HLS 200-1030] Apply Unified Pipeline Control on module 'AXIMMvideo2Bytes_Pipeline_VITIS_LOOP_634_5' pipeline 'VITIS_LOOP_634_5' pipeline type 'loop pipeline'
WARNING: [RTGEN 206-101] Setting dangling out port 'AXIMMvideo2Bytes_Pipeline_VITIS_LOOP_634_5/m_axi_mm_video_0_ARVALID' to 0.
WARNING: [RTGEN 206-101] Setting dangling out port 'AXIMMvideo2Bytes_Pipeline_VITIS_LOOP_634_5/m_axi_mm_video_0_ARADDR' to 0.
WARNING: [RTGEN 206-101] Setting dangling out port 'AXIMMvideo2Bytes_Pipeline_VITIS_LOOP_634_5/m_axi_mm_video_0_ARID' to 0.
WARNING: [RTGEN 206-101] Setting dangling out port 'AXIMMvideo2Bytes_Pipeline_VITIS_LOOP_634_5/m_axi_mm_video_0_ARLEN' to 0.
WARNING: [RTGEN 206-101] Setting dangling out port 'AXIMMvideo2Bytes_Pipeline_VITIS_LOOP_634_5/m_axi_mm_video_0_ARSIZE' to 0.
WARNING: [RTGEN 206-101] Setting dangling out port 'AXIMMvideo2Bytes_Pipeline_VITIS_LOOP_634_5/m_axi_mm_video_0_ARBURST' to 0.
WARNING: [RTGEN 206-101] Setting dangling out port 'AXIMMvideo2Bytes_Pipeline_VITIS_LOOP_634_5/m_axi_mm_video_0_ARLOCK' to 0.
WARNING: [RTGEN 206-101] Setting dangling out port 'AXIMMvideo2Bytes_Pipeline_VITIS_LOOP_634_5/m_axi_mm_video_0_ARCACHE' to 0.
WARNING: [RTGEN 206-101] Setting dangling out port 'AXIMMvideo2Bytes_Pipeline_VITIS_LOOP_634_5/m_axi_mm_video_0_ARPROT' to 0.
WARNING: [RTGEN 206-101] Setting dangling out port 'AXIMMvideo2Bytes_Pipeline_VITIS_LOOP_634_5/m_axi_mm_video_0_ARQOS' to 0.
WARNING: [RTGEN 206-101] Setting dangling out port 'AXIMMvideo2Bytes_Pipeline_VITIS_LOOP_634_5/m_axi_mm_video_0_ARREGION' to 0.
WARNING: [RTGEN 206-101] Setting dangling out port 'AXIMMvideo2Bytes_Pipeline_VITIS_LOOP_634_5/m_axi_mm_video_0_ARUSER' to 0.
INFO: [RTGEN 206-100] Finished creating RTL model for 'AXIMMvideo2Bytes_Pipeline_VITIS_LOOP_634_5'.
INFO: [HLS 200-111] Finished Creating RTL model: CPU user time: 0.02 seconds. CPU system time: 0 seconds. Elapsed time: 0.02 seconds; current allocated memory: 551.852 MB.
Execute       source /home/serg/Documents/Xilinx/z700_hdmi/HDMI_MIXER/hdmi_mixer.runs/design_1_v_frmbuf_rd_0_0_synth_1/prj/sol/.autopilot/db/v_frmbuf_rd.rtl_wrap.cfg.tcl 
Execute       gen_rtl AXIMMvideo2Bytes_Pipeline_VITIS_LOOP_634_5 -style xilinx -f -lang vhdl -o /home/serg/Documents/Xilinx/z700_hdmi/HDMI_MIXER/hdmi_mixer.runs/design_1_v_frmbuf_rd_0_0_synth_1/prj/sol/syn/vhdl/design_1_v_frmbuf_rd_0_0_AXIMMvideo2Bytes_Pipeline_VITIS_LOOP_634_5 
Execute       gen_rtl AXIMMvideo2Bytes_Pipeline_VITIS_LOOP_634_5 -style xilinx -f -lang vlog -o /home/serg/Documents/Xilinx/z700_hdmi/HDMI_MIXER/hdmi_mixer.runs/design_1_v_frmbuf_rd_0_0_synth_1/prj/sol/syn/verilog/design_1_v_frmbuf_rd_0_0_AXIMMvideo2Bytes_Pipeline_VITIS_LOOP_634_5 
Execute       syn_report -csynth -model AXIMMvideo2Bytes_Pipeline_VITIS_LOOP_634_5 -o /home/serg/Documents/Xilinx/z700_hdmi/HDMI_MIXER/hdmi_mixer.runs/design_1_v_frmbuf_rd_0_0_synth_1/prj/sol/syn/report/AXIMMvideo2Bytes_Pipeline_VITIS_LOOP_634_5_csynth.rpt 
Execute         list_part -family xc7z020-clg400-2 
Execute           ap_family_info -name xc7z020-clg400-2 -data names 
Execute           ap_part_info -quiet -name xc7z020-clg400-2 -data family 
Execute       syn_report -rtlxml -model AXIMMvideo2Bytes_Pipeline_VITIS_LOOP_634_5 -o /home/serg/Documents/Xilinx/z700_hdmi/HDMI_MIXER/hdmi_mixer.runs/design_1_v_frmbuf_rd_0_0_synth_1/prj/sol/syn/report/AXIMMvideo2Bytes_Pipeline_VITIS_LOOP_634_5_csynth.xml 
Execute         list_part -family xc7z020-clg400-2 
Execute           ap_family_info -name xc7z020-clg400-2 -data names 
Execute           ap_part_info -quiet -name xc7z020-clg400-2 -data family 
Execute       syn_report -verbosereport -model AXIMMvideo2Bytes_Pipeline_VITIS_LOOP_634_5 -o /home/serg/Documents/Xilinx/z700_hdmi/HDMI_MIXER/hdmi_mixer.runs/design_1_v_frmbuf_rd_0_0_synth_1/prj/sol/.autopilot/db/AXIMMvideo2Bytes_Pipeline_VITIS_LOOP_634_5.verbose.rpt 
Execute         list_part -family xc7z020-clg400-2 
Execute           ap_family_info -name xc7z020-clg400-2 -data names 
Execute           ap_part_info -quiet -name xc7z020-clg400-2 -data family 
Execute       db_write -model AXIMMvideo2Bytes_Pipeline_VITIS_LOOP_634_5 -f -o /home/serg/Documents/Xilinx/z700_hdmi/HDMI_MIXER/hdmi_mixer.runs/design_1_v_frmbuf_rd_0_0_synth_1/prj/sol/.autopilot/db/AXIMMvideo2Bytes_Pipeline_VITIS_LOOP_634_5.adb 
Execute       db_write -model AXIMMvideo2Bytes_Pipeline_VITIS_LOOP_634_5 -bindview -o /home/serg/Documents/Xilinx/z700_hdmi/HDMI_MIXER/hdmi_mixer.runs/design_1_v_frmbuf_rd_0_0_synth_1/prj/sol/.autopilot/db/design.bindinfo.xml 
Execute       gen_tb_info AXIMMvideo2Bytes_Pipeline_VITIS_LOOP_634_5 -p /home/serg/Documents/Xilinx/z700_hdmi/HDMI_MIXER/hdmi_mixer.runs/design_1_v_frmbuf_rd_0_0_synth_1/prj/sol/.autopilot/db -o /home/serg/Documents/Xilinx/z700_hdmi/HDMI_MIXER/hdmi_mixer.runs/design_1_v_frmbuf_rd_0_0_synth_1/prj/sol/.autopilot/db/AXIMMvideo2Bytes_Pipeline_VITIS_LOOP_634_5 
INFO: [HLS 200-10] ----------------------------------------------------------------
INFO: [HLS 200-10] -- Generating RTL for module 'AXIMMvideo2Bytes_Pipeline_VITIS_LOOP_640_6' 
INFO: [HLS 200-10] ----------------------------------------------------------------
Execute       create_rtl_model AXIMMvideo2Bytes_Pipeline_VITIS_LOOP_640_6 -top_prefix design_1_v_frmbuf_rd_0_0_ -sub_prefix design_1_v_frmbuf_rd_0_0_ -mg_file /home/serg/Documents/Xilinx/z700_hdmi/HDMI_MIXER/hdmi_mixer.runs/design_1_v_frmbuf_rd_0_0_synth_1/prj/sol/.autopilot/db/AXIMMvideo2Bytes_Pipeline_VITIS_LOOP_640_6.compgen.tcl 
INFO: [HLS 200-1030] Apply Unified Pipeline Control on module 'AXIMMvideo2Bytes_Pipeline_VITIS_LOOP_640_6' pipeline 'VITIS_LOOP_640_6' pipeline type 'loop pipeline'
WARNING: [RTGEN 206-101] Setting dangling out port 'AXIMMvideo2Bytes_Pipeline_VITIS_LOOP_640_6/m_axi_mm_video_0_ARVALID' to 0.
WARNING: [RTGEN 206-101] Setting dangling out port 'AXIMMvideo2Bytes_Pipeline_VITIS_LOOP_640_6/m_axi_mm_video_0_ARADDR' to 0.
WARNING: [RTGEN 206-101] Setting dangling out port 'AXIMMvideo2Bytes_Pipeline_VITIS_LOOP_640_6/m_axi_mm_video_0_ARID' to 0.
WARNING: [RTGEN 206-101] Setting dangling out port 'AXIMMvideo2Bytes_Pipeline_VITIS_LOOP_640_6/m_axi_mm_video_0_ARLEN' to 0.
WARNING: [RTGEN 206-101] Setting dangling out port 'AXIMMvideo2Bytes_Pipeline_VITIS_LOOP_640_6/m_axi_mm_video_0_ARSIZE' to 0.
WARNING: [RTGEN 206-101] Setting dangling out port 'AXIMMvideo2Bytes_Pipeline_VITIS_LOOP_640_6/m_axi_mm_video_0_ARBURST' to 0.
WARNING: [RTGEN 206-101] Setting dangling out port 'AXIMMvideo2Bytes_Pipeline_VITIS_LOOP_640_6/m_axi_mm_video_0_ARLOCK' to 0.
WARNING: [RTGEN 206-101] Setting dangling out port 'AXIMMvideo2Bytes_Pipeline_VITIS_LOOP_640_6/m_axi_mm_video_0_ARCACHE' to 0.
WARNING: [RTGEN 206-101] Setting dangling out port 'AXIMMvideo2Bytes_Pipeline_VITIS_LOOP_640_6/m_axi_mm_video_0_ARPROT' to 0.
WARNING: [RTGEN 206-101] Setting dangling out port 'AXIMMvideo2Bytes_Pipeline_VITIS_LOOP_640_6/m_axi_mm_video_0_ARQOS' to 0.
WARNING: [RTGEN 206-101] Setting dangling out port 'AXIMMvideo2Bytes_Pipeline_VITIS_LOOP_640_6/m_axi_mm_video_0_ARREGION' to 0.
WARNING: [RTGEN 206-101] Setting dangling out port 'AXIMMvideo2Bytes_Pipeline_VITIS_LOOP_640_6/m_axi_mm_video_0_ARUSER' to 0.
INFO: [RTGEN 206-100] Finished creating RTL model for 'AXIMMvideo2Bytes_Pipeline_VITIS_LOOP_640_6'.
INFO: [HLS 200-111] Finished Creating RTL model: CPU user time: 0.02 seconds. CPU system time: 0 seconds. Elapsed time: 0.03 seconds; current allocated memory: 552.633 MB.
Execute       source /home/serg/Documents/Xilinx/z700_hdmi/HDMI_MIXER/hdmi_mixer.runs/design_1_v_frmbuf_rd_0_0_synth_1/prj/sol/.autopilot/db/v_frmbuf_rd.rtl_wrap.cfg.tcl 
Execute       gen_rtl AXIMMvideo2Bytes_Pipeline_VITIS_LOOP_640_6 -style xilinx -f -lang vhdl -o /home/serg/Documents/Xilinx/z700_hdmi/HDMI_MIXER/hdmi_mixer.runs/design_1_v_frmbuf_rd_0_0_synth_1/prj/sol/syn/vhdl/design_1_v_frmbuf_rd_0_0_AXIMMvideo2Bytes_Pipeline_VITIS_LOOP_640_6 
Execute       gen_rtl AXIMMvideo2Bytes_Pipeline_VITIS_LOOP_640_6 -style xilinx -f -lang vlog -o /home/serg/Documents/Xilinx/z700_hdmi/HDMI_MIXER/hdmi_mixer.runs/design_1_v_frmbuf_rd_0_0_synth_1/prj/sol/syn/verilog/design_1_v_frmbuf_rd_0_0_AXIMMvideo2Bytes_Pipeline_VITIS_LOOP_640_6 
Execute       syn_report -csynth -model AXIMMvideo2Bytes_Pipeline_VITIS_LOOP_640_6 -o /home/serg/Documents/Xilinx/z700_hdmi/HDMI_MIXER/hdmi_mixer.runs/design_1_v_frmbuf_rd_0_0_synth_1/prj/sol/syn/report/AXIMMvideo2Bytes_Pipeline_VITIS_LOOP_640_6_csynth.rpt 
Execute         list_part -family xc7z020-clg400-2 
Execute           ap_family_info -name xc7z020-clg400-2 -data names 
Execute           ap_part_info -quiet -name xc7z020-clg400-2 -data family 
Execute       syn_report -rtlxml -model AXIMMvideo2Bytes_Pipeline_VITIS_LOOP_640_6 -o /home/serg/Documents/Xilinx/z700_hdmi/HDMI_MIXER/hdmi_mixer.runs/design_1_v_frmbuf_rd_0_0_synth_1/prj/sol/syn/report/AXIMMvideo2Bytes_Pipeline_VITIS_LOOP_640_6_csynth.xml 
Execute         list_part -family xc7z020-clg400-2 
Execute           ap_family_info -name xc7z020-clg400-2 -data names 
Execute           ap_part_info -quiet -name xc7z020-clg400-2 -data family 
Execute       syn_report -verbosereport -model AXIMMvideo2Bytes_Pipeline_VITIS_LOOP_640_6 -o /home/serg/Documents/Xilinx/z700_hdmi/HDMI_MIXER/hdmi_mixer.runs/design_1_v_frmbuf_rd_0_0_synth_1/prj/sol/.autopilot/db/AXIMMvideo2Bytes_Pipeline_VITIS_LOOP_640_6.verbose.rpt 
Execute         list_part -family xc7z020-clg400-2 
Execute           ap_family_info -name xc7z020-clg400-2 -data names 
Execute           ap_part_info -quiet -name xc7z020-clg400-2 -data family 
Execute       db_write -model AXIMMvideo2Bytes_Pipeline_VITIS_LOOP_640_6 -f -o /home/serg/Documents/Xilinx/z700_hdmi/HDMI_MIXER/hdmi_mixer.runs/design_1_v_frmbuf_rd_0_0_synth_1/prj/sol/.autopilot/db/AXIMMvideo2Bytes_Pipeline_VITIS_LOOP_640_6.adb 
Execute       db_write -model AXIMMvideo2Bytes_Pipeline_VITIS_LOOP_640_6 -bindview -o /home/serg/Documents/Xilinx/z700_hdmi/HDMI_MIXER/hdmi_mixer.runs/design_1_v_frmbuf_rd_0_0_synth_1/prj/sol/.autopilot/db/design.bindinfo.xml 
Execute       gen_tb_info AXIMMvideo2Bytes_Pipeline_VITIS_LOOP_640_6 -p /home/serg/Documents/Xilinx/z700_hdmi/HDMI_MIXER/hdmi_mixer.runs/design_1_v_frmbuf_rd_0_0_synth_1/prj/sol/.autopilot/db -o /home/serg/Documents/Xilinx/z700_hdmi/HDMI_MIXER/hdmi_mixer.runs/design_1_v_frmbuf_rd_0_0_synth_1/prj/sol/.autopilot/db/AXIMMvideo2Bytes_Pipeline_VITIS_LOOP_640_6 
INFO: [HLS 200-10] ----------------------------------------------------------------
INFO: [HLS 200-10] -- Generating RTL for module 'AXIMMvideo2Bytes_Pipeline_VITIS_LOOP_591_1' 
INFO: [HLS 200-10] ----------------------------------------------------------------
Execute       create_rtl_model AXIMMvideo2Bytes_Pipeline_VITIS_LOOP_591_1 -top_prefix design_1_v_frmbuf_rd_0_0_ -sub_prefix design_1_v_frmbuf_rd_0_0_ -mg_file /home/serg/Documents/Xilinx/z700_hdmi/HDMI_MIXER/hdmi_mixer.runs/design_1_v_frmbuf_rd_0_0_synth_1/prj/sol/.autopilot/db/AXIMMvideo2Bytes_Pipeline_VITIS_LOOP_591_1.compgen.tcl 
INFO: [HLS 200-1030] Apply Unified Pipeline Control on module 'AXIMMvideo2Bytes_Pipeline_VITIS_LOOP_591_1' pipeline 'VITIS_LOOP_591_1' pipeline type 'loop pipeline'
WARNING: [RTGEN 206-101] Setting dangling out port 'AXIMMvideo2Bytes_Pipeline_VITIS_LOOP_591_1/m_axi_mm_video_0_ARVALID' to 0.
WARNING: [RTGEN 206-101] Setting dangling out port 'AXIMMvideo2Bytes_Pipeline_VITIS_LOOP_591_1/m_axi_mm_video_0_ARADDR' to 0.
WARNING: [RTGEN 206-101] Setting dangling out port 'AXIMMvideo2Bytes_Pipeline_VITIS_LOOP_591_1/m_axi_mm_video_0_ARID' to 0.
WARNING: [RTGEN 206-101] Setting dangling out port 'AXIMMvideo2Bytes_Pipeline_VITIS_LOOP_591_1/m_axi_mm_video_0_ARLEN' to 0.
WARNING: [RTGEN 206-101] Setting dangling out port 'AXIMMvideo2Bytes_Pipeline_VITIS_LOOP_591_1/m_axi_mm_video_0_ARSIZE' to 0.
WARNING: [RTGEN 206-101] Setting dangling out port 'AXIMMvideo2Bytes_Pipeline_VITIS_LOOP_591_1/m_axi_mm_video_0_ARBURST' to 0.
WARNING: [RTGEN 206-101] Setting dangling out port 'AXIMMvideo2Bytes_Pipeline_VITIS_LOOP_591_1/m_axi_mm_video_0_ARLOCK' to 0.
WARNING: [RTGEN 206-101] Setting dangling out port 'AXIMMvideo2Bytes_Pipeline_VITIS_LOOP_591_1/m_axi_mm_video_0_ARCACHE' to 0.
WARNING: [RTGEN 206-101] Setting dangling out port 'AXIMMvideo2Bytes_Pipeline_VITIS_LOOP_591_1/m_axi_mm_video_0_ARPROT' to 0.
WARNING: [RTGEN 206-101] Setting dangling out port 'AXIMMvideo2Bytes_Pipeline_VITIS_LOOP_591_1/m_axi_mm_video_0_ARQOS' to 0.
WARNING: [RTGEN 206-101] Setting dangling out port 'AXIMMvideo2Bytes_Pipeline_VITIS_LOOP_591_1/m_axi_mm_video_0_ARREGION' to 0.
WARNING: [RTGEN 206-101] Setting dangling out port 'AXIMMvideo2Bytes_Pipeline_VITIS_LOOP_591_1/m_axi_mm_video_0_ARUSER' to 0.
INFO: [RTGEN 206-100] Finished creating RTL model for 'AXIMMvideo2Bytes_Pipeline_VITIS_LOOP_591_1'.
INFO: [HLS 200-111] Finished Creating RTL model: CPU user time: 0.02 seconds. CPU system time: 0 seconds. Elapsed time: 0.02 seconds; current allocated memory: 553.414 MB.
Execute       source /home/serg/Documents/Xilinx/z700_hdmi/HDMI_MIXER/hdmi_mixer.runs/design_1_v_frmbuf_rd_0_0_synth_1/prj/sol/.autopilot/db/v_frmbuf_rd.rtl_wrap.cfg.tcl 
Execute       gen_rtl AXIMMvideo2Bytes_Pipeline_VITIS_LOOP_591_1 -style xilinx -f -lang vhdl -o /home/serg/Documents/Xilinx/z700_hdmi/HDMI_MIXER/hdmi_mixer.runs/design_1_v_frmbuf_rd_0_0_synth_1/prj/sol/syn/vhdl/design_1_v_frmbuf_rd_0_0_AXIMMvideo2Bytes_Pipeline_VITIS_LOOP_591_1 
Execute       gen_rtl AXIMMvideo2Bytes_Pipeline_VITIS_LOOP_591_1 -style xilinx -f -lang vlog -o /home/serg/Documents/Xilinx/z700_hdmi/HDMI_MIXER/hdmi_mixer.runs/design_1_v_frmbuf_rd_0_0_synth_1/prj/sol/syn/verilog/design_1_v_frmbuf_rd_0_0_AXIMMvideo2Bytes_Pipeline_VITIS_LOOP_591_1 
Execute       syn_report -csynth -model AXIMMvideo2Bytes_Pipeline_VITIS_LOOP_591_1 -o /home/serg/Documents/Xilinx/z700_hdmi/HDMI_MIXER/hdmi_mixer.runs/design_1_v_frmbuf_rd_0_0_synth_1/prj/sol/syn/report/AXIMMvideo2Bytes_Pipeline_VITIS_LOOP_591_1_csynth.rpt 
Execute         list_part -family xc7z020-clg400-2 
Execute           ap_family_info -name xc7z020-clg400-2 -data names 
Execute           ap_part_info -quiet -name xc7z020-clg400-2 -data family 
Execute       syn_report -rtlxml -model AXIMMvideo2Bytes_Pipeline_VITIS_LOOP_591_1 -o /home/serg/Documents/Xilinx/z700_hdmi/HDMI_MIXER/hdmi_mixer.runs/design_1_v_frmbuf_rd_0_0_synth_1/prj/sol/syn/report/AXIMMvideo2Bytes_Pipeline_VITIS_LOOP_591_1_csynth.xml 
Execute         list_part -family xc7z020-clg400-2 
Execute           ap_family_info -name xc7z020-clg400-2 -data names 
Execute           ap_part_info -quiet -name xc7z020-clg400-2 -data family 
Execute       syn_report -verbosereport -model AXIMMvideo2Bytes_Pipeline_VITIS_LOOP_591_1 -o /home/serg/Documents/Xilinx/z700_hdmi/HDMI_MIXER/hdmi_mixer.runs/design_1_v_frmbuf_rd_0_0_synth_1/prj/sol/.autopilot/db/AXIMMvideo2Bytes_Pipeline_VITIS_LOOP_591_1.verbose.rpt 
Execute         list_part -family xc7z020-clg400-2 
Execute           ap_family_info -name xc7z020-clg400-2 -data names 
Execute           ap_part_info -quiet -name xc7z020-clg400-2 -data family 
Execute       db_write -model AXIMMvideo2Bytes_Pipeline_VITIS_LOOP_591_1 -f -o /home/serg/Documents/Xilinx/z700_hdmi/HDMI_MIXER/hdmi_mixer.runs/design_1_v_frmbuf_rd_0_0_synth_1/prj/sol/.autopilot/db/AXIMMvideo2Bytes_Pipeline_VITIS_LOOP_591_1.adb 
Execute       db_write -model AXIMMvideo2Bytes_Pipeline_VITIS_LOOP_591_1 -bindview -o /home/serg/Documents/Xilinx/z700_hdmi/HDMI_MIXER/hdmi_mixer.runs/design_1_v_frmbuf_rd_0_0_synth_1/prj/sol/.autopilot/db/design.bindinfo.xml 
Execute       gen_tb_info AXIMMvideo2Bytes_Pipeline_VITIS_LOOP_591_1 -p /home/serg/Documents/Xilinx/z700_hdmi/HDMI_MIXER/hdmi_mixer.runs/design_1_v_frmbuf_rd_0_0_synth_1/prj/sol/.autopilot/db -o /home/serg/Documents/Xilinx/z700_hdmi/HDMI_MIXER/hdmi_mixer.runs/design_1_v_frmbuf_rd_0_0_synth_1/prj/sol/.autopilot/db/AXIMMvideo2Bytes_Pipeline_VITIS_LOOP_591_1 
INFO: [HLS 200-10] ----------------------------------------------------------------
INFO: [HLS 200-10] -- Generating RTL for module 'AXIMMvideo2Bytes_Pipeline_VITIS_LOOP_597_2' 
INFO: [HLS 200-10] ----------------------------------------------------------------
Execute       create_rtl_model AXIMMvideo2Bytes_Pipeline_VITIS_LOOP_597_2 -top_prefix design_1_v_frmbuf_rd_0_0_ -sub_prefix design_1_v_frmbuf_rd_0_0_ -mg_file /home/serg/Documents/Xilinx/z700_hdmi/HDMI_MIXER/hdmi_mixer.runs/design_1_v_frmbuf_rd_0_0_synth_1/prj/sol/.autopilot/db/AXIMMvideo2Bytes_Pipeline_VITIS_LOOP_597_2.compgen.tcl 
INFO: [HLS 200-1030] Apply Unified Pipeline Control on module 'AXIMMvideo2Bytes_Pipeline_VITIS_LOOP_597_2' pipeline 'VITIS_LOOP_597_2' pipeline type 'loop pipeline'
WARNING: [RTGEN 206-101] Setting dangling out port 'AXIMMvideo2Bytes_Pipeline_VITIS_LOOP_597_2/m_axi_mm_video_0_ARVALID' to 0.
WARNING: [RTGEN 206-101] Setting dangling out port 'AXIMMvideo2Bytes_Pipeline_VITIS_LOOP_597_2/m_axi_mm_video_0_ARADDR' to 0.
WARNING: [RTGEN 206-101] Setting dangling out port 'AXIMMvideo2Bytes_Pipeline_VITIS_LOOP_597_2/m_axi_mm_video_0_ARID' to 0.
WARNING: [RTGEN 206-101] Setting dangling out port 'AXIMMvideo2Bytes_Pipeline_VITIS_LOOP_597_2/m_axi_mm_video_0_ARLEN' to 0.
WARNING: [RTGEN 206-101] Setting dangling out port 'AXIMMvideo2Bytes_Pipeline_VITIS_LOOP_597_2/m_axi_mm_video_0_ARSIZE' to 0.
WARNING: [RTGEN 206-101] Setting dangling out port 'AXIMMvideo2Bytes_Pipeline_VITIS_LOOP_597_2/m_axi_mm_video_0_ARBURST' to 0.
WARNING: [RTGEN 206-101] Setting dangling out port 'AXIMMvideo2Bytes_Pipeline_VITIS_LOOP_597_2/m_axi_mm_video_0_ARLOCK' to 0.
WARNING: [RTGEN 206-101] Setting dangling out port 'AXIMMvideo2Bytes_Pipeline_VITIS_LOOP_597_2/m_axi_mm_video_0_ARCACHE' to 0.
WARNING: [RTGEN 206-101] Setting dangling out port 'AXIMMvideo2Bytes_Pipeline_VITIS_LOOP_597_2/m_axi_mm_video_0_ARPROT' to 0.
WARNING: [RTGEN 206-101] Setting dangling out port 'AXIMMvideo2Bytes_Pipeline_VITIS_LOOP_597_2/m_axi_mm_video_0_ARQOS' to 0.
WARNING: [RTGEN 206-101] Setting dangling out port 'AXIMMvideo2Bytes_Pipeline_VITIS_LOOP_597_2/m_axi_mm_video_0_ARREGION' to 0.
WARNING: [RTGEN 206-101] Setting dangling out port 'AXIMMvideo2Bytes_Pipeline_VITIS_LOOP_597_2/m_axi_mm_video_0_ARUSER' to 0.
INFO: [RTGEN 206-100] Finished creating RTL model for 'AXIMMvideo2Bytes_Pipeline_VITIS_LOOP_597_2'.
INFO: [HLS 200-111] Finished Creating RTL model: CPU user time: 0.02 seconds. CPU system time: 0.01 seconds. Elapsed time: 0.02 seconds; current allocated memory: 554.195 MB.
Execute       source /home/serg/Documents/Xilinx/z700_hdmi/HDMI_MIXER/hdmi_mixer.runs/design_1_v_frmbuf_rd_0_0_synth_1/prj/sol/.autopilot/db/v_frmbuf_rd.rtl_wrap.cfg.tcl 
Execute       gen_rtl AXIMMvideo2Bytes_Pipeline_VITIS_LOOP_597_2 -style xilinx -f -lang vhdl -o /home/serg/Documents/Xilinx/z700_hdmi/HDMI_MIXER/hdmi_mixer.runs/design_1_v_frmbuf_rd_0_0_synth_1/prj/sol/syn/vhdl/design_1_v_frmbuf_rd_0_0_AXIMMvideo2Bytes_Pipeline_VITIS_LOOP_597_2 
Execute       gen_rtl AXIMMvideo2Bytes_Pipeline_VITIS_LOOP_597_2 -style xilinx -f -lang vlog -o /home/serg/Documents/Xilinx/z700_hdmi/HDMI_MIXER/hdmi_mixer.runs/design_1_v_frmbuf_rd_0_0_synth_1/prj/sol/syn/verilog/design_1_v_frmbuf_rd_0_0_AXIMMvideo2Bytes_Pipeline_VITIS_LOOP_597_2 
Execute       syn_report -csynth -model AXIMMvideo2Bytes_Pipeline_VITIS_LOOP_597_2 -o /home/serg/Documents/Xilinx/z700_hdmi/HDMI_MIXER/hdmi_mixer.runs/design_1_v_frmbuf_rd_0_0_synth_1/prj/sol/syn/report/AXIMMvideo2Bytes_Pipeline_VITIS_LOOP_597_2_csynth.rpt 
Execute         list_part -family xc7z020-clg400-2 
Execute           ap_family_info -name xc7z020-clg400-2 -data names 
Execute           ap_part_info -quiet -name xc7z020-clg400-2 -data family 
Execute       syn_report -rtlxml -model AXIMMvideo2Bytes_Pipeline_VITIS_LOOP_597_2 -o /home/serg/Documents/Xilinx/z700_hdmi/HDMI_MIXER/hdmi_mixer.runs/design_1_v_frmbuf_rd_0_0_synth_1/prj/sol/syn/report/AXIMMvideo2Bytes_Pipeline_VITIS_LOOP_597_2_csynth.xml 
Execute         list_part -family xc7z020-clg400-2 
Execute           ap_family_info -name xc7z020-clg400-2 -data names 
Execute           ap_part_info -quiet -name xc7z020-clg400-2 -data family 
Execute       syn_report -verbosereport -model AXIMMvideo2Bytes_Pipeline_VITIS_LOOP_597_2 -o /home/serg/Documents/Xilinx/z700_hdmi/HDMI_MIXER/hdmi_mixer.runs/design_1_v_frmbuf_rd_0_0_synth_1/prj/sol/.autopilot/db/AXIMMvideo2Bytes_Pipeline_VITIS_LOOP_597_2.verbose.rpt 
Execute         list_part -family xc7z020-clg400-2 
Execute           ap_family_info -name xc7z020-clg400-2 -data names 
Execute           ap_part_info -quiet -name xc7z020-clg400-2 -data family 
Execute       db_write -model AXIMMvideo2Bytes_Pipeline_VITIS_LOOP_597_2 -f -o /home/serg/Documents/Xilinx/z700_hdmi/HDMI_MIXER/hdmi_mixer.runs/design_1_v_frmbuf_rd_0_0_synth_1/prj/sol/.autopilot/db/AXIMMvideo2Bytes_Pipeline_VITIS_LOOP_597_2.adb 
Execute       db_write -model AXIMMvideo2Bytes_Pipeline_VITIS_LOOP_597_2 -bindview -o /home/serg/Documents/Xilinx/z700_hdmi/HDMI_MIXER/hdmi_mixer.runs/design_1_v_frmbuf_rd_0_0_synth_1/prj/sol/.autopilot/db/design.bindinfo.xml 
Execute       gen_tb_info AXIMMvideo2Bytes_Pipeline_VITIS_LOOP_597_2 -p /home/serg/Documents/Xilinx/z700_hdmi/HDMI_MIXER/hdmi_mixer.runs/design_1_v_frmbuf_rd_0_0_synth_1/prj/sol/.autopilot/db -o /home/serg/Documents/Xilinx/z700_hdmi/HDMI_MIXER/hdmi_mixer.runs/design_1_v_frmbuf_rd_0_0_synth_1/prj/sol/.autopilot/db/AXIMMvideo2Bytes_Pipeline_VITIS_LOOP_597_2 
INFO: [HLS 200-10] ----------------------------------------------------------------
INFO: [HLS 200-10] -- Generating RTL for module 'AXIMMvideo2Bytes_Pipeline_VITIS_LOOP_603_3' 
INFO: [HLS 200-10] ----------------------------------------------------------------
Execute       create_rtl_model AXIMMvideo2Bytes_Pipeline_VITIS_LOOP_603_3 -top_prefix design_1_v_frmbuf_rd_0_0_ -sub_prefix design_1_v_frmbuf_rd_0_0_ -mg_file /home/serg/Documents/Xilinx/z700_hdmi/HDMI_MIXER/hdmi_mixer.runs/design_1_v_frmbuf_rd_0_0_synth_1/prj/sol/.autopilot/db/AXIMMvideo2Bytes_Pipeline_VITIS_LOOP_603_3.compgen.tcl 
INFO: [HLS 200-1030] Apply Unified Pipeline Control on module 'AXIMMvideo2Bytes_Pipeline_VITIS_LOOP_603_3' pipeline 'VITIS_LOOP_603_3' pipeline type 'loop pipeline'
WARNING: [RTGEN 206-101] Setting dangling out port 'AXIMMvideo2Bytes_Pipeline_VITIS_LOOP_603_3/m_axi_mm_video_0_ARVALID' to 0.
WARNING: [RTGEN 206-101] Setting dangling out port 'AXIMMvideo2Bytes_Pipeline_VITIS_LOOP_603_3/m_axi_mm_video_0_ARADDR' to 0.
WARNING: [RTGEN 206-101] Setting dangling out port 'AXIMMvideo2Bytes_Pipeline_VITIS_LOOP_603_3/m_axi_mm_video_0_ARID' to 0.
WARNING: [RTGEN 206-101] Setting dangling out port 'AXIMMvideo2Bytes_Pipeline_VITIS_LOOP_603_3/m_axi_mm_video_0_ARLEN' to 0.
WARNING: [RTGEN 206-101] Setting dangling out port 'AXIMMvideo2Bytes_Pipeline_VITIS_LOOP_603_3/m_axi_mm_video_0_ARSIZE' to 0.
WARNING: [RTGEN 206-101] Setting dangling out port 'AXIMMvideo2Bytes_Pipeline_VITIS_LOOP_603_3/m_axi_mm_video_0_ARBURST' to 0.
WARNING: [RTGEN 206-101] Setting dangling out port 'AXIMMvideo2Bytes_Pipeline_VITIS_LOOP_603_3/m_axi_mm_video_0_ARLOCK' to 0.
WARNING: [RTGEN 206-101] Setting dangling out port 'AXIMMvideo2Bytes_Pipeline_VITIS_LOOP_603_3/m_axi_mm_video_0_ARCACHE' to 0.
WARNING: [RTGEN 206-101] Setting dangling out port 'AXIMMvideo2Bytes_Pipeline_VITIS_LOOP_603_3/m_axi_mm_video_0_ARPROT' to 0.
WARNING: [RTGEN 206-101] Setting dangling out port 'AXIMMvideo2Bytes_Pipeline_VITIS_LOOP_603_3/m_axi_mm_video_0_ARQOS' to 0.
WARNING: [RTGEN 206-101] Setting dangling out port 'AXIMMvideo2Bytes_Pipeline_VITIS_LOOP_603_3/m_axi_mm_video_0_ARREGION' to 0.
WARNING: [RTGEN 206-101] Setting dangling out port 'AXIMMvideo2Bytes_Pipeline_VITIS_LOOP_603_3/m_axi_mm_video_0_ARUSER' to 0.
INFO: [RTGEN 206-100] Finished creating RTL model for 'AXIMMvideo2Bytes_Pipeline_VITIS_LOOP_603_3'.
INFO: [HLS 200-111] Finished Creating RTL model: CPU user time: 0.03 seconds. CPU system time: 0 seconds. Elapsed time: 0.03 seconds; current allocated memory: 554.977 MB.
Execute       source /home/serg/Documents/Xilinx/z700_hdmi/HDMI_MIXER/hdmi_mixer.runs/design_1_v_frmbuf_rd_0_0_synth_1/prj/sol/.autopilot/db/v_frmbuf_rd.rtl_wrap.cfg.tcl 
Execute       gen_rtl AXIMMvideo2Bytes_Pipeline_VITIS_LOOP_603_3 -style xilinx -f -lang vhdl -o /home/serg/Documents/Xilinx/z700_hdmi/HDMI_MIXER/hdmi_mixer.runs/design_1_v_frmbuf_rd_0_0_synth_1/prj/sol/syn/vhdl/design_1_v_frmbuf_rd_0_0_AXIMMvideo2Bytes_Pipeline_VITIS_LOOP_603_3 
Execute       gen_rtl AXIMMvideo2Bytes_Pipeline_VITIS_LOOP_603_3 -style xilinx -f -lang vlog -o /home/serg/Documents/Xilinx/z700_hdmi/HDMI_MIXER/hdmi_mixer.runs/design_1_v_frmbuf_rd_0_0_synth_1/prj/sol/syn/verilog/design_1_v_frmbuf_rd_0_0_AXIMMvideo2Bytes_Pipeline_VITIS_LOOP_603_3 
Execute       syn_report -csynth -model AXIMMvideo2Bytes_Pipeline_VITIS_LOOP_603_3 -o /home/serg/Documents/Xilinx/z700_hdmi/HDMI_MIXER/hdmi_mixer.runs/design_1_v_frmbuf_rd_0_0_synth_1/prj/sol/syn/report/AXIMMvideo2Bytes_Pipeline_VITIS_LOOP_603_3_csynth.rpt 
Execute         list_part -family xc7z020-clg400-2 
Execute           ap_family_info -name xc7z020-clg400-2 -data names 
Execute           ap_part_info -quiet -name xc7z020-clg400-2 -data family 
Execute       syn_report -rtlxml -model AXIMMvideo2Bytes_Pipeline_VITIS_LOOP_603_3 -o /home/serg/Documents/Xilinx/z700_hdmi/HDMI_MIXER/hdmi_mixer.runs/design_1_v_frmbuf_rd_0_0_synth_1/prj/sol/syn/report/AXIMMvideo2Bytes_Pipeline_VITIS_LOOP_603_3_csynth.xml 
Execute         list_part -family xc7z020-clg400-2 
Execute           ap_family_info -name xc7z020-clg400-2 -data names 
Execute           ap_part_info -quiet -name xc7z020-clg400-2 -data family 
Execute       syn_report -verbosereport -model AXIMMvideo2Bytes_Pipeline_VITIS_LOOP_603_3 -o /home/serg/Documents/Xilinx/z700_hdmi/HDMI_MIXER/hdmi_mixer.runs/design_1_v_frmbuf_rd_0_0_synth_1/prj/sol/.autopilot/db/AXIMMvideo2Bytes_Pipeline_VITIS_LOOP_603_3.verbose.rpt 
Execute         list_part -family xc7z020-clg400-2 
Execute           ap_family_info -name xc7z020-clg400-2 -data names 
Execute           ap_part_info -quiet -name xc7z020-clg400-2 -data family 
Execute       db_write -model AXIMMvideo2Bytes_Pipeline_VITIS_LOOP_603_3 -f -o /home/serg/Documents/Xilinx/z700_hdmi/HDMI_MIXER/hdmi_mixer.runs/design_1_v_frmbuf_rd_0_0_synth_1/prj/sol/.autopilot/db/AXIMMvideo2Bytes_Pipeline_VITIS_LOOP_603_3.adb 
Execute       db_write -model AXIMMvideo2Bytes_Pipeline_VITIS_LOOP_603_3 -bindview -o /home/serg/Documents/Xilinx/z700_hdmi/HDMI_MIXER/hdmi_mixer.runs/design_1_v_frmbuf_rd_0_0_synth_1/prj/sol/.autopilot/db/design.bindinfo.xml 
Execute       gen_tb_info AXIMMvideo2Bytes_Pipeline_VITIS_LOOP_603_3 -p /home/serg/Documents/Xilinx/z700_hdmi/HDMI_MIXER/hdmi_mixer.runs/design_1_v_frmbuf_rd_0_0_synth_1/prj/sol/.autopilot/db -o /home/serg/Documents/Xilinx/z700_hdmi/HDMI_MIXER/hdmi_mixer.runs/design_1_v_frmbuf_rd_0_0_synth_1/prj/sol/.autopilot/db/AXIMMvideo2Bytes_Pipeline_VITIS_LOOP_603_3 
INFO: [HLS 200-10] ----------------------------------------------------------------
INFO: [HLS 200-10] -- Generating RTL for module 'AXIMMvideo2Bytes_Pipeline_VITIS_LOOP_660_7' 
INFO: [HLS 200-10] ----------------------------------------------------------------
Execute       create_rtl_model AXIMMvideo2Bytes_Pipeline_VITIS_LOOP_660_7 -top_prefix design_1_v_frmbuf_rd_0_0_ -sub_prefix design_1_v_frmbuf_rd_0_0_ -mg_file /home/serg/Documents/Xilinx/z700_hdmi/HDMI_MIXER/hdmi_mixer.runs/design_1_v_frmbuf_rd_0_0_synth_1/prj/sol/.autopilot/db/AXIMMvideo2Bytes_Pipeline_VITIS_LOOP_660_7.compgen.tcl 
INFO: [HLS 200-1030] Apply Unified Pipeline Control on module 'AXIMMvideo2Bytes_Pipeline_VITIS_LOOP_660_7' pipeline 'VITIS_LOOP_660_7' pipeline type 'loop pipeline'
WARNING: [RTGEN 206-101] Setting dangling out port 'AXIMMvideo2Bytes_Pipeline_VITIS_LOOP_660_7/m_axi_mm_video_0_ARVALID' to 0.
WARNING: [RTGEN 206-101] Setting dangling out port 'AXIMMvideo2Bytes_Pipeline_VITIS_LOOP_660_7/m_axi_mm_video_0_ARADDR' to 0.
WARNING: [RTGEN 206-101] Setting dangling out port 'AXIMMvideo2Bytes_Pipeline_VITIS_LOOP_660_7/m_axi_mm_video_0_ARID' to 0.
WARNING: [RTGEN 206-101] Setting dangling out port 'AXIMMvideo2Bytes_Pipeline_VITIS_LOOP_660_7/m_axi_mm_video_0_ARLEN' to 0.
WARNING: [RTGEN 206-101] Setting dangling out port 'AXIMMvideo2Bytes_Pipeline_VITIS_LOOP_660_7/m_axi_mm_video_0_ARSIZE' to 0.
WARNING: [RTGEN 206-101] Setting dangling out port 'AXIMMvideo2Bytes_Pipeline_VITIS_LOOP_660_7/m_axi_mm_video_0_ARBURST' to 0.
WARNING: [RTGEN 206-101] Setting dangling out port 'AXIMMvideo2Bytes_Pipeline_VITIS_LOOP_660_7/m_axi_mm_video_0_ARLOCK' to 0.
WARNING: [RTGEN 206-101] Setting dangling out port 'AXIMMvideo2Bytes_Pipeline_VITIS_LOOP_660_7/m_axi_mm_video_0_ARCACHE' to 0.
WARNING: [RTGEN 206-101] Setting dangling out port 'AXIMMvideo2Bytes_Pipeline_VITIS_LOOP_660_7/m_axi_mm_video_0_ARPROT' to 0.
WARNING: [RTGEN 206-101] Setting dangling out port 'AXIMMvideo2Bytes_Pipeline_VITIS_LOOP_660_7/m_axi_mm_video_0_ARQOS' to 0.
WARNING: [RTGEN 206-101] Setting dangling out port 'AXIMMvideo2Bytes_Pipeline_VITIS_LOOP_660_7/m_axi_mm_video_0_ARREGION' to 0.
WARNING: [RTGEN 206-101] Setting dangling out port 'AXIMMvideo2Bytes_Pipeline_VITIS_LOOP_660_7/m_axi_mm_video_0_ARUSER' to 0.
INFO: [RTGEN 206-100] Finished creating RTL model for 'AXIMMvideo2Bytes_Pipeline_VITIS_LOOP_660_7'.
INFO: [HLS 200-111] Finished Creating RTL model: CPU user time: 0.02 seconds. CPU system time: 0 seconds. Elapsed time: 0.02 seconds; current allocated memory: 555.762 MB.
Execute       source /home/serg/Documents/Xilinx/z700_hdmi/HDMI_MIXER/hdmi_mixer.runs/design_1_v_frmbuf_rd_0_0_synth_1/prj/sol/.autopilot/db/v_frmbuf_rd.rtl_wrap.cfg.tcl 
Execute       gen_rtl AXIMMvideo2Bytes_Pipeline_VITIS_LOOP_660_7 -style xilinx -f -lang vhdl -o /home/serg/Documents/Xilinx/z700_hdmi/HDMI_MIXER/hdmi_mixer.runs/design_1_v_frmbuf_rd_0_0_synth_1/prj/sol/syn/vhdl/design_1_v_frmbuf_rd_0_0_AXIMMvideo2Bytes_Pipeline_VITIS_LOOP_660_7 
Execute       gen_rtl AXIMMvideo2Bytes_Pipeline_VITIS_LOOP_660_7 -style xilinx -f -lang vlog -o /home/serg/Documents/Xilinx/z700_hdmi/HDMI_MIXER/hdmi_mixer.runs/design_1_v_frmbuf_rd_0_0_synth_1/prj/sol/syn/verilog/design_1_v_frmbuf_rd_0_0_AXIMMvideo2Bytes_Pipeline_VITIS_LOOP_660_7 
Execute       syn_report -csynth -model AXIMMvideo2Bytes_Pipeline_VITIS_LOOP_660_7 -o /home/serg/Documents/Xilinx/z700_hdmi/HDMI_MIXER/hdmi_mixer.runs/design_1_v_frmbuf_rd_0_0_synth_1/prj/sol/syn/report/AXIMMvideo2Bytes_Pipeline_VITIS_LOOP_660_7_csynth.rpt 
Execute         list_part -family xc7z020-clg400-2 
Execute           ap_family_info -name xc7z020-clg400-2 -data names 
Execute           ap_part_info -quiet -name xc7z020-clg400-2 -data family 
Execute       syn_report -rtlxml -model AXIMMvideo2Bytes_Pipeline_VITIS_LOOP_660_7 -o /home/serg/Documents/Xilinx/z700_hdmi/HDMI_MIXER/hdmi_mixer.runs/design_1_v_frmbuf_rd_0_0_synth_1/prj/sol/syn/report/AXIMMvideo2Bytes_Pipeline_VITIS_LOOP_660_7_csynth.xml 
Execute         list_part -family xc7z020-clg400-2 
Execute           ap_family_info -name xc7z020-clg400-2 -data names 
Execute           ap_part_info -quiet -name xc7z020-clg400-2 -data family 
Execute       syn_report -verbosereport -model AXIMMvideo2Bytes_Pipeline_VITIS_LOOP_660_7 -o /home/serg/Documents/Xilinx/z700_hdmi/HDMI_MIXER/hdmi_mixer.runs/design_1_v_frmbuf_rd_0_0_synth_1/prj/sol/.autopilot/db/AXIMMvideo2Bytes_Pipeline_VITIS_LOOP_660_7.verbose.rpt 
Execute         list_part -family xc7z020-clg400-2 
Execute           ap_family_info -name xc7z020-clg400-2 -data names 
Execute           ap_part_info -quiet -name xc7z020-clg400-2 -data family 
Execute       db_write -model AXIMMvideo2Bytes_Pipeline_VITIS_LOOP_660_7 -f -o /home/serg/Documents/Xilinx/z700_hdmi/HDMI_MIXER/hdmi_mixer.runs/design_1_v_frmbuf_rd_0_0_synth_1/prj/sol/.autopilot/db/AXIMMvideo2Bytes_Pipeline_VITIS_LOOP_660_7.adb 
Execute       db_write -model AXIMMvideo2Bytes_Pipeline_VITIS_LOOP_660_7 -bindview -o /home/serg/Documents/Xilinx/z700_hdmi/HDMI_MIXER/hdmi_mixer.runs/design_1_v_frmbuf_rd_0_0_synth_1/prj/sol/.autopilot/db/design.bindinfo.xml 
Execute       gen_tb_info AXIMMvideo2Bytes_Pipeline_VITIS_LOOP_660_7 -p /home/serg/Documents/Xilinx/z700_hdmi/HDMI_MIXER/hdmi_mixer.runs/design_1_v_frmbuf_rd_0_0_synth_1/prj/sol/.autopilot/db -o /home/serg/Documents/Xilinx/z700_hdmi/HDMI_MIXER/hdmi_mixer.runs/design_1_v_frmbuf_rd_0_0_synth_1/prj/sol/.autopilot/db/AXIMMvideo2Bytes_Pipeline_VITIS_LOOP_660_7 
INFO: [HLS 200-10] ----------------------------------------------------------------
INFO: [HLS 200-10] -- Generating RTL for module 'AXIMMvideo2Bytes_Pipeline_VITIS_LOOP_670_8' 
INFO: [HLS 200-10] ----------------------------------------------------------------
Execute       create_rtl_model AXIMMvideo2Bytes_Pipeline_VITIS_LOOP_670_8 -top_prefix design_1_v_frmbuf_rd_0_0_ -sub_prefix design_1_v_frmbuf_rd_0_0_ -mg_file /home/serg/Documents/Xilinx/z700_hdmi/HDMI_MIXER/hdmi_mixer.runs/design_1_v_frmbuf_rd_0_0_synth_1/prj/sol/.autopilot/db/AXIMMvideo2Bytes_Pipeline_VITIS_LOOP_670_8.compgen.tcl 
INFO: [HLS 200-1030] Apply Unified Pipeline Control on module 'AXIMMvideo2Bytes_Pipeline_VITIS_LOOP_670_8' pipeline 'VITIS_LOOP_670_8' pipeline type 'loop pipeline'
WARNING: [RTGEN 206-101] Setting dangling out port 'AXIMMvideo2Bytes_Pipeline_VITIS_LOOP_670_8/m_axi_mm_video_0_ARVALID' to 0.
WARNING: [RTGEN 206-101] Setting dangling out port 'AXIMMvideo2Bytes_Pipeline_VITIS_LOOP_670_8/m_axi_mm_video_0_ARADDR' to 0.
WARNING: [RTGEN 206-101] Setting dangling out port 'AXIMMvideo2Bytes_Pipeline_VITIS_LOOP_670_8/m_axi_mm_video_0_ARID' to 0.
WARNING: [RTGEN 206-101] Setting dangling out port 'AXIMMvideo2Bytes_Pipeline_VITIS_LOOP_670_8/m_axi_mm_video_0_ARLEN' to 0.
WARNING: [RTGEN 206-101] Setting dangling out port 'AXIMMvideo2Bytes_Pipeline_VITIS_LOOP_670_8/m_axi_mm_video_0_ARSIZE' to 0.
WARNING: [RTGEN 206-101] Setting dangling out port 'AXIMMvideo2Bytes_Pipeline_VITIS_LOOP_670_8/m_axi_mm_video_0_ARBURST' to 0.
WARNING: [RTGEN 206-101] Setting dangling out port 'AXIMMvideo2Bytes_Pipeline_VITIS_LOOP_670_8/m_axi_mm_video_0_ARLOCK' to 0.
WARNING: [RTGEN 206-101] Setting dangling out port 'AXIMMvideo2Bytes_Pipeline_VITIS_LOOP_670_8/m_axi_mm_video_0_ARCACHE' to 0.
WARNING: [RTGEN 206-101] Setting dangling out port 'AXIMMvideo2Bytes_Pipeline_VITIS_LOOP_670_8/m_axi_mm_video_0_ARPROT' to 0.
WARNING: [RTGEN 206-101] Setting dangling out port 'AXIMMvideo2Bytes_Pipeline_VITIS_LOOP_670_8/m_axi_mm_video_0_ARQOS' to 0.
WARNING: [RTGEN 206-101] Setting dangling out port 'AXIMMvideo2Bytes_Pipeline_VITIS_LOOP_670_8/m_axi_mm_video_0_ARREGION' to 0.
WARNING: [RTGEN 206-101] Setting dangling out port 'AXIMMvideo2Bytes_Pipeline_VITIS_LOOP_670_8/m_axi_mm_video_0_ARUSER' to 0.
INFO: [RTGEN 206-100] Finished creating RTL model for 'AXIMMvideo2Bytes_Pipeline_VITIS_LOOP_670_8'.
INFO: [HLS 200-111] Finished Creating RTL model: CPU user time: 0.02 seconds. CPU system time: 0 seconds. Elapsed time: 0.02 seconds; current allocated memory: 556.543 MB.
Execute       source /home/serg/Documents/Xilinx/z700_hdmi/HDMI_MIXER/hdmi_mixer.runs/design_1_v_frmbuf_rd_0_0_synth_1/prj/sol/.autopilot/db/v_frmbuf_rd.rtl_wrap.cfg.tcl 
Execute       gen_rtl AXIMMvideo2Bytes_Pipeline_VITIS_LOOP_670_8 -style xilinx -f -lang vhdl -o /home/serg/Documents/Xilinx/z700_hdmi/HDMI_MIXER/hdmi_mixer.runs/design_1_v_frmbuf_rd_0_0_synth_1/prj/sol/syn/vhdl/design_1_v_frmbuf_rd_0_0_AXIMMvideo2Bytes_Pipeline_VITIS_LOOP_670_8 
Execute       gen_rtl AXIMMvideo2Bytes_Pipeline_VITIS_LOOP_670_8 -style xilinx -f -lang vlog -o /home/serg/Documents/Xilinx/z700_hdmi/HDMI_MIXER/hdmi_mixer.runs/design_1_v_frmbuf_rd_0_0_synth_1/prj/sol/syn/verilog/design_1_v_frmbuf_rd_0_0_AXIMMvideo2Bytes_Pipeline_VITIS_LOOP_670_8 
Execute       syn_report -csynth -model AXIMMvideo2Bytes_Pipeline_VITIS_LOOP_670_8 -o /home/serg/Documents/Xilinx/z700_hdmi/HDMI_MIXER/hdmi_mixer.runs/design_1_v_frmbuf_rd_0_0_synth_1/prj/sol/syn/report/AXIMMvideo2Bytes_Pipeline_VITIS_LOOP_670_8_csynth.rpt 
Execute         list_part -family xc7z020-clg400-2 
Execute           ap_family_info -name xc7z020-clg400-2 -data names 
Execute           ap_part_info -quiet -name xc7z020-clg400-2 -data family 
Execute       syn_report -rtlxml -model AXIMMvideo2Bytes_Pipeline_VITIS_LOOP_670_8 -o /home/serg/Documents/Xilinx/z700_hdmi/HDMI_MIXER/hdmi_mixer.runs/design_1_v_frmbuf_rd_0_0_synth_1/prj/sol/syn/report/AXIMMvideo2Bytes_Pipeline_VITIS_LOOP_670_8_csynth.xml 
Execute         list_part -family xc7z020-clg400-2 
Execute           ap_family_info -name xc7z020-clg400-2 -data names 
Execute           ap_part_info -quiet -name xc7z020-clg400-2 -data family 
Execute       syn_report -verbosereport -model AXIMMvideo2Bytes_Pipeline_VITIS_LOOP_670_8 -o /home/serg/Documents/Xilinx/z700_hdmi/HDMI_MIXER/hdmi_mixer.runs/design_1_v_frmbuf_rd_0_0_synth_1/prj/sol/.autopilot/db/AXIMMvideo2Bytes_Pipeline_VITIS_LOOP_670_8.verbose.rpt 
Execute         list_part -family xc7z020-clg400-2 
Execute           ap_family_info -name xc7z020-clg400-2 -data names 
Execute           ap_part_info -quiet -name xc7z020-clg400-2 -data family 
Execute       db_write -model AXIMMvideo2Bytes_Pipeline_VITIS_LOOP_670_8 -f -o /home/serg/Documents/Xilinx/z700_hdmi/HDMI_MIXER/hdmi_mixer.runs/design_1_v_frmbuf_rd_0_0_synth_1/prj/sol/.autopilot/db/AXIMMvideo2Bytes_Pipeline_VITIS_LOOP_670_8.adb 
Execute       db_write -model AXIMMvideo2Bytes_Pipeline_VITIS_LOOP_670_8 -bindview -o /home/serg/Documents/Xilinx/z700_hdmi/HDMI_MIXER/hdmi_mixer.runs/design_1_v_frmbuf_rd_0_0_synth_1/prj/sol/.autopilot/db/design.bindinfo.xml 
Execute       gen_tb_info AXIMMvideo2Bytes_Pipeline_VITIS_LOOP_670_8 -p /home/serg/Documents/Xilinx/z700_hdmi/HDMI_MIXER/hdmi_mixer.runs/design_1_v_frmbuf_rd_0_0_synth_1/prj/sol/.autopilot/db -o /home/serg/Documents/Xilinx/z700_hdmi/HDMI_MIXER/hdmi_mixer.runs/design_1_v_frmbuf_rd_0_0_synth_1/prj/sol/.autopilot/db/AXIMMvideo2Bytes_Pipeline_VITIS_LOOP_670_8 
INFO: [HLS 200-10] ----------------------------------------------------------------
INFO: [HLS 200-10] -- Generating RTL for module 'AXIMMvideo2Bytes' 
INFO: [HLS 200-10] ----------------------------------------------------------------
Execute       create_rtl_model AXIMMvideo2Bytes -top_prefix design_1_v_frmbuf_rd_0_0_ -sub_prefix design_1_v_frmbuf_rd_0_0_ -mg_file /home/serg/Documents/Xilinx/z700_hdmi/HDMI_MIXER/hdmi_mixer.runs/design_1_v_frmbuf_rd_0_0_synth_1/prj/sol/.autopilot/db/AXIMMvideo2Bytes.compgen.tcl 
WARNING: [RTGEN 206-101] RTL name 'ap_sig_allocacmp_offsetUV_load' is changed to 'ap_sig_allocacmp_offsetUV_load_x' due to conflict.
INFO: [RTGEN 206-100] Finished creating RTL model for 'AXIMMvideo2Bytes'.
Command       create_rtl_model done; 0.17 sec.
INFO: [HLS 200-111] Finished Creating RTL model: CPU user time: 0.18 seconds. CPU system time: 0.01 seconds. Elapsed time: 0.18 seconds; current allocated memory: 571.863 MB.
Execute       source /home/serg/Documents/Xilinx/z700_hdmi/HDMI_MIXER/hdmi_mixer.runs/design_1_v_frmbuf_rd_0_0_synth_1/prj/sol/.autopilot/db/v_frmbuf_rd.rtl_wrap.cfg.tcl 
Execute       gen_rtl AXIMMvideo2Bytes -style xilinx -f -lang vhdl -o /home/serg/Documents/Xilinx/z700_hdmi/HDMI_MIXER/hdmi_mixer.runs/design_1_v_frmbuf_rd_0_0_synth_1/prj/sol/syn/vhdl/design_1_v_frmbuf_rd_0_0_AXIMMvideo2Bytes 
Execute       gen_rtl AXIMMvideo2Bytes -style xilinx -f -lang vlog -o /home/serg/Documents/Xilinx/z700_hdmi/HDMI_MIXER/hdmi_mixer.runs/design_1_v_frmbuf_rd_0_0_synth_1/prj/sol/syn/verilog/design_1_v_frmbuf_rd_0_0_AXIMMvideo2Bytes 
Execute       syn_report -csynth -model AXIMMvideo2Bytes -o /home/serg/Documents/Xilinx/z700_hdmi/HDMI_MIXER/hdmi_mixer.runs/design_1_v_frmbuf_rd_0_0_synth_1/prj/sol/syn/report/AXIMMvideo2Bytes_csynth.rpt 
Execute         list_part -family xc7z020-clg400-2 
Execute           ap_family_info -name xc7z020-clg400-2 -data names 
Execute           ap_part_info -quiet -name xc7z020-clg400-2 -data family 
Execute       syn_report -rtlxml -model AXIMMvideo2Bytes -o /home/serg/Documents/Xilinx/z700_hdmi/HDMI_MIXER/hdmi_mixer.runs/design_1_v_frmbuf_rd_0_0_synth_1/prj/sol/syn/report/AXIMMvideo2Bytes_csynth.xml 
Execute         list_part -family xc7z020-clg400-2 
Execute           ap_family_info -name xc7z020-clg400-2 -data names 
Execute           ap_part_info -quiet -name xc7z020-clg400-2 -data family 
Execute       syn_report -verbosereport -model AXIMMvideo2Bytes -o /home/serg/Documents/Xilinx/z700_hdmi/HDMI_MIXER/hdmi_mixer.runs/design_1_v_frmbuf_rd_0_0_synth_1/prj/sol/.autopilot/db/AXIMMvideo2Bytes.verbose.rpt 
Execute         list_part -family xc7z020-clg400-2 
Execute           ap_family_info -name xc7z020-clg400-2 -data names 
Execute           ap_part_info -quiet -name xc7z020-clg400-2 -data family 
Execute       db_write -model AXIMMvideo2Bytes -f -o /home/serg/Documents/Xilinx/z700_hdmi/HDMI_MIXER/hdmi_mixer.runs/design_1_v_frmbuf_rd_0_0_synth_1/prj/sol/.autopilot/db/AXIMMvideo2Bytes.adb 
Execute       db_write -model AXIMMvideo2Bytes -bindview -o /home/serg/Documents/Xilinx/z700_hdmi/HDMI_MIXER/hdmi_mixer.runs/design_1_v_frmbuf_rd_0_0_synth_1/prj/sol/.autopilot/db/design.bindinfo.xml 
Execute       gen_tb_info AXIMMvideo2Bytes -p /home/serg/Documents/Xilinx/z700_hdmi/HDMI_MIXER/hdmi_mixer.runs/design_1_v_frmbuf_rd_0_0_synth_1/prj/sol/.autopilot/db -o /home/serg/Documents/Xilinx/z700_hdmi/HDMI_MIXER/hdmi_mixer.runs/design_1_v_frmbuf_rd_0_0_synth_1/prj/sol/.autopilot/db/AXIMMvideo2Bytes 
INFO: [HLS 200-10] ----------------------------------------------------------------
INFO: [HLS 200-10] -- Generating RTL for module 'Bytes2MultiPixStream_Pipeline_VITIS_LOOP_1772_29' 
INFO: [HLS 200-10] ----------------------------------------------------------------
Execute       create_rtl_model Bytes2MultiPixStream_Pipeline_VITIS_LOOP_1772_29 -top_prefix design_1_v_frmbuf_rd_0_0_ -sub_prefix design_1_v_frmbuf_rd_0_0_ -mg_file /home/serg/Documents/Xilinx/z700_hdmi/HDMI_MIXER/hdmi_mixer.runs/design_1_v_frmbuf_rd_0_0_synth_1/prj/sol/.autopilot/db/Bytes2MultiPixStream_Pipeline_VITIS_LOOP_1772_29.compgen.tcl 
INFO: [HLS 200-1030] Apply Unified Pipeline Control on module 'Bytes2MultiPixStream_Pipeline_VITIS_LOOP_1772_29' pipeline 'VITIS_LOOP_1772_29' pipeline type 'loop pipeline'
INFO: [RTGEN 206-100] Finished creating RTL model for 'Bytes2MultiPixStream_Pipeline_VITIS_LOOP_1772_29'.
INFO: [HLS 200-111] Finished Creating RTL model: CPU user time: 0.22 seconds. CPU system time: 0 seconds. Elapsed time: 0.23 seconds; current allocated memory: 580.203 MB.
Execute       source /home/serg/Documents/Xilinx/z700_hdmi/HDMI_MIXER/hdmi_mixer.runs/design_1_v_frmbuf_rd_0_0_synth_1/prj/sol/.autopilot/db/v_frmbuf_rd.rtl_wrap.cfg.tcl 
Execute       gen_rtl Bytes2MultiPixStream_Pipeline_VITIS_LOOP_1772_29 -style xilinx -f -lang vhdl -o /home/serg/Documents/Xilinx/z700_hdmi/HDMI_MIXER/hdmi_mixer.runs/design_1_v_frmbuf_rd_0_0_synth_1/prj/sol/syn/vhdl/design_1_v_frmbuf_rd_0_0_Bytes2MultiPixStream_Pipeline_VITIS_LOOP_1772_29 
Execute       gen_rtl Bytes2MultiPixStream_Pipeline_VITIS_LOOP_1772_29 -style xilinx -f -lang vlog -o /home/serg/Documents/Xilinx/z700_hdmi/HDMI_MIXER/hdmi_mixer.runs/design_1_v_frmbuf_rd_0_0_synth_1/prj/sol/syn/verilog/design_1_v_frmbuf_rd_0_0_Bytes2MultiPixStream_Pipeline_VITIS_LOOP_1772_29 
Execute       syn_report -csynth -model Bytes2MultiPixStream_Pipeline_VITIS_LOOP_1772_29 -o /home/serg/Documents/Xilinx/z700_hdmi/HDMI_MIXER/hdmi_mixer.runs/design_1_v_frmbuf_rd_0_0_synth_1/prj/sol/syn/report/Bytes2MultiPixStream_Pipeline_VITIS_LOOP_1772_29_csynth.rpt 
Execute         list_part -family xc7z020-clg400-2 
Execute           ap_family_info -name xc7z020-clg400-2 -data names 
Execute           ap_part_info -quiet -name xc7z020-clg400-2 -data family 
Execute       syn_report -rtlxml -model Bytes2MultiPixStream_Pipeline_VITIS_LOOP_1772_29 -o /home/serg/Documents/Xilinx/z700_hdmi/HDMI_MIXER/hdmi_mixer.runs/design_1_v_frmbuf_rd_0_0_synth_1/prj/sol/syn/report/Bytes2MultiPixStream_Pipeline_VITIS_LOOP_1772_29_csynth.xml 
Execute         list_part -family xc7z020-clg400-2 
Execute           ap_family_info -name xc7z020-clg400-2 -data names 
Execute           ap_part_info -quiet -name xc7z020-clg400-2 -data family 
Execute       syn_report -verbosereport -model Bytes2MultiPixStream_Pipeline_VITIS_LOOP_1772_29 -o /home/serg/Documents/Xilinx/z700_hdmi/HDMI_MIXER/hdmi_mixer.runs/design_1_v_frmbuf_rd_0_0_synth_1/prj/sol/.autopilot/db/Bytes2MultiPixStream_Pipeline_VITIS_LOOP_1772_29.verbose.rpt 
Execute         list_part -family xc7z020-clg400-2 
Execute           ap_family_info -name xc7z020-clg400-2 -data names 
Execute           ap_part_info -quiet -name xc7z020-clg400-2 -data family 
Execute       db_write -model Bytes2MultiPixStream_Pipeline_VITIS_LOOP_1772_29 -f -o /home/serg/Documents/Xilinx/z700_hdmi/HDMI_MIXER/hdmi_mixer.runs/design_1_v_frmbuf_rd_0_0_synth_1/prj/sol/.autopilot/db/Bytes2MultiPixStream_Pipeline_VITIS_LOOP_1772_29.adb 
Execute       db_write -model Bytes2MultiPixStream_Pipeline_VITIS_LOOP_1772_29 -bindview -o /home/serg/Documents/Xilinx/z700_hdmi/HDMI_MIXER/hdmi_mixer.runs/design_1_v_frmbuf_rd_0_0_synth_1/prj/sol/.autopilot/db/design.bindinfo.xml 
Execute       gen_tb_info Bytes2MultiPixStream_Pipeline_VITIS_LOOP_1772_29 -p /home/serg/Documents/Xilinx/z700_hdmi/HDMI_MIXER/hdmi_mixer.runs/design_1_v_frmbuf_rd_0_0_synth_1/prj/sol/.autopilot/db -o /home/serg/Documents/Xilinx/z700_hdmi/HDMI_MIXER/hdmi_mixer.runs/design_1_v_frmbuf_rd_0_0_synth_1/prj/sol/.autopilot/db/Bytes2MultiPixStream_Pipeline_VITIS_LOOP_1772_29 
INFO: [HLS 200-10] ----------------------------------------------------------------
INFO: [HLS 200-10] -- Generating RTL for module 'Bytes2MultiPixStream_Pipeline_VITIS_LOOP_1532_26' 
INFO: [HLS 200-10] ----------------------------------------------------------------
Execute       create_rtl_model Bytes2MultiPixStream_Pipeline_VITIS_LOOP_1532_26 -top_prefix design_1_v_frmbuf_rd_0_0_ -sub_prefix design_1_v_frmbuf_rd_0_0_ -mg_file /home/serg/Documents/Xilinx/z700_hdmi/HDMI_MIXER/hdmi_mixer.runs/design_1_v_frmbuf_rd_0_0_synth_1/prj/sol/.autopilot/db/Bytes2MultiPixStream_Pipeline_VITIS_LOOP_1532_26.compgen.tcl 
INFO: [HLS 200-1030] Apply Unified Pipeline Control on module 'Bytes2MultiPixStream_Pipeline_VITIS_LOOP_1532_26' pipeline 'VITIS_LOOP_1532_26' pipeline type 'loop pipeline'
INFO: [RTGEN 206-100] Finished creating RTL model for 'Bytes2MultiPixStream_Pipeline_VITIS_LOOP_1532_26'.
INFO: [HLS 200-111] Finished Creating RTL model: CPU user time: 0.03 seconds. CPU system time: 0.01 seconds. Elapsed time: 0.04 seconds; current allocated memory: 580.203 MB.
Execute       source /home/serg/Documents/Xilinx/z700_hdmi/HDMI_MIXER/hdmi_mixer.runs/design_1_v_frmbuf_rd_0_0_synth_1/prj/sol/.autopilot/db/v_frmbuf_rd.rtl_wrap.cfg.tcl 
Execute       gen_rtl Bytes2MultiPixStream_Pipeline_VITIS_LOOP_1532_26 -style xilinx -f -lang vhdl -o /home/serg/Documents/Xilinx/z700_hdmi/HDMI_MIXER/hdmi_mixer.runs/design_1_v_frmbuf_rd_0_0_synth_1/prj/sol/syn/vhdl/design_1_v_frmbuf_rd_0_0_Bytes2MultiPixStream_Pipeline_VITIS_LOOP_1532_26 
Execute       gen_rtl Bytes2MultiPixStream_Pipeline_VITIS_LOOP_1532_26 -style xilinx -f -lang vlog -o /home/serg/Documents/Xilinx/z700_hdmi/HDMI_MIXER/hdmi_mixer.runs/design_1_v_frmbuf_rd_0_0_synth_1/prj/sol/syn/verilog/design_1_v_frmbuf_rd_0_0_Bytes2MultiPixStream_Pipeline_VITIS_LOOP_1532_26 
Execute       syn_report -csynth -model Bytes2MultiPixStream_Pipeline_VITIS_LOOP_1532_26 -o /home/serg/Documents/Xilinx/z700_hdmi/HDMI_MIXER/hdmi_mixer.runs/design_1_v_frmbuf_rd_0_0_synth_1/prj/sol/syn/report/Bytes2MultiPixStream_Pipeline_VITIS_LOOP_1532_26_csynth.rpt 
Execute         list_part -family xc7z020-clg400-2 
Execute           ap_family_info -name xc7z020-clg400-2 -data names 
Execute           ap_part_info -quiet -name xc7z020-clg400-2 -data family 
Execute       syn_report -rtlxml -model Bytes2MultiPixStream_Pipeline_VITIS_LOOP_1532_26 -o /home/serg/Documents/Xilinx/z700_hdmi/HDMI_MIXER/hdmi_mixer.runs/design_1_v_frmbuf_rd_0_0_synth_1/prj/sol/syn/report/Bytes2MultiPixStream_Pipeline_VITIS_LOOP_1532_26_csynth.xml 
Execute         list_part -family xc7z020-clg400-2 
Execute           ap_family_info -name xc7z020-clg400-2 -data names 
Execute           ap_part_info -quiet -name xc7z020-clg400-2 -data family 
Execute       syn_report -verbosereport -model Bytes2MultiPixStream_Pipeline_VITIS_LOOP_1532_26 -o /home/serg/Documents/Xilinx/z700_hdmi/HDMI_MIXER/hdmi_mixer.runs/design_1_v_frmbuf_rd_0_0_synth_1/prj/sol/.autopilot/db/Bytes2MultiPixStream_Pipeline_VITIS_LOOP_1532_26.verbose.rpt 
Execute         list_part -family xc7z020-clg400-2 
Execute           ap_family_info -name xc7z020-clg400-2 -data names 
Execute           ap_part_info -quiet -name xc7z020-clg400-2 -data family 
Execute       db_write -model Bytes2MultiPixStream_Pipeline_VITIS_LOOP_1532_26 -f -o /home/serg/Documents/Xilinx/z700_hdmi/HDMI_MIXER/hdmi_mixer.runs/design_1_v_frmbuf_rd_0_0_synth_1/prj/sol/.autopilot/db/Bytes2MultiPixStream_Pipeline_VITIS_LOOP_1532_26.adb 
Execute       db_write -model Bytes2MultiPixStream_Pipeline_VITIS_LOOP_1532_26 -bindview -o /home/serg/Documents/Xilinx/z700_hdmi/HDMI_MIXER/hdmi_mixer.runs/design_1_v_frmbuf_rd_0_0_synth_1/prj/sol/.autopilot/db/design.bindinfo.xml 
Execute       gen_tb_info Bytes2MultiPixStream_Pipeline_VITIS_LOOP_1532_26 -p /home/serg/Documents/Xilinx/z700_hdmi/HDMI_MIXER/hdmi_mixer.runs/design_1_v_frmbuf_rd_0_0_synth_1/prj/sol/.autopilot/db -o /home/serg/Documents/Xilinx/z700_hdmi/HDMI_MIXER/hdmi_mixer.runs/design_1_v_frmbuf_rd_0_0_synth_1/prj/sol/.autopilot/db/Bytes2MultiPixStream_Pipeline_VITIS_LOOP_1532_26 
INFO: [HLS 200-10] ----------------------------------------------------------------
INFO: [HLS 200-10] -- Generating RTL for module 'Bytes2MultiPixStream_Pipeline_VITIS_LOOP_1450_23' 
INFO: [HLS 200-10] ----------------------------------------------------------------
Execute       create_rtl_model Bytes2MultiPixStream_Pipeline_VITIS_LOOP_1450_23 -top_prefix design_1_v_frmbuf_rd_0_0_ -sub_prefix design_1_v_frmbuf_rd_0_0_ -mg_file /home/serg/Documents/Xilinx/z700_hdmi/HDMI_MIXER/hdmi_mixer.runs/design_1_v_frmbuf_rd_0_0_synth_1/prj/sol/.autopilot/db/Bytes2MultiPixStream_Pipeline_VITIS_LOOP_1450_23.compgen.tcl 
INFO: [HLS 200-1030] Apply Unified Pipeline Control on module 'Bytes2MultiPixStream_Pipeline_VITIS_LOOP_1450_23' pipeline 'VITIS_LOOP_1450_23' pipeline type 'loop pipeline'
INFO: [RTGEN 206-100] Finished creating RTL model for 'Bytes2MultiPixStream_Pipeline_VITIS_LOOP_1450_23'.
INFO: [HLS 200-111] Finished Creating RTL model: CPU user time: 0.03 seconds. CPU system time: 0 seconds. Elapsed time: 0.04 seconds; current allocated memory: 580.203 MB.
Execute       source /home/serg/Documents/Xilinx/z700_hdmi/HDMI_MIXER/hdmi_mixer.runs/design_1_v_frmbuf_rd_0_0_synth_1/prj/sol/.autopilot/db/v_frmbuf_rd.rtl_wrap.cfg.tcl 
Execute       gen_rtl Bytes2MultiPixStream_Pipeline_VITIS_LOOP_1450_23 -style xilinx -f -lang vhdl -o /home/serg/Documents/Xilinx/z700_hdmi/HDMI_MIXER/hdmi_mixer.runs/design_1_v_frmbuf_rd_0_0_synth_1/prj/sol/syn/vhdl/design_1_v_frmbuf_rd_0_0_Bytes2MultiPixStream_Pipeline_VITIS_LOOP_1450_23 
Execute       gen_rtl Bytes2MultiPixStream_Pipeline_VITIS_LOOP_1450_23 -style xilinx -f -lang vlog -o /home/serg/Documents/Xilinx/z700_hdmi/HDMI_MIXER/hdmi_mixer.runs/design_1_v_frmbuf_rd_0_0_synth_1/prj/sol/syn/verilog/design_1_v_frmbuf_rd_0_0_Bytes2MultiPixStream_Pipeline_VITIS_LOOP_1450_23 
Execute       syn_report -csynth -model Bytes2MultiPixStream_Pipeline_VITIS_LOOP_1450_23 -o /home/serg/Documents/Xilinx/z700_hdmi/HDMI_MIXER/hdmi_mixer.runs/design_1_v_frmbuf_rd_0_0_synth_1/prj/sol/syn/report/Bytes2MultiPixStream_Pipeline_VITIS_LOOP_1450_23_csynth.rpt 
Execute         list_part -family xc7z020-clg400-2 
Execute           ap_family_info -name xc7z020-clg400-2 -data names 
Execute           ap_part_info -quiet -name xc7z020-clg400-2 -data family 
Execute       syn_report -rtlxml -model Bytes2MultiPixStream_Pipeline_VITIS_LOOP_1450_23 -o /home/serg/Documents/Xilinx/z700_hdmi/HDMI_MIXER/hdmi_mixer.runs/design_1_v_frmbuf_rd_0_0_synth_1/prj/sol/syn/report/Bytes2MultiPixStream_Pipeline_VITIS_LOOP_1450_23_csynth.xml 
Execute         list_part -family xc7z020-clg400-2 
Execute           ap_family_info -name xc7z020-clg400-2 -data names 
Execute           ap_part_info -quiet -name xc7z020-clg400-2 -data family 
Execute       syn_report -verbosereport -model Bytes2MultiPixStream_Pipeline_VITIS_LOOP_1450_23 -o /home/serg/Documents/Xilinx/z700_hdmi/HDMI_MIXER/hdmi_mixer.runs/design_1_v_frmbuf_rd_0_0_synth_1/prj/sol/.autopilot/db/Bytes2MultiPixStream_Pipeline_VITIS_LOOP_1450_23.verbose.rpt 
Execute         list_part -family xc7z020-clg400-2 
Execute           ap_family_info -name xc7z020-clg400-2 -data names 
Execute           ap_part_info -quiet -name xc7z020-clg400-2 -data family 
Execute       db_write -model Bytes2MultiPixStream_Pipeline_VITIS_LOOP_1450_23 -f -o /home/serg/Documents/Xilinx/z700_hdmi/HDMI_MIXER/hdmi_mixer.runs/design_1_v_frmbuf_rd_0_0_synth_1/prj/sol/.autopilot/db/Bytes2MultiPixStream_Pipeline_VITIS_LOOP_1450_23.adb 
Execute       db_write -model Bytes2MultiPixStream_Pipeline_VITIS_LOOP_1450_23 -bindview -o /home/serg/Documents/Xilinx/z700_hdmi/HDMI_MIXER/hdmi_mixer.runs/design_1_v_frmbuf_rd_0_0_synth_1/prj/sol/.autopilot/db/design.bindinfo.xml 
Execute       gen_tb_info Bytes2MultiPixStream_Pipeline_VITIS_LOOP_1450_23 -p /home/serg/Documents/Xilinx/z700_hdmi/HDMI_MIXER/hdmi_mixer.runs/design_1_v_frmbuf_rd_0_0_synth_1/prj/sol/.autopilot/db -o /home/serg/Documents/Xilinx/z700_hdmi/HDMI_MIXER/hdmi_mixer.runs/design_1_v_frmbuf_rd_0_0_synth_1/prj/sol/.autopilot/db/Bytes2MultiPixStream_Pipeline_VITIS_LOOP_1450_23 
INFO: [HLS 200-10] ----------------------------------------------------------------
INFO: [HLS 200-10] -- Generating RTL for module 'Bytes2MultiPixStream_Pipeline_VITIS_LOOP_1398_20' 
INFO: [HLS 200-10] ----------------------------------------------------------------
Execute       create_rtl_model Bytes2MultiPixStream_Pipeline_VITIS_LOOP_1398_20 -top_prefix design_1_v_frmbuf_rd_0_0_ -sub_prefix design_1_v_frmbuf_rd_0_0_ -mg_file /home/serg/Documents/Xilinx/z700_hdmi/HDMI_MIXER/hdmi_mixer.runs/design_1_v_frmbuf_rd_0_0_synth_1/prj/sol/.autopilot/db/Bytes2MultiPixStream_Pipeline_VITIS_LOOP_1398_20.compgen.tcl 
INFO: [HLS 200-1030] Apply Unified Pipeline Control on module 'Bytes2MultiPixStream_Pipeline_VITIS_LOOP_1398_20' pipeline 'VITIS_LOOP_1398_20' pipeline type 'loop pipeline'
INFO: [RTGEN 206-100] Finished creating RTL model for 'Bytes2MultiPixStream_Pipeline_VITIS_LOOP_1398_20'.
INFO: [HLS 200-111] Finished Creating RTL model: CPU user time: 0.04 seconds. CPU system time: 0 seconds. Elapsed time: 0.03 seconds; current allocated memory: 580.910 MB.
Execute       source /home/serg/Documents/Xilinx/z700_hdmi/HDMI_MIXER/hdmi_mixer.runs/design_1_v_frmbuf_rd_0_0_synth_1/prj/sol/.autopilot/db/v_frmbuf_rd.rtl_wrap.cfg.tcl 
Execute       gen_rtl Bytes2MultiPixStream_Pipeline_VITIS_LOOP_1398_20 -style xilinx -f -lang vhdl -o /home/serg/Documents/Xilinx/z700_hdmi/HDMI_MIXER/hdmi_mixer.runs/design_1_v_frmbuf_rd_0_0_synth_1/prj/sol/syn/vhdl/design_1_v_frmbuf_rd_0_0_Bytes2MultiPixStream_Pipeline_VITIS_LOOP_1398_20 
Execute       gen_rtl Bytes2MultiPixStream_Pipeline_VITIS_LOOP_1398_20 -style xilinx -f -lang vlog -o /home/serg/Documents/Xilinx/z700_hdmi/HDMI_MIXER/hdmi_mixer.runs/design_1_v_frmbuf_rd_0_0_synth_1/prj/sol/syn/verilog/design_1_v_frmbuf_rd_0_0_Bytes2MultiPixStream_Pipeline_VITIS_LOOP_1398_20 
Execute       syn_report -csynth -model Bytes2MultiPixStream_Pipeline_VITIS_LOOP_1398_20 -o /home/serg/Documents/Xilinx/z700_hdmi/HDMI_MIXER/hdmi_mixer.runs/design_1_v_frmbuf_rd_0_0_synth_1/prj/sol/syn/report/Bytes2MultiPixStream_Pipeline_VITIS_LOOP_1398_20_csynth.rpt 
Execute         list_part -family xc7z020-clg400-2 
Execute           ap_family_info -name xc7z020-clg400-2 -data names 
Execute           ap_part_info -quiet -name xc7z020-clg400-2 -data family 
Execute       syn_report -rtlxml -model Bytes2MultiPixStream_Pipeline_VITIS_LOOP_1398_20 -o /home/serg/Documents/Xilinx/z700_hdmi/HDMI_MIXER/hdmi_mixer.runs/design_1_v_frmbuf_rd_0_0_synth_1/prj/sol/syn/report/Bytes2MultiPixStream_Pipeline_VITIS_LOOP_1398_20_csynth.xml 
Execute         list_part -family xc7z020-clg400-2 
Execute           ap_family_info -name xc7z020-clg400-2 -data names 
Execute           ap_part_info -quiet -name xc7z020-clg400-2 -data family 
Execute       syn_report -verbosereport -model Bytes2MultiPixStream_Pipeline_VITIS_LOOP_1398_20 -o /home/serg/Documents/Xilinx/z700_hdmi/HDMI_MIXER/hdmi_mixer.runs/design_1_v_frmbuf_rd_0_0_synth_1/prj/sol/.autopilot/db/Bytes2MultiPixStream_Pipeline_VITIS_LOOP_1398_20.verbose.rpt 
Execute         list_part -family xc7z020-clg400-2 
Execute           ap_family_info -name xc7z020-clg400-2 -data names 
Execute           ap_part_info -quiet -name xc7z020-clg400-2 -data family 
Execute       db_write -model Bytes2MultiPixStream_Pipeline_VITIS_LOOP_1398_20 -f -o /home/serg/Documents/Xilinx/z700_hdmi/HDMI_MIXER/hdmi_mixer.runs/design_1_v_frmbuf_rd_0_0_synth_1/prj/sol/.autopilot/db/Bytes2MultiPixStream_Pipeline_VITIS_LOOP_1398_20.adb 
Execute       db_write -model Bytes2MultiPixStream_Pipeline_VITIS_LOOP_1398_20 -bindview -o /home/serg/Documents/Xilinx/z700_hdmi/HDMI_MIXER/hdmi_mixer.runs/design_1_v_frmbuf_rd_0_0_synth_1/prj/sol/.autopilot/db/design.bindinfo.xml 
Execute       gen_tb_info Bytes2MultiPixStream_Pipeline_VITIS_LOOP_1398_20 -p /home/serg/Documents/Xilinx/z700_hdmi/HDMI_MIXER/hdmi_mixer.runs/design_1_v_frmbuf_rd_0_0_synth_1/prj/sol/.autopilot/db -o /home/serg/Documents/Xilinx/z700_hdmi/HDMI_MIXER/hdmi_mixer.runs/design_1_v_frmbuf_rd_0_0_synth_1/prj/sol/.autopilot/db/Bytes2MultiPixStream_Pipeline_VITIS_LOOP_1398_20 
INFO: [HLS 200-10] ----------------------------------------------------------------
INFO: [HLS 200-10] -- Generating RTL for module 'Bytes2MultiPixStream_Pipeline_VITIS_LOOP_1240_17' 
INFO: [HLS 200-10] ----------------------------------------------------------------
Execute       create_rtl_model Bytes2MultiPixStream_Pipeline_VITIS_LOOP_1240_17 -top_prefix design_1_v_frmbuf_rd_0_0_ -sub_prefix design_1_v_frmbuf_rd_0_0_ -mg_file /home/serg/Documents/Xilinx/z700_hdmi/HDMI_MIXER/hdmi_mixer.runs/design_1_v_frmbuf_rd_0_0_synth_1/prj/sol/.autopilot/db/Bytes2MultiPixStream_Pipeline_VITIS_LOOP_1240_17.compgen.tcl 
INFO: [HLS 200-1030] Apply Unified Pipeline Control on module 'Bytes2MultiPixStream_Pipeline_VITIS_LOOP_1240_17' pipeline 'VITIS_LOOP_1240_17' pipeline type 'loop pipeline'
INFO: [RTGEN 206-100] Finished creating RTL model for 'Bytes2MultiPixStream_Pipeline_VITIS_LOOP_1240_17'.
INFO: [HLS 200-111] Finished Creating RTL model: CPU user time: 0.05 seconds. CPU system time: 0.01 seconds. Elapsed time: 0.08 seconds; current allocated memory: 583.605 MB.
Execute       source /home/serg/Documents/Xilinx/z700_hdmi/HDMI_MIXER/hdmi_mixer.runs/design_1_v_frmbuf_rd_0_0_synth_1/prj/sol/.autopilot/db/v_frmbuf_rd.rtl_wrap.cfg.tcl 
Execute       gen_rtl Bytes2MultiPixStream_Pipeline_VITIS_LOOP_1240_17 -style xilinx -f -lang vhdl -o /home/serg/Documents/Xilinx/z700_hdmi/HDMI_MIXER/hdmi_mixer.runs/design_1_v_frmbuf_rd_0_0_synth_1/prj/sol/syn/vhdl/design_1_v_frmbuf_rd_0_0_Bytes2MultiPixStream_Pipeline_VITIS_LOOP_1240_17 
Execute       gen_rtl Bytes2MultiPixStream_Pipeline_VITIS_LOOP_1240_17 -style xilinx -f -lang vlog -o /home/serg/Documents/Xilinx/z700_hdmi/HDMI_MIXER/hdmi_mixer.runs/design_1_v_frmbuf_rd_0_0_synth_1/prj/sol/syn/verilog/design_1_v_frmbuf_rd_0_0_Bytes2MultiPixStream_Pipeline_VITIS_LOOP_1240_17 
Execute       syn_report -csynth -model Bytes2MultiPixStream_Pipeline_VITIS_LOOP_1240_17 -o /home/serg/Documents/Xilinx/z700_hdmi/HDMI_MIXER/hdmi_mixer.runs/design_1_v_frmbuf_rd_0_0_synth_1/prj/sol/syn/report/Bytes2MultiPixStream_Pipeline_VITIS_LOOP_1240_17_csynth.rpt 
Execute         list_part -family xc7z020-clg400-2 
Execute           ap_family_info -name xc7z020-clg400-2 -data names 
Execute           ap_part_info -quiet -name xc7z020-clg400-2 -data family 
Execute       syn_report -rtlxml -model Bytes2MultiPixStream_Pipeline_VITIS_LOOP_1240_17 -o /home/serg/Documents/Xilinx/z700_hdmi/HDMI_MIXER/hdmi_mixer.runs/design_1_v_frmbuf_rd_0_0_synth_1/prj/sol/syn/report/Bytes2MultiPixStream_Pipeline_VITIS_LOOP_1240_17_csynth.xml 
Execute         list_part -family xc7z020-clg400-2 
Execute           ap_family_info -name xc7z020-clg400-2 -data names 
Execute           ap_part_info -quiet -name xc7z020-clg400-2 -data family 
Execute       syn_report -verbosereport -model Bytes2MultiPixStream_Pipeline_VITIS_LOOP_1240_17 -o /home/serg/Documents/Xilinx/z700_hdmi/HDMI_MIXER/hdmi_mixer.runs/design_1_v_frmbuf_rd_0_0_synth_1/prj/sol/.autopilot/db/Bytes2MultiPixStream_Pipeline_VITIS_LOOP_1240_17.verbose.rpt 
Execute         list_part -family xc7z020-clg400-2 
Execute           ap_family_info -name xc7z020-clg400-2 -data names 
Execute           ap_part_info -quiet -name xc7z020-clg400-2 -data family 
Execute       db_write -model Bytes2MultiPixStream_Pipeline_VITIS_LOOP_1240_17 -f -o /home/serg/Documents/Xilinx/z700_hdmi/HDMI_MIXER/hdmi_mixer.runs/design_1_v_frmbuf_rd_0_0_synth_1/prj/sol/.autopilot/db/Bytes2MultiPixStream_Pipeline_VITIS_LOOP_1240_17.adb 
Execute       db_write -model Bytes2MultiPixStream_Pipeline_VITIS_LOOP_1240_17 -bindview -o /home/serg/Documents/Xilinx/z700_hdmi/HDMI_MIXER/hdmi_mixer.runs/design_1_v_frmbuf_rd_0_0_synth_1/prj/sol/.autopilot/db/design.bindinfo.xml 
Execute       gen_tb_info Bytes2MultiPixStream_Pipeline_VITIS_LOOP_1240_17 -p /home/serg/Documents/Xilinx/z700_hdmi/HDMI_MIXER/hdmi_mixer.runs/design_1_v_frmbuf_rd_0_0_synth_1/prj/sol/.autopilot/db -o /home/serg/Documents/Xilinx/z700_hdmi/HDMI_MIXER/hdmi_mixer.runs/design_1_v_frmbuf_rd_0_0_synth_1/prj/sol/.autopilot/db/Bytes2MultiPixStream_Pipeline_VITIS_LOOP_1240_17 
INFO: [HLS 200-10] ----------------------------------------------------------------
INFO: [HLS 200-10] -- Generating RTL for module 'Bytes2MultiPixStream_Pipeline_VITIS_LOOP_1197_14' 
INFO: [HLS 200-10] ----------------------------------------------------------------
Execute       create_rtl_model Bytes2MultiPixStream_Pipeline_VITIS_LOOP_1197_14 -top_prefix design_1_v_frmbuf_rd_0_0_ -sub_prefix design_1_v_frmbuf_rd_0_0_ -mg_file /home/serg/Documents/Xilinx/z700_hdmi/HDMI_MIXER/hdmi_mixer.runs/design_1_v_frmbuf_rd_0_0_synth_1/prj/sol/.autopilot/db/Bytes2MultiPixStream_Pipeline_VITIS_LOOP_1197_14.compgen.tcl 
INFO: [HLS 200-1030] Apply Unified Pipeline Control on module 'Bytes2MultiPixStream_Pipeline_VITIS_LOOP_1197_14' pipeline 'VITIS_LOOP_1197_14' pipeline type 'loop pipeline'
INFO: [RTGEN 206-100] Finished creating RTL model for 'Bytes2MultiPixStream_Pipeline_VITIS_LOOP_1197_14'.
INFO: [HLS 200-111] Finished Creating RTL model: CPU user time: 0.04 seconds. CPU system time: 0 seconds. Elapsed time: 0.05 seconds; current allocated memory: 585.973 MB.
Execute       source /home/serg/Documents/Xilinx/z700_hdmi/HDMI_MIXER/hdmi_mixer.runs/design_1_v_frmbuf_rd_0_0_synth_1/prj/sol/.autopilot/db/v_frmbuf_rd.rtl_wrap.cfg.tcl 
Execute       gen_rtl Bytes2MultiPixStream_Pipeline_VITIS_LOOP_1197_14 -style xilinx -f -lang vhdl -o /home/serg/Documents/Xilinx/z700_hdmi/HDMI_MIXER/hdmi_mixer.runs/design_1_v_frmbuf_rd_0_0_synth_1/prj/sol/syn/vhdl/design_1_v_frmbuf_rd_0_0_Bytes2MultiPixStream_Pipeline_VITIS_LOOP_1197_14 
Execute       gen_rtl Bytes2MultiPixStream_Pipeline_VITIS_LOOP_1197_14 -style xilinx -f -lang vlog -o /home/serg/Documents/Xilinx/z700_hdmi/HDMI_MIXER/hdmi_mixer.runs/design_1_v_frmbuf_rd_0_0_synth_1/prj/sol/syn/verilog/design_1_v_frmbuf_rd_0_0_Bytes2MultiPixStream_Pipeline_VITIS_LOOP_1197_14 
Execute       syn_report -csynth -model Bytes2MultiPixStream_Pipeline_VITIS_LOOP_1197_14 -o /home/serg/Documents/Xilinx/z700_hdmi/HDMI_MIXER/hdmi_mixer.runs/design_1_v_frmbuf_rd_0_0_synth_1/prj/sol/syn/report/Bytes2MultiPixStream_Pipeline_VITIS_LOOP_1197_14_csynth.rpt 
Execute         list_part -family xc7z020-clg400-2 
Execute           ap_family_info -name xc7z020-clg400-2 -data names 
Execute           ap_part_info -quiet -name xc7z020-clg400-2 -data family 
Execute       syn_report -rtlxml -model Bytes2MultiPixStream_Pipeline_VITIS_LOOP_1197_14 -o /home/serg/Documents/Xilinx/z700_hdmi/HDMI_MIXER/hdmi_mixer.runs/design_1_v_frmbuf_rd_0_0_synth_1/prj/sol/syn/report/Bytes2MultiPixStream_Pipeline_VITIS_LOOP_1197_14_csynth.xml 
Execute         list_part -family xc7z020-clg400-2 
Execute           ap_family_info -name xc7z020-clg400-2 -data names 
Execute           ap_part_info -quiet -name xc7z020-clg400-2 -data family 
Execute       syn_report -verbosereport -model Bytes2MultiPixStream_Pipeline_VITIS_LOOP_1197_14 -o /home/serg/Documents/Xilinx/z700_hdmi/HDMI_MIXER/hdmi_mixer.runs/design_1_v_frmbuf_rd_0_0_synth_1/prj/sol/.autopilot/db/Bytes2MultiPixStream_Pipeline_VITIS_LOOP_1197_14.verbose.rpt 
Execute         list_part -family xc7z020-clg400-2 
Execute           ap_family_info -name xc7z020-clg400-2 -data names 
Execute           ap_part_info -quiet -name xc7z020-clg400-2 -data family 
Execute       db_write -model Bytes2MultiPixStream_Pipeline_VITIS_LOOP_1197_14 -f -o /home/serg/Documents/Xilinx/z700_hdmi/HDMI_MIXER/hdmi_mixer.runs/design_1_v_frmbuf_rd_0_0_synth_1/prj/sol/.autopilot/db/Bytes2MultiPixStream_Pipeline_VITIS_LOOP_1197_14.adb 
Execute       db_write -model Bytes2MultiPixStream_Pipeline_VITIS_LOOP_1197_14 -bindview -o /home/serg/Documents/Xilinx/z700_hdmi/HDMI_MIXER/hdmi_mixer.runs/design_1_v_frmbuf_rd_0_0_synth_1/prj/sol/.autopilot/db/design.bindinfo.xml 
Execute       gen_tb_info Bytes2MultiPixStream_Pipeline_VITIS_LOOP_1197_14 -p /home/serg/Documents/Xilinx/z700_hdmi/HDMI_MIXER/hdmi_mixer.runs/design_1_v_frmbuf_rd_0_0_synth_1/prj/sol/.autopilot/db -o /home/serg/Documents/Xilinx/z700_hdmi/HDMI_MIXER/hdmi_mixer.runs/design_1_v_frmbuf_rd_0_0_synth_1/prj/sol/.autopilot/db/Bytes2MultiPixStream_Pipeline_VITIS_LOOP_1197_14 
INFO: [HLS 200-10] ----------------------------------------------------------------
INFO: [HLS 200-10] -- Generating RTL for module 'Bytes2MultiPixStream_Pipeline_VITIS_LOOP_1157_11' 
INFO: [HLS 200-10] ----------------------------------------------------------------
Execute       create_rtl_model Bytes2MultiPixStream_Pipeline_VITIS_LOOP_1157_11 -top_prefix design_1_v_frmbuf_rd_0_0_ -sub_prefix design_1_v_frmbuf_rd_0_0_ -mg_file /home/serg/Documents/Xilinx/z700_hdmi/HDMI_MIXER/hdmi_mixer.runs/design_1_v_frmbuf_rd_0_0_synth_1/prj/sol/.autopilot/db/Bytes2MultiPixStream_Pipeline_VITIS_LOOP_1157_11.compgen.tcl 
INFO: [HLS 200-1030] Apply Unified Pipeline Control on module 'Bytes2MultiPixStream_Pipeline_VITIS_LOOP_1157_11' pipeline 'VITIS_LOOP_1157_11' pipeline type 'loop pipeline'
INFO: [RTGEN 206-100] Finished creating RTL model for 'Bytes2MultiPixStream_Pipeline_VITIS_LOOP_1157_11'.
INFO: [HLS 200-111] Finished Creating RTL model: CPU user time: 0.03 seconds. CPU system time: 0.01 seconds. Elapsed time: 0.03 seconds; current allocated memory: 587.129 MB.
Execute       source /home/serg/Documents/Xilinx/z700_hdmi/HDMI_MIXER/hdmi_mixer.runs/design_1_v_frmbuf_rd_0_0_synth_1/prj/sol/.autopilot/db/v_frmbuf_rd.rtl_wrap.cfg.tcl 
Execute       gen_rtl Bytes2MultiPixStream_Pipeline_VITIS_LOOP_1157_11 -style xilinx -f -lang vhdl -o /home/serg/Documents/Xilinx/z700_hdmi/HDMI_MIXER/hdmi_mixer.runs/design_1_v_frmbuf_rd_0_0_synth_1/prj/sol/syn/vhdl/design_1_v_frmbuf_rd_0_0_Bytes2MultiPixStream_Pipeline_VITIS_LOOP_1157_11 
Execute       gen_rtl Bytes2MultiPixStream_Pipeline_VITIS_LOOP_1157_11 -style xilinx -f -lang vlog -o /home/serg/Documents/Xilinx/z700_hdmi/HDMI_MIXER/hdmi_mixer.runs/design_1_v_frmbuf_rd_0_0_synth_1/prj/sol/syn/verilog/design_1_v_frmbuf_rd_0_0_Bytes2MultiPixStream_Pipeline_VITIS_LOOP_1157_11 
Execute       syn_report -csynth -model Bytes2MultiPixStream_Pipeline_VITIS_LOOP_1157_11 -o /home/serg/Documents/Xilinx/z700_hdmi/HDMI_MIXER/hdmi_mixer.runs/design_1_v_frmbuf_rd_0_0_synth_1/prj/sol/syn/report/Bytes2MultiPixStream_Pipeline_VITIS_LOOP_1157_11_csynth.rpt 
Execute         list_part -family xc7z020-clg400-2 
Execute           ap_family_info -name xc7z020-clg400-2 -data names 
Execute           ap_part_info -quiet -name xc7z020-clg400-2 -data family 
Execute       syn_report -rtlxml -model Bytes2MultiPixStream_Pipeline_VITIS_LOOP_1157_11 -o /home/serg/Documents/Xilinx/z700_hdmi/HDMI_MIXER/hdmi_mixer.runs/design_1_v_frmbuf_rd_0_0_synth_1/prj/sol/syn/report/Bytes2MultiPixStream_Pipeline_VITIS_LOOP_1157_11_csynth.xml 
Execute         list_part -family xc7z020-clg400-2 
Execute           ap_family_info -name xc7z020-clg400-2 -data names 
Execute           ap_part_info -quiet -name xc7z020-clg400-2 -data family 
Execute       syn_report -verbosereport -model Bytes2MultiPixStream_Pipeline_VITIS_LOOP_1157_11 -o /home/serg/Documents/Xilinx/z700_hdmi/HDMI_MIXER/hdmi_mixer.runs/design_1_v_frmbuf_rd_0_0_synth_1/prj/sol/.autopilot/db/Bytes2MultiPixStream_Pipeline_VITIS_LOOP_1157_11.verbose.rpt 
Execute         list_part -family xc7z020-clg400-2 
Execute           ap_family_info -name xc7z020-clg400-2 -data names 
Execute           ap_part_info -quiet -name xc7z020-clg400-2 -data family 
Execute       db_write -model Bytes2MultiPixStream_Pipeline_VITIS_LOOP_1157_11 -f -o /home/serg/Documents/Xilinx/z700_hdmi/HDMI_MIXER/hdmi_mixer.runs/design_1_v_frmbuf_rd_0_0_synth_1/prj/sol/.autopilot/db/Bytes2MultiPixStream_Pipeline_VITIS_LOOP_1157_11.adb 
Execute       db_write -model Bytes2MultiPixStream_Pipeline_VITIS_LOOP_1157_11 -bindview -o /home/serg/Documents/Xilinx/z700_hdmi/HDMI_MIXER/hdmi_mixer.runs/design_1_v_frmbuf_rd_0_0_synth_1/prj/sol/.autopilot/db/design.bindinfo.xml 
Execute       gen_tb_info Bytes2MultiPixStream_Pipeline_VITIS_LOOP_1157_11 -p /home/serg/Documents/Xilinx/z700_hdmi/HDMI_MIXER/hdmi_mixer.runs/design_1_v_frmbuf_rd_0_0_synth_1/prj/sol/.autopilot/db -o /home/serg/Documents/Xilinx/z700_hdmi/HDMI_MIXER/hdmi_mixer.runs/design_1_v_frmbuf_rd_0_0_synth_1/prj/sol/.autopilot/db/Bytes2MultiPixStream_Pipeline_VITIS_LOOP_1157_11 
INFO: [HLS 200-10] ----------------------------------------------------------------
INFO: [HLS 200-10] -- Generating RTL for module 'Bytes2MultiPixStream_Pipeline_VITIS_LOOP_954_8' 
INFO: [HLS 200-10] ----------------------------------------------------------------
Execute       create_rtl_model Bytes2MultiPixStream_Pipeline_VITIS_LOOP_954_8 -top_prefix design_1_v_frmbuf_rd_0_0_ -sub_prefix design_1_v_frmbuf_rd_0_0_ -mg_file /home/serg/Documents/Xilinx/z700_hdmi/HDMI_MIXER/hdmi_mixer.runs/design_1_v_frmbuf_rd_0_0_synth_1/prj/sol/.autopilot/db/Bytes2MultiPixStream_Pipeline_VITIS_LOOP_954_8.compgen.tcl 
INFO: [HLS 200-1030] Apply Unified Pipeline Control on module 'Bytes2MultiPixStream_Pipeline_VITIS_LOOP_954_8' pipeline 'VITIS_LOOP_954_8' pipeline type 'loop pipeline'
INFO: [RTGEN 206-100] Finished creating RTL model for 'Bytes2MultiPixStream_Pipeline_VITIS_LOOP_954_8'.
INFO: [HLS 200-111] Finished Creating RTL model: CPU user time: 0.04 seconds. CPU system time: 0 seconds. Elapsed time: 0.04 seconds; current allocated memory: 588.746 MB.
Execute       source /home/serg/Documents/Xilinx/z700_hdmi/HDMI_MIXER/hdmi_mixer.runs/design_1_v_frmbuf_rd_0_0_synth_1/prj/sol/.autopilot/db/v_frmbuf_rd.rtl_wrap.cfg.tcl 
Execute       gen_rtl Bytes2MultiPixStream_Pipeline_VITIS_LOOP_954_8 -style xilinx -f -lang vhdl -o /home/serg/Documents/Xilinx/z700_hdmi/HDMI_MIXER/hdmi_mixer.runs/design_1_v_frmbuf_rd_0_0_synth_1/prj/sol/syn/vhdl/design_1_v_frmbuf_rd_0_0_Bytes2MultiPixStream_Pipeline_VITIS_LOOP_954_8 
Execute       gen_rtl Bytes2MultiPixStream_Pipeline_VITIS_LOOP_954_8 -style xilinx -f -lang vlog -o /home/serg/Documents/Xilinx/z700_hdmi/HDMI_MIXER/hdmi_mixer.runs/design_1_v_frmbuf_rd_0_0_synth_1/prj/sol/syn/verilog/design_1_v_frmbuf_rd_0_0_Bytes2MultiPixStream_Pipeline_VITIS_LOOP_954_8 
Execute       syn_report -csynth -model Bytes2MultiPixStream_Pipeline_VITIS_LOOP_954_8 -o /home/serg/Documents/Xilinx/z700_hdmi/HDMI_MIXER/hdmi_mixer.runs/design_1_v_frmbuf_rd_0_0_synth_1/prj/sol/syn/report/Bytes2MultiPixStream_Pipeline_VITIS_LOOP_954_8_csynth.rpt 
Execute         list_part -family xc7z020-clg400-2 
Execute           ap_family_info -name xc7z020-clg400-2 -data names 
Execute           ap_part_info -quiet -name xc7z020-clg400-2 -data family 
Execute       syn_report -rtlxml -model Bytes2MultiPixStream_Pipeline_VITIS_LOOP_954_8 -o /home/serg/Documents/Xilinx/z700_hdmi/HDMI_MIXER/hdmi_mixer.runs/design_1_v_frmbuf_rd_0_0_synth_1/prj/sol/syn/report/Bytes2MultiPixStream_Pipeline_VITIS_LOOP_954_8_csynth.xml 
Execute         list_part -family xc7z020-clg400-2 
Execute           ap_family_info -name xc7z020-clg400-2 -data names 
Execute           ap_part_info -quiet -name xc7z020-clg400-2 -data family 
Execute       syn_report -verbosereport -model Bytes2MultiPixStream_Pipeline_VITIS_LOOP_954_8 -o /home/serg/Documents/Xilinx/z700_hdmi/HDMI_MIXER/hdmi_mixer.runs/design_1_v_frmbuf_rd_0_0_synth_1/prj/sol/.autopilot/db/Bytes2MultiPixStream_Pipeline_VITIS_LOOP_954_8.verbose.rpt 
Execute         list_part -family xc7z020-clg400-2 
Execute           ap_family_info -name xc7z020-clg400-2 -data names 
Execute           ap_part_info -quiet -name xc7z020-clg400-2 -data family 
Execute       db_write -model Bytes2MultiPixStream_Pipeline_VITIS_LOOP_954_8 -f -o /home/serg/Documents/Xilinx/z700_hdmi/HDMI_MIXER/hdmi_mixer.runs/design_1_v_frmbuf_rd_0_0_synth_1/prj/sol/.autopilot/db/Bytes2MultiPixStream_Pipeline_VITIS_LOOP_954_8.adb 
Execute       db_write -model Bytes2MultiPixStream_Pipeline_VITIS_LOOP_954_8 -bindview -o /home/serg/Documents/Xilinx/z700_hdmi/HDMI_MIXER/hdmi_mixer.runs/design_1_v_frmbuf_rd_0_0_synth_1/prj/sol/.autopilot/db/design.bindinfo.xml 
Execute       gen_tb_info Bytes2MultiPixStream_Pipeline_VITIS_LOOP_954_8 -p /home/serg/Documents/Xilinx/z700_hdmi/HDMI_MIXER/hdmi_mixer.runs/design_1_v_frmbuf_rd_0_0_synth_1/prj/sol/.autopilot/db -o /home/serg/Documents/Xilinx/z700_hdmi/HDMI_MIXER/hdmi_mixer.runs/design_1_v_frmbuf_rd_0_0_synth_1/prj/sol/.autopilot/db/Bytes2MultiPixStream_Pipeline_VITIS_LOOP_954_8 
INFO: [HLS 200-10] ----------------------------------------------------------------
INFO: [HLS 200-10] -- Generating RTL for module 'Bytes2MultiPixStream_Pipeline_VITIS_LOOP_862_5' 
INFO: [HLS 200-10] ----------------------------------------------------------------
Execute       create_rtl_model Bytes2MultiPixStream_Pipeline_VITIS_LOOP_862_5 -top_prefix design_1_v_frmbuf_rd_0_0_ -sub_prefix design_1_v_frmbuf_rd_0_0_ -mg_file /home/serg/Documents/Xilinx/z700_hdmi/HDMI_MIXER/hdmi_mixer.runs/design_1_v_frmbuf_rd_0_0_synth_1/prj/sol/.autopilot/db/Bytes2MultiPixStream_Pipeline_VITIS_LOOP_862_5.compgen.tcl 
INFO: [HLS 200-1030] Apply Unified Pipeline Control on module 'Bytes2MultiPixStream_Pipeline_VITIS_LOOP_862_5' pipeline 'VITIS_LOOP_862_5' pipeline type 'loop pipeline'
INFO: [RTGEN 206-100] Generating core module 'partselect_8ns_64ns_6ns_8_1_1': 8 instance(s).
INFO: [RTGEN 206-100] Finished creating RTL model for 'Bytes2MultiPixStream_Pipeline_VITIS_LOOP_862_5'.
INFO: [HLS 200-111] Finished Creating RTL model: CPU user time: 0.05 seconds. CPU system time: 0.01 seconds. Elapsed time: 0.06 seconds; current allocated memory: 591.586 MB.
Execute       source /home/serg/Documents/Xilinx/z700_hdmi/HDMI_MIXER/hdmi_mixer.runs/design_1_v_frmbuf_rd_0_0_synth_1/prj/sol/.autopilot/db/v_frmbuf_rd.rtl_wrap.cfg.tcl 
Execute       gen_rtl Bytes2MultiPixStream_Pipeline_VITIS_LOOP_862_5 -style xilinx -f -lang vhdl -o /home/serg/Documents/Xilinx/z700_hdmi/HDMI_MIXER/hdmi_mixer.runs/design_1_v_frmbuf_rd_0_0_synth_1/prj/sol/syn/vhdl/design_1_v_frmbuf_rd_0_0_Bytes2MultiPixStream_Pipeline_VITIS_LOOP_862_5 
Execute       gen_rtl Bytes2MultiPixStream_Pipeline_VITIS_LOOP_862_5 -style xilinx -f -lang vlog -o /home/serg/Documents/Xilinx/z700_hdmi/HDMI_MIXER/hdmi_mixer.runs/design_1_v_frmbuf_rd_0_0_synth_1/prj/sol/syn/verilog/design_1_v_frmbuf_rd_0_0_Bytes2MultiPixStream_Pipeline_VITIS_LOOP_862_5 
Execute       syn_report -csynth -model Bytes2MultiPixStream_Pipeline_VITIS_LOOP_862_5 -o /home/serg/Documents/Xilinx/z700_hdmi/HDMI_MIXER/hdmi_mixer.runs/design_1_v_frmbuf_rd_0_0_synth_1/prj/sol/syn/report/Bytes2MultiPixStream_Pipeline_VITIS_LOOP_862_5_csynth.rpt 
Execute         list_part -family xc7z020-clg400-2 
Execute           ap_family_info -name xc7z020-clg400-2 -data names 
Execute           ap_part_info -quiet -name xc7z020-clg400-2 -data family 
Execute       syn_report -rtlxml -model Bytes2MultiPixStream_Pipeline_VITIS_LOOP_862_5 -o /home/serg/Documents/Xilinx/z700_hdmi/HDMI_MIXER/hdmi_mixer.runs/design_1_v_frmbuf_rd_0_0_synth_1/prj/sol/syn/report/Bytes2MultiPixStream_Pipeline_VITIS_LOOP_862_5_csynth.xml 
Execute         list_part -family xc7z020-clg400-2 
Execute           ap_family_info -name xc7z020-clg400-2 -data names 
Execute           ap_part_info -quiet -name xc7z020-clg400-2 -data family 
Execute       syn_report -verbosereport -model Bytes2MultiPixStream_Pipeline_VITIS_LOOP_862_5 -o /home/serg/Documents/Xilinx/z700_hdmi/HDMI_MIXER/hdmi_mixer.runs/design_1_v_frmbuf_rd_0_0_synth_1/prj/sol/.autopilot/db/Bytes2MultiPixStream_Pipeline_VITIS_LOOP_862_5.verbose.rpt 
Execute         list_part -family xc7z020-clg400-2 
Execute           ap_family_info -name xc7z020-clg400-2 -data names 
Execute           ap_part_info -quiet -name xc7z020-clg400-2 -data family 
Execute       db_write -model Bytes2MultiPixStream_Pipeline_VITIS_LOOP_862_5 -f -o /home/serg/Documents/Xilinx/z700_hdmi/HDMI_MIXER/hdmi_mixer.runs/design_1_v_frmbuf_rd_0_0_synth_1/prj/sol/.autopilot/db/Bytes2MultiPixStream_Pipeline_VITIS_LOOP_862_5.adb 
Execute       db_write -model Bytes2MultiPixStream_Pipeline_VITIS_LOOP_862_5 -bindview -o /home/serg/Documents/Xilinx/z700_hdmi/HDMI_MIXER/hdmi_mixer.runs/design_1_v_frmbuf_rd_0_0_synth_1/prj/sol/.autopilot/db/design.bindinfo.xml 
Execute       gen_tb_info Bytes2MultiPixStream_Pipeline_VITIS_LOOP_862_5 -p /home/serg/Documents/Xilinx/z700_hdmi/HDMI_MIXER/hdmi_mixer.runs/design_1_v_frmbuf_rd_0_0_synth_1/prj/sol/.autopilot/db -o /home/serg/Documents/Xilinx/z700_hdmi/HDMI_MIXER/hdmi_mixer.runs/design_1_v_frmbuf_rd_0_0_synth_1/prj/sol/.autopilot/db/Bytes2MultiPixStream_Pipeline_VITIS_LOOP_862_5 
INFO: [HLS 200-10] ----------------------------------------------------------------
INFO: [HLS 200-10] -- Generating RTL for module 'Bytes2MultiPixStream_Pipeline_VITIS_LOOP_755_1' 
INFO: [HLS 200-10] ----------------------------------------------------------------
Execute       create_rtl_model Bytes2MultiPixStream_Pipeline_VITIS_LOOP_755_1 -top_prefix design_1_v_frmbuf_rd_0_0_ -sub_prefix design_1_v_frmbuf_rd_0_0_ -mg_file /home/serg/Documents/Xilinx/z700_hdmi/HDMI_MIXER/hdmi_mixer.runs/design_1_v_frmbuf_rd_0_0_synth_1/prj/sol/.autopilot/db/Bytes2MultiPixStream_Pipeline_VITIS_LOOP_755_1.compgen.tcl 
INFO: [HLS 200-1030] Apply Unified Pipeline Control on module 'Bytes2MultiPixStream_Pipeline_VITIS_LOOP_755_1' pipeline 'VITIS_LOOP_755_1' pipeline type 'loop pipeline'
INFO: [RTGEN 206-100] Finished creating RTL model for 'Bytes2MultiPixStream_Pipeline_VITIS_LOOP_755_1'.
INFO: [HLS 200-111] Finished Creating RTL model: CPU user time: 0.06 seconds. CPU system time: 0 seconds. Elapsed time: 0.06 seconds; current allocated memory: 594.480 MB.
Execute       source /home/serg/Documents/Xilinx/z700_hdmi/HDMI_MIXER/hdmi_mixer.runs/design_1_v_frmbuf_rd_0_0_synth_1/prj/sol/.autopilot/db/v_frmbuf_rd.rtl_wrap.cfg.tcl 
Execute       gen_rtl Bytes2MultiPixStream_Pipeline_VITIS_LOOP_755_1 -style xilinx -f -lang vhdl -o /home/serg/Documents/Xilinx/z700_hdmi/HDMI_MIXER/hdmi_mixer.runs/design_1_v_frmbuf_rd_0_0_synth_1/prj/sol/syn/vhdl/design_1_v_frmbuf_rd_0_0_Bytes2MultiPixStream_Pipeline_VITIS_LOOP_755_1 
Execute       gen_rtl Bytes2MultiPixStream_Pipeline_VITIS_LOOP_755_1 -style xilinx -f -lang vlog -o /home/serg/Documents/Xilinx/z700_hdmi/HDMI_MIXER/hdmi_mixer.runs/design_1_v_frmbuf_rd_0_0_synth_1/prj/sol/syn/verilog/design_1_v_frmbuf_rd_0_0_Bytes2MultiPixStream_Pipeline_VITIS_LOOP_755_1 
Execute       syn_report -csynth -model Bytes2MultiPixStream_Pipeline_VITIS_LOOP_755_1 -o /home/serg/Documents/Xilinx/z700_hdmi/HDMI_MIXER/hdmi_mixer.runs/design_1_v_frmbuf_rd_0_0_synth_1/prj/sol/syn/report/Bytes2MultiPixStream_Pipeline_VITIS_LOOP_755_1_csynth.rpt 
Execute         list_part -family xc7z020-clg400-2 
Execute           ap_family_info -name xc7z020-clg400-2 -data names 
Execute           ap_part_info -quiet -name xc7z020-clg400-2 -data family 
Execute       syn_report -rtlxml -model Bytes2MultiPixStream_Pipeline_VITIS_LOOP_755_1 -o /home/serg/Documents/Xilinx/z700_hdmi/HDMI_MIXER/hdmi_mixer.runs/design_1_v_frmbuf_rd_0_0_synth_1/prj/sol/syn/report/Bytes2MultiPixStream_Pipeline_VITIS_LOOP_755_1_csynth.xml 
Execute         list_part -family xc7z020-clg400-2 
Execute           ap_family_info -name xc7z020-clg400-2 -data names 
Execute           ap_part_info -quiet -name xc7z020-clg400-2 -data family 
Execute       syn_report -verbosereport -model Bytes2MultiPixStream_Pipeline_VITIS_LOOP_755_1 -o /home/serg/Documents/Xilinx/z700_hdmi/HDMI_MIXER/hdmi_mixer.runs/design_1_v_frmbuf_rd_0_0_synth_1/prj/sol/.autopilot/db/Bytes2MultiPixStream_Pipeline_VITIS_LOOP_755_1.verbose.rpt 
Execute         list_part -family xc7z020-clg400-2 
Execute           ap_family_info -name xc7z020-clg400-2 -data names 
Execute           ap_part_info -quiet -name xc7z020-clg400-2 -data family 
Execute       db_write -model Bytes2MultiPixStream_Pipeline_VITIS_LOOP_755_1 -f -o /home/serg/Documents/Xilinx/z700_hdmi/HDMI_MIXER/hdmi_mixer.runs/design_1_v_frmbuf_rd_0_0_synth_1/prj/sol/.autopilot/db/Bytes2MultiPixStream_Pipeline_VITIS_LOOP_755_1.adb 
Execute       db_write -model Bytes2MultiPixStream_Pipeline_VITIS_LOOP_755_1 -bindview -o /home/serg/Documents/Xilinx/z700_hdmi/HDMI_MIXER/hdmi_mixer.runs/design_1_v_frmbuf_rd_0_0_synth_1/prj/sol/.autopilot/db/design.bindinfo.xml 
Execute       gen_tb_info Bytes2MultiPixStream_Pipeline_VITIS_LOOP_755_1 -p /home/serg/Documents/Xilinx/z700_hdmi/HDMI_MIXER/hdmi_mixer.runs/design_1_v_frmbuf_rd_0_0_synth_1/prj/sol/.autopilot/db -o /home/serg/Documents/Xilinx/z700_hdmi/HDMI_MIXER/hdmi_mixer.runs/design_1_v_frmbuf_rd_0_0_synth_1/prj/sol/.autopilot/db/Bytes2MultiPixStream_Pipeline_VITIS_LOOP_755_1 
INFO: [HLS 200-10] ----------------------------------------------------------------
INFO: [HLS 200-10] -- Generating RTL for module 'Bytes2MultiPixStream' 
INFO: [HLS 200-10] ----------------------------------------------------------------
Execute       create_rtl_model Bytes2MultiPixStream -top_prefix design_1_v_frmbuf_rd_0_0_ -sub_prefix design_1_v_frmbuf_rd_0_0_ -mg_file /home/serg/Documents/Xilinx/z700_hdmi/HDMI_MIXER/hdmi_mixer.runs/design_1_v_frmbuf_rd_0_0_synth_1/prj/sol/.autopilot/db/Bytes2MultiPixStream.compgen.tcl 
INFO: [RTGEN 206-100] Generating core module 'mul_11ns_13ns_23_1_1': 2 instance(s).
INFO: [RTGEN 206-100] Generating core module 'urem_11ns_3ns_2_15_seq_1': 1 instance(s).
INFO: [RTGEN 206-100] Finished creating RTL model for 'Bytes2MultiPixStream'.
INFO: [HLS 200-111] Finished Creating RTL model: CPU user time: 0.07 seconds. CPU system time: 0.01 seconds. Elapsed time: 0.08 seconds; current allocated memory: 600.094 MB.
Execute       source /home/serg/Documents/Xilinx/z700_hdmi/HDMI_MIXER/hdmi_mixer.runs/design_1_v_frmbuf_rd_0_0_synth_1/prj/sol/.autopilot/db/v_frmbuf_rd.rtl_wrap.cfg.tcl 
Execute       gen_rtl Bytes2MultiPixStream -style xilinx -f -lang vhdl -o /home/serg/Documents/Xilinx/z700_hdmi/HDMI_MIXER/hdmi_mixer.runs/design_1_v_frmbuf_rd_0_0_synth_1/prj/sol/syn/vhdl/design_1_v_frmbuf_rd_0_0_Bytes2MultiPixStream 
Execute       gen_rtl Bytes2MultiPixStream -style xilinx -f -lang vlog -o /home/serg/Documents/Xilinx/z700_hdmi/HDMI_MIXER/hdmi_mixer.runs/design_1_v_frmbuf_rd_0_0_synth_1/prj/sol/syn/verilog/design_1_v_frmbuf_rd_0_0_Bytes2MultiPixStream 
Execute       syn_report -csynth -model Bytes2MultiPixStream -o /home/serg/Documents/Xilinx/z700_hdmi/HDMI_MIXER/hdmi_mixer.runs/design_1_v_frmbuf_rd_0_0_synth_1/prj/sol/syn/report/Bytes2MultiPixStream_csynth.rpt 
Execute         list_part -family xc7z020-clg400-2 
Execute           ap_family_info -name xc7z020-clg400-2 -data names 
Execute           ap_part_info -quiet -name xc7z020-clg400-2 -data family 
Execute       syn_report -rtlxml -model Bytes2MultiPixStream -o /home/serg/Documents/Xilinx/z700_hdmi/HDMI_MIXER/hdmi_mixer.runs/design_1_v_frmbuf_rd_0_0_synth_1/prj/sol/syn/report/Bytes2MultiPixStream_csynth.xml 
Execute         list_part -family xc7z020-clg400-2 
Execute           ap_family_info -name xc7z020-clg400-2 -data names 
Execute           ap_part_info -quiet -name xc7z020-clg400-2 -data family 
Execute       syn_report -verbosereport -model Bytes2MultiPixStream -o /home/serg/Documents/Xilinx/z700_hdmi/HDMI_MIXER/hdmi_mixer.runs/design_1_v_frmbuf_rd_0_0_synth_1/prj/sol/.autopilot/db/Bytes2MultiPixStream.verbose.rpt 
Execute         list_part -family xc7z020-clg400-2 
Execute           ap_family_info -name xc7z020-clg400-2 -data names 
Execute           ap_part_info -quiet -name xc7z020-clg400-2 -data family 
Execute       db_write -model Bytes2MultiPixStream -f -o /home/serg/Documents/Xilinx/z700_hdmi/HDMI_MIXER/hdmi_mixer.runs/design_1_v_frmbuf_rd_0_0_synth_1/prj/sol/.autopilot/db/Bytes2MultiPixStream.adb 
Execute       db_write -model Bytes2MultiPixStream -bindview -o /home/serg/Documents/Xilinx/z700_hdmi/HDMI_MIXER/hdmi_mixer.runs/design_1_v_frmbuf_rd_0_0_synth_1/prj/sol/.autopilot/db/design.bindinfo.xml 
Execute       gen_tb_info Bytes2MultiPixStream -p /home/serg/Documents/Xilinx/z700_hdmi/HDMI_MIXER/hdmi_mixer.runs/design_1_v_frmbuf_rd_0_0_synth_1/prj/sol/.autopilot/db -o /home/serg/Documents/Xilinx/z700_hdmi/HDMI_MIXER/hdmi_mixer.runs/design_1_v_frmbuf_rd_0_0_synth_1/prj/sol/.autopilot/db/Bytes2MultiPixStream 
INFO: [HLS 200-10] ----------------------------------------------------------------
INFO: [HLS 200-10] -- Generating RTL for module 'reg_unsigned_short_s' 
INFO: [HLS 200-10] ----------------------------------------------------------------
Execute       create_rtl_model reg<unsigned short> -top_prefix design_1_v_frmbuf_rd_0_0_ -sub_prefix design_1_v_frmbuf_rd_0_0_ -mg_file /home/serg/Documents/Xilinx/z700_hdmi/HDMI_MIXER/hdmi_mixer.runs/design_1_v_frmbuf_rd_0_0_synth_1/prj/sol/.autopilot/db/reg_unsigned_short_s.compgen.tcl 
INFO: [HLS 200-1030] Apply Unified Pipeline Control on module 'reg_unsigned_short_s' pipeline 'reg<unsigned short>' pipeline type 'function pipeline'
INFO: [RTGEN 206-100] Finished creating RTL model for 'reg_unsigned_short_s'.
INFO: [HLS 200-111] Finished Creating RTL model: CPU user time: 0.1 seconds. CPU system time: 0 seconds. Elapsed time: 0.11 seconds; current allocated memory: 609.320 MB.
Execute       source /home/serg/Documents/Xilinx/z700_hdmi/HDMI_MIXER/hdmi_mixer.runs/design_1_v_frmbuf_rd_0_0_synth_1/prj/sol/.autopilot/db/v_frmbuf_rd.rtl_wrap.cfg.tcl 
Execute       gen_rtl reg<unsigned short> -style xilinx -f -lang vhdl -o /home/serg/Documents/Xilinx/z700_hdmi/HDMI_MIXER/hdmi_mixer.runs/design_1_v_frmbuf_rd_0_0_synth_1/prj/sol/syn/vhdl/design_1_v_frmbuf_rd_0_0_reg_unsigned_short_s 
Execute       gen_rtl reg<unsigned short> -style xilinx -f -lang vlog -o /home/serg/Documents/Xilinx/z700_hdmi/HDMI_MIXER/hdmi_mixer.runs/design_1_v_frmbuf_rd_0_0_synth_1/prj/sol/syn/verilog/design_1_v_frmbuf_rd_0_0_reg_unsigned_short_s 
Execute       syn_report -csynth -model reg<unsigned short> -o /home/serg/Documents/Xilinx/z700_hdmi/HDMI_MIXER/hdmi_mixer.runs/design_1_v_frmbuf_rd_0_0_synth_1/prj/sol/syn/report/reg_unsigned_short_s_csynth.rpt 
Execute         list_part -family xc7z020-clg400-2 
Execute           ap_family_info -name xc7z020-clg400-2 -data names 
Execute           ap_part_info -quiet -name xc7z020-clg400-2 -data family 
Execute       syn_report -rtlxml -model reg<unsigned short> -o /home/serg/Documents/Xilinx/z700_hdmi/HDMI_MIXER/hdmi_mixer.runs/design_1_v_frmbuf_rd_0_0_synth_1/prj/sol/syn/report/reg_unsigned_short_s_csynth.xml 
Execute         list_part -family xc7z020-clg400-2 
Execute           ap_family_info -name xc7z020-clg400-2 -data names 
Execute           ap_part_info -quiet -name xc7z020-clg400-2 -data family 
Execute       syn_report -verbosereport -model reg<unsigned short> -o /home/serg/Documents/Xilinx/z700_hdmi/HDMI_MIXER/hdmi_mixer.runs/design_1_v_frmbuf_rd_0_0_synth_1/prj/sol/.autopilot/db/reg_unsigned_short_s.verbose.rpt 
Execute         list_part -family xc7z020-clg400-2 
Execute           ap_family_info -name xc7z020-clg400-2 -data names 
Execute           ap_part_info -quiet -name xc7z020-clg400-2 -data family 
Execute       db_write -model reg<unsigned short> -f -o /home/serg/Documents/Xilinx/z700_hdmi/HDMI_MIXER/hdmi_mixer.runs/design_1_v_frmbuf_rd_0_0_synth_1/prj/sol/.autopilot/db/reg_unsigned_short_s.adb 
Execute       db_write -model reg<unsigned short> -bindview -o /home/serg/Documents/Xilinx/z700_hdmi/HDMI_MIXER/hdmi_mixer.runs/design_1_v_frmbuf_rd_0_0_synth_1/prj/sol/.autopilot/db/design.bindinfo.xml 
Execute       gen_tb_info reg<unsigned short> -p /home/serg/Documents/Xilinx/z700_hdmi/HDMI_MIXER/hdmi_mixer.runs/design_1_v_frmbuf_rd_0_0_synth_1/prj/sol/.autopilot/db -o /home/serg/Documents/Xilinx/z700_hdmi/HDMI_MIXER/hdmi_mixer.runs/design_1_v_frmbuf_rd_0_0_synth_1/prj/sol/.autopilot/db/reg_unsigned_short_s 
INFO: [HLS 200-10] ----------------------------------------------------------------
INFO: [HLS 200-10] -- Generating RTL for module 'MultiPixStream2AXIvideo_Pipeline_VITIS_LOOP_367_1' 
INFO: [HLS 200-10] ----------------------------------------------------------------
Execute       create_rtl_model MultiPixStream2AXIvideo_Pipeline_VITIS_LOOP_367_1 -top_prefix design_1_v_frmbuf_rd_0_0_ -sub_prefix design_1_v_frmbuf_rd_0_0_ -mg_file /home/serg/Documents/Xilinx/z700_hdmi/HDMI_MIXER/hdmi_mixer.runs/design_1_v_frmbuf_rd_0_0_synth_1/prj/sol/.autopilot/db/MultiPixStream2AXIvideo_Pipeline_VITIS_LOOP_367_1.compgen.tcl 
INFO: [HLS 200-1030] Apply Unified Pipeline Control on module 'MultiPixStream2AXIvideo_Pipeline_VITIS_LOOP_367_1' pipeline 'VITIS_LOOP_367_1' pipeline type 'loop pipeline'
INFO: [RTGEN 206-100] Finished creating RTL model for 'MultiPixStream2AXIvideo_Pipeline_VITIS_LOOP_367_1'.
INFO: [RTMG 210-279] Implementing memory 'design_1_v_frmbuf_rd_0_0_MultiPixStream2AXIvideo_Pipeline_VITIS_LOOP_367_1_mapComp_ROM_AUTO_1R' using auto ROMs.
INFO: [HLS 200-111] Finished Creating RTL model: CPU user time: 0.02 seconds. CPU system time: 0.01 seconds. Elapsed time: 0.02 seconds; current allocated memory: 609.320 MB.
Execute       source /home/serg/Documents/Xilinx/z700_hdmi/HDMI_MIXER/hdmi_mixer.runs/design_1_v_frmbuf_rd_0_0_synth_1/prj/sol/.autopilot/db/v_frmbuf_rd.rtl_wrap.cfg.tcl 
Execute       gen_rtl MultiPixStream2AXIvideo_Pipeline_VITIS_LOOP_367_1 -style xilinx -f -lang vhdl -o /home/serg/Documents/Xilinx/z700_hdmi/HDMI_MIXER/hdmi_mixer.runs/design_1_v_frmbuf_rd_0_0_synth_1/prj/sol/syn/vhdl/design_1_v_frmbuf_rd_0_0_MultiPixStream2AXIvideo_Pipeline_VITIS_LOOP_367_1 
Execute       gen_rtl MultiPixStream2AXIvideo_Pipeline_VITIS_LOOP_367_1 -style xilinx -f -lang vlog -o /home/serg/Documents/Xilinx/z700_hdmi/HDMI_MIXER/hdmi_mixer.runs/design_1_v_frmbuf_rd_0_0_synth_1/prj/sol/syn/verilog/design_1_v_frmbuf_rd_0_0_MultiPixStream2AXIvideo_Pipeline_VITIS_LOOP_367_1 
Execute       syn_report -csynth -model MultiPixStream2AXIvideo_Pipeline_VITIS_LOOP_367_1 -o /home/serg/Documents/Xilinx/z700_hdmi/HDMI_MIXER/hdmi_mixer.runs/design_1_v_frmbuf_rd_0_0_synth_1/prj/sol/syn/report/MultiPixStream2AXIvideo_Pipeline_VITIS_LOOP_367_1_csynth.rpt 
Execute         list_part -family xc7z020-clg400-2 
Execute           ap_family_info -name xc7z020-clg400-2 -data names 
Execute           ap_part_info -quiet -name xc7z020-clg400-2 -data family 
Execute       syn_report -rtlxml -model MultiPixStream2AXIvideo_Pipeline_VITIS_LOOP_367_1 -o /home/serg/Documents/Xilinx/z700_hdmi/HDMI_MIXER/hdmi_mixer.runs/design_1_v_frmbuf_rd_0_0_synth_1/prj/sol/syn/report/MultiPixStream2AXIvideo_Pipeline_VITIS_LOOP_367_1_csynth.xml 
Execute         list_part -family xc7z020-clg400-2 
Execute           ap_family_info -name xc7z020-clg400-2 -data names 
Execute           ap_part_info -quiet -name xc7z020-clg400-2 -data family 
Execute       syn_report -verbosereport -model MultiPixStream2AXIvideo_Pipeline_VITIS_LOOP_367_1 -o /home/serg/Documents/Xilinx/z700_hdmi/HDMI_MIXER/hdmi_mixer.runs/design_1_v_frmbuf_rd_0_0_synth_1/prj/sol/.autopilot/db/MultiPixStream2AXIvideo_Pipeline_VITIS_LOOP_367_1.verbose.rpt 
Execute         list_part -family xc7z020-clg400-2 
Execute           ap_family_info -name xc7z020-clg400-2 -data names 
Execute           ap_part_info -quiet -name xc7z020-clg400-2 -data family 
Execute       db_write -model MultiPixStream2AXIvideo_Pipeline_VITIS_LOOP_367_1 -f -o /home/serg/Documents/Xilinx/z700_hdmi/HDMI_MIXER/hdmi_mixer.runs/design_1_v_frmbuf_rd_0_0_synth_1/prj/sol/.autopilot/db/MultiPixStream2AXIvideo_Pipeline_VITIS_LOOP_367_1.adb 
Execute       db_write -model MultiPixStream2AXIvideo_Pipeline_VITIS_LOOP_367_1 -bindview -o /home/serg/Documents/Xilinx/z700_hdmi/HDMI_MIXER/hdmi_mixer.runs/design_1_v_frmbuf_rd_0_0_synth_1/prj/sol/.autopilot/db/design.bindinfo.xml 
Execute       gen_tb_info MultiPixStream2AXIvideo_Pipeline_VITIS_LOOP_367_1 -p /home/serg/Documents/Xilinx/z700_hdmi/HDMI_MIXER/hdmi_mixer.runs/design_1_v_frmbuf_rd_0_0_synth_1/prj/sol/.autopilot/db -o /home/serg/Documents/Xilinx/z700_hdmi/HDMI_MIXER/hdmi_mixer.runs/design_1_v_frmbuf_rd_0_0_synth_1/prj/sol/.autopilot/db/MultiPixStream2AXIvideo_Pipeline_VITIS_LOOP_367_1 
INFO: [HLS 200-10] ----------------------------------------------------------------
INFO: [HLS 200-10] -- Generating RTL for module 'MultiPixStream2AXIvideo_Pipeline_VITIS_LOOP_376_3' 
INFO: [HLS 200-10] ----------------------------------------------------------------
Execute       create_rtl_model MultiPixStream2AXIvideo_Pipeline_VITIS_LOOP_376_3 -top_prefix design_1_v_frmbuf_rd_0_0_ -sub_prefix design_1_v_frmbuf_rd_0_0_ -mg_file /home/serg/Documents/Xilinx/z700_hdmi/HDMI_MIXER/hdmi_mixer.runs/design_1_v_frmbuf_rd_0_0_synth_1/prj/sol/.autopilot/db/MultiPixStream2AXIvideo_Pipeline_VITIS_LOOP_376_3.compgen.tcl 
INFO: [HLS 200-1030] Apply Unified Pipeline Control on module 'MultiPixStream2AXIvideo_Pipeline_VITIS_LOOP_376_3' pipeline 'VITIS_LOOP_376_3' pipeline type 'loop pipeline'
INFO: [RTGEN 206-100] Generating core module 'sparsemux_7_2_8_1_1': 3 instance(s).
INFO: [RTGEN 206-100] Finished creating RTL model for 'MultiPixStream2AXIvideo_Pipeline_VITIS_LOOP_376_3'.
INFO: [HLS 200-111] Finished Creating RTL model: CPU user time: 0.02 seconds. CPU system time: 0 seconds. Elapsed time: 0.03 seconds; current allocated memory: 609.320 MB.
Execute       source /home/serg/Documents/Xilinx/z700_hdmi/HDMI_MIXER/hdmi_mixer.runs/design_1_v_frmbuf_rd_0_0_synth_1/prj/sol/.autopilot/db/v_frmbuf_rd.rtl_wrap.cfg.tcl 
Execute       gen_rtl MultiPixStream2AXIvideo_Pipeline_VITIS_LOOP_376_3 -style xilinx -f -lang vhdl -o /home/serg/Documents/Xilinx/z700_hdmi/HDMI_MIXER/hdmi_mixer.runs/design_1_v_frmbuf_rd_0_0_synth_1/prj/sol/syn/vhdl/design_1_v_frmbuf_rd_0_0_MultiPixStream2AXIvideo_Pipeline_VITIS_LOOP_376_3 
Execute       gen_rtl MultiPixStream2AXIvideo_Pipeline_VITIS_LOOP_376_3 -style xilinx -f -lang vlog -o /home/serg/Documents/Xilinx/z700_hdmi/HDMI_MIXER/hdmi_mixer.runs/design_1_v_frmbuf_rd_0_0_synth_1/prj/sol/syn/verilog/design_1_v_frmbuf_rd_0_0_MultiPixStream2AXIvideo_Pipeline_VITIS_LOOP_376_3 
Execute       syn_report -csynth -model MultiPixStream2AXIvideo_Pipeline_VITIS_LOOP_376_3 -o /home/serg/Documents/Xilinx/z700_hdmi/HDMI_MIXER/hdmi_mixer.runs/design_1_v_frmbuf_rd_0_0_synth_1/prj/sol/syn/report/MultiPixStream2AXIvideo_Pipeline_VITIS_LOOP_376_3_csynth.rpt 
Execute         list_part -family xc7z020-clg400-2 
Execute           ap_family_info -name xc7z020-clg400-2 -data names 
Execute           ap_part_info -quiet -name xc7z020-clg400-2 -data family 
Execute       syn_report -rtlxml -model MultiPixStream2AXIvideo_Pipeline_VITIS_LOOP_376_3 -o /home/serg/Documents/Xilinx/z700_hdmi/HDMI_MIXER/hdmi_mixer.runs/design_1_v_frmbuf_rd_0_0_synth_1/prj/sol/syn/report/MultiPixStream2AXIvideo_Pipeline_VITIS_LOOP_376_3_csynth.xml 
Execute         list_part -family xc7z020-clg400-2 
Execute           ap_family_info -name xc7z020-clg400-2 -data names 
Execute           ap_part_info -quiet -name xc7z020-clg400-2 -data family 
Execute       syn_report -verbosereport -model MultiPixStream2AXIvideo_Pipeline_VITIS_LOOP_376_3 -o /home/serg/Documents/Xilinx/z700_hdmi/HDMI_MIXER/hdmi_mixer.runs/design_1_v_frmbuf_rd_0_0_synth_1/prj/sol/.autopilot/db/MultiPixStream2AXIvideo_Pipeline_VITIS_LOOP_376_3.verbose.rpt 
Execute         list_part -family xc7z020-clg400-2 
Execute           ap_family_info -name xc7z020-clg400-2 -data names 
Execute           ap_part_info -quiet -name xc7z020-clg400-2 -data family 
Execute       db_write -model MultiPixStream2AXIvideo_Pipeline_VITIS_LOOP_376_3 -f -o /home/serg/Documents/Xilinx/z700_hdmi/HDMI_MIXER/hdmi_mixer.runs/design_1_v_frmbuf_rd_0_0_synth_1/prj/sol/.autopilot/db/MultiPixStream2AXIvideo_Pipeline_VITIS_LOOP_376_3.adb 
Execute       db_write -model MultiPixStream2AXIvideo_Pipeline_VITIS_LOOP_376_3 -bindview -o /home/serg/Documents/Xilinx/z700_hdmi/HDMI_MIXER/hdmi_mixer.runs/design_1_v_frmbuf_rd_0_0_synth_1/prj/sol/.autopilot/db/design.bindinfo.xml 
Execute       gen_tb_info MultiPixStream2AXIvideo_Pipeline_VITIS_LOOP_376_3 -p /home/serg/Documents/Xilinx/z700_hdmi/HDMI_MIXER/hdmi_mixer.runs/design_1_v_frmbuf_rd_0_0_synth_1/prj/sol/.autopilot/db -o /home/serg/Documents/Xilinx/z700_hdmi/HDMI_MIXER/hdmi_mixer.runs/design_1_v_frmbuf_rd_0_0_synth_1/prj/sol/.autopilot/db/MultiPixStream2AXIvideo_Pipeline_VITIS_LOOP_376_3 
INFO: [HLS 200-10] ----------------------------------------------------------------
INFO: [HLS 200-10] -- Generating RTL for module 'MultiPixStream2AXIvideo' 
INFO: [HLS 200-10] ----------------------------------------------------------------
Execute       create_rtl_model MultiPixStream2AXIvideo -top_prefix design_1_v_frmbuf_rd_0_0_ -sub_prefix design_1_v_frmbuf_rd_0_0_ -mg_file /home/serg/Documents/Xilinx/z700_hdmi/HDMI_MIXER/hdmi_mixer.runs/design_1_v_frmbuf_rd_0_0_synth_1/prj/sol/.autopilot/db/MultiPixStream2AXIvideo.compgen.tcl 
INFO: [RTGEN 206-100] Finished creating RTL model for 'MultiPixStream2AXIvideo'.
INFO: [HLS 200-111] Finished Creating RTL model: CPU user time: 0.03 seconds. CPU system time: 0 seconds. Elapsed time: 0.03 seconds; current allocated memory: 609.859 MB.
Execute       source /home/serg/Documents/Xilinx/z700_hdmi/HDMI_MIXER/hdmi_mixer.runs/design_1_v_frmbuf_rd_0_0_synth_1/prj/sol/.autopilot/db/v_frmbuf_rd.rtl_wrap.cfg.tcl 
Execute       gen_rtl MultiPixStream2AXIvideo -style xilinx -f -lang vhdl -o /home/serg/Documents/Xilinx/z700_hdmi/HDMI_MIXER/hdmi_mixer.runs/design_1_v_frmbuf_rd_0_0_synth_1/prj/sol/syn/vhdl/design_1_v_frmbuf_rd_0_0_MultiPixStream2AXIvideo 
Execute       gen_rtl MultiPixStream2AXIvideo -style xilinx -f -lang vlog -o /home/serg/Documents/Xilinx/z700_hdmi/HDMI_MIXER/hdmi_mixer.runs/design_1_v_frmbuf_rd_0_0_synth_1/prj/sol/syn/verilog/design_1_v_frmbuf_rd_0_0_MultiPixStream2AXIvideo 
Execute       syn_report -csynth -model MultiPixStream2AXIvideo -o /home/serg/Documents/Xilinx/z700_hdmi/HDMI_MIXER/hdmi_mixer.runs/design_1_v_frmbuf_rd_0_0_synth_1/prj/sol/syn/report/MultiPixStream2AXIvideo_csynth.rpt 
Execute         list_part -family xc7z020-clg400-2 
Execute           ap_family_info -name xc7z020-clg400-2 -data names 
Execute           ap_part_info -quiet -name xc7z020-clg400-2 -data family 
Execute       syn_report -rtlxml -model MultiPixStream2AXIvideo -o /home/serg/Documents/Xilinx/z700_hdmi/HDMI_MIXER/hdmi_mixer.runs/design_1_v_frmbuf_rd_0_0_synth_1/prj/sol/syn/report/MultiPixStream2AXIvideo_csynth.xml 
Execute         list_part -family xc7z020-clg400-2 
Execute           ap_family_info -name xc7z020-clg400-2 -data names 
Execute           ap_part_info -quiet -name xc7z020-clg400-2 -data family 
Execute       syn_report -verbosereport -model MultiPixStream2AXIvideo -o /home/serg/Documents/Xilinx/z700_hdmi/HDMI_MIXER/hdmi_mixer.runs/design_1_v_frmbuf_rd_0_0_synth_1/prj/sol/.autopilot/db/MultiPixStream2AXIvideo.verbose.rpt 
Execute         list_part -family xc7z020-clg400-2 
Execute           ap_family_info -name xc7z020-clg400-2 -data names 
Execute           ap_part_info -quiet -name xc7z020-clg400-2 -data family 
Execute       db_write -model MultiPixStream2AXIvideo -f -o /home/serg/Documents/Xilinx/z700_hdmi/HDMI_MIXER/hdmi_mixer.runs/design_1_v_frmbuf_rd_0_0_synth_1/prj/sol/.autopilot/db/MultiPixStream2AXIvideo.adb 
Execute       db_write -model MultiPixStream2AXIvideo -bindview -o /home/serg/Documents/Xilinx/z700_hdmi/HDMI_MIXER/hdmi_mixer.runs/design_1_v_frmbuf_rd_0_0_synth_1/prj/sol/.autopilot/db/design.bindinfo.xml 
Execute       gen_tb_info MultiPixStream2AXIvideo -p /home/serg/Documents/Xilinx/z700_hdmi/HDMI_MIXER/hdmi_mixer.runs/design_1_v_frmbuf_rd_0_0_synth_1/prj/sol/.autopilot/db -o /home/serg/Documents/Xilinx/z700_hdmi/HDMI_MIXER/hdmi_mixer.runs/design_1_v_frmbuf_rd_0_0_synth_1/prj/sol/.autopilot/db/MultiPixStream2AXIvideo 
INFO: [HLS 200-10] ----------------------------------------------------------------
INFO: [HLS 200-10] -- Generating RTL for module 'FrmbufRdHlsDataFlow' 
INFO: [HLS 200-10] ----------------------------------------------------------------
Execute       create_rtl_model FrmbufRdHlsDataFlow -top_prefix design_1_v_frmbuf_rd_0_0_ -sub_prefix design_1_v_frmbuf_rd_0_0_ -mg_file /home/serg/Documents/Xilinx/z700_hdmi/HDMI_MIXER/hdmi_mixer.runs/design_1_v_frmbuf_rd_0_0_synth_1/prj/sol/.autopilot/db/FrmbufRdHlsDataFlow.compgen.tcl 
WARNING: [RTGEN 206-101] Setting dangling out port 'FrmbufRdHlsDataFlow/m_axi_mm_video_0_AWVALID' to 0.
WARNING: [RTGEN 206-101] Setting dangling out port 'FrmbufRdHlsDataFlow/m_axi_mm_video_0_AWADDR' to 0.
WARNING: [RTGEN 206-101] Setting dangling out port 'FrmbufRdHlsDataFlow/m_axi_mm_video_0_AWID' to 0.
WARNING: [RTGEN 206-101] Setting dangling out port 'FrmbufRdHlsDataFlow/m_axi_mm_video_0_AWLEN' to 0.
WARNING: [RTGEN 206-101] Setting dangling out port 'FrmbufRdHlsDataFlow/m_axi_mm_video_0_AWSIZE' to 0.
WARNING: [RTGEN 206-101] Setting dangling out port 'FrmbufRdHlsDataFlow/m_axi_mm_video_0_AWBURST' to 0.
WARNING: [RTGEN 206-101] Setting dangling out port 'FrmbufRdHlsDataFlow/m_axi_mm_video_0_AWLOCK' to 0.
WARNING: [RTGEN 206-101] Setting dangling out port 'FrmbufRdHlsDataFlow/m_axi_mm_video_0_AWCACHE' to 0.
WARNING: [RTGEN 206-101] Setting dangling out port 'FrmbufRdHlsDataFlow/m_axi_mm_video_0_AWPROT' to 0.
WARNING: [RTGEN 206-101] Setting dangling out port 'FrmbufRdHlsDataFlow/m_axi_mm_video_0_AWQOS' to 0.
WARNING: [RTGEN 206-101] Setting dangling out port 'FrmbufRdHlsDataFlow/m_axi_mm_video_0_AWREGION' to 0.
WARNING: [RTGEN 206-101] Setting dangling out port 'FrmbufRdHlsDataFlow/m_axi_mm_video_0_AWUSER' to 0.
WARNING: [RTGEN 206-101] Setting dangling out port 'FrmbufRdHlsDataFlow/m_axi_mm_video_0_WVALID' to 0.
WARNING: [RTGEN 206-101] Setting dangling out port 'FrmbufRdHlsDataFlow/m_axi_mm_video_0_WDATA' to 0.
WARNING: [RTGEN 206-101] Setting dangling out port 'FrmbufRdHlsDataFlow/m_axi_mm_video_0_WSTRB' to 0.
WARNING: [RTGEN 206-101] Setting dangling out port 'FrmbufRdHlsDataFlow/m_axi_mm_video_0_WLAST' to 0.
WARNING: [RTGEN 206-101] Setting dangling out port 'FrmbufRdHlsDataFlow/m_axi_mm_video_0_WID' to 0.
WARNING: [RTGEN 206-101] Setting dangling out port 'FrmbufRdHlsDataFlow/m_axi_mm_video_0_WUSER' to 0.
WARNING: [RTGEN 206-101] Setting dangling out port 'FrmbufRdHlsDataFlow/m_axi_mm_video_0_BREADY' to 0.
INFO: [RTGEN 206-100] Finished creating RTL model for 'FrmbufRdHlsDataFlow'.
INFO: [RTMG 210-285] Implementing FIFO 'bytePlanes_plane0_U(design_1_v_frmbuf_rd_0_0_fifo_w64_d481_B)' using Block RAMs.
INFO: [RTMG 210-285] Implementing FIFO 'bytePlanes_plane1_U(design_1_v_frmbuf_rd_0_0_fifo_w64_d481_B)' using Block RAMs.
INFO: [RTMG 210-285] Implementing FIFO 'bytePlanes_plane2_U(design_1_v_frmbuf_rd_0_0_fifo_w64_d481_B)' using Block RAMs.
INFO: [RTMG 210-285] Implementing FIFO 'img_U(design_1_v_frmbuf_rd_0_0_fifo_w24_d2_S)' using Shift Registers.
INFO: [RTMG 210-285] Implementing FIFO 'start_for_Bytes2MultiPixStream_U0_U(design_1_v_frmbuf_rd_0_0_start_for_Bytes2MultiPixStream_U0)' using Shift Registers.
INFO: [RTMG 210-285] Implementing FIFO 'start_for_MultiPixStream2AXIvideo_U0_U(design_1_v_frmbuf_rd_0_0_start_for_MultiPixStream2AXIvideo_U0)' using Shift Registers.
INFO: [HLS 200-111] Finished Creating RTL model: CPU user time: 0.04 seconds. CPU system time: 0 seconds. Elapsed time: 0.03 seconds; current allocated memory: 611.215 MB.
Execute       source /home/serg/Documents/Xilinx/z700_hdmi/HDMI_MIXER/hdmi_mixer.runs/design_1_v_frmbuf_rd_0_0_synth_1/prj/sol/.autopilot/db/v_frmbuf_rd.rtl_wrap.cfg.tcl 
Execute       gen_rtl FrmbufRdHlsDataFlow -style xilinx -f -lang vhdl -o /home/serg/Documents/Xilinx/z700_hdmi/HDMI_MIXER/hdmi_mixer.runs/design_1_v_frmbuf_rd_0_0_synth_1/prj/sol/syn/vhdl/design_1_v_frmbuf_rd_0_0_FrmbufRdHlsDataFlow 
Execute       gen_rtl FrmbufRdHlsDataFlow -style xilinx -f -lang vlog -o /home/serg/Documents/Xilinx/z700_hdmi/HDMI_MIXER/hdmi_mixer.runs/design_1_v_frmbuf_rd_0_0_synth_1/prj/sol/syn/verilog/design_1_v_frmbuf_rd_0_0_FrmbufRdHlsDataFlow 
Execute       syn_report -csynth -model FrmbufRdHlsDataFlow -o /home/serg/Documents/Xilinx/z700_hdmi/HDMI_MIXER/hdmi_mixer.runs/design_1_v_frmbuf_rd_0_0_synth_1/prj/sol/syn/report/FrmbufRdHlsDataFlow_csynth.rpt 
Execute         list_part -family xc7z020-clg400-2 
Execute           ap_family_info -name xc7z020-clg400-2 -data names 
Execute           ap_part_info -quiet -name xc7z020-clg400-2 -data family 
Execute       syn_report -rtlxml -model FrmbufRdHlsDataFlow -o /home/serg/Documents/Xilinx/z700_hdmi/HDMI_MIXER/hdmi_mixer.runs/design_1_v_frmbuf_rd_0_0_synth_1/prj/sol/syn/report/FrmbufRdHlsDataFlow_csynth.xml 
Execute         list_part -family xc7z020-clg400-2 
Execute           ap_family_info -name xc7z020-clg400-2 -data names 
Execute           ap_part_info -quiet -name xc7z020-clg400-2 -data family 
Execute       syn_report -verbosereport -model FrmbufRdHlsDataFlow -o /home/serg/Documents/Xilinx/z700_hdmi/HDMI_MIXER/hdmi_mixer.runs/design_1_v_frmbuf_rd_0_0_synth_1/prj/sol/.autopilot/db/FrmbufRdHlsDataFlow.verbose.rpt 
Execute         list_part -family xc7z020-clg400-2 
Execute           ap_family_info -name xc7z020-clg400-2 -data names 
Execute           ap_part_info -quiet -name xc7z020-clg400-2 -data family 
Execute       db_write -model FrmbufRdHlsDataFlow -f -o /home/serg/Documents/Xilinx/z700_hdmi/HDMI_MIXER/hdmi_mixer.runs/design_1_v_frmbuf_rd_0_0_synth_1/prj/sol/.autopilot/db/FrmbufRdHlsDataFlow.adb 
Execute       db_write -model FrmbufRdHlsDataFlow -bindview -o /home/serg/Documents/Xilinx/z700_hdmi/HDMI_MIXER/hdmi_mixer.runs/design_1_v_frmbuf_rd_0_0_synth_1/prj/sol/.autopilot/db/design.bindinfo.xml 
Execute       gen_tb_info FrmbufRdHlsDataFlow -p /home/serg/Documents/Xilinx/z700_hdmi/HDMI_MIXER/hdmi_mixer.runs/design_1_v_frmbuf_rd_0_0_synth_1/prj/sol/.autopilot/db -o /home/serg/Documents/Xilinx/z700_hdmi/HDMI_MIXER/hdmi_mixer.runs/design_1_v_frmbuf_rd_0_0_synth_1/prj/sol/.autopilot/db/FrmbufRdHlsDataFlow 
INFO: [HLS 200-10] ----------------------------------------------------------------
INFO: [HLS 200-10] -- Generating RTL for module 'v_frmbuf_rd' 
INFO: [HLS 200-10] ----------------------------------------------------------------
Execute       create_rtl_model v_frmbuf_rd -top_prefix design_1_v_frmbuf_rd_0_0_ -sub_prefix design_1_v_frmbuf_rd_0_0_ -mg_file /home/serg/Documents/Xilinx/z700_hdmi/HDMI_MIXER/hdmi_mixer.runs/design_1_v_frmbuf_rd_0_0_synth_1/prj/sol/.autopilot/db/v_frmbuf_rd.compgen.tcl 
WARNING: [RTGEN 206-101] Design contains AXI ports. Reset is fixed to synchronous and active low.
INFO: [RTGEN 206-500] Setting interface mode on port 'v_frmbuf_rd/mm_video' to 'm_axi'.
INFO: [RTGEN 206-500] Setting interface mode on port 'v_frmbuf_rd/width' to 's_axilite & ap_none'.
INFO: [RTGEN 206-500] Setting interface mode on port 'v_frmbuf_rd/height' to 's_axilite & ap_none'.
INFO: [RTGEN 206-500] Setting interface mode on port 'v_frmbuf_rd/stride' to 's_axilite & ap_none'.
INFO: [RTGEN 206-500] Setting interface mode on port 'v_frmbuf_rd/video_format' to 's_axilite & ap_none'.
INFO: [RTGEN 206-500] Setting interface mode on port 'v_frmbuf_rd/frm_buffer' to 's_axilite & ap_none'.
INFO: [RTGEN 206-500] Setting interface mode on port 'v_frmbuf_rd/frm_buffer2' to 's_axilite & ap_none'.
INFO: [RTGEN 206-500] Setting interface mode on port 'v_frmbuf_rd/frm_buffer3' to 's_axilite & ap_none'.
INFO: [RTGEN 206-500] Setting interface mode on port 'v_frmbuf_rd/m_axis_video_V_data_V' to 'axis' (register, both mode).
INFO: [RTGEN 206-500] Setting interface mode on port 'v_frmbuf_rd/m_axis_video_V_keep_V' to 'axis' (register, both mode).
INFO: [RTGEN 206-500] Setting interface mode on port 'v_frmbuf_rd/m_axis_video_V_strb_V' to 'axis' (register, both mode).
INFO: [RTGEN 206-500] Setting interface mode on port 'v_frmbuf_rd/m_axis_video_V_user_V' to 'axis' (register, both mode).
INFO: [RTGEN 206-500] Setting interface mode on port 'v_frmbuf_rd/m_axis_video_V_last_V' to 'axis' (register, both mode).
INFO: [RTGEN 206-500] Setting interface mode on port 'v_frmbuf_rd/m_axis_video_V_id_V' to 'axis' (register, both mode).
INFO: [RTGEN 206-500] Setting interface mode on port 'v_frmbuf_rd/m_axis_video_V_dest_V' to 'axis' (register, both mode).
INFO: [RTGEN 206-500] Setting interface mode on function 'v_frmbuf_rd' to 's_axilite & ap_ctrl_hs'.
INFO: [RTGEN 206-100] Bundling port 'width', 'height', 'stride', 'video_format', 'frm_buffer', 'frm_buffer2', 'frm_buffer3' and 'return' to AXI-Lite port CTRL.
INFO: [RTGEN 206-100] Generating core module 'mul_14s_3ns_14_1_1': 1 instance(s).
INFO: [RTGEN 206-100] Finished creating RTL model for 'v_frmbuf_rd'.
INFO: [RTMG 210-279] Implementing memory 'design_1_v_frmbuf_rd_0_0_BYTES_PER_PIXEL_ROM_AUTO_1R' using auto ROMs.
INFO: [RTMG 210-279] Implementing memory 'design_1_v_frmbuf_rd_0_0_MEMORY2LIVE_ROM_AUTO_1R' using auto ROMs.
INFO: [HLS 200-111] Finished Creating RTL model: CPU user time: 0.05 seconds. CPU system time: 0 seconds. Elapsed time: 0.06 seconds; current allocated memory: 612.812 MB.
Execute       source /home/serg/Documents/Xilinx/z700_hdmi/HDMI_MIXER/hdmi_mixer.runs/design_1_v_frmbuf_rd_0_0_synth_1/prj/sol/.autopilot/db/v_frmbuf_rd.rtl_wrap.cfg.tcl 
Execute       gen_rtl v_frmbuf_rd -istop -style xilinx -f -lang vhdl -o /home/serg/Documents/Xilinx/z700_hdmi/HDMI_MIXER/hdmi_mixer.runs/design_1_v_frmbuf_rd_0_0_synth_1/prj/sol/syn/vhdl/design_1_v_frmbuf_rd_0_0_v_frmbuf_rd 
Execute       gen_rtl v_frmbuf_rd -istop -style xilinx -f -lang vlog -o /home/serg/Documents/Xilinx/z700_hdmi/HDMI_MIXER/hdmi_mixer.runs/design_1_v_frmbuf_rd_0_0_synth_1/prj/sol/syn/verilog/design_1_v_frmbuf_rd_0_0_v_frmbuf_rd 
Execute       syn_report -csynth -model v_frmbuf_rd -o /home/serg/Documents/Xilinx/z700_hdmi/HDMI_MIXER/hdmi_mixer.runs/design_1_v_frmbuf_rd_0_0_synth_1/prj/sol/syn/report/v_frmbuf_rd_csynth.rpt 
Execute         list_part -family xc7z020-clg400-2 
Execute           ap_family_info -name xc7z020-clg400-2 -data names 
Execute           ap_part_info -quiet -name xc7z020-clg400-2 -data family 
Execute       syn_report -rtlxml -model v_frmbuf_rd -o /home/serg/Documents/Xilinx/z700_hdmi/HDMI_MIXER/hdmi_mixer.runs/design_1_v_frmbuf_rd_0_0_synth_1/prj/sol/syn/report/v_frmbuf_rd_csynth.xml 
Execute         list_part -family xc7z020-clg400-2 
Execute           ap_family_info -name xc7z020-clg400-2 -data names 
Execute           ap_part_info -quiet -name xc7z020-clg400-2 -data family 
Execute       syn_report -verbosereport -model v_frmbuf_rd -o /home/serg/Documents/Xilinx/z700_hdmi/HDMI_MIXER/hdmi_mixer.runs/design_1_v_frmbuf_rd_0_0_synth_1/prj/sol/.autopilot/db/v_frmbuf_rd.verbose.rpt 
Execute         list_part -family xc7z020-clg400-2 
Execute           ap_family_info -name xc7z020-clg400-2 -data names 
Execute           ap_part_info -quiet -name xc7z020-clg400-2 -data family 
Execute       db_write -model v_frmbuf_rd -f -o /home/serg/Documents/Xilinx/z700_hdmi/HDMI_MIXER/hdmi_mixer.runs/design_1_v_frmbuf_rd_0_0_synth_1/prj/sol/.autopilot/db/v_frmbuf_rd.adb 
Execute       db_write -model v_frmbuf_rd -bindview -o /home/serg/Documents/Xilinx/z700_hdmi/HDMI_MIXER/hdmi_mixer.runs/design_1_v_frmbuf_rd_0_0_synth_1/prj/sol/.autopilot/db/design.bindinfo.xml 
Execute       gen_tb_info v_frmbuf_rd -p /home/serg/Documents/Xilinx/z700_hdmi/HDMI_MIXER/hdmi_mixer.runs/design_1_v_frmbuf_rd_0_0_synth_1/prj/sol/.autopilot/db -o /home/serg/Documents/Xilinx/z700_hdmi/HDMI_MIXER/hdmi_mixer.runs/design_1_v_frmbuf_rd_0_0_synth_1/prj/sol/.autopilot/db/v_frmbuf_rd 
Execute       export_constraint_db -f -tool general -o /home/serg/Documents/Xilinx/z700_hdmi/HDMI_MIXER/hdmi_mixer.runs/design_1_v_frmbuf_rd_0_0_synth_1/prj/sol/.autopilot/db/v_frmbuf_rd.constraint.tcl 
Execute       syn_report -designview -model v_frmbuf_rd -o /home/serg/Documents/Xilinx/z700_hdmi/HDMI_MIXER/hdmi_mixer.runs/design_1_v_frmbuf_rd_0_0_synth_1/prj/sol/.autopilot/db/v_frmbuf_rd.design.xml 
Execute       syn_report -csynthDesign -model v_frmbuf_rd -o /home/serg/Documents/Xilinx/z700_hdmi/HDMI_MIXER/hdmi_mixer.runs/design_1_v_frmbuf_rd_0_0_synth_1/prj/sol/syn/report/csynth.rpt -MHOut /home/serg/Documents/Xilinx/z700_hdmi/HDMI_MIXER/hdmi_mixer.runs/design_1_v_frmbuf_rd_0_0_synth_1/prj/sol/.autopilot/db/kernel_module_hierarchy.tcl 
Execute         list_part -family xc7z020-clg400-2 
Execute           ap_family_info -name xc7z020-clg400-2 -data names 
Execute           ap_part_info -quiet -name xc7z020-clg400-2 -data family 
Execute       syn_report -wcfg -model v_frmbuf_rd -o /home/serg/Documents/Xilinx/z700_hdmi/HDMI_MIXER/hdmi_mixer.runs/design_1_v_frmbuf_rd_0_0_synth_1/prj/sol/.autopilot/db/v_frmbuf_rd_dataflow_ana.wcfg 
Execute       syn_report -protoinst -model v_frmbuf_rd -o /home/serg/Documents/Xilinx/z700_hdmi/HDMI_MIXER/hdmi_mixer.runs/design_1_v_frmbuf_rd_0_0_synth_1/prj/sol/.autopilot/db/v_frmbuf_rd.protoinst 
Execute       sc_get_clocks v_frmbuf_rd 
Execute       sc_get_portdomain v_frmbuf_rd 
INFO-FLOW: Model list for RTL component generation: AXIMMvideo2Bytes_Pipeline_VITIS_LOOP_625_4 AXIMMvideo2Bytes_Pipeline_VITIS_LOOP_634_5 AXIMMvideo2Bytes_Pipeline_VITIS_LOOP_640_6 AXIMMvideo2Bytes_Pipeline_VITIS_LOOP_591_1 AXIMMvideo2Bytes_Pipeline_VITIS_LOOP_597_2 AXIMMvideo2Bytes_Pipeline_VITIS_LOOP_603_3 AXIMMvideo2Bytes_Pipeline_VITIS_LOOP_660_7 AXIMMvideo2Bytes_Pipeline_VITIS_LOOP_670_8 AXIMMvideo2Bytes Bytes2MultiPixStream_Pipeline_VITIS_LOOP_1772_29 Bytes2MultiPixStream_Pipeline_VITIS_LOOP_1532_26 Bytes2MultiPixStream_Pipeline_VITIS_LOOP_1450_23 Bytes2MultiPixStream_Pipeline_VITIS_LOOP_1398_20 Bytes2MultiPixStream_Pipeline_VITIS_LOOP_1240_17 Bytes2MultiPixStream_Pipeline_VITIS_LOOP_1197_14 Bytes2MultiPixStream_Pipeline_VITIS_LOOP_1157_11 Bytes2MultiPixStream_Pipeline_VITIS_LOOP_954_8 Bytes2MultiPixStream_Pipeline_VITIS_LOOP_862_5 Bytes2MultiPixStream_Pipeline_VITIS_LOOP_755_1 Bytes2MultiPixStream {reg<unsigned short>} MultiPixStream2AXIvideo_Pipeline_VITIS_LOOP_367_1 MultiPixStream2AXIvideo_Pipeline_VITIS_LOOP_376_3 MultiPixStream2AXIvideo FrmbufRdHlsDataFlow v_frmbuf_rd
INFO-FLOW: Handling components in module [AXIMMvideo2Bytes_Pipeline_VITIS_LOOP_625_4] ... 
Execute       source /home/serg/Documents/Xilinx/z700_hdmi/HDMI_MIXER/hdmi_mixer.runs/design_1_v_frmbuf_rd_0_0_synth_1/prj/sol/.autopilot/db/AXIMMvideo2Bytes_Pipeline_VITIS_LOOP_625_4.compgen.tcl 
INFO-FLOW: Found component design_1_v_frmbuf_rd_0_0_flow_control_loop_pipe_sequential_init.
INFO-FLOW: Append model design_1_v_frmbuf_rd_0_0_flow_control_loop_pipe_sequential_init
INFO-FLOW: Handling components in module [AXIMMvideo2Bytes_Pipeline_VITIS_LOOP_634_5] ... 
Execute       source /home/serg/Documents/Xilinx/z700_hdmi/HDMI_MIXER/hdmi_mixer.runs/design_1_v_frmbuf_rd_0_0_synth_1/prj/sol/.autopilot/db/AXIMMvideo2Bytes_Pipeline_VITIS_LOOP_634_5.compgen.tcl 
INFO-FLOW: Found component design_1_v_frmbuf_rd_0_0_flow_control_loop_pipe_sequential_init.
INFO-FLOW: Append model design_1_v_frmbuf_rd_0_0_flow_control_loop_pipe_sequential_init
INFO-FLOW: Handling components in module [AXIMMvideo2Bytes_Pipeline_VITIS_LOOP_640_6] ... 
Execute       source /home/serg/Documents/Xilinx/z700_hdmi/HDMI_MIXER/hdmi_mixer.runs/design_1_v_frmbuf_rd_0_0_synth_1/prj/sol/.autopilot/db/AXIMMvideo2Bytes_Pipeline_VITIS_LOOP_640_6.compgen.tcl 
INFO-FLOW: Found component design_1_v_frmbuf_rd_0_0_flow_control_loop_pipe_sequential_init.
INFO-FLOW: Append model design_1_v_frmbuf_rd_0_0_flow_control_loop_pipe_sequential_init
INFO-FLOW: Handling components in module [AXIMMvideo2Bytes_Pipeline_VITIS_LOOP_591_1] ... 
Execute       source /home/serg/Documents/Xilinx/z700_hdmi/HDMI_MIXER/hdmi_mixer.runs/design_1_v_frmbuf_rd_0_0_synth_1/prj/sol/.autopilot/db/AXIMMvideo2Bytes_Pipeline_VITIS_LOOP_591_1.compgen.tcl 
INFO-FLOW: Found component design_1_v_frmbuf_rd_0_0_flow_control_loop_pipe_sequential_init.
INFO-FLOW: Append model design_1_v_frmbuf_rd_0_0_flow_control_loop_pipe_sequential_init
INFO-FLOW: Handling components in module [AXIMMvideo2Bytes_Pipeline_VITIS_LOOP_597_2] ... 
Execute       source /home/serg/Documents/Xilinx/z700_hdmi/HDMI_MIXER/hdmi_mixer.runs/design_1_v_frmbuf_rd_0_0_synth_1/prj/sol/.autopilot/db/AXIMMvideo2Bytes_Pipeline_VITIS_LOOP_597_2.compgen.tcl 
INFO-FLOW: Found component design_1_v_frmbuf_rd_0_0_flow_control_loop_pipe_sequential_init.
INFO-FLOW: Append model design_1_v_frmbuf_rd_0_0_flow_control_loop_pipe_sequential_init
INFO-FLOW: Handling components in module [AXIMMvideo2Bytes_Pipeline_VITIS_LOOP_603_3] ... 
Execute       source /home/serg/Documents/Xilinx/z700_hdmi/HDMI_MIXER/hdmi_mixer.runs/design_1_v_frmbuf_rd_0_0_synth_1/prj/sol/.autopilot/db/AXIMMvideo2Bytes_Pipeline_VITIS_LOOP_603_3.compgen.tcl 
INFO-FLOW: Found component design_1_v_frmbuf_rd_0_0_flow_control_loop_pipe_sequential_init.
INFO-FLOW: Append model design_1_v_frmbuf_rd_0_0_flow_control_loop_pipe_sequential_init
INFO-FLOW: Handling components in module [AXIMMvideo2Bytes_Pipeline_VITIS_LOOP_660_7] ... 
Execute       source /home/serg/Documents/Xilinx/z700_hdmi/HDMI_MIXER/hdmi_mixer.runs/design_1_v_frmbuf_rd_0_0_synth_1/prj/sol/.autopilot/db/AXIMMvideo2Bytes_Pipeline_VITIS_LOOP_660_7.compgen.tcl 
INFO-FLOW: Found component design_1_v_frmbuf_rd_0_0_flow_control_loop_pipe_sequential_init.
INFO-FLOW: Append model design_1_v_frmbuf_rd_0_0_flow_control_loop_pipe_sequential_init
INFO-FLOW: Handling components in module [AXIMMvideo2Bytes_Pipeline_VITIS_LOOP_670_8] ... 
Execute       source /home/serg/Documents/Xilinx/z700_hdmi/HDMI_MIXER/hdmi_mixer.runs/design_1_v_frmbuf_rd_0_0_synth_1/prj/sol/.autopilot/db/AXIMMvideo2Bytes_Pipeline_VITIS_LOOP_670_8.compgen.tcl 
INFO-FLOW: Found component design_1_v_frmbuf_rd_0_0_flow_control_loop_pipe_sequential_init.
INFO-FLOW: Append model design_1_v_frmbuf_rd_0_0_flow_control_loop_pipe_sequential_init
INFO-FLOW: Handling components in module [AXIMMvideo2Bytes] ... 
Execute       source /home/serg/Documents/Xilinx/z700_hdmi/HDMI_MIXER/hdmi_mixer.runs/design_1_v_frmbuf_rd_0_0_synth_1/prj/sol/.autopilot/db/AXIMMvideo2Bytes.compgen.tcl 
INFO-FLOW: Handling components in module [Bytes2MultiPixStream_Pipeline_VITIS_LOOP_1772_29] ... 
Execute       source /home/serg/Documents/Xilinx/z700_hdmi/HDMI_MIXER/hdmi_mixer.runs/design_1_v_frmbuf_rd_0_0_synth_1/prj/sol/.autopilot/db/Bytes2MultiPixStream_Pipeline_VITIS_LOOP_1772_29.compgen.tcl 
INFO-FLOW: Found component design_1_v_frmbuf_rd_0_0_flow_control_loop_pipe_sequential_init.
INFO-FLOW: Append model design_1_v_frmbuf_rd_0_0_flow_control_loop_pipe_sequential_init
INFO-FLOW: Handling components in module [Bytes2MultiPixStream_Pipeline_VITIS_LOOP_1532_26] ... 
Execute       source /home/serg/Documents/Xilinx/z700_hdmi/HDMI_MIXER/hdmi_mixer.runs/design_1_v_frmbuf_rd_0_0_synth_1/prj/sol/.autopilot/db/Bytes2MultiPixStream_Pipeline_VITIS_LOOP_1532_26.compgen.tcl 
INFO-FLOW: Found component design_1_v_frmbuf_rd_0_0_flow_control_loop_pipe_sequential_init.
INFO-FLOW: Append model design_1_v_frmbuf_rd_0_0_flow_control_loop_pipe_sequential_init
INFO-FLOW: Handling components in module [Bytes2MultiPixStream_Pipeline_VITIS_LOOP_1450_23] ... 
Execute       source /home/serg/Documents/Xilinx/z700_hdmi/HDMI_MIXER/hdmi_mixer.runs/design_1_v_frmbuf_rd_0_0_synth_1/prj/sol/.autopilot/db/Bytes2MultiPixStream_Pipeline_VITIS_LOOP_1450_23.compgen.tcl 
INFO-FLOW: Found component design_1_v_frmbuf_rd_0_0_flow_control_loop_pipe_sequential_init.
INFO-FLOW: Append model design_1_v_frmbuf_rd_0_0_flow_control_loop_pipe_sequential_init
INFO-FLOW: Handling components in module [Bytes2MultiPixStream_Pipeline_VITIS_LOOP_1398_20] ... 
Execute       source /home/serg/Documents/Xilinx/z700_hdmi/HDMI_MIXER/hdmi_mixer.runs/design_1_v_frmbuf_rd_0_0_synth_1/prj/sol/.autopilot/db/Bytes2MultiPixStream_Pipeline_VITIS_LOOP_1398_20.compgen.tcl 
INFO-FLOW: Found component design_1_v_frmbuf_rd_0_0_flow_control_loop_pipe_sequential_init.
INFO-FLOW: Append model design_1_v_frmbuf_rd_0_0_flow_control_loop_pipe_sequential_init
INFO-FLOW: Handling components in module [Bytes2MultiPixStream_Pipeline_VITIS_LOOP_1240_17] ... 
Execute       source /home/serg/Documents/Xilinx/z700_hdmi/HDMI_MIXER/hdmi_mixer.runs/design_1_v_frmbuf_rd_0_0_synth_1/prj/sol/.autopilot/db/Bytes2MultiPixStream_Pipeline_VITIS_LOOP_1240_17.compgen.tcl 
INFO-FLOW: Found component design_1_v_frmbuf_rd_0_0_flow_control_loop_pipe_sequential_init.
INFO-FLOW: Append model design_1_v_frmbuf_rd_0_0_flow_control_loop_pipe_sequential_init
INFO-FLOW: Handling components in module [Bytes2MultiPixStream_Pipeline_VITIS_LOOP_1197_14] ... 
Execute       source /home/serg/Documents/Xilinx/z700_hdmi/HDMI_MIXER/hdmi_mixer.runs/design_1_v_frmbuf_rd_0_0_synth_1/prj/sol/.autopilot/db/Bytes2MultiPixStream_Pipeline_VITIS_LOOP_1197_14.compgen.tcl 
INFO-FLOW: Found component design_1_v_frmbuf_rd_0_0_flow_control_loop_pipe_sequential_init.
INFO-FLOW: Append model design_1_v_frmbuf_rd_0_0_flow_control_loop_pipe_sequential_init
INFO-FLOW: Handling components in module [Bytes2MultiPixStream_Pipeline_VITIS_LOOP_1157_11] ... 
Execute       source /home/serg/Documents/Xilinx/z700_hdmi/HDMI_MIXER/hdmi_mixer.runs/design_1_v_frmbuf_rd_0_0_synth_1/prj/sol/.autopilot/db/Bytes2MultiPixStream_Pipeline_VITIS_LOOP_1157_11.compgen.tcl 
INFO-FLOW: Found component design_1_v_frmbuf_rd_0_0_flow_control_loop_pipe_sequential_init.
INFO-FLOW: Append model design_1_v_frmbuf_rd_0_0_flow_control_loop_pipe_sequential_init
INFO-FLOW: Handling components in module [Bytes2MultiPixStream_Pipeline_VITIS_LOOP_954_8] ... 
Execute       source /home/serg/Documents/Xilinx/z700_hdmi/HDMI_MIXER/hdmi_mixer.runs/design_1_v_frmbuf_rd_0_0_synth_1/prj/sol/.autopilot/db/Bytes2MultiPixStream_Pipeline_VITIS_LOOP_954_8.compgen.tcl 
INFO-FLOW: Found component design_1_v_frmbuf_rd_0_0_flow_control_loop_pipe_sequential_init.
INFO-FLOW: Append model design_1_v_frmbuf_rd_0_0_flow_control_loop_pipe_sequential_init
INFO-FLOW: Handling components in module [Bytes2MultiPixStream_Pipeline_VITIS_LOOP_862_5] ... 
Execute       source /home/serg/Documents/Xilinx/z700_hdmi/HDMI_MIXER/hdmi_mixer.runs/design_1_v_frmbuf_rd_0_0_synth_1/prj/sol/.autopilot/db/Bytes2MultiPixStream_Pipeline_VITIS_LOOP_862_5.compgen.tcl 
INFO-FLOW: Found component design_1_v_frmbuf_rd_0_0_partselect_8ns_64ns_6ns_8_1_1.
INFO-FLOW: Append model design_1_v_frmbuf_rd_0_0_partselect_8ns_64ns_6ns_8_1_1
INFO-FLOW: Found component design_1_v_frmbuf_rd_0_0_flow_control_loop_pipe_sequential_init.
INFO-FLOW: Append model design_1_v_frmbuf_rd_0_0_flow_control_loop_pipe_sequential_init
INFO-FLOW: Handling components in module [Bytes2MultiPixStream_Pipeline_VITIS_LOOP_755_1] ... 
Execute       source /home/serg/Documents/Xilinx/z700_hdmi/HDMI_MIXER/hdmi_mixer.runs/design_1_v_frmbuf_rd_0_0_synth_1/prj/sol/.autopilot/db/Bytes2MultiPixStream_Pipeline_VITIS_LOOP_755_1.compgen.tcl 
INFO-FLOW: Found component design_1_v_frmbuf_rd_0_0_flow_control_loop_pipe_sequential_init.
INFO-FLOW: Append model design_1_v_frmbuf_rd_0_0_flow_control_loop_pipe_sequential_init
INFO-FLOW: Handling components in module [Bytes2MultiPixStream] ... 
Execute       source /home/serg/Documents/Xilinx/z700_hdmi/HDMI_MIXER/hdmi_mixer.runs/design_1_v_frmbuf_rd_0_0_synth_1/prj/sol/.autopilot/db/Bytes2MultiPixStream.compgen.tcl 
INFO-FLOW: Found component design_1_v_frmbuf_rd_0_0_urem_11ns_3ns_2_15_seq_1.
INFO-FLOW: Append model design_1_v_frmbuf_rd_0_0_urem_11ns_3ns_2_15_seq_1
INFO-FLOW: Found component design_1_v_frmbuf_rd_0_0_mul_11ns_13ns_23_1_1.
INFO-FLOW: Append model design_1_v_frmbuf_rd_0_0_mul_11ns_13ns_23_1_1
INFO-FLOW: Handling components in module [reg_unsigned_short_s] ... 
Execute       source /home/serg/Documents/Xilinx/z700_hdmi/HDMI_MIXER/hdmi_mixer.runs/design_1_v_frmbuf_rd_0_0_synth_1/prj/sol/.autopilot/db/reg_unsigned_short_s.compgen.tcl 
INFO-FLOW: Handling components in module [MultiPixStream2AXIvideo_Pipeline_VITIS_LOOP_367_1] ... 
Execute       source /home/serg/Documents/Xilinx/z700_hdmi/HDMI_MIXER/hdmi_mixer.runs/design_1_v_frmbuf_rd_0_0_synth_1/prj/sol/.autopilot/db/MultiPixStream2AXIvideo_Pipeline_VITIS_LOOP_367_1.compgen.tcl 
INFO-FLOW: Found component design_1_v_frmbuf_rd_0_0_MultiPixStream2AXIvideo_Pipeline_VITIS_LOOP_367_1_mapComp_ROM_AUTO_1R.
INFO-FLOW: Append model design_1_v_frmbuf_rd_0_0_MultiPixStream2AXIvideo_Pipeline_VITIS_LOOP_367_1_mapComp_ROM_AUTO_1R
INFO-FLOW: Found component design_1_v_frmbuf_rd_0_0_flow_control_loop_pipe_sequential_init.
INFO-FLOW: Append model design_1_v_frmbuf_rd_0_0_flow_control_loop_pipe_sequential_init
INFO-FLOW: Handling components in module [MultiPixStream2AXIvideo_Pipeline_VITIS_LOOP_376_3] ... 
Execute       source /home/serg/Documents/Xilinx/z700_hdmi/HDMI_MIXER/hdmi_mixer.runs/design_1_v_frmbuf_rd_0_0_synth_1/prj/sol/.autopilot/db/MultiPixStream2AXIvideo_Pipeline_VITIS_LOOP_376_3.compgen.tcl 
INFO-FLOW: Found component design_1_v_frmbuf_rd_0_0_sparsemux_7_2_8_1_1.
INFO-FLOW: Append model design_1_v_frmbuf_rd_0_0_sparsemux_7_2_8_1_1
INFO-FLOW: Found component design_1_v_frmbuf_rd_0_0_flow_control_loop_pipe_sequential_init.
INFO-FLOW: Append model design_1_v_frmbuf_rd_0_0_flow_control_loop_pipe_sequential_init
INFO-FLOW: Handling components in module [MultiPixStream2AXIvideo] ... 
Execute       source /home/serg/Documents/Xilinx/z700_hdmi/HDMI_MIXER/hdmi_mixer.runs/design_1_v_frmbuf_rd_0_0_synth_1/prj/sol/.autopilot/db/MultiPixStream2AXIvideo.compgen.tcl 
INFO-FLOW: Handling components in module [FrmbufRdHlsDataFlow] ... 
Execute       source /home/serg/Documents/Xilinx/z700_hdmi/HDMI_MIXER/hdmi_mixer.runs/design_1_v_frmbuf_rd_0_0_synth_1/prj/sol/.autopilot/db/FrmbufRdHlsDataFlow.compgen.tcl 
INFO-FLOW: Found component design_1_v_frmbuf_rd_0_0_fifo_w64_d481_B.
INFO-FLOW: Append model design_1_v_frmbuf_rd_0_0_fifo_w64_d481_B
INFO-FLOW: Found component design_1_v_frmbuf_rd_0_0_fifo_w64_d481_B.
INFO-FLOW: Append model design_1_v_frmbuf_rd_0_0_fifo_w64_d481_B
INFO-FLOW: Found component design_1_v_frmbuf_rd_0_0_fifo_w64_d481_B.
INFO-FLOW: Append model design_1_v_frmbuf_rd_0_0_fifo_w64_d481_B
INFO-FLOW: Found component design_1_v_frmbuf_rd_0_0_fifo_w24_d2_S.
INFO-FLOW: Append model design_1_v_frmbuf_rd_0_0_fifo_w24_d2_S
INFO-FLOW: Found component design_1_v_frmbuf_rd_0_0_start_for_Bytes2MultiPixStream_U0.
INFO-FLOW: Append model design_1_v_frmbuf_rd_0_0_start_for_Bytes2MultiPixStream_U0
INFO-FLOW: Found component design_1_v_frmbuf_rd_0_0_start_for_MultiPixStream2AXIvideo_U0.
INFO-FLOW: Append model design_1_v_frmbuf_rd_0_0_start_for_MultiPixStream2AXIvideo_U0
INFO-FLOW: Handling components in module [v_frmbuf_rd] ... 
Execute       source /home/serg/Documents/Xilinx/z700_hdmi/HDMI_MIXER/hdmi_mixer.runs/design_1_v_frmbuf_rd_0_0_synth_1/prj/sol/.autopilot/db/v_frmbuf_rd.compgen.tcl 
INFO-FLOW: Found component design_1_v_frmbuf_rd_0_0_mul_14s_3ns_14_1_1.
INFO-FLOW: Append model design_1_v_frmbuf_rd_0_0_mul_14s_3ns_14_1_1
INFO-FLOW: Found component design_1_v_frmbuf_rd_0_0_BYTES_PER_PIXEL_ROM_AUTO_1R.
INFO-FLOW: Append model design_1_v_frmbuf_rd_0_0_BYTES_PER_PIXEL_ROM_AUTO_1R
INFO-FLOW: Found component design_1_v_frmbuf_rd_0_0_MEMORY2LIVE_ROM_AUTO_1R.
INFO-FLOW: Append model design_1_v_frmbuf_rd_0_0_MEMORY2LIVE_ROM_AUTO_1R
INFO-FLOW: Found component design_1_v_frmbuf_rd_0_0_mm_video_m_axi.
INFO-FLOW: Append model design_1_v_frmbuf_rd_0_0_mm_video_m_axi
INFO-FLOW: Found component design_1_v_frmbuf_rd_0_0_CTRL_s_axi.
INFO-FLOW: Append model design_1_v_frmbuf_rd_0_0_CTRL_s_axi
INFO-FLOW: Found component design_1_v_frmbuf_rd_0_0_regslice_both.
INFO-FLOW: Append model design_1_v_frmbuf_rd_0_0_regslice_both
INFO-FLOW: Found component design_1_v_frmbuf_rd_0_0_regslice_both.
INFO-FLOW: Append model design_1_v_frmbuf_rd_0_0_regslice_both
INFO-FLOW: Found component design_1_v_frmbuf_rd_0_0_regslice_both.
INFO-FLOW: Append model design_1_v_frmbuf_rd_0_0_regslice_both
INFO-FLOW: Found component design_1_v_frmbuf_rd_0_0_regslice_both.
INFO-FLOW: Append model design_1_v_frmbuf_rd_0_0_regslice_both
INFO-FLOW: Found component design_1_v_frmbuf_rd_0_0_regslice_both.
INFO-FLOW: Append model design_1_v_frmbuf_rd_0_0_regslice_both
INFO-FLOW: Found component design_1_v_frmbuf_rd_0_0_regslice_both.
INFO-FLOW: Append model design_1_v_frmbuf_rd_0_0_regslice_both
INFO-FLOW: Found component design_1_v_frmbuf_rd_0_0_regslice_both.
INFO-FLOW: Append model design_1_v_frmbuf_rd_0_0_regslice_both
INFO-FLOW: Append model AXIMMvideo2Bytes_Pipeline_VITIS_LOOP_625_4
INFO-FLOW: Append model AXIMMvideo2Bytes_Pipeline_VITIS_LOOP_634_5
INFO-FLOW: Append model AXIMMvideo2Bytes_Pipeline_VITIS_LOOP_640_6
INFO-FLOW: Append model AXIMMvideo2Bytes_Pipeline_VITIS_LOOP_591_1
INFO-FLOW: Append model AXIMMvideo2Bytes_Pipeline_VITIS_LOOP_597_2
INFO-FLOW: Append model AXIMMvideo2Bytes_Pipeline_VITIS_LOOP_603_3
INFO-FLOW: Append model AXIMMvideo2Bytes_Pipeline_VITIS_LOOP_660_7
INFO-FLOW: Append model AXIMMvideo2Bytes_Pipeline_VITIS_LOOP_670_8
INFO-FLOW: Append model AXIMMvideo2Bytes
INFO-FLOW: Append model Bytes2MultiPixStream_Pipeline_VITIS_LOOP_1772_29
INFO-FLOW: Append model Bytes2MultiPixStream_Pipeline_VITIS_LOOP_1532_26
INFO-FLOW: Append model Bytes2MultiPixStream_Pipeline_VITIS_LOOP_1450_23
INFO-FLOW: Append model Bytes2MultiPixStream_Pipeline_VITIS_LOOP_1398_20
INFO-FLOW: Append model Bytes2MultiPixStream_Pipeline_VITIS_LOOP_1240_17
INFO-FLOW: Append model Bytes2MultiPixStream_Pipeline_VITIS_LOOP_1197_14
INFO-FLOW: Append model Bytes2MultiPixStream_Pipeline_VITIS_LOOP_1157_11
INFO-FLOW: Append model Bytes2MultiPixStream_Pipeline_VITIS_LOOP_954_8
INFO-FLOW: Append model Bytes2MultiPixStream_Pipeline_VITIS_LOOP_862_5
INFO-FLOW: Append model Bytes2MultiPixStream_Pipeline_VITIS_LOOP_755_1
INFO-FLOW: Append model Bytes2MultiPixStream
INFO-FLOW: Append model reg_unsigned_short_s
INFO-FLOW: Append model MultiPixStream2AXIvideo_Pipeline_VITIS_LOOP_367_1
INFO-FLOW: Append model MultiPixStream2AXIvideo_Pipeline_VITIS_LOOP_376_3
INFO-FLOW: Append model MultiPixStream2AXIvideo
INFO-FLOW: Append model FrmbufRdHlsDataFlow
INFO-FLOW: Append model v_frmbuf_rd
INFO-FLOW: Generating RTL model list ...
INFO-FLOW: All models in this session: design_1_v_frmbuf_rd_0_0_flow_control_loop_pipe_sequential_init design_1_v_frmbuf_rd_0_0_flow_control_loop_pipe_sequential_init design_1_v_frmbuf_rd_0_0_flow_control_loop_pipe_sequential_init design_1_v_frmbuf_rd_0_0_flow_control_loop_pipe_sequential_init design_1_v_frmbuf_rd_0_0_flow_control_loop_pipe_sequential_init design_1_v_frmbuf_rd_0_0_flow_control_loop_pipe_sequential_init design_1_v_frmbuf_rd_0_0_flow_control_loop_pipe_sequential_init design_1_v_frmbuf_rd_0_0_flow_control_loop_pipe_sequential_init design_1_v_frmbuf_rd_0_0_flow_control_loop_pipe_sequential_init design_1_v_frmbuf_rd_0_0_flow_control_loop_pipe_sequential_init design_1_v_frmbuf_rd_0_0_flow_control_loop_pipe_sequential_init design_1_v_frmbuf_rd_0_0_flow_control_loop_pipe_sequential_init design_1_v_frmbuf_rd_0_0_flow_control_loop_pipe_sequential_init design_1_v_frmbuf_rd_0_0_flow_control_loop_pipe_sequential_init design_1_v_frmbuf_rd_0_0_flow_control_loop_pipe_sequential_init design_1_v_frmbuf_rd_0_0_flow_control_loop_pipe_sequential_init design_1_v_frmbuf_rd_0_0_partselect_8ns_64ns_6ns_8_1_1 design_1_v_frmbuf_rd_0_0_flow_control_loop_pipe_sequential_init design_1_v_frmbuf_rd_0_0_flow_control_loop_pipe_sequential_init design_1_v_frmbuf_rd_0_0_urem_11ns_3ns_2_15_seq_1 design_1_v_frmbuf_rd_0_0_mul_11ns_13ns_23_1_1 design_1_v_frmbuf_rd_0_0_MultiPixStream2AXIvideo_Pipeline_VITIS_LOOP_367_1_mapComp_ROM_AUTO_1R design_1_v_frmbuf_rd_0_0_flow_control_loop_pipe_sequential_init design_1_v_frmbuf_rd_0_0_sparsemux_7_2_8_1_1 design_1_v_frmbuf_rd_0_0_flow_control_loop_pipe_sequential_init design_1_v_frmbuf_rd_0_0_fifo_w64_d481_B design_1_v_frmbuf_rd_0_0_fifo_w64_d481_B design_1_v_frmbuf_rd_0_0_fifo_w64_d481_B design_1_v_frmbuf_rd_0_0_fifo_w24_d2_S design_1_v_frmbuf_rd_0_0_start_for_Bytes2MultiPixStream_U0 design_1_v_frmbuf_rd_0_0_start_for_MultiPixStream2AXIvideo_U0 design_1_v_frmbuf_rd_0_0_mul_14s_3ns_14_1_1 design_1_v_frmbuf_rd_0_0_BYTES_PER_PIXEL_ROM_AUTO_1R design_1_v_frmbuf_rd_0_0_MEMORY2LIVE_ROM_AUTO_1R design_1_v_frmbuf_rd_0_0_mm_video_m_axi design_1_v_frmbuf_rd_0_0_CTRL_s_axi design_1_v_frmbuf_rd_0_0_regslice_both design_1_v_frmbuf_rd_0_0_regslice_both design_1_v_frmbuf_rd_0_0_regslice_both design_1_v_frmbuf_rd_0_0_regslice_both design_1_v_frmbuf_rd_0_0_regslice_both design_1_v_frmbuf_rd_0_0_regslice_both design_1_v_frmbuf_rd_0_0_regslice_both AXIMMvideo2Bytes_Pipeline_VITIS_LOOP_625_4 AXIMMvideo2Bytes_Pipeline_VITIS_LOOP_634_5 AXIMMvideo2Bytes_Pipeline_VITIS_LOOP_640_6 AXIMMvideo2Bytes_Pipeline_VITIS_LOOP_591_1 AXIMMvideo2Bytes_Pipeline_VITIS_LOOP_597_2 AXIMMvideo2Bytes_Pipeline_VITIS_LOOP_603_3 AXIMMvideo2Bytes_Pipeline_VITIS_LOOP_660_7 AXIMMvideo2Bytes_Pipeline_VITIS_LOOP_670_8 AXIMMvideo2Bytes Bytes2MultiPixStream_Pipeline_VITIS_LOOP_1772_29 Bytes2MultiPixStream_Pipeline_VITIS_LOOP_1532_26 Bytes2MultiPixStream_Pipeline_VITIS_LOOP_1450_23 Bytes2MultiPixStream_Pipeline_VITIS_LOOP_1398_20 Bytes2MultiPixStream_Pipeline_VITIS_LOOP_1240_17 Bytes2MultiPixStream_Pipeline_VITIS_LOOP_1197_14 Bytes2MultiPixStream_Pipeline_VITIS_LOOP_1157_11 Bytes2MultiPixStream_Pipeline_VITIS_LOOP_954_8 Bytes2MultiPixStream_Pipeline_VITIS_LOOP_862_5 Bytes2MultiPixStream_Pipeline_VITIS_LOOP_755_1 Bytes2MultiPixStream reg_unsigned_short_s MultiPixStream2AXIvideo_Pipeline_VITIS_LOOP_367_1 MultiPixStream2AXIvideo_Pipeline_VITIS_LOOP_376_3 MultiPixStream2AXIvideo FrmbufRdHlsDataFlow v_frmbuf_rd
INFO-FLOW: Generating /home/serg/Documents/Xilinx/z700_hdmi/HDMI_MIXER/hdmi_mixer.runs/design_1_v_frmbuf_rd_0_0_synth_1/prj/sol/.autopilot/db/autopilot.rtl.models.txt file...
INFO-FLOW: To file: write model design_1_v_frmbuf_rd_0_0_flow_control_loop_pipe_sequential_init
INFO-FLOW: To file: write model design_1_v_frmbuf_rd_0_0_flow_control_loop_pipe_sequential_init
INFO-FLOW: To file: write model design_1_v_frmbuf_rd_0_0_flow_control_loop_pipe_sequential_init
INFO-FLOW: To file: write model design_1_v_frmbuf_rd_0_0_flow_control_loop_pipe_sequential_init
INFO-FLOW: To file: write model design_1_v_frmbuf_rd_0_0_flow_control_loop_pipe_sequential_init
INFO-FLOW: To file: write model design_1_v_frmbuf_rd_0_0_flow_control_loop_pipe_sequential_init
INFO-FLOW: To file: write model design_1_v_frmbuf_rd_0_0_flow_control_loop_pipe_sequential_init
INFO-FLOW: To file: write model design_1_v_frmbuf_rd_0_0_flow_control_loop_pipe_sequential_init
INFO-FLOW: To file: write model design_1_v_frmbuf_rd_0_0_flow_control_loop_pipe_sequential_init
INFO-FLOW: To file: write model design_1_v_frmbuf_rd_0_0_flow_control_loop_pipe_sequential_init
INFO-FLOW: To file: write model design_1_v_frmbuf_rd_0_0_flow_control_loop_pipe_sequential_init
INFO-FLOW: To file: write model design_1_v_frmbuf_rd_0_0_flow_control_loop_pipe_sequential_init
INFO-FLOW: To file: write model design_1_v_frmbuf_rd_0_0_flow_control_loop_pipe_sequential_init
INFO-FLOW: To file: write model design_1_v_frmbuf_rd_0_0_flow_control_loop_pipe_sequential_init
INFO-FLOW: To file: write model design_1_v_frmbuf_rd_0_0_flow_control_loop_pipe_sequential_init
INFO-FLOW: To file: write model design_1_v_frmbuf_rd_0_0_flow_control_loop_pipe_sequential_init
INFO-FLOW: To file: write model design_1_v_frmbuf_rd_0_0_partselect_8ns_64ns_6ns_8_1_1
INFO-FLOW: To file: write model design_1_v_frmbuf_rd_0_0_flow_control_loop_pipe_sequential_init
INFO-FLOW: To file: write model design_1_v_frmbuf_rd_0_0_flow_control_loop_pipe_sequential_init
INFO-FLOW: To file: write model design_1_v_frmbuf_rd_0_0_urem_11ns_3ns_2_15_seq_1
INFO-FLOW: To file: write model design_1_v_frmbuf_rd_0_0_mul_11ns_13ns_23_1_1
INFO-FLOW: To file: write model design_1_v_frmbuf_rd_0_0_MultiPixStream2AXIvideo_Pipeline_VITIS_LOOP_367_1_mapComp_ROM_AUTO_1R
INFO-FLOW: To file: write model design_1_v_frmbuf_rd_0_0_flow_control_loop_pipe_sequential_init
INFO-FLOW: To file: write model design_1_v_frmbuf_rd_0_0_sparsemux_7_2_8_1_1
INFO-FLOW: To file: write model design_1_v_frmbuf_rd_0_0_flow_control_loop_pipe_sequential_init
INFO-FLOW: To file: write model design_1_v_frmbuf_rd_0_0_fifo_w64_d481_B
INFO-FLOW: To file: write model design_1_v_frmbuf_rd_0_0_fifo_w64_d481_B
INFO-FLOW: To file: write model design_1_v_frmbuf_rd_0_0_fifo_w64_d481_B
INFO-FLOW: To file: write model design_1_v_frmbuf_rd_0_0_fifo_w24_d2_S
INFO-FLOW: To file: write model design_1_v_frmbuf_rd_0_0_start_for_Bytes2MultiPixStream_U0
INFO-FLOW: To file: write model design_1_v_frmbuf_rd_0_0_start_for_MultiPixStream2AXIvideo_U0
INFO-FLOW: To file: write model design_1_v_frmbuf_rd_0_0_mul_14s_3ns_14_1_1
INFO-FLOW: To file: write model design_1_v_frmbuf_rd_0_0_BYTES_PER_PIXEL_ROM_AUTO_1R
INFO-FLOW: To file: write model design_1_v_frmbuf_rd_0_0_MEMORY2LIVE_ROM_AUTO_1R
INFO-FLOW: To file: write model design_1_v_frmbuf_rd_0_0_mm_video_m_axi
INFO-FLOW: To file: write model design_1_v_frmbuf_rd_0_0_CTRL_s_axi
INFO-FLOW: To file: write model design_1_v_frmbuf_rd_0_0_regslice_both
INFO-FLOW: To file: write model design_1_v_frmbuf_rd_0_0_regslice_both
INFO-FLOW: To file: write model design_1_v_frmbuf_rd_0_0_regslice_both
INFO-FLOW: To file: write model design_1_v_frmbuf_rd_0_0_regslice_both
INFO-FLOW: To file: write model design_1_v_frmbuf_rd_0_0_regslice_both
INFO-FLOW: To file: write model design_1_v_frmbuf_rd_0_0_regslice_both
INFO-FLOW: To file: write model design_1_v_frmbuf_rd_0_0_regslice_both
INFO-FLOW: To file: write model AXIMMvideo2Bytes_Pipeline_VITIS_LOOP_625_4
INFO-FLOW: To file: write model AXIMMvideo2Bytes_Pipeline_VITIS_LOOP_634_5
INFO-FLOW: To file: write model AXIMMvideo2Bytes_Pipeline_VITIS_LOOP_640_6
INFO-FLOW: To file: write model AXIMMvideo2Bytes_Pipeline_VITIS_LOOP_591_1
INFO-FLOW: To file: write model AXIMMvideo2Bytes_Pipeline_VITIS_LOOP_597_2
INFO-FLOW: To file: write model AXIMMvideo2Bytes_Pipeline_VITIS_LOOP_603_3
INFO-FLOW: To file: write model AXIMMvideo2Bytes_Pipeline_VITIS_LOOP_660_7
INFO-FLOW: To file: write model AXIMMvideo2Bytes_Pipeline_VITIS_LOOP_670_8
INFO-FLOW: To file: write model AXIMMvideo2Bytes
INFO-FLOW: To file: write model Bytes2MultiPixStream_Pipeline_VITIS_LOOP_1772_29
INFO-FLOW: To file: write model Bytes2MultiPixStream_Pipeline_VITIS_LOOP_1532_26
INFO-FLOW: To file: write model Bytes2MultiPixStream_Pipeline_VITIS_LOOP_1450_23
INFO-FLOW: To file: write model Bytes2MultiPixStream_Pipeline_VITIS_LOOP_1398_20
INFO-FLOW: To file: write model Bytes2MultiPixStream_Pipeline_VITIS_LOOP_1240_17
INFO-FLOW: To file: write model Bytes2MultiPixStream_Pipeline_VITIS_LOOP_1197_14
INFO-FLOW: To file: write model Bytes2MultiPixStream_Pipeline_VITIS_LOOP_1157_11
INFO-FLOW: To file: write model Bytes2MultiPixStream_Pipeline_VITIS_LOOP_954_8
INFO-FLOW: To file: write model Bytes2MultiPixStream_Pipeline_VITIS_LOOP_862_5
INFO-FLOW: To file: write model Bytes2MultiPixStream_Pipeline_VITIS_LOOP_755_1
INFO-FLOW: To file: write model Bytes2MultiPixStream
INFO-FLOW: To file: write model reg_unsigned_short_s
INFO-FLOW: To file: write model MultiPixStream2AXIvideo_Pipeline_VITIS_LOOP_367_1
INFO-FLOW: To file: write model MultiPixStream2AXIvideo_Pipeline_VITIS_LOOP_376_3
INFO-FLOW: To file: write model MultiPixStream2AXIvideo
INFO-FLOW: To file: write model FrmbufRdHlsDataFlow
INFO-FLOW: To file: write model v_frmbuf_rd
INFO-FLOW: Generating /home/serg/Documents/Xilinx/z700_hdmi/HDMI_MIXER/hdmi_mixer.runs/design_1_v_frmbuf_rd_0_0_synth_1/prj/sol/.autopilot/db/autopilot.rtl.models.tcl file...
INFO-FLOW: Finished generating RTL model list.


INFO-FLOW: RTL Generation done.
INFO-FLOW: CAS Generation done.
INFO-FLOW: CBC Generation done.
Execute       AP::msg_collection_file -close 
INFO-FLOW: DBG:PROC: ::AESL_AUTOMG::auto_generate_csynth_design
INFO-FLOW: DBG:PUTS: read_platform_lib /home/serg/Documents/Xilinx/z700_hdmi/HDMI_MIXER/hdmi_mixer.runs/design_1_v_frmbuf_rd_0_0_synth_1/prj/sol/.autopilot/db/global.setting.tcl
Execute       source /tools/xilinx/2025.2/Vitis/common/technology/generic/autopilot/common.gen 
Execute         source /tools/xilinx/2025.2/Vitis/common/technology/generic/autopilot/APCoreGen.gen 
Execute       source /tools/xilinx/2025.2/Vitis/common/technology/generic/autopilot/op.gen 
Execute       source /tools/xilinx/2025.2/Vitis/common/technology/generic/autopilot/op_simcore.gen 
Execute       source /tools/xilinx/2025.2/Vitis/common/technology/generic/autopilot/interface.gen 
Execute       source /home/serg/Documents/Xilinx/z700_hdmi/HDMI_MIXER/hdmi_mixer.runs/design_1_v_frmbuf_rd_0_0_synth_1/prj/sol/.autopilot/db/global.setting.tcl 
Execute       source /tools/xilinx/2025.2/Vitis/common/technology/xilinx/common/xilinx.gen 
Execute         source /tools/xilinx/2025.2/Vitis/common/technology/xilinx/interface/plb46.gen 
Execute         source /tools/xilinx/2025.2/Vitis/common/technology/xilinx/interface/axi4.gen 
Execute         source /tools/xilinx/2025.2/Vitis/common/technology/xilinx/interface/nativeAXI4.gen 
Execute           source /tools/xilinx/2025.2/Vitis/common/technology/xilinx/interface/saxilite.gen 
Execute         source /tools/xilinx/2025.2/Vitis/common/technology/xilinx/scripts/xilinxcoregen.gen 
Execute         source /tools/xilinx/2025.2/Vitis/common/technology/xilinx/interface/XilEDKCoreGen.gen 
Execute         source /tools/xilinx/2025.2/Vitis/common/technology/xilinx/ip/util.gen 
Execute         source /tools/xilinx/2025.2/Vitis/common/technology/xilinx/ip/xfft.gen 
Execute         source /tools/xilinx/2025.2/Vitis/common/technology/xilinx/ip/dds_compiler.gen 
Execute         source /tools/xilinx/2025.2/Vitis/common/technology/xilinx/ip/xfir.gen 
Execute         source /tools/xilinx/2025.2/Vitis/common/technology/xilinx/DSP48/dsp48.gen 
INFO-FLOW: DBG:PUTS:   using AESL_AUTOCG::g_clock_period=6.522 (was NA)
INFO-FLOW: DBG:PROC: ::AESL_AUTOMG::generate_ip_cores gen_sim_model='1' gen_fp_models='0' gen_for_export='0' dstSCDir='' dstVhdlDir='/home/serg/Documents/Xilinx/z700_hdmi/HDMI_MIXER/hdmi_mixer.runs/design_1_v_frmbuf_rd_0_0_synth_1/prj/sol/.autopilot/db/vhdl' dstVlogDir='/home/serg/Documents/Xilinx/z700_hdmi/HDMI_MIXER/hdmi_mixer.runs/design_1_v_frmbuf_rd_0_0_synth_1/prj/sol/.autopilot/db/vlog' tclDir='/home/serg/Documents/Xilinx/z700_hdmi/HDMI_MIXER/hdmi_mixer.runs/design_1_v_frmbuf_rd_0_0_synth_1/prj/sol/.autopilot/db' modelList='design_1_v_frmbuf_rd_0_0_flow_control_loop_pipe_sequential_init
design_1_v_frmbuf_rd_0_0_flow_control_loop_pipe_sequential_init
design_1_v_frmbuf_rd_0_0_flow_control_loop_pipe_sequential_init
design_1_v_frmbuf_rd_0_0_flow_control_loop_pipe_sequential_init
design_1_v_frmbuf_rd_0_0_flow_control_loop_pipe_sequential_init
design_1_v_frmbuf_rd_0_0_flow_control_loop_pipe_sequential_init
design_1_v_frmbuf_rd_0_0_flow_control_loop_pipe_sequential_init
design_1_v_frmbuf_rd_0_0_flow_control_loop_pipe_sequential_init
design_1_v_frmbuf_rd_0_0_flow_control_loop_pipe_sequential_init
design_1_v_frmbuf_rd_0_0_flow_control_loop_pipe_sequential_init
design_1_v_frmbuf_rd_0_0_flow_control_loop_pipe_sequential_init
design_1_v_frmbuf_rd_0_0_flow_control_loop_pipe_sequential_init
design_1_v_frmbuf_rd_0_0_flow_control_loop_pipe_sequential_init
design_1_v_frmbuf_rd_0_0_flow_control_loop_pipe_sequential_init
design_1_v_frmbuf_rd_0_0_flow_control_loop_pipe_sequential_init
design_1_v_frmbuf_rd_0_0_flow_control_loop_pipe_sequential_init
design_1_v_frmbuf_rd_0_0_partselect_8ns_64ns_6ns_8_1_1
design_1_v_frmbuf_rd_0_0_flow_control_loop_pipe_sequential_init
design_1_v_frmbuf_rd_0_0_flow_control_loop_pipe_sequential_init
design_1_v_frmbuf_rd_0_0_urem_11ns_3ns_2_15_seq_1
design_1_v_frmbuf_rd_0_0_mul_11ns_13ns_23_1_1
design_1_v_frmbuf_rd_0_0_MultiPixStream2AXIvideo_Pipeline_VITIS_LOOP_367_1_mapComp_ROM_AUTO_1R
design_1_v_frmbuf_rd_0_0_flow_control_loop_pipe_sequential_init
design_1_v_frmbuf_rd_0_0_sparsemux_7_2_8_1_1
design_1_v_frmbuf_rd_0_0_flow_control_loop_pipe_sequential_init
design_1_v_frmbuf_rd_0_0_fifo_w64_d481_B
design_1_v_frmbuf_rd_0_0_fifo_w64_d481_B
design_1_v_frmbuf_rd_0_0_fifo_w64_d481_B
design_1_v_frmbuf_rd_0_0_fifo_w24_d2_S
design_1_v_frmbuf_rd_0_0_start_for_Bytes2MultiPixStream_U0
design_1_v_frmbuf_rd_0_0_start_for_MultiPixStream2AXIvideo_U0
design_1_v_frmbuf_rd_0_0_mul_14s_3ns_14_1_1
design_1_v_frmbuf_rd_0_0_BYTES_PER_PIXEL_ROM_AUTO_1R
design_1_v_frmbuf_rd_0_0_MEMORY2LIVE_ROM_AUTO_1R
design_1_v_frmbuf_rd_0_0_mm_video_m_axi
design_1_v_frmbuf_rd_0_0_CTRL_s_axi
design_1_v_frmbuf_rd_0_0_regslice_both
design_1_v_frmbuf_rd_0_0_regslice_both
design_1_v_frmbuf_rd_0_0_regslice_both
design_1_v_frmbuf_rd_0_0_regslice_both
design_1_v_frmbuf_rd_0_0_regslice_both
design_1_v_frmbuf_rd_0_0_regslice_both
design_1_v_frmbuf_rd_0_0_regslice_both
AXIMMvideo2Bytes_Pipeline_VITIS_LOOP_625_4
AXIMMvideo2Bytes_Pipeline_VITIS_LOOP_634_5
AXIMMvideo2Bytes_Pipeline_VITIS_LOOP_640_6
AXIMMvideo2Bytes_Pipeline_VITIS_LOOP_591_1
AXIMMvideo2Bytes_Pipeline_VITIS_LOOP_597_2
AXIMMvideo2Bytes_Pipeline_VITIS_LOOP_603_3
AXIMMvideo2Bytes_Pipeline_VITIS_LOOP_660_7
AXIMMvideo2Bytes_Pipeline_VITIS_LOOP_670_8
AXIMMvideo2Bytes
Bytes2MultiPixStream_Pipeline_VITIS_LOOP_1772_29
Bytes2MultiPixStream_Pipeline_VITIS_LOOP_1532_26
Bytes2MultiPixStream_Pipeline_VITIS_LOOP_1450_23
Bytes2MultiPixStream_Pipeline_VITIS_LOOP_1398_20
Bytes2MultiPixStream_Pipeline_VITIS_LOOP_1240_17
Bytes2MultiPixStream_Pipeline_VITIS_LOOP_1197_14
Bytes2MultiPixStream_Pipeline_VITIS_LOOP_1157_11
Bytes2MultiPixStream_Pipeline_VITIS_LOOP_954_8
Bytes2MultiPixStream_Pipeline_VITIS_LOOP_862_5
Bytes2MultiPixStream_Pipeline_VITIS_LOOP_755_1
Bytes2MultiPixStream
reg_unsigned_short_s
MultiPixStream2AXIvideo_Pipeline_VITIS_LOOP_367_1
MultiPixStream2AXIvideo_Pipeline_VITIS_LOOP_376_3
MultiPixStream2AXIvideo
FrmbufRdHlsDataFlow
v_frmbuf_rd
' expOnly='0'
Execute       source /home/serg/Documents/Xilinx/z700_hdmi/HDMI_MIXER/hdmi_mixer.runs/design_1_v_frmbuf_rd_0_0_synth_1/prj/sol/.autopilot/db/global.setting.tcl 
Execute       ap_part_info -name xc7z020-clg400-2 -data names -quiet 
Execute       ap_part_info -name xc7z020-clg400-2 -data info -quiet 
Execute       source /home/serg/Documents/Xilinx/z700_hdmi/HDMI_MIXER/hdmi_mixer.runs/design_1_v_frmbuf_rd_0_0_synth_1/prj/sol/.autopilot/db/global.setting.tcl 
Execute       source /home/serg/Documents/Xilinx/z700_hdmi/HDMI_MIXER/hdmi_mixer.runs/design_1_v_frmbuf_rd_0_0_synth_1/prj/sol/.autopilot/db/global.setting.tcl 
Execute       source /home/serg/Documents/Xilinx/z700_hdmi/HDMI_MIXER/hdmi_mixer.runs/design_1_v_frmbuf_rd_0_0_synth_1/prj/sol/.autopilot/db/AXIMMvideo2Bytes_Pipeline_VITIS_LOOP_625_4.compgen.tcl 
Execute       source /home/serg/Documents/Xilinx/z700_hdmi/HDMI_MIXER/hdmi_mixer.runs/design_1_v_frmbuf_rd_0_0_synth_1/prj/sol/.autopilot/db/AXIMMvideo2Bytes_Pipeline_VITIS_LOOP_634_5.compgen.tcl 
Execute       source /home/serg/Documents/Xilinx/z700_hdmi/HDMI_MIXER/hdmi_mixer.runs/design_1_v_frmbuf_rd_0_0_synth_1/prj/sol/.autopilot/db/AXIMMvideo2Bytes_Pipeline_VITIS_LOOP_640_6.compgen.tcl 
Execute       source /home/serg/Documents/Xilinx/z700_hdmi/HDMI_MIXER/hdmi_mixer.runs/design_1_v_frmbuf_rd_0_0_synth_1/prj/sol/.autopilot/db/AXIMMvideo2Bytes_Pipeline_VITIS_LOOP_591_1.compgen.tcl 
Execute       source /home/serg/Documents/Xilinx/z700_hdmi/HDMI_MIXER/hdmi_mixer.runs/design_1_v_frmbuf_rd_0_0_synth_1/prj/sol/.autopilot/db/AXIMMvideo2Bytes_Pipeline_VITIS_LOOP_597_2.compgen.tcl 
Execute       source /home/serg/Documents/Xilinx/z700_hdmi/HDMI_MIXER/hdmi_mixer.runs/design_1_v_frmbuf_rd_0_0_synth_1/prj/sol/.autopilot/db/AXIMMvideo2Bytes_Pipeline_VITIS_LOOP_603_3.compgen.tcl 
Execute       source /home/serg/Documents/Xilinx/z700_hdmi/HDMI_MIXER/hdmi_mixer.runs/design_1_v_frmbuf_rd_0_0_synth_1/prj/sol/.autopilot/db/AXIMMvideo2Bytes_Pipeline_VITIS_LOOP_660_7.compgen.tcl 
Execute       source /home/serg/Documents/Xilinx/z700_hdmi/HDMI_MIXER/hdmi_mixer.runs/design_1_v_frmbuf_rd_0_0_synth_1/prj/sol/.autopilot/db/AXIMMvideo2Bytes_Pipeline_VITIS_LOOP_670_8.compgen.tcl 
Execute       source /home/serg/Documents/Xilinx/z700_hdmi/HDMI_MIXER/hdmi_mixer.runs/design_1_v_frmbuf_rd_0_0_synth_1/prj/sol/.autopilot/db/AXIMMvideo2Bytes.compgen.tcl 
Execute       source /home/serg/Documents/Xilinx/z700_hdmi/HDMI_MIXER/hdmi_mixer.runs/design_1_v_frmbuf_rd_0_0_synth_1/prj/sol/.autopilot/db/Bytes2MultiPixStream_Pipeline_VITIS_LOOP_1772_29.compgen.tcl 
Execute       source /home/serg/Documents/Xilinx/z700_hdmi/HDMI_MIXER/hdmi_mixer.runs/design_1_v_frmbuf_rd_0_0_synth_1/prj/sol/.autopilot/db/Bytes2MultiPixStream_Pipeline_VITIS_LOOP_1532_26.compgen.tcl 
Execute       source /home/serg/Documents/Xilinx/z700_hdmi/HDMI_MIXER/hdmi_mixer.runs/design_1_v_frmbuf_rd_0_0_synth_1/prj/sol/.autopilot/db/Bytes2MultiPixStream_Pipeline_VITIS_LOOP_1450_23.compgen.tcl 
Execute       source /home/serg/Documents/Xilinx/z700_hdmi/HDMI_MIXER/hdmi_mixer.runs/design_1_v_frmbuf_rd_0_0_synth_1/prj/sol/.autopilot/db/Bytes2MultiPixStream_Pipeline_VITIS_LOOP_1398_20.compgen.tcl 
Execute       source /home/serg/Documents/Xilinx/z700_hdmi/HDMI_MIXER/hdmi_mixer.runs/design_1_v_frmbuf_rd_0_0_synth_1/prj/sol/.autopilot/db/Bytes2MultiPixStream_Pipeline_VITIS_LOOP_1240_17.compgen.tcl 
Execute       source /home/serg/Documents/Xilinx/z700_hdmi/HDMI_MIXER/hdmi_mixer.runs/design_1_v_frmbuf_rd_0_0_synth_1/prj/sol/.autopilot/db/Bytes2MultiPixStream_Pipeline_VITIS_LOOP_1197_14.compgen.tcl 
Execute       source /home/serg/Documents/Xilinx/z700_hdmi/HDMI_MIXER/hdmi_mixer.runs/design_1_v_frmbuf_rd_0_0_synth_1/prj/sol/.autopilot/db/Bytes2MultiPixStream_Pipeline_VITIS_LOOP_1157_11.compgen.tcl 
Execute       source /home/serg/Documents/Xilinx/z700_hdmi/HDMI_MIXER/hdmi_mixer.runs/design_1_v_frmbuf_rd_0_0_synth_1/prj/sol/.autopilot/db/Bytes2MultiPixStream_Pipeline_VITIS_LOOP_954_8.compgen.tcl 
Execute       source /home/serg/Documents/Xilinx/z700_hdmi/HDMI_MIXER/hdmi_mixer.runs/design_1_v_frmbuf_rd_0_0_synth_1/prj/sol/.autopilot/db/Bytes2MultiPixStream_Pipeline_VITIS_LOOP_862_5.compgen.tcl 
Execute       source /home/serg/Documents/Xilinx/z700_hdmi/HDMI_MIXER/hdmi_mixer.runs/design_1_v_frmbuf_rd_0_0_synth_1/prj/sol/.autopilot/db/Bytes2MultiPixStream_Pipeline_VITIS_LOOP_755_1.compgen.tcl 
Execute       source /home/serg/Documents/Xilinx/z700_hdmi/HDMI_MIXER/hdmi_mixer.runs/design_1_v_frmbuf_rd_0_0_synth_1/prj/sol/.autopilot/db/Bytes2MultiPixStream.compgen.tcl 
Execute       source /home/serg/Documents/Xilinx/z700_hdmi/HDMI_MIXER/hdmi_mixer.runs/design_1_v_frmbuf_rd_0_0_synth_1/prj/sol/.autopilot/db/reg_unsigned_short_s.compgen.tcl 
Execute       source /home/serg/Documents/Xilinx/z700_hdmi/HDMI_MIXER/hdmi_mixer.runs/design_1_v_frmbuf_rd_0_0_synth_1/prj/sol/.autopilot/db/MultiPixStream2AXIvideo_Pipeline_VITIS_LOOP_367_1.compgen.tcl 
Execute       source /home/serg/Documents/Xilinx/z700_hdmi/HDMI_MIXER/hdmi_mixer.runs/design_1_v_frmbuf_rd_0_0_synth_1/prj/sol/.autopilot/db/MultiPixStream2AXIvideo_Pipeline_VITIS_LOOP_376_3.compgen.tcl 
Execute       source /home/serg/Documents/Xilinx/z700_hdmi/HDMI_MIXER/hdmi_mixer.runs/design_1_v_frmbuf_rd_0_0_synth_1/prj/sol/.autopilot/db/MultiPixStream2AXIvideo.compgen.tcl 
Execute       source /home/serg/Documents/Xilinx/z700_hdmi/HDMI_MIXER/hdmi_mixer.runs/design_1_v_frmbuf_rd_0_0_synth_1/prj/sol/.autopilot/db/FrmbufRdHlsDataFlow.compgen.tcl 
Execute       source /home/serg/Documents/Xilinx/z700_hdmi/HDMI_MIXER/hdmi_mixer.runs/design_1_v_frmbuf_rd_0_0_synth_1/prj/sol/.autopilot/db/v_frmbuf_rd.compgen.tcl 
Execute         source ./design_1_v_frmbuf_rd_0_0_CTRL.slave.tcl 
INFO: [HLS 200-111] Finished Generating all RTL models: CPU user time: 0.2 seconds. CPU system time: 0.03 seconds. Elapsed time: 0.23 seconds; current allocated memory: 616.598 MB.
INFO-FLOW: DBG:PROC: ::HLSREPORTS::create_csynth_xml bind_info_var='bind_info' RtlSubPrefix='design_1_v_frmbuf_rd_0_0_' outfile=''
INFO-FLOW: Running: create_csynth_xml read xml data
INFO-FLOW: Done: create_csynth_xml read xml data time: 0 seconds 
INFO-FLOW: create_csynth_xml: all_module_nodes count=26
INFO-FLOW: Running: create_csynth_xml bind info
INFO-FLOW: create_csynth_xml: all_bind_nodes count=287
INFO-FLOW: No bind nodes found for module_name reg_unsigned_short_s
INFO-FLOW: Done: create_csynth_xml bind info time: 0 seconds 
INFO-FLOW: create_csynth_xml: bind_instances counts: modules=25 instances=286
INFO-FLOW: Running: create_csynth_xml update csynth_xml_module_hier
INFO-FLOW: Done: create_csynth_xml update csynth_xml_module_hier time: 0 seconds 
INFO-FLOW: create_csynth_xml: csynth_xml_module_hier max_depth=5
INFO-FLOW: Running: create_csynth_xml gen bind_report_dict
INFO-FLOW: Done: create_csynth_xml gen bind_report_dict time: 0 seconds 
INFO-FLOW: Running: create_csynth_xml config info
INFO-FLOW: Done: create_csynth_xml config info time: 0.1 seconds 
INFO-FLOW: Running: create_csynth_xml write xml
INFO-FLOW: Done: create_csynth_xml write xml time: 0 seconds 
INFO-FLOW: DBG:PUTS:      create_csynth_xml wrote csynth_xml=/home/serg/Documents/Xilinx/z700_hdmi/HDMI_MIXER/hdmi_mixer.runs/design_1_v_frmbuf_rd_0_0_synth_1/prj/sol/syn/report/csynth.xml
INFO-FLOW: Running: generate_json
INFO-FLOW: DBG:PROC: ::AP::DESIGN_DATA::generate_json generate_bd_files='0' generate_xo_files='0' modelList='design_1_v_frmbuf_rd_0_0_flow_control_loop_pipe_sequential_init
design_1_v_frmbuf_rd_0_0_flow_control_loop_pipe_sequential_init
design_1_v_frmbuf_rd_0_0_flow_control_loop_pipe_sequential_init
design_1_v_frmbuf_rd_0_0_flow_control_loop_pipe_sequential_init
design_1_v_frmbuf_rd_0_0_flow_control_loop_pipe_sequential_init
design_1_v_frmbuf_rd_0_0_flow_control_loop_pipe_sequential_init
design_1_v_frmbuf_rd_0_0_flow_control_loop_pipe_sequential_init
design_1_v_frmbuf_rd_0_0_flow_control_loop_pipe_sequential_init
design_1_v_frmbuf_rd_0_0_flow_control_loop_pipe_sequential_init
design_1_v_frmbuf_rd_0_0_flow_control_loop_pipe_sequential_init
design_1_v_frmbuf_rd_0_0_flow_control_loop_pipe_sequential_init
design_1_v_frmbuf_rd_0_0_flow_control_loop_pipe_sequential_init
design_1_v_frmbuf_rd_0_0_flow_control_loop_pipe_sequential_init
design_1_v_frmbuf_rd_0_0_flow_control_loop_pipe_sequential_init
design_1_v_frmbuf_rd_0_0_flow_control_loop_pipe_sequential_init
design_1_v_frmbuf_rd_0_0_flow_control_loop_pipe_sequential_init
design_1_v_frmbuf_rd_0_0_partselect_8ns_64ns_6ns_8_1_1
design_1_v_frmbuf_rd_0_0_flow_control_loop_pipe_sequential_init
design_1_v_frmbuf_rd_0_0_flow_control_loop_pipe_sequential_init
design_1_v_frmbuf_rd_0_0_urem_11ns_3ns_2_15_seq_1
design_1_v_frmbuf_rd_0_0_mul_11ns_13ns_23_1_1
design_1_v_frmbuf_rd_0_0_MultiPixStream2AXIvideo_Pipeline_VITIS_LOOP_367_1_mapComp_ROM_AUTO_1R
design_1_v_frmbuf_rd_0_0_flow_control_loop_pipe_sequential_init
design_1_v_frmbuf_rd_0_0_sparsemux_7_2_8_1_1
design_1_v_frmbuf_rd_0_0_flow_control_loop_pipe_sequential_init
design_1_v_frmbuf_rd_0_0_fifo_w64_d481_B
design_1_v_frmbuf_rd_0_0_fifo_w64_d481_B
design_1_v_frmbuf_rd_0_0_fifo_w64_d481_B
design_1_v_frmbuf_rd_0_0_fifo_w24_d2_S
design_1_v_frmbuf_rd_0_0_start_for_Bytes2MultiPixStream_U0
design_1_v_frmbuf_rd_0_0_start_for_MultiPixStream2AXIvideo_U0
design_1_v_frmbuf_rd_0_0_mul_14s_3ns_14_1_1
design_1_v_frmbuf_rd_0_0_BYTES_PER_PIXEL_ROM_AUTO_1R
design_1_v_frmbuf_rd_0_0_MEMORY2LIVE_ROM_AUTO_1R
design_1_v_frmbuf_rd_0_0_mm_video_m_axi
design_1_v_frmbuf_rd_0_0_CTRL_s_axi
design_1_v_frmbuf_rd_0_0_regslice_both
design_1_v_frmbuf_rd_0_0_regslice_both
design_1_v_frmbuf_rd_0_0_regslice_both
design_1_v_frmbuf_rd_0_0_regslice_both
design_1_v_frmbuf_rd_0_0_regslice_both
design_1_v_frmbuf_rd_0_0_regslice_both
design_1_v_frmbuf_rd_0_0_regslice_both
AXIMMvideo2Bytes_Pipeline_VITIS_LOOP_625_4
AXIMMvideo2Bytes_Pipeline_VITIS_LOOP_634_5
AXIMMvideo2Bytes_Pipeline_VITIS_LOOP_640_6
AXIMMvideo2Bytes_Pipeline_VITIS_LOOP_591_1
AXIMMvideo2Bytes_Pipeline_VITIS_LOOP_597_2
AXIMMvideo2Bytes_Pipeline_VITIS_LOOP_603_3
AXIMMvideo2Bytes_Pipeline_VITIS_LOOP_660_7
AXIMMvideo2Bytes_Pipeline_VITIS_LOOP_670_8
AXIMMvideo2Bytes
Bytes2MultiPixStream_Pipeline_VITIS_LOOP_1772_29
Bytes2MultiPixStream_Pipeline_VITIS_LOOP_1532_26
Bytes2MultiPixStream_Pipeline_VITIS_LOOP_1450_23
Bytes2MultiPixStream_Pipeline_VITIS_LOOP_1398_20
Bytes2MultiPixStream_Pipeline_VITIS_LOOP_1240_17
Bytes2MultiPixStream_Pipeline_VITIS_LOOP_1197_14
Bytes2MultiPixStream_Pipeline_VITIS_LOOP_1157_11
Bytes2MultiPixStream_Pipeline_VITIS_LOOP_954_8
Bytes2MultiPixStream_Pipeline_VITIS_LOOP_862_5
Bytes2MultiPixStream_Pipeline_VITIS_LOOP_755_1
Bytes2MultiPixStream
reg_unsigned_short_s
MultiPixStream2AXIvideo_Pipeline_VITIS_LOOP_367_1
MultiPixStream2AXIvideo_Pipeline_VITIS_LOOP_376_3
MultiPixStream2AXIvideo
FrmbufRdHlsDataFlow
v_frmbuf_rd
' rtl_lang='both' bootstrap_tcl='false' outdir='' outfilename=''
Execute       source /home/serg/Documents/Xilinx/z700_hdmi/HDMI_MIXER/hdmi_mixer.runs/design_1_v_frmbuf_rd_0_0_synth_1/prj/sol/.autopilot/db/global.setting.tcl 
Execute       source /home/serg/Documents/Xilinx/z700_hdmi/HDMI_MIXER/hdmi_mixer.runs/design_1_v_frmbuf_rd_0_0_synth_1/prj/sol/.autopilot/db/global.setting.tcl 
Execute       source /home/serg/Documents/Xilinx/z700_hdmi/HDMI_MIXER/hdmi_mixer.runs/design_1_v_frmbuf_rd_0_0_synth_1/prj/sol/.autopilot/db/top-io-be.tcl 
Execute       source /home/serg/Documents/Xilinx/z700_hdmi/HDMI_MIXER/hdmi_mixer.runs/design_1_v_frmbuf_rd_0_0_synth_1/prj/sol/.autopilot/db/v_frmbuf_rd.tbgen.tcl 
Execute       source /home/serg/Documents/Xilinx/z700_hdmi/HDMI_MIXER/hdmi_mixer.runs/design_1_v_frmbuf_rd_0_0_synth_1/prj/sol/.autopilot/db/v_frmbuf_rd.compgen.dataonly.tcl 
Execute       source /home/serg/Documents/Xilinx/z700_hdmi/HDMI_MIXER/hdmi_mixer.runs/design_1_v_frmbuf_rd_0_0_synth_1/prj/sol/.autopilot/db/v_frmbuf_rd.compgen.dataonly.tcl 
Execute       source /home/serg/Documents/Xilinx/z700_hdmi/HDMI_MIXER/hdmi_mixer.runs/design_1_v_frmbuf_rd_0_0_synth_1/prj/sol/.autopilot/db/v_frmbuf_rd.rtl_wrap.cfg.tcl 
Execute       source /home/serg/Documents/Xilinx/z700_hdmi/HDMI_MIXER/hdmi_mixer.runs/design_1_v_frmbuf_rd_0_0_synth_1/prj/sol/.autopilot/db/v_frmbuf_rd.compgen.dataonly.tcl 
Execute       source /home/serg/Documents/Xilinx/z700_hdmi/HDMI_MIXER/hdmi_mixer.runs/design_1_v_frmbuf_rd_0_0_synth_1/prj/sol/.autopilot/db/AXIMMvideo2Bytes_Pipeline_VITIS_LOOP_625_4.tbgen.tcl 
Execute       source /home/serg/Documents/Xilinx/z700_hdmi/HDMI_MIXER/hdmi_mixer.runs/design_1_v_frmbuf_rd_0_0_synth_1/prj/sol/.autopilot/db/AXIMMvideo2Bytes_Pipeline_VITIS_LOOP_634_5.tbgen.tcl 
Execute       source /home/serg/Documents/Xilinx/z700_hdmi/HDMI_MIXER/hdmi_mixer.runs/design_1_v_frmbuf_rd_0_0_synth_1/prj/sol/.autopilot/db/AXIMMvideo2Bytes_Pipeline_VITIS_LOOP_640_6.tbgen.tcl 
Execute       source /home/serg/Documents/Xilinx/z700_hdmi/HDMI_MIXER/hdmi_mixer.runs/design_1_v_frmbuf_rd_0_0_synth_1/prj/sol/.autopilot/db/AXIMMvideo2Bytes_Pipeline_VITIS_LOOP_591_1.tbgen.tcl 
Execute       source /home/serg/Documents/Xilinx/z700_hdmi/HDMI_MIXER/hdmi_mixer.runs/design_1_v_frmbuf_rd_0_0_synth_1/prj/sol/.autopilot/db/AXIMMvideo2Bytes_Pipeline_VITIS_LOOP_597_2.tbgen.tcl 
Execute       source /home/serg/Documents/Xilinx/z700_hdmi/HDMI_MIXER/hdmi_mixer.runs/design_1_v_frmbuf_rd_0_0_synth_1/prj/sol/.autopilot/db/AXIMMvideo2Bytes_Pipeline_VITIS_LOOP_603_3.tbgen.tcl 
Execute       source /home/serg/Documents/Xilinx/z700_hdmi/HDMI_MIXER/hdmi_mixer.runs/design_1_v_frmbuf_rd_0_0_synth_1/prj/sol/.autopilot/db/AXIMMvideo2Bytes_Pipeline_VITIS_LOOP_660_7.tbgen.tcl 
Execute       source /home/serg/Documents/Xilinx/z700_hdmi/HDMI_MIXER/hdmi_mixer.runs/design_1_v_frmbuf_rd_0_0_synth_1/prj/sol/.autopilot/db/AXIMMvideo2Bytes_Pipeline_VITIS_LOOP_670_8.tbgen.tcl 
Execute       source /home/serg/Documents/Xilinx/z700_hdmi/HDMI_MIXER/hdmi_mixer.runs/design_1_v_frmbuf_rd_0_0_synth_1/prj/sol/.autopilot/db/AXIMMvideo2Bytes.tbgen.tcl 
Execute       source /home/serg/Documents/Xilinx/z700_hdmi/HDMI_MIXER/hdmi_mixer.runs/design_1_v_frmbuf_rd_0_0_synth_1/prj/sol/.autopilot/db/Bytes2MultiPixStream_Pipeline_VITIS_LOOP_1772_29.tbgen.tcl 
Execute       source /home/serg/Documents/Xilinx/z700_hdmi/HDMI_MIXER/hdmi_mixer.runs/design_1_v_frmbuf_rd_0_0_synth_1/prj/sol/.autopilot/db/Bytes2MultiPixStream_Pipeline_VITIS_LOOP_1532_26.tbgen.tcl 
Execute       source /home/serg/Documents/Xilinx/z700_hdmi/HDMI_MIXER/hdmi_mixer.runs/design_1_v_frmbuf_rd_0_0_synth_1/prj/sol/.autopilot/db/Bytes2MultiPixStream_Pipeline_VITIS_LOOP_1450_23.tbgen.tcl 
Execute       source /home/serg/Documents/Xilinx/z700_hdmi/HDMI_MIXER/hdmi_mixer.runs/design_1_v_frmbuf_rd_0_0_synth_1/prj/sol/.autopilot/db/Bytes2MultiPixStream_Pipeline_VITIS_LOOP_1398_20.tbgen.tcl 
Execute       source /home/serg/Documents/Xilinx/z700_hdmi/HDMI_MIXER/hdmi_mixer.runs/design_1_v_frmbuf_rd_0_0_synth_1/prj/sol/.autopilot/db/Bytes2MultiPixStream_Pipeline_VITIS_LOOP_1240_17.tbgen.tcl 
Execute       source /home/serg/Documents/Xilinx/z700_hdmi/HDMI_MIXER/hdmi_mixer.runs/design_1_v_frmbuf_rd_0_0_synth_1/prj/sol/.autopilot/db/Bytes2MultiPixStream_Pipeline_VITIS_LOOP_1197_14.tbgen.tcl 
Execute       source /home/serg/Documents/Xilinx/z700_hdmi/HDMI_MIXER/hdmi_mixer.runs/design_1_v_frmbuf_rd_0_0_synth_1/prj/sol/.autopilot/db/Bytes2MultiPixStream_Pipeline_VITIS_LOOP_1157_11.tbgen.tcl 
Execute       source /home/serg/Documents/Xilinx/z700_hdmi/HDMI_MIXER/hdmi_mixer.runs/design_1_v_frmbuf_rd_0_0_synth_1/prj/sol/.autopilot/db/Bytes2MultiPixStream_Pipeline_VITIS_LOOP_954_8.tbgen.tcl 
Execute       source /home/serg/Documents/Xilinx/z700_hdmi/HDMI_MIXER/hdmi_mixer.runs/design_1_v_frmbuf_rd_0_0_synth_1/prj/sol/.autopilot/db/Bytes2MultiPixStream_Pipeline_VITIS_LOOP_862_5.tbgen.tcl 
Execute       source /home/serg/Documents/Xilinx/z700_hdmi/HDMI_MIXER/hdmi_mixer.runs/design_1_v_frmbuf_rd_0_0_synth_1/prj/sol/.autopilot/db/Bytes2MultiPixStream_Pipeline_VITIS_LOOP_755_1.tbgen.tcl 
Execute       source /home/serg/Documents/Xilinx/z700_hdmi/HDMI_MIXER/hdmi_mixer.runs/design_1_v_frmbuf_rd_0_0_synth_1/prj/sol/.autopilot/db/Bytes2MultiPixStream.tbgen.tcl 
Execute       source /home/serg/Documents/Xilinx/z700_hdmi/HDMI_MIXER/hdmi_mixer.runs/design_1_v_frmbuf_rd_0_0_synth_1/prj/sol/.autopilot/db/reg_unsigned_short_s.tbgen.tcl 
Execute       source /home/serg/Documents/Xilinx/z700_hdmi/HDMI_MIXER/hdmi_mixer.runs/design_1_v_frmbuf_rd_0_0_synth_1/prj/sol/.autopilot/db/MultiPixStream2AXIvideo_Pipeline_VITIS_LOOP_367_1.tbgen.tcl 
Execute       source /home/serg/Documents/Xilinx/z700_hdmi/HDMI_MIXER/hdmi_mixer.runs/design_1_v_frmbuf_rd_0_0_synth_1/prj/sol/.autopilot/db/MultiPixStream2AXIvideo_Pipeline_VITIS_LOOP_376_3.tbgen.tcl 
Execute       source /home/serg/Documents/Xilinx/z700_hdmi/HDMI_MIXER/hdmi_mixer.runs/design_1_v_frmbuf_rd_0_0_synth_1/prj/sol/.autopilot/db/MultiPixStream2AXIvideo.tbgen.tcl 
Execute       source /home/serg/Documents/Xilinx/z700_hdmi/HDMI_MIXER/hdmi_mixer.runs/design_1_v_frmbuf_rd_0_0_synth_1/prj/sol/.autopilot/db/FrmbufRdHlsDataFlow.tbgen.tcl 
Execute       source /home/serg/Documents/Xilinx/z700_hdmi/HDMI_MIXER/hdmi_mixer.runs/design_1_v_frmbuf_rd_0_0_synth_1/prj/sol/.autopilot/db/v_frmbuf_rd.tbgen.tcl 
Execute       source /home/serg/Documents/Xilinx/z700_hdmi/HDMI_MIXER/hdmi_mixer.runs/design_1_v_frmbuf_rd_0_0_synth_1/prj/sol/.autopilot/db/global.setting.tcl 
Execute       ap_part_info -name xc7z020-clg400-2 -data names -quiet 
Execute       ap_part_info -name xc7z020-clg400-2 -data info -quiet 
Execute       source /home/serg/Documents/Xilinx/z700_hdmi/HDMI_MIXER/hdmi_mixer.runs/design_1_v_frmbuf_rd_0_0_synth_1/prj/sol/.autopilot/db/v_frmbuf_rd.constraint.tcl 
Execute       sc_get_clocks v_frmbuf_rd 
Execute       source /home/serg/Documents/Xilinx/z700_hdmi/HDMI_MIXER/hdmi_mixer.runs/design_1_v_frmbuf_rd_0_0_synth_1/prj/sol/.autopilot/db/global.setting.tcl 
Execute       source /tools/xilinx/2025.2/Vitis/tps/tcl/tcllib2.0/fileutil/fileutil.tcl 
INFO-FLOW: Done: generate_json time: 0.3 seconds 
INFO-FLOW: Running: add_csynth_report_sections
INFO-FLOW: DBG:PROC: ::HLSREPORTS::add_csynth_report_sections bind_info_dict='adapter_nodes {{BINDTYPE adapter ID {} IMPL {} LATENCY {} OPTYPE {} PRAGMA {} RTLNAME CTRL_s_axi_U SOURCE {} VARIABLE {} LOOP {} BUNDLEDNAME CTRL DSP 0 BRAM 0 URAM 0 STORAGESUBTYPE s_axilite STORAGESIZE {} STORAGEUSAGE interface DISPNAME {bind_adapter }} {BINDTYPE adapter ID {} IMPL {} LATENCY {} OPTYPE {} PRAGMA {} RTLNAME mm_video_m_axi_U SOURCE {} VARIABLE {} LOOP {} BUNDLEDNAME mm_video DSP 0 BRAM 4 URAM 0 STORAGESUBTYPE m_axi STORAGESIZE {} STORAGEUSAGE interface DISPNAME {bind_adapter }}} cache_nodes {} report_dict {TOPINST v_frmbuf_rd MODULE2INSTS {v_frmbuf_rd v_frmbuf_rd FrmbufRdHlsDataFlow grp_FrmbufRdHlsDataFlow_fu_178 AXIMMvideo2Bytes AXIMMvideo2Bytes_U0 AXIMMvideo2Bytes_Pipeline_VITIS_LOOP_625_4 grp_AXIMMvideo2Bytes_Pipeline_VITIS_LOOP_625_4_fu_260 AXIMMvideo2Bytes_Pipeline_VITIS_LOOP_634_5 grp_AXIMMvideo2Bytes_Pipeline_VITIS_LOOP_634_5_fu_270 AXIMMvideo2Bytes_Pipeline_VITIS_LOOP_640_6 grp_AXIMMvideo2Bytes_Pipeline_VITIS_LOOP_640_6_fu_280 AXIMMvideo2Bytes_Pipeline_VITIS_LOOP_591_1 grp_AXIMMvideo2Bytes_Pipeline_VITIS_LOOP_591_1_fu_290 AXIMMvideo2Bytes_Pipeline_VITIS_LOOP_597_2 grp_AXIMMvideo2Bytes_Pipeline_VITIS_LOOP_597_2_fu_300 AXIMMvideo2Bytes_Pipeline_VITIS_LOOP_603_3 grp_AXIMMvideo2Bytes_Pipeline_VITIS_LOOP_603_3_fu_310 AXIMMvideo2Bytes_Pipeline_VITIS_LOOP_660_7 grp_AXIMMvideo2Bytes_Pipeline_VITIS_LOOP_660_7_fu_320 AXIMMvideo2Bytes_Pipeline_VITIS_LOOP_670_8 grp_AXIMMvideo2Bytes_Pipeline_VITIS_LOOP_670_8_fu_330 Bytes2MultiPixStream Bytes2MultiPixStream_U0 Bytes2MultiPixStream_Pipeline_VITIS_LOOP_1772_29 grp_Bytes2MultiPixStream_Pipeline_VITIS_LOOP_1772_29_fu_302 Bytes2MultiPixStream_Pipeline_VITIS_LOOP_1532_26 grp_Bytes2MultiPixStream_Pipeline_VITIS_LOOP_1532_26_fu_313 Bytes2MultiPixStream_Pipeline_VITIS_LOOP_1450_23 grp_Bytes2MultiPixStream_Pipeline_VITIS_LOOP_1450_23_fu_330 Bytes2MultiPixStream_Pipeline_VITIS_LOOP_1398_20 grp_Bytes2MultiPixStream_Pipeline_VITIS_LOOP_1398_20_fu_341 Bytes2MultiPixStream_Pipeline_VITIS_LOOP_1240_17 grp_Bytes2MultiPixStream_Pipeline_VITIS_LOOP_1240_17_fu_360 Bytes2MultiPixStream_Pipeline_VITIS_LOOP_1197_14 grp_Bytes2MultiPixStream_Pipeline_VITIS_LOOP_1197_14_fu_379 Bytes2MultiPixStream_Pipeline_VITIS_LOOP_1157_11 grp_Bytes2MultiPixStream_Pipeline_VITIS_LOOP_1157_11_fu_392 Bytes2MultiPixStream_Pipeline_VITIS_LOOP_954_8 grp_Bytes2MultiPixStream_Pipeline_VITIS_LOOP_954_8_fu_405 Bytes2MultiPixStream_Pipeline_VITIS_LOOP_862_5 grp_Bytes2MultiPixStream_Pipeline_VITIS_LOOP_862_5_fu_426 Bytes2MultiPixStream_Pipeline_VITIS_LOOP_755_1 grp_Bytes2MultiPixStream_Pipeline_VITIS_LOOP_755_1_fu_450 MultiPixStream2AXIvideo MultiPixStream2AXIvideo_U0 MultiPixStream2AXIvideo_Pipeline_VITIS_LOOP_367_1 grp_MultiPixStream2AXIvideo_Pipeline_VITIS_LOOP_367_1_fu_128 reg_unsigned_short_s {grp_reg_unsigned_short_s_fu_193 grp_reg_unsigned_short_s_fu_199} MultiPixStream2AXIvideo_Pipeline_VITIS_LOOP_376_3 grp_MultiPixStream2AXIvideo_Pipeline_VITIS_LOOP_376_3_fu_138} INST2MODULE {v_frmbuf_rd v_frmbuf_rd grp_FrmbufRdHlsDataFlow_fu_178 FrmbufRdHlsDataFlow AXIMMvideo2Bytes_U0 AXIMMvideo2Bytes grp_AXIMMvideo2Bytes_Pipeline_VITIS_LOOP_625_4_fu_260 AXIMMvideo2Bytes_Pipeline_VITIS_LOOP_625_4 grp_AXIMMvideo2Bytes_Pipeline_VITIS_LOOP_634_5_fu_270 AXIMMvideo2Bytes_Pipeline_VITIS_LOOP_634_5 grp_AXIMMvideo2Bytes_Pipeline_VITIS_LOOP_640_6_fu_280 AXIMMvideo2Bytes_Pipeline_VITIS_LOOP_640_6 grp_AXIMMvideo2Bytes_Pipeline_VITIS_LOOP_591_1_fu_290 AXIMMvideo2Bytes_Pipeline_VITIS_LOOP_591_1 grp_AXIMMvideo2Bytes_Pipeline_VITIS_LOOP_597_2_fu_300 AXIMMvideo2Bytes_Pipeline_VITIS_LOOP_597_2 grp_AXIMMvideo2Bytes_Pipeline_VITIS_LOOP_603_3_fu_310 AXIMMvideo2Bytes_Pipeline_VITIS_LOOP_603_3 grp_AXIMMvideo2Bytes_Pipeline_VITIS_LOOP_660_7_fu_320 AXIMMvideo2Bytes_Pipeline_VITIS_LOOP_660_7 grp_AXIMMvideo2Bytes_Pipeline_VITIS_LOOP_670_8_fu_330 AXIMMvideo2Bytes_Pipeline_VITIS_LOOP_670_8 Bytes2MultiPixStream_U0 Bytes2MultiPixStream grp_Bytes2MultiPixStream_Pipeline_VITIS_LOOP_1772_29_fu_302 Bytes2MultiPixStream_Pipeline_VITIS_LOOP_1772_29 grp_Bytes2MultiPixStream_Pipeline_VITIS_LOOP_1532_26_fu_313 Bytes2MultiPixStream_Pipeline_VITIS_LOOP_1532_26 grp_Bytes2MultiPixStream_Pipeline_VITIS_LOOP_1450_23_fu_330 Bytes2MultiPixStream_Pipeline_VITIS_LOOP_1450_23 grp_Bytes2MultiPixStream_Pipeline_VITIS_LOOP_1398_20_fu_341 Bytes2MultiPixStream_Pipeline_VITIS_LOOP_1398_20 grp_Bytes2MultiPixStream_Pipeline_VITIS_LOOP_1240_17_fu_360 Bytes2MultiPixStream_Pipeline_VITIS_LOOP_1240_17 grp_Bytes2MultiPixStream_Pipeline_VITIS_LOOP_1197_14_fu_379 Bytes2MultiPixStream_Pipeline_VITIS_LOOP_1197_14 grp_Bytes2MultiPixStream_Pipeline_VITIS_LOOP_1157_11_fu_392 Bytes2MultiPixStream_Pipeline_VITIS_LOOP_1157_11 grp_Bytes2MultiPixStream_Pipeline_VITIS_LOOP_954_8_fu_405 Bytes2MultiPixStream_Pipeline_VITIS_LOOP_954_8 grp_Bytes2MultiPixStream_Pipeline_VITIS_LOOP_862_5_fu_426 Bytes2MultiPixStream_Pipeline_VITIS_LOOP_862_5 grp_Bytes2MultiPixStream_Pipeline_VITIS_LOOP_755_1_fu_450 Bytes2MultiPixStream_Pipeline_VITIS_LOOP_755_1 MultiPixStream2AXIvideo_U0 MultiPixStream2AXIvideo grp_MultiPixStream2AXIvideo_Pipeline_VITIS_LOOP_367_1_fu_128 MultiPixStream2AXIvideo_Pipeline_VITIS_LOOP_367_1 grp_reg_unsigned_short_s_fu_193 reg_unsigned_short_s grp_reg_unsigned_short_s_fu_199 reg_unsigned_short_s grp_MultiPixStream2AXIvideo_Pipeline_VITIS_LOOP_376_3_fu_138 MultiPixStream2AXIvideo_Pipeline_VITIS_LOOP_376_3} INSTDATA {v_frmbuf_rd {DEPTH 1 CHILDREN grp_FrmbufRdHlsDataFlow_fu_178} grp_FrmbufRdHlsDataFlow_fu_178 {DEPTH 2 CHILDREN {AXIMMvideo2Bytes_U0 Bytes2MultiPixStream_U0 MultiPixStream2AXIvideo_U0}} AXIMMvideo2Bytes_U0 {DEPTH 3 CHILDREN {grp_AXIMMvideo2Bytes_Pipeline_VITIS_LOOP_625_4_fu_260 grp_AXIMMvideo2Bytes_Pipeline_VITIS_LOOP_634_5_fu_270 grp_AXIMMvideo2Bytes_Pipeline_VITIS_LOOP_640_6_fu_280 grp_AXIMMvideo2Bytes_Pipeline_VITIS_LOOP_591_1_fu_290 grp_AXIMMvideo2Bytes_Pipeline_VITIS_LOOP_597_2_fu_300 grp_AXIMMvideo2Bytes_Pipeline_VITIS_LOOP_603_3_fu_310 grp_AXIMMvideo2Bytes_Pipeline_VITIS_LOOP_660_7_fu_320 grp_AXIMMvideo2Bytes_Pipeline_VITIS_LOOP_670_8_fu_330}} grp_AXIMMvideo2Bytes_Pipeline_VITIS_LOOP_625_4_fu_260 {DEPTH 4 CHILDREN {}} grp_AXIMMvideo2Bytes_Pipeline_VITIS_LOOP_634_5_fu_270 {DEPTH 4 CHILDREN {}} grp_AXIMMvideo2Bytes_Pipeline_VITIS_LOOP_640_6_fu_280 {DEPTH 4 CHILDREN {}} grp_AXIMMvideo2Bytes_Pipeline_VITIS_LOOP_591_1_fu_290 {DEPTH 4 CHILDREN {}} grp_AXIMMvideo2Bytes_Pipeline_VITIS_LOOP_597_2_fu_300 {DEPTH 4 CHILDREN {}} grp_AXIMMvideo2Bytes_Pipeline_VITIS_LOOP_603_3_fu_310 {DEPTH 4 CHILDREN {}} grp_AXIMMvideo2Bytes_Pipeline_VITIS_LOOP_660_7_fu_320 {DEPTH 4 CHILDREN {}} grp_AXIMMvideo2Bytes_Pipeline_VITIS_LOOP_670_8_fu_330 {DEPTH 4 CHILDREN {}} Bytes2MultiPixStream_U0 {DEPTH 3 CHILDREN {grp_Bytes2MultiPixStream_Pipeline_VITIS_LOOP_1772_29_fu_302 grp_Bytes2MultiPixStream_Pipeline_VITIS_LOOP_1532_26_fu_313 grp_Bytes2MultiPixStream_Pipeline_VITIS_LOOP_1450_23_fu_330 grp_Bytes2MultiPixStream_Pipeline_VITIS_LOOP_1398_20_fu_341 grp_Bytes2MultiPixStream_Pipeline_VITIS_LOOP_1240_17_fu_360 grp_Bytes2MultiPixStream_Pipeline_VITIS_LOOP_1197_14_fu_379 grp_Bytes2MultiPixStream_Pipeline_VITIS_LOOP_1157_11_fu_392 grp_Bytes2MultiPixStream_Pipeline_VITIS_LOOP_954_8_fu_405 grp_Bytes2MultiPixStream_Pipeline_VITIS_LOOP_862_5_fu_426 grp_Bytes2MultiPixStream_Pipeline_VITIS_LOOP_755_1_fu_450}} grp_Bytes2MultiPixStream_Pipeline_VITIS_LOOP_1772_29_fu_302 {DEPTH 4 CHILDREN {}} grp_Bytes2MultiPixStream_Pipeline_VITIS_LOOP_1532_26_fu_313 {DEPTH 4 CHILDREN {}} grp_Bytes2MultiPixStream_Pipeline_VITIS_LOOP_1450_23_fu_330 {DEPTH 4 CHILDREN {}} grp_Bytes2MultiPixStream_Pipeline_VITIS_LOOP_1398_20_fu_341 {DEPTH 4 CHILDREN {}} grp_Bytes2MultiPixStream_Pipeline_VITIS_LOOP_1240_17_fu_360 {DEPTH 4 CHILDREN {}} grp_Bytes2MultiPixStream_Pipeline_VITIS_LOOP_1197_14_fu_379 {DEPTH 4 CHILDREN {}} grp_Bytes2MultiPixStream_Pipeline_VITIS_LOOP_1157_11_fu_392 {DEPTH 4 CHILDREN {}} grp_Bytes2MultiPixStream_Pipeline_VITIS_LOOP_954_8_fu_405 {DEPTH 4 CHILDREN {}} grp_Bytes2MultiPixStream_Pipeline_VITIS_LOOP_862_5_fu_426 {DEPTH 4 CHILDREN {}} grp_Bytes2MultiPixStream_Pipeline_VITIS_LOOP_755_1_fu_450 {DEPTH 4 CHILDREN {}} MultiPixStream2AXIvideo_U0 {DEPTH 3 CHILDREN {grp_MultiPixStream2AXIvideo_Pipeline_VITIS_LOOP_367_1_fu_128 grp_reg_unsigned_short_s_fu_193 grp_reg_unsigned_short_s_fu_199 grp_MultiPixStream2AXIvideo_Pipeline_VITIS_LOOP_376_3_fu_138}} grp_MultiPixStream2AXIvideo_Pipeline_VITIS_LOOP_367_1_fu_128 {DEPTH 4 CHILDREN {}} grp_reg_unsigned_short_s_fu_193 {DEPTH 4 CHILDREN {}} grp_reg_unsigned_short_s_fu_199 {DEPTH 4 CHILDREN {}} grp_MultiPixStream2AXIvideo_Pipeline_VITIS_LOOP_376_3_fu_138 {DEPTH 4 CHILDREN {}}} MODULEDATA {AXIMMvideo2Bytes_Pipeline_VITIS_LOOP_625_4 {BINDINFO {{BINDTYPE op ID {} IMPL auto LATENCY 0 OPTYPE seteq PRAGMA {} RTLNAME icmp_ln625_fu_116_p2 SOURCE prj/sol/.autopilot/db/v_frmbuf_rd.cpp:625 VARIABLE icmp_ln625 LOOP VITIS_LOOP_625_4 BUNDLEDNAME {} DSP 0 BRAM 0 URAM 0 STORAGESUBTYPE {} DISPNAME {bind_op seteq} VISIBLE false} {BINDTYPE op ID {} IMPL fabric LATENCY 0 OPTYPE add PRAGMA {} RTLNAME add_ln625_fu_122_p2 SOURCE prj/sol/.autopilot/db/v_frmbuf_rd.cpp:625 VARIABLE add_ln625 LOOP VITIS_LOOP_625_4 BUNDLEDNAME {} DSP 0 BRAM 0 URAM 0 STORAGESUBTYPE {} DISPNAME {bind_op add} VISIBLE true}} AREA {DSP 0 BRAM 0 URAM 0}} AXIMMvideo2Bytes_Pipeline_VITIS_LOOP_634_5 {BINDINFO {{BINDTYPE op ID {} IMPL auto LATENCY 0 OPTYPE seteq PRAGMA {} RTLNAME icmp_ln634_fu_118_p2 SOURCE prj/sol/.autopilot/db/v_frmbuf_rd.cpp:634 VARIABLE icmp_ln634 LOOP VITIS_LOOP_634_5 BUNDLEDNAME {} DSP 0 BRAM 0 URAM 0 STORAGESUBTYPE {} DISPNAME {bind_op seteq} VISIBLE false} {BINDTYPE op ID {} IMPL fabric LATENCY 0 OPTYPE add PRAGMA {} RTLNAME add_ln634_fu_124_p2 SOURCE prj/sol/.autopilot/db/v_frmbuf_rd.cpp:634 VARIABLE add_ln634 LOOP VITIS_LOOP_634_5 BUNDLEDNAME {} DSP 0 BRAM 0 URAM 0 STORAGESUBTYPE {} DISPNAME {bind_op add} VISIBLE true}} AREA {DSP 0 BRAM 0 URAM 0}} AXIMMvideo2Bytes_Pipeline_VITIS_LOOP_640_6 {BINDINFO {{BINDTYPE op ID {} IMPL auto LATENCY 0 OPTYPE seteq PRAGMA {} RTLNAME icmp_ln640_fu_118_p2 SOURCE prj/sol/.autopilot/db/v_frmbuf_rd.cpp:640 VARIABLE icmp_ln640 LOOP VITIS_LOOP_640_6 BUNDLEDNAME {} DSP 0 BRAM 0 URAM 0 STORAGESUBTYPE {} DISPNAME {bind_op seteq} VISIBLE false} {BINDTYPE op ID {} IMPL fabric LATENCY 0 OPTYPE add PRAGMA {} RTLNAME add_ln640_fu_124_p2 SOURCE prj/sol/.autopilot/db/v_frmbuf_rd.cpp:640 VARIABLE add_ln640 LOOP VITIS_LOOP_640_6 BUNDLEDNAME {} DSP 0 BRAM 0 URAM 0 STORAGESUBTYPE {} DISPNAME {bind_op add} VISIBLE true}} AREA {DSP 0 BRAM 0 URAM 0}} AXIMMvideo2Bytes_Pipeline_VITIS_LOOP_591_1 {BINDINFO {{BINDTYPE op ID {} IMPL auto LATENCY 0 OPTYPE seteq PRAGMA {} RTLNAME icmp_ln591_fu_118_p2 SOURCE prj/sol/.autopilot/db/v_frmbuf_rd.cpp:591 VARIABLE icmp_ln591 LOOP VITIS_LOOP_591_1 BUNDLEDNAME {} DSP 0 BRAM 0 URAM 0 STORAGESUBTYPE {} DISPNAME {bind_op seteq} VISIBLE false} {BINDTYPE op ID {} IMPL fabric LATENCY 0 OPTYPE add PRAGMA {} RTLNAME add_ln591_fu_124_p2 SOURCE prj/sol/.autopilot/db/v_frmbuf_rd.cpp:591 VARIABLE add_ln591 LOOP VITIS_LOOP_591_1 BUNDLEDNAME {} DSP 0 BRAM 0 URAM 0 STORAGESUBTYPE {} DISPNAME {bind_op add} VISIBLE true}} AREA {DSP 0 BRAM 0 URAM 0}} AXIMMvideo2Bytes_Pipeline_VITIS_LOOP_597_2 {BINDINFO {{BINDTYPE op ID {} IMPL auto LATENCY 0 OPTYPE seteq PRAGMA {} RTLNAME icmp_ln597_fu_118_p2 SOURCE prj/sol/.autopilot/db/v_frmbuf_rd.cpp:597 VARIABLE icmp_ln597 LOOP VITIS_LOOP_597_2 BUNDLEDNAME {} DSP 0 BRAM 0 URAM 0 STORAGESUBTYPE {} DISPNAME {bind_op seteq} VISIBLE false} {BINDTYPE op ID {} IMPL fabric LATENCY 0 OPTYPE add PRAGMA {} RTLNAME add_ln597_fu_124_p2 SOURCE prj/sol/.autopilot/db/v_frmbuf_rd.cpp:597 VARIABLE add_ln597 LOOP VITIS_LOOP_597_2 BUNDLEDNAME {} DSP 0 BRAM 0 URAM 0 STORAGESUBTYPE {} DISPNAME {bind_op add} VISIBLE true}} AREA {DSP 0 BRAM 0 URAM 0}} AXIMMvideo2Bytes_Pipeline_VITIS_LOOP_603_3 {BINDINFO {{BINDTYPE op ID {} IMPL auto LATENCY 0 OPTYPE seteq PRAGMA {} RTLNAME icmp_ln603_fu_118_p2 SOURCE prj/sol/.autopilot/db/v_frmbuf_rd.cpp:603 VARIABLE icmp_ln603 LOOP VITIS_LOOP_603_3 BUNDLEDNAME {} DSP 0 BRAM 0 URAM 0 STORAGESUBTYPE {} DISPNAME {bind_op seteq} VISIBLE false} {BINDTYPE op ID {} IMPL fabric LATENCY 0 OPTYPE add PRAGMA {} RTLNAME add_ln603_fu_124_p2 SOURCE prj/sol/.autopilot/db/v_frmbuf_rd.cpp:603 VARIABLE add_ln603 LOOP VITIS_LOOP_603_3 BUNDLEDNAME {} DSP 0 BRAM 0 URAM 0 STORAGESUBTYPE {} DISPNAME {bind_op add} VISIBLE true}} AREA {DSP 0 BRAM 0 URAM 0}} AXIMMvideo2Bytes_Pipeline_VITIS_LOOP_660_7 {BINDINFO {{BINDTYPE op ID {} IMPL auto LATENCY 0 OPTYPE seteq PRAGMA {} RTLNAME icmp_ln661_fu_116_p2 SOURCE prj/sol/.autopilot/db/v_frmbuf_rd.cpp:661 VARIABLE icmp_ln661 LOOP VITIS_LOOP_660_7 BUNDLEDNAME {} DSP 0 BRAM 0 URAM 0 STORAGESUBTYPE {} DISPNAME {bind_op seteq} VISIBLE false} {BINDTYPE op ID {} IMPL fabric LATENCY 0 OPTYPE add PRAGMA {} RTLNAME add_ln661_fu_122_p2 SOURCE prj/sol/.autopilot/db/v_frmbuf_rd.cpp:661 VARIABLE add_ln661 LOOP VITIS_LOOP_660_7 BUNDLEDNAME {} DSP 0 BRAM 0 URAM 0 STORAGESUBTYPE {} DISPNAME {bind_op add} VISIBLE true}} AREA {DSP 0 BRAM 0 URAM 0}} AXIMMvideo2Bytes_Pipeline_VITIS_LOOP_670_8 {BINDINFO {{BINDTYPE op ID {} IMPL auto LATENCY 0 OPTYPE seteq PRAGMA {} RTLNAME icmp_ln671_fu_116_p2 SOURCE prj/sol/.autopilot/db/v_frmbuf_rd.cpp:671 VARIABLE icmp_ln671 LOOP VITIS_LOOP_670_8 BUNDLEDNAME {} DSP 0 BRAM 0 URAM 0 STORAGESUBTYPE {} DISPNAME {bind_op seteq} VISIBLE false} {BINDTYPE op ID {} IMPL fabric LATENCY 0 OPTYPE add PRAGMA {} RTLNAME add_ln672_fu_122_p2 SOURCE prj/sol/.autopilot/db/v_frmbuf_rd.cpp:672 VARIABLE add_ln672 LOOP VITIS_LOOP_670_8 BUNDLEDNAME {} DSP 0 BRAM 0 URAM 0 STORAGESUBTYPE {} DISPNAME {bind_op add} VISIBLE true}} AREA {DSP 0 BRAM 0 URAM 0}} AXIMMvideo2Bytes {BINDINFO {{BINDTYPE op ID {} IMPL fabric LATENCY 0 OPTYPE add PRAGMA {} RTLNAME grp_fu_340_p2 SOURCE prj/sol/.autopilot/db/v_frmbuf_rd.cpp:618 VARIABLE add_ln618 LOOP {} BUNDLEDNAME {} DSP 0 BRAM 0 URAM 0 STORAGESUBTYPE {} DISPNAME {bind_op add} VISIBLE true} {BINDTYPE op ID {} IMPL fabric LATENCY 0 OPTYPE add PRAGMA {} RTLNAME add_ln634_fu_450_p2 SOURCE prj/sol/.autopilot/db/v_frmbuf_rd.cpp:634 VARIABLE add_ln634 LOOP {} BUNDLEDNAME {} DSP 0 BRAM 0 URAM 0 STORAGESUBTYPE {} DISPNAME {bind_op add} VISIBLE true} {BINDTYPE op ID {} IMPL auto LATENCY 0 OPTYPE seteq PRAGMA {} RTLNAME icmp_ln634_fu_484_p2 SOURCE prj/sol/.autopilot/db/v_frmbuf_rd.cpp:634 VARIABLE icmp_ln634 LOOP {} BUNDLEDNAME {} DSP 0 BRAM 0 URAM 0 STORAGESUBTYPE {} DISPNAME {bind_op seteq} VISIBLE false} {BINDTYPE op ID {} IMPL auto LATENCY 0 OPTYPE seteq PRAGMA {} RTLNAME icmp_ln621_fu_653_p2 SOURCE prj/sol/.autopilot/db/v_frmbuf_rd.cpp:621 VARIABLE icmp_ln621 LOOP loop_AXIMMvideo2BytesYuv_3planes BUNDLEDNAME {} DSP 0 BRAM 0 URAM 0 STORAGESUBTYPE {} DISPNAME {bind_op seteq} VISIBLE false} {BINDTYPE op ID {} IMPL fabric LATENCY 0 OPTYPE add PRAGMA {} RTLNAME y_35_fu_658_p2 SOURCE prj/sol/.autopilot/db/v_frmbuf_rd.cpp:621 VARIABLE y_35 LOOP loop_AXIMMvideo2BytesYuv_3planes BUNDLEDNAME {} DSP 0 BRAM 0 URAM 0 STORAGESUBTYPE {} DISPNAME {bind_op add} VISIBLE true} {BINDTYPE op ID {} IMPL fabric LATENCY 0 OPTYPE add PRAGMA {} RTLNAME add_ln625_fu_683_p2 SOURCE prj/sol/.autopilot/db/v_frmbuf_rd.cpp:625 VARIABLE add_ln625 LOOP loop_AXIMMvideo2BytesYuv_3planes BUNDLEDNAME {} DSP 0 BRAM 0 URAM 0 STORAGESUBTYPE {} DISPNAME {bind_op add} VISIBLE true} {BINDTYPE op ID {} IMPL fabric LATENCY 0 OPTYPE add PRAGMA {} RTLNAME add_ln631_fu_698_p2 SOURCE prj/sol/.autopilot/db/v_frmbuf_rd.cpp:631 VARIABLE add_ln631 LOOP loop_AXIMMvideo2BytesYuv_3planes BUNDLEDNAME {} DSP 0 BRAM 0 URAM 0 STORAGESUBTYPE {} DISPNAME {bind_op add} VISIBLE true} {BINDTYPE op ID {} IMPL fabric LATENCY 0 OPTYPE add PRAGMA {} RTLNAME add_ln634_1_fu_803_p2 SOURCE prj/sol/.autopilot/db/v_frmbuf_rd.cpp:634 VARIABLE add_ln634_1 LOOP loop_AXIMMvideo2BytesYuv_3planes BUNDLEDNAME {} DSP 0 BRAM 0 URAM 0 STORAGESUBTYPE {} DISPNAME {bind_op add} VISIBLE true} {BINDTYPE op ID {} IMPL fabric LATENCY 0 OPTYPE add PRAGMA {} RTLNAME add_ln640_fu_818_p2 SOURCE prj/sol/.autopilot/db/v_frmbuf_rd.cpp:640 VARIABLE add_ln640 LOOP loop_AXIMMvideo2BytesYuv_3planes BUNDLEDNAME {} DSP 0 BRAM 0 URAM 0 STORAGESUBTYPE {} DISPNAME {bind_op add} VISIBLE true} {BINDTYPE op ID {} IMPL fabric LATENCY 0 OPTYPE add PRAGMA {} RTLNAME offsetUv_1_fu_853_p2 SOURCE prj/sol/.autopilot/db/v_frmbuf_rd.cpp:646 VARIABLE offsetUv_1 LOOP loop_AXIMMvideo2BytesYuv_3planes BUNDLEDNAME {} DSP 0 BRAM 0 URAM 0 STORAGESUBTYPE {} DISPNAME {bind_op add} VISIBLE true} {BINDTYPE op ID {} IMPL fabric LATENCY 0 OPTYPE add PRAGMA {} RTLNAME grp_fu_340_p2 SOURCE prj/sol/.autopilot/db/v_frmbuf_rd.cpp:584 VARIABLE add_ln584 LOOP {} BUNDLEDNAME {} DSP 0 BRAM 0 URAM 0 STORAGESUBTYPE {} DISPNAME {bind_op add} VISIBLE true} {BINDTYPE op ID {} IMPL auto LATENCY 0 OPTYPE seteq PRAGMA {} RTLNAME icmp_ln591_fu_513_p2 SOURCE prj/sol/.autopilot/db/v_frmbuf_rd.cpp:591 VARIABLE icmp_ln591 LOOP {} BUNDLEDNAME {} DSP 0 BRAM 0 URAM 0 STORAGESUBTYPE {} DISPNAME {bind_op seteq} VISIBLE false} {BINDTYPE op ID {} IMPL auto LATENCY 0 OPTYPE seteq PRAGMA {} RTLNAME icmp_ln587_fu_706_p2 SOURCE prj/sol/.autopilot/db/v_frmbuf_rd.cpp:587 VARIABLE icmp_ln587 LOOP loop_AXIMMvideo2Bytes_y_u_v_3planes BUNDLEDNAME {} DSP 0 BRAM 0 URAM 0 STORAGESUBTYPE {} DISPNAME {bind_op seteq} VISIBLE false} {BINDTYPE op ID {} IMPL fabric LATENCY 0 OPTYPE add PRAGMA {} RTLNAME y_33_fu_711_p2 SOURCE prj/sol/.autopilot/db/v_frmbuf_rd.cpp:587 VARIABLE y_33 LOOP loop_AXIMMvideo2Bytes_y_u_v_3planes BUNDLEDNAME {} DSP 0 BRAM 0 URAM 0 STORAGESUBTYPE {} DISPNAME {bind_op add} VISIBLE true} {BINDTYPE op ID {} IMPL fabric LATENCY 0 OPTYPE add PRAGMA {} RTLNAME add_ln591_fu_871_p2 SOURCE prj/sol/.autopilot/db/v_frmbuf_rd.cpp:591 VARIABLE add_ln591 LOOP loop_AXIMMvideo2Bytes_y_u_v_3planes BUNDLEDNAME {} DSP 0 BRAM 0 URAM 0 STORAGESUBTYPE {} DISPNAME {bind_op add} VISIBLE true} {BINDTYPE op ID {} IMPL fabric LATENCY 0 OPTYPE add PRAGMA {} RTLNAME add_ln591_1_fu_875_p2 SOURCE prj/sol/.autopilot/db/v_frmbuf_rd.cpp:591 VARIABLE add_ln591_1 LOOP loop_AXIMMvideo2Bytes_y_u_v_3planes BUNDLEDNAME {} DSP 0 BRAM 0 URAM 0 STORAGESUBTYPE {} DISPNAME {bind_op add} VISIBLE true} {BINDTYPE op ID {} IMPL fabric LATENCY 0 OPTYPE add PRAGMA {} RTLNAME add_ln591_2_fu_729_p2 SOURCE prj/sol/.autopilot/db/v_frmbuf_rd.cpp:591 VARIABLE add_ln591_2 LOOP loop_AXIMMvideo2Bytes_y_u_v_3planes BUNDLEDNAME {} DSP 0 BRAM 0 URAM 0 STORAGESUBTYPE {} DISPNAME {bind_op add} VISIBLE true} {BINDTYPE op ID {} IMPL fabric LATENCY 0 OPTYPE add PRAGMA {} RTLNAME add_ln609_fu_939_p2 SOURCE prj/sol/.autopilot/db/v_frmbuf_rd.cpp:609 VARIABLE add_ln609 LOOP loop_AXIMMvideo2Bytes_y_u_v_3planes BUNDLEDNAME {} DSP 0 BRAM 0 URAM 0 STORAGESUBTYPE {} DISPNAME {bind_op add} VISIBLE true} {BINDTYPE op ID {} IMPL fabric LATENCY 0 OPTYPE add PRAGMA {} RTLNAME grp_fu_340_p2 SOURCE prj/sol/.autopilot/db/v_frmbuf_rd.cpp:661 VARIABLE add_ln661 LOOP {} BUNDLEDNAME {} DSP 0 BRAM 0 URAM 0 STORAGESUBTYPE {} DISPNAME {bind_op add} VISIBLE true} {BINDTYPE op ID {} IMPL auto LATENCY 0 OPTYPE seteq PRAGMA {} RTLNAME icmp_ln668_fu_541_p2 SOURCE prj/sol/.autopilot/db/v_frmbuf_rd.cpp:668 VARIABLE icmp_ln668 LOOP {} BUNDLEDNAME {} DSP 0 BRAM 0 URAM 0 STORAGESUBTYPE {} DISPNAME {bind_op seteq} VISIBLE false} {BINDTYPE op ID {} IMPL auto LATENCY 0 OPTYPE seteq PRAGMA {} RTLNAME icmp_ln668_1_fu_547_p2 SOURCE prj/sol/.autopilot/db/v_frmbuf_rd.cpp:668 VARIABLE icmp_ln668_1 LOOP {} BUNDLEDNAME {} DSP 0 BRAM 0 URAM 0 STORAGESUBTYPE {} DISPNAME {bind_op seteq} VISIBLE false} {BINDTYPE op ID {} IMPL auto LATENCY 0 OPTYPE seteq PRAGMA {} RTLNAME icmp_ln668_2_fu_601_p2 SOURCE prj/sol/.autopilot/db/v_frmbuf_rd.cpp:668 VARIABLE icmp_ln668_2 LOOP {} BUNDLEDNAME {} DSP 0 BRAM 0 URAM 0 STORAGESUBTYPE {} DISPNAME {bind_op seteq} VISIBLE false} {BINDTYPE op ID {} IMPL auto LATENCY 0 OPTYPE seteq PRAGMA {} RTLNAME icmp_ln668_3_fu_607_p2 SOURCE prj/sol/.autopilot/db/v_frmbuf_rd.cpp:668 VARIABLE icmp_ln668_3 LOOP {} BUNDLEDNAME {} DSP 0 BRAM 0 URAM 0 STORAGESUBTYPE {} DISPNAME {bind_op seteq} VISIBLE false} {BINDTYPE op ID {} IMPL auto LATENCY 0 OPTYPE or PRAGMA {} RTLNAME or_ln668_fu_613_p2 SOURCE prj/sol/.autopilot/db/v_frmbuf_rd.cpp:668 VARIABLE or_ln668 LOOP {} BUNDLEDNAME {} DSP 0 BRAM 0 URAM 0 STORAGESUBTYPE {} DISPNAME {bind_op or} VISIBLE false} {BINDTYPE op ID {} IMPL auto LATENCY 0 OPTYPE or PRAGMA {} RTLNAME or_ln668_2_fu_619_p2 SOURCE prj/sol/.autopilot/db/v_frmbuf_rd.cpp:668 VARIABLE or_ln668_2 LOOP {} BUNDLEDNAME {} DSP 0 BRAM 0 URAM 0 STORAGESUBTYPE {} DISPNAME {bind_op or} VISIBLE false} {BINDTYPE op ID {} IMPL auto LATENCY 0 OPTYPE or PRAGMA {} RTLNAME or_ln668_3_fu_625_p2 SOURCE prj/sol/.autopilot/db/v_frmbuf_rd.cpp:668 VARIABLE or_ln668_3 LOOP {} BUNDLEDNAME {} DSP 0 BRAM 0 URAM 0 STORAGESUBTYPE {} DISPNAME {bind_op or} VISIBLE false} {BINDTYPE op ID {} IMPL auto LATENCY 0 OPTYPE seteq PRAGMA {} RTLNAME icmp_ln656_fu_737_p2 SOURCE prj/sol/.autopilot/db/v_frmbuf_rd.cpp:656 VARIABLE icmp_ln656 LOOP loop_AXIMMvideo2Bytes_2planes BUNDLEDNAME {} DSP 0 BRAM 0 URAM 0 STORAGESUBTYPE {} DISPNAME {bind_op seteq} VISIBLE false} {BINDTYPE op ID {} IMPL fabric LATENCY 0 OPTYPE add PRAGMA {} RTLNAME y_34_fu_742_p2 SOURCE prj/sol/.autopilot/db/v_frmbuf_rd.cpp:656 VARIABLE y_34 LOOP loop_AXIMMvideo2Bytes_2planes BUNDLEDNAME {} DSP 0 BRAM 0 URAM 0 STORAGESUBTYPE {} DISPNAME {bind_op add} VISIBLE true} {BINDTYPE op ID {} IMPL fabric LATENCY 0 OPTYPE add PRAGMA {} RTLNAME add_ln660_fu_767_p2 SOURCE prj/sol/.autopilot/db/v_frmbuf_rd.cpp:660 VARIABLE add_ln660 LOOP loop_AXIMMvideo2Bytes_2planes BUNDLEDNAME {} DSP 0 BRAM 0 URAM 0 STORAGESUBTYPE {} DISPNAME {bind_op add} VISIBLE true} {BINDTYPE op ID {} IMPL fabric LATENCY 0 OPTYPE add PRAGMA {} RTLNAME add_ln667_fu_782_p2 SOURCE prj/sol/.autopilot/db/v_frmbuf_rd.cpp:667 VARIABLE add_ln667 LOOP loop_AXIMMvideo2Bytes_2planes BUNDLEDNAME {} DSP 0 BRAM 0 URAM 0 STORAGESUBTYPE {} DISPNAME {bind_op add} VISIBLE true} {BINDTYPE op ID {} IMPL auto LATENCY 0 OPTYPE seteq PRAGMA {} RTLNAME empty_161_fu_963_p2 SOURCE {} VARIABLE empty_161 LOOP loop_AXIMMvideo2Bytes_2planes BUNDLEDNAME {} DSP 0 BRAM 0 URAM 0 STORAGESUBTYPE {} DISPNAME {bind_op seteq} VISIBLE false} {BINDTYPE op ID {} IMPL auto LATENCY 0 OPTYPE or PRAGMA {} RTLNAME empty_162_fu_968_p2 SOURCE prj/sol/.autopilot/db/v_frmbuf_rd.cpp:668 VARIABLE empty_162 LOOP loop_AXIMMvideo2Bytes_2planes BUNDLEDNAME {} DSP 0 BRAM 0 URAM 0 STORAGESUBTYPE {} DISPNAME {bind_op or} VISIBLE false} {BINDTYPE op ID {} IMPL auto LATENCY 0 OPTYPE seteq PRAGMA {} RTLNAME empty_163_fu_973_p2 SOURCE {} VARIABLE empty_163 LOOP loop_AXIMMvideo2Bytes_2planes BUNDLEDNAME {} DSP 0 BRAM 0 URAM 0 STORAGESUBTYPE {} DISPNAME {bind_op seteq} VISIBLE false} {BINDTYPE op ID {} IMPL auto LATENCY 0 OPTYPE or PRAGMA {} RTLNAME empty_164_fu_978_p2 SOURCE prj/sol/.autopilot/db/v_frmbuf_rd.cpp:668 VARIABLE empty_164 LOOP loop_AXIMMvideo2Bytes_2planes BUNDLEDNAME {} DSP 0 BRAM 0 URAM 0 STORAGESUBTYPE {} DISPNAME {bind_op or} VISIBLE false} {BINDTYPE op ID {} IMPL auto LATENCY 0 OPTYPE seteq PRAGMA {} RTLNAME empty_165_fu_984_p2 SOURCE {} VARIABLE empty_165 LOOP loop_AXIMMvideo2Bytes_2planes BUNDLEDNAME {} DSP 0 BRAM 0 URAM 0 STORAGESUBTYPE {} DISPNAME {bind_op seteq} VISIBLE false} {BINDTYPE op ID {} IMPL auto LATENCY 0 OPTYPE or PRAGMA {} RTLNAME empty_166_fu_989_p2 SOURCE prj/sol/.autopilot/db/v_frmbuf_rd.cpp:668 VARIABLE empty_166 LOOP loop_AXIMMvideo2Bytes_2planes BUNDLEDNAME {} DSP 0 BRAM 0 URAM 0 STORAGESUBTYPE {} DISPNAME {bind_op or} VISIBLE false} {BINDTYPE op ID {} IMPL auto LATENCY 0 OPTYPE seteq PRAGMA {} RTLNAME empty_167_fu_995_p2 SOURCE {} VARIABLE empty_167 LOOP loop_AXIMMvideo2Bytes_2planes BUNDLEDNAME {} DSP 0 BRAM 0 URAM 0 STORAGESUBTYPE {} DISPNAME {bind_op seteq} VISIBLE false} {BINDTYPE op ID {} IMPL auto LATENCY 0 OPTYPE or PRAGMA {} RTLNAME empty_168_fu_1000_p2 SOURCE prj/sol/.autopilot/db/v_frmbuf_rd.cpp:668 VARIABLE empty_168 LOOP loop_AXIMMvideo2Bytes_2planes BUNDLEDNAME {} DSP 0 BRAM 0 URAM 0 STORAGESUBTYPE {} DISPNAME {bind_op or} VISIBLE false} {BINDTYPE op ID {} IMPL fabric LATENCY 0 OPTYPE add PRAGMA {} RTLNAME add_ln670_fu_1015_p2 SOURCE prj/sol/.autopilot/db/v_frmbuf_rd.cpp:670 VARIABLE add_ln670 LOOP loop_AXIMMvideo2Bytes_2planes BUNDLEDNAME {} DSP 0 BRAM 0 URAM 0 STORAGESUBTYPE {} DISPNAME {bind_op add} VISIBLE true} {BINDTYPE op ID {} IMPL fabric LATENCY 0 OPTYPE add PRAGMA {} RTLNAME offsetUV_1_fu_1042_p2 SOURCE prj/sol/.autopilot/db/v_frmbuf_rd.cpp:680 VARIABLE offsetUV_1 LOOP loop_AXIMMvideo2Bytes_2planes BUNDLEDNAME {} DSP 0 BRAM 0 URAM 0 STORAGESUBTYPE {} DISPNAME {bind_op add} VISIBLE true}} AREA {DSP 0 BRAM 0 URAM 0}} Bytes2MultiPixStream_Pipeline_VITIS_LOOP_1772_29 {BINDINFO {{BINDTYPE op ID {} IMPL auto LATENCY 0 OPTYPE seteq PRAGMA {} RTLNAME icmp_ln1772_fu_125_p2 SOURCE prj/sol/.autopilot/db/v_frmbuf_rd.cpp:1772 VARIABLE icmp_ln1772 LOOP VITIS_LOOP_1772_29 BUNDLEDNAME {} DSP 0 BRAM 0 URAM 0 STORAGESUBTYPE {} DISPNAME {bind_op seteq} VISIBLE false} {BINDTYPE op ID {} IMPL fabric LATENCY 0 OPTYPE add PRAGMA {} RTLNAME x_7_fu_131_p2 SOURCE prj/sol/.autopilot/db/v_frmbuf_rd.cpp:1772 VARIABLE x_7 LOOP VITIS_LOOP_1772_29 BUNDLEDNAME {} DSP 0 BRAM 0 URAM 0 STORAGESUBTYPE {} DISPNAME {bind_op add} VISIBLE true} {BINDTYPE op ID {} IMPL auto LATENCY 0 OPTYPE setlt PRAGMA {} RTLNAME icmp_ln1789_fu_141_p2 SOURCE prj/sol/.autopilot/db/v_frmbuf_rd.cpp:1789 VARIABLE icmp_ln1789 LOOP VITIS_LOOP_1772_29 BUNDLEDNAME {} DSP 0 BRAM 0 URAM 0 STORAGESUBTYPE {} DISPNAME {bind_op setlt} VISIBLE false} {BINDTYPE op ID {} IMPL auto LATENCY 0 OPTYPE or PRAGMA {} RTLNAME or_ln1789_fu_147_p2 SOURCE prj/sol/.autopilot/db/v_frmbuf_rd.cpp:1789 VARIABLE or_ln1789 LOOP VITIS_LOOP_1772_29 BUNDLEDNAME {} DSP 0 BRAM 0 URAM 0 STORAGESUBTYPE {} DISPNAME {bind_op or} VISIBLE false}} AREA {DSP 0 BRAM 0 URAM 0}} Bytes2MultiPixStream_Pipeline_VITIS_LOOP_1532_26 {BINDINFO {{BINDTYPE op ID {} IMPL auto LATENCY 0 OPTYPE seteq PRAGMA {} RTLNAME icmp_ln1532_fu_169_p2 SOURCE prj/sol/.autopilot/db/v_frmbuf_rd.cpp:1532 VARIABLE icmp_ln1532 LOOP VITIS_LOOP_1532_26 BUNDLEDNAME {} DSP 0 BRAM 0 URAM 0 STORAGESUBTYPE {} DISPNAME {bind_op seteq} VISIBLE false} {BINDTYPE op ID {} IMPL fabric LATENCY 0 OPTYPE add PRAGMA {} RTLNAME x_9_fu_175_p2 SOURCE prj/sol/.autopilot/db/v_frmbuf_rd.cpp:1532 VARIABLE x_9 LOOP VITIS_LOOP_1532_26 BUNDLEDNAME {} DSP 0 BRAM 0 URAM 0 STORAGESUBTYPE {} DISPNAME {bind_op add} VISIBLE true} {BINDTYPE op ID {} IMPL auto LATENCY 0 OPTYPE setlt PRAGMA {} RTLNAME icmp_ln1548_fu_185_p2 SOURCE prj/sol/.autopilot/db/v_frmbuf_rd.cpp:1548 VARIABLE icmp_ln1548 LOOP VITIS_LOOP_1532_26 BUNDLEDNAME {} DSP 0 BRAM 0 URAM 0 STORAGESUBTYPE {} DISPNAME {bind_op setlt} VISIBLE false} {BINDTYPE op ID {} IMPL auto LATENCY 0 OPTYPE or PRAGMA {} RTLNAME or_ln1548_fu_191_p2 SOURCE prj/sol/.autopilot/db/v_frmbuf_rd.cpp:1548 VARIABLE or_ln1548 LOOP VITIS_LOOP_1532_26 BUNDLEDNAME {} DSP 0 BRAM 0 URAM 0 STORAGESUBTYPE {} DISPNAME {bind_op or} VISIBLE false} {BINDTYPE op ID {} IMPL auto LATENCY 0 OPTYPE or PRAGMA {} RTLNAME or_ln1548_1_fu_197_p2 SOURCE prj/sol/.autopilot/db/v_frmbuf_rd.cpp:1548 VARIABLE or_ln1548_1 LOOP VITIS_LOOP_1532_26 BUNDLEDNAME {} DSP 0 BRAM 0 URAM 0 STORAGESUBTYPE {} DISPNAME {bind_op or} VISIBLE false} {BINDTYPE op ID {} IMPL auto LATENCY 0 OPTYPE or PRAGMA {} RTLNAME or_ln1548_2_fu_203_p2 SOURCE prj/sol/.autopilot/db/v_frmbuf_rd.cpp:1548 VARIABLE or_ln1548_2 LOOP VITIS_LOOP_1532_26 BUNDLEDNAME {} DSP 0 BRAM 0 URAM 0 STORAGESUBTYPE {} DISPNAME {bind_op or} VISIBLE false} {BINDTYPE op ID {} IMPL auto LATENCY 0 OPTYPE or PRAGMA {} RTLNAME or_ln1548_3_fu_209_p2 SOURCE prj/sol/.autopilot/db/v_frmbuf_rd.cpp:1548 VARIABLE or_ln1548_3 LOOP VITIS_LOOP_1532_26 BUNDLEDNAME {} DSP 0 BRAM 0 URAM 0 STORAGESUBTYPE {} DISPNAME {bind_op or} VISIBLE false} {BINDTYPE op ID {} IMPL auto LATENCY 0 OPTYPE or PRAGMA {} RTLNAME or_ln1548_4_fu_215_p2 SOURCE prj/sol/.autopilot/db/v_frmbuf_rd.cpp:1548 VARIABLE or_ln1548_4 LOOP VITIS_LOOP_1532_26 BUNDLEDNAME {} DSP 0 BRAM 0 URAM 0 STORAGESUBTYPE {} DISPNAME {bind_op or} VISIBLE false} {BINDTYPE op ID {} IMPL auto LATENCY 0 OPTYPE or PRAGMA {} RTLNAME or_ln1548_5_fu_221_p2 SOURCE prj/sol/.autopilot/db/v_frmbuf_rd.cpp:1548 VARIABLE or_ln1548_5 LOOP VITIS_LOOP_1532_26 BUNDLEDNAME {} DSP 0 BRAM 0 URAM 0 STORAGESUBTYPE {} DISPNAME {bind_op or} VISIBLE false} {BINDTYPE op ID {} IMPL auto LATENCY 0 OPTYPE or PRAGMA {} RTLNAME or_ln1548_6_fu_227_p2 SOURCE prj/sol/.autopilot/db/v_frmbuf_rd.cpp:1548 VARIABLE or_ln1548_6 LOOP VITIS_LOOP_1532_26 BUNDLEDNAME {} DSP 0 BRAM 0 URAM 0 STORAGESUBTYPE {} DISPNAME {bind_op or} VISIBLE false}} AREA {DSP 0 BRAM 0 URAM 0}} Bytes2MultiPixStream_Pipeline_VITIS_LOOP_1450_23 {BINDINFO {{BINDTYPE op ID {} IMPL auto LATENCY 0 OPTYPE seteq PRAGMA {} RTLNAME icmp_ln1450_fu_109_p2 SOURCE prj/sol/.autopilot/db/v_frmbuf_rd.cpp:1450 VARIABLE icmp_ln1450 LOOP VITIS_LOOP_1450_23 BUNDLEDNAME {} DSP 0 BRAM 0 URAM 0 STORAGESUBTYPE {} DISPNAME {bind_op seteq} VISIBLE false} {BINDTYPE op ID {} IMPL fabric LATENCY 0 OPTYPE add PRAGMA {} RTLNAME x_10_fu_115_p2 SOURCE prj/sol/.autopilot/db/v_frmbuf_rd.cpp:1450 VARIABLE x_10 LOOP VITIS_LOOP_1450_23 BUNDLEDNAME {} DSP 0 BRAM 0 URAM 0 STORAGESUBTYPE {} DISPNAME {bind_op add} VISIBLE true} {BINDTYPE op ID {} IMPL auto LATENCY 0 OPTYPE setlt PRAGMA {} RTLNAME icmp_ln1467_fu_125_p2 SOURCE prj/sol/.autopilot/db/v_frmbuf_rd.cpp:1467 VARIABLE icmp_ln1467 LOOP VITIS_LOOP_1450_23 BUNDLEDNAME {} DSP 0 BRAM 0 URAM 0 STORAGESUBTYPE {} DISPNAME {bind_op setlt} VISIBLE false} {BINDTYPE op ID {} IMPL auto LATENCY 0 OPTYPE or PRAGMA {} RTLNAME or_ln1467_fu_131_p2 SOURCE prj/sol/.autopilot/db/v_frmbuf_rd.cpp:1467 VARIABLE or_ln1467 LOOP VITIS_LOOP_1450_23 BUNDLEDNAME {} DSP 0 BRAM 0 URAM 0 STORAGESUBTYPE {} DISPNAME {bind_op or} VISIBLE false}} AREA {DSP 0 BRAM 0 URAM 0}} Bytes2MultiPixStream_Pipeline_VITIS_LOOP_1398_20 {BINDINFO {{BINDTYPE op ID {} IMPL auto LATENCY 0 OPTYPE setlt PRAGMA {} RTLNAME icmp_ln1398_fu_215_p2 SOURCE prj/sol/.autopilot/db/v_frmbuf_rd.cpp:1398 VARIABLE icmp_ln1398 LOOP VITIS_LOOP_1398_20 BUNDLEDNAME {} DSP 0 BRAM 0 URAM 0 STORAGESUBTYPE {} DISPNAME {bind_op setlt} VISIBLE false} {BINDTYPE op ID {} IMPL fabric LATENCY 0 OPTYPE add PRAGMA {} RTLNAME x_11_fu_221_p2 SOURCE prj/sol/.autopilot/db/v_frmbuf_rd.cpp:1398 VARIABLE x_11 LOOP VITIS_LOOP_1398_20 BUNDLEDNAME {} DSP 0 BRAM 0 URAM 0 STORAGESUBTYPE {} DISPNAME {bind_op add} VISIBLE true} {BINDTYPE op ID {} IMPL auto LATENCY 0 OPTYPE setlt PRAGMA {} RTLNAME icmp_ln1405_1_fu_227_p2 SOURCE prj/sol/.autopilot/db/v_frmbuf_rd.cpp:1405 VARIABLE icmp_ln1405_1 LOOP VITIS_LOOP_1398_20 BUNDLEDNAME {} DSP 0 BRAM 0 URAM 0 STORAGESUBTYPE {} DISPNAME {bind_op setlt} VISIBLE false} {BINDTYPE op ID {} IMPL auto LATENCY 0 OPTYPE or PRAGMA {} RTLNAME or_ln1405_fu_233_p2 SOURCE prj/sol/.autopilot/db/v_frmbuf_rd.cpp:1405 VARIABLE or_ln1405 LOOP VITIS_LOOP_1398_20 BUNDLEDNAME {} DSP 0 BRAM 0 URAM 0 STORAGESUBTYPE {} DISPNAME {bind_op or} VISIBLE false} {BINDTYPE op ID {} IMPL auto LATENCY 0 OPTYPE or PRAGMA {} RTLNAME or_ln1408_fu_239_p2 SOURCE prj/sol/.autopilot/db/v_frmbuf_rd.cpp:1408 VARIABLE or_ln1408 LOOP VITIS_LOOP_1398_20 BUNDLEDNAME {} DSP 0 BRAM 0 URAM 0 STORAGESUBTYPE {} DISPNAME {bind_op or} VISIBLE false} {BINDTYPE op ID {} IMPL auto LATENCY 0 OPTYPE or PRAGMA {} RTLNAME or_ln1426_fu_245_p2 SOURCE prj/sol/.autopilot/db/v_frmbuf_rd.cpp:1426 VARIABLE or_ln1426 LOOP VITIS_LOOP_1398_20 BUNDLEDNAME {} DSP 0 BRAM 0 URAM 0 STORAGESUBTYPE {} DISPNAME {bind_op or} VISIBLE false} {BINDTYPE op ID {} IMPL auto LATENCY 0 OPTYPE or PRAGMA {} RTLNAME or_ln1426_1_fu_251_p2 SOURCE prj/sol/.autopilot/db/v_frmbuf_rd.cpp:1426 VARIABLE or_ln1426_1 LOOP VITIS_LOOP_1398_20 BUNDLEDNAME {} DSP 0 BRAM 0 URAM 0 STORAGESUBTYPE {} DISPNAME {bind_op or} VISIBLE false} {BINDTYPE op ID {} IMPL auto LATENCY 0 OPTYPE or PRAGMA {} RTLNAME or_ln1426_2_fu_257_p2 SOURCE prj/sol/.autopilot/db/v_frmbuf_rd.cpp:1426 VARIABLE or_ln1426_2 LOOP VITIS_LOOP_1398_20 BUNDLEDNAME {} DSP 0 BRAM 0 URAM 0 STORAGESUBTYPE {} DISPNAME {bind_op or} VISIBLE false} {BINDTYPE op ID {} IMPL auto LATENCY 0 OPTYPE or PRAGMA {} RTLNAME or_ln1426_3_fu_263_p2 SOURCE prj/sol/.autopilot/db/v_frmbuf_rd.cpp:1426 VARIABLE or_ln1426_3 LOOP VITIS_LOOP_1398_20 BUNDLEDNAME {} DSP 0 BRAM 0 URAM 0 STORAGESUBTYPE {} DISPNAME {bind_op or} VISIBLE false} {BINDTYPE op ID {} IMPL auto LATENCY 0 OPTYPE or PRAGMA {} RTLNAME or_ln1426_4_fu_269_p2 SOURCE prj/sol/.autopilot/db/v_frmbuf_rd.cpp:1426 VARIABLE or_ln1426_4 LOOP VITIS_LOOP_1398_20 BUNDLEDNAME {} DSP 0 BRAM 0 URAM 0 STORAGESUBTYPE {} DISPNAME {bind_op or} VISIBLE false} {BINDTYPE op ID {} IMPL auto LATENCY 0 OPTYPE or PRAGMA {} RTLNAME or_ln1426_5_fu_275_p2 SOURCE prj/sol/.autopilot/db/v_frmbuf_rd.cpp:1426 VARIABLE or_ln1426_5 LOOP VITIS_LOOP_1398_20 BUNDLEDNAME {} DSP 0 BRAM 0 URAM 0 STORAGESUBTYPE {} DISPNAME {bind_op or} VISIBLE false} {BINDTYPE op ID {} IMPL auto LATENCY 0 OPTYPE or PRAGMA {} RTLNAME or_ln1426_6_fu_281_p2 SOURCE prj/sol/.autopilot/db/v_frmbuf_rd.cpp:1426 VARIABLE or_ln1426_6 LOOP VITIS_LOOP_1398_20 BUNDLEDNAME {} DSP 0 BRAM 0 URAM 0 STORAGESUBTYPE {} DISPNAME {bind_op or} VISIBLE false}} AREA {DSP 0 BRAM 0 URAM 0}} Bytes2MultiPixStream_Pipeline_VITIS_LOOP_1240_17 {BINDINFO {{BINDTYPE op ID {} IMPL auto LATENCY 0 OPTYPE setlt PRAGMA {} RTLNAME icmp_ln1240_fu_217_p2 SOURCE prj/sol/.autopilot/db/v_frmbuf_rd.cpp:1240 VARIABLE icmp_ln1240 LOOP VITIS_LOOP_1240_17 BUNDLEDNAME {} DSP 0 BRAM 0 URAM 0 STORAGESUBTYPE {} DISPNAME {bind_op setlt} VISIBLE false} {BINDTYPE op ID {} IMPL fabric LATENCY 0 OPTYPE add PRAGMA {} RTLNAME x_12_fu_223_p2 SOURCE prj/sol/.autopilot/db/v_frmbuf_rd.cpp:1240 VARIABLE x_12 LOOP VITIS_LOOP_1240_17 BUNDLEDNAME {} DSP 0 BRAM 0 URAM 0 STORAGESUBTYPE {} DISPNAME {bind_op add} VISIBLE true} {BINDTYPE op ID {} IMPL auto LATENCY 0 OPTYPE setlt PRAGMA {} RTLNAME icmp_ln1247_1_fu_229_p2 SOURCE prj/sol/.autopilot/db/v_frmbuf_rd.cpp:1247 VARIABLE icmp_ln1247_1 LOOP VITIS_LOOP_1240_17 BUNDLEDNAME {} DSP 0 BRAM 0 URAM 0 STORAGESUBTYPE {} DISPNAME {bind_op setlt} VISIBLE false} {BINDTYPE op ID {} IMPL auto LATENCY 0 OPTYPE or PRAGMA {} RTLNAME or_ln1247_fu_235_p2 SOURCE prj/sol/.autopilot/db/v_frmbuf_rd.cpp:1247 VARIABLE or_ln1247 LOOP VITIS_LOOP_1240_17 BUNDLEDNAME {} DSP 0 BRAM 0 URAM 0 STORAGESUBTYPE {} DISPNAME {bind_op or} VISIBLE false} {BINDTYPE op ID {} IMPL auto LATENCY 0 OPTYPE or PRAGMA {} RTLNAME or_ln1250_fu_241_p2 SOURCE prj/sol/.autopilot/db/v_frmbuf_rd.cpp:1250 VARIABLE or_ln1250 LOOP VITIS_LOOP_1240_17 BUNDLEDNAME {} DSP 0 BRAM 0 URAM 0 STORAGESUBTYPE {} DISPNAME {bind_op or} VISIBLE false} {BINDTYPE op ID {} IMPL auto LATENCY 0 OPTYPE or PRAGMA {} RTLNAME or_ln1271_fu_247_p2 SOURCE prj/sol/.autopilot/db/v_frmbuf_rd.cpp:1271 VARIABLE or_ln1271 LOOP VITIS_LOOP_1240_17 BUNDLEDNAME {} DSP 0 BRAM 0 URAM 0 STORAGESUBTYPE {} DISPNAME {bind_op or} VISIBLE false} {BINDTYPE op ID {} IMPL auto LATENCY 0 OPTYPE or PRAGMA {} RTLNAME or_ln1271_1_fu_253_p2 SOURCE prj/sol/.autopilot/db/v_frmbuf_rd.cpp:1271 VARIABLE or_ln1271_1 LOOP VITIS_LOOP_1240_17 BUNDLEDNAME {} DSP 0 BRAM 0 URAM 0 STORAGESUBTYPE {} DISPNAME {bind_op or} VISIBLE false} {BINDTYPE op ID {} IMPL auto LATENCY 0 OPTYPE or PRAGMA {} RTLNAME or_ln1271_2_fu_259_p2 SOURCE prj/sol/.autopilot/db/v_frmbuf_rd.cpp:1271 VARIABLE or_ln1271_2 LOOP VITIS_LOOP_1240_17 BUNDLEDNAME {} DSP 0 BRAM 0 URAM 0 STORAGESUBTYPE {} DISPNAME {bind_op or} VISIBLE false} {BINDTYPE op ID {} IMPL auto LATENCY 0 OPTYPE or PRAGMA {} RTLNAME or_ln1271_3_fu_265_p2 SOURCE prj/sol/.autopilot/db/v_frmbuf_rd.cpp:1271 VARIABLE or_ln1271_3 LOOP VITIS_LOOP_1240_17 BUNDLEDNAME {} DSP 0 BRAM 0 URAM 0 STORAGESUBTYPE {} DISPNAME {bind_op or} VISIBLE false} {BINDTYPE op ID {} IMPL auto LATENCY 0 OPTYPE or PRAGMA {} RTLNAME or_ln1271_4_fu_271_p2 SOURCE prj/sol/.autopilot/db/v_frmbuf_rd.cpp:1271 VARIABLE or_ln1271_4 LOOP VITIS_LOOP_1240_17 BUNDLEDNAME {} DSP 0 BRAM 0 URAM 0 STORAGESUBTYPE {} DISPNAME {bind_op or} VISIBLE false} {BINDTYPE op ID {} IMPL auto LATENCY 0 OPTYPE or PRAGMA {} RTLNAME or_ln1271_5_fu_277_p2 SOURCE prj/sol/.autopilot/db/v_frmbuf_rd.cpp:1271 VARIABLE or_ln1271_5 LOOP VITIS_LOOP_1240_17 BUNDLEDNAME {} DSP 0 BRAM 0 URAM 0 STORAGESUBTYPE {} DISPNAME {bind_op or} VISIBLE false} {BINDTYPE op ID {} IMPL auto LATENCY 0 OPTYPE or PRAGMA {} RTLNAME or_ln1271_6_fu_283_p2 SOURCE prj/sol/.autopilot/db/v_frmbuf_rd.cpp:1271 VARIABLE or_ln1271_6 LOOP VITIS_LOOP_1240_17 BUNDLEDNAME {} DSP 0 BRAM 0 URAM 0 STORAGESUBTYPE {} DISPNAME {bind_op or} VISIBLE false}} AREA {DSP 0 BRAM 0 URAM 0}} Bytes2MultiPixStream_Pipeline_VITIS_LOOP_1197_14 {BINDINFO {{BINDTYPE op ID {} IMPL auto LATENCY 0 OPTYPE seteq PRAGMA {} RTLNAME icmp_ln1197_fu_145_p2 SOURCE prj/sol/.autopilot/db/v_frmbuf_rd.cpp:1197 VARIABLE icmp_ln1197 LOOP VITIS_LOOP_1197_14 BUNDLEDNAME {} DSP 0 BRAM 0 URAM 0 STORAGESUBTYPE {} DISPNAME {bind_op seteq} VISIBLE false} {BINDTYPE op ID {} IMPL fabric LATENCY 0 OPTYPE add PRAGMA {} RTLNAME x_13_fu_151_p2 SOURCE prj/sol/.autopilot/db/v_frmbuf_rd.cpp:1197 VARIABLE x_13 LOOP VITIS_LOOP_1197_14 BUNDLEDNAME {} DSP 0 BRAM 0 URAM 0 STORAGESUBTYPE {} DISPNAME {bind_op add} VISIBLE true} {BINDTYPE op ID {} IMPL auto LATENCY 0 OPTYPE setlt PRAGMA {} RTLNAME icmp_ln1213_fu_161_p2 SOURCE prj/sol/.autopilot/db/v_frmbuf_rd.cpp:1213 VARIABLE icmp_ln1213 LOOP VITIS_LOOP_1197_14 BUNDLEDNAME {} DSP 0 BRAM 0 URAM 0 STORAGESUBTYPE {} DISPNAME {bind_op setlt} VISIBLE false} {BINDTYPE op ID {} IMPL auto LATENCY 0 OPTYPE or PRAGMA {} RTLNAME or_ln1213_fu_167_p2 SOURCE prj/sol/.autopilot/db/v_frmbuf_rd.cpp:1213 VARIABLE or_ln1213 LOOP VITIS_LOOP_1197_14 BUNDLEDNAME {} DSP 0 BRAM 0 URAM 0 STORAGESUBTYPE {} DISPNAME {bind_op or} VISIBLE false} {BINDTYPE op ID {} IMPL auto LATENCY 0 OPTYPE or PRAGMA {} RTLNAME or_ln1213_1_fu_173_p2 SOURCE prj/sol/.autopilot/db/v_frmbuf_rd.cpp:1213 VARIABLE or_ln1213_1 LOOP VITIS_LOOP_1197_14 BUNDLEDNAME {} DSP 0 BRAM 0 URAM 0 STORAGESUBTYPE {} DISPNAME {bind_op or} VISIBLE false} {BINDTYPE op ID {} IMPL auto LATENCY 0 OPTYPE or PRAGMA {} RTLNAME or_ln1213_2_fu_179_p2 SOURCE prj/sol/.autopilot/db/v_frmbuf_rd.cpp:1213 VARIABLE or_ln1213_2 LOOP VITIS_LOOP_1197_14 BUNDLEDNAME {} DSP 0 BRAM 0 URAM 0 STORAGESUBTYPE {} DISPNAME {bind_op or} VISIBLE false}} AREA {DSP 0 BRAM 0 URAM 0}} Bytes2MultiPixStream_Pipeline_VITIS_LOOP_1157_11 {BINDINFO {{BINDTYPE op ID {} IMPL auto LATENCY 0 OPTYPE seteq PRAGMA {} RTLNAME icmp_ln1157_fu_133_p2 SOURCE prj/sol/.autopilot/db/v_frmbuf_rd.cpp:1157 VARIABLE icmp_ln1157 LOOP VITIS_LOOP_1157_11 BUNDLEDNAME {} DSP 0 BRAM 0 URAM 0 STORAGESUBTYPE {} DISPNAME {bind_op seteq} VISIBLE false} {BINDTYPE op ID {} IMPL fabric LATENCY 0 OPTYPE add PRAGMA {} RTLNAME x_14_fu_139_p2 SOURCE prj/sol/.autopilot/db/v_frmbuf_rd.cpp:1157 VARIABLE x_14 LOOP VITIS_LOOP_1157_11 BUNDLEDNAME {} DSP 0 BRAM 0 URAM 0 STORAGESUBTYPE {} DISPNAME {bind_op add} VISIBLE true} {BINDTYPE op ID {} IMPL auto LATENCY 0 OPTYPE setlt PRAGMA {} RTLNAME icmp_ln1173_fu_149_p2 SOURCE prj/sol/.autopilot/db/v_frmbuf_rd.cpp:1173 VARIABLE icmp_ln1173 LOOP VITIS_LOOP_1157_11 BUNDLEDNAME {} DSP 0 BRAM 0 URAM 0 STORAGESUBTYPE {} DISPNAME {bind_op setlt} VISIBLE false} {BINDTYPE op ID {} IMPL auto LATENCY 0 OPTYPE or PRAGMA {} RTLNAME or_ln1173_fu_155_p2 SOURCE prj/sol/.autopilot/db/v_frmbuf_rd.cpp:1173 VARIABLE or_ln1173 LOOP VITIS_LOOP_1157_11 BUNDLEDNAME {} DSP 0 BRAM 0 URAM 0 STORAGESUBTYPE {} DISPNAME {bind_op or} VISIBLE false} {BINDTYPE op ID {} IMPL auto LATENCY 0 OPTYPE or PRAGMA {} RTLNAME or_ln1173_1_fu_161_p2 SOURCE prj/sol/.autopilot/db/v_frmbuf_rd.cpp:1173 VARIABLE or_ln1173_1 LOOP VITIS_LOOP_1157_11 BUNDLEDNAME {} DSP 0 BRAM 0 URAM 0 STORAGESUBTYPE {} DISPNAME {bind_op or} VISIBLE false} {BINDTYPE op ID {} IMPL auto LATENCY 0 OPTYPE or PRAGMA {} RTLNAME or_ln1173_2_fu_167_p2 SOURCE prj/sol/.autopilot/db/v_frmbuf_rd.cpp:1173 VARIABLE or_ln1173_2 LOOP VITIS_LOOP_1157_11 BUNDLEDNAME {} DSP 0 BRAM 0 URAM 0 STORAGESUBTYPE {} DISPNAME {bind_op or} VISIBLE false}} AREA {DSP 0 BRAM 0 URAM 0}} Bytes2MultiPixStream_Pipeline_VITIS_LOOP_954_8 {BINDINFO {{BINDTYPE op ID {} IMPL auto LATENCY 0 OPTYPE seteq PRAGMA {} RTLNAME icmp_ln954_fu_231_p2 SOURCE prj/sol/.autopilot/db/v_frmbuf_rd.cpp:954 VARIABLE icmp_ln954 LOOP VITIS_LOOP_954_8 BUNDLEDNAME {} DSP 0 BRAM 0 URAM 0 STORAGESUBTYPE {} DISPNAME {bind_op seteq} VISIBLE false} {BINDTYPE op ID {} IMPL fabric LATENCY 0 OPTYPE add PRAGMA {} RTLNAME x_2_fu_237_p2 SOURCE prj/sol/.autopilot/db/v_frmbuf_rd.cpp:954 VARIABLE x_2 LOOP VITIS_LOOP_954_8 BUNDLEDNAME {} DSP 0 BRAM 0 URAM 0 STORAGESUBTYPE {} DISPNAME {bind_op add} VISIBLE true} {BINDTYPE op ID {} IMPL auto LATENCY 0 OPTYPE seteq PRAGMA {} RTLNAME icmp_ln962_fu_247_p2 SOURCE prj/sol/.autopilot/db/v_frmbuf_rd.cpp:962 VARIABLE icmp_ln962 LOOP VITIS_LOOP_954_8 BUNDLEDNAME {} DSP 0 BRAM 0 URAM 0 STORAGESUBTYPE {} DISPNAME {bind_op seteq} VISIBLE false} {BINDTYPE op ID {} IMPL auto LATENCY 0 OPTYPE and PRAGMA {} RTLNAME and_ln962_fu_253_p2 SOURCE prj/sol/.autopilot/db/v_frmbuf_rd.cpp:962 VARIABLE and_ln962 LOOP VITIS_LOOP_954_8 BUNDLEDNAME {} DSP 0 BRAM 0 URAM 0 STORAGESUBTYPE {} DISPNAME {bind_op and} VISIBLE false} {BINDTYPE op ID {} IMPL auto LATENCY 0 OPTYPE setlt PRAGMA {} RTLNAME icmp_ln975_fu_259_p2 SOURCE prj/sol/.autopilot/db/v_frmbuf_rd.cpp:975 VARIABLE icmp_ln975 LOOP VITIS_LOOP_954_8 BUNDLEDNAME {} DSP 0 BRAM 0 URAM 0 STORAGESUBTYPE {} DISPNAME {bind_op setlt} VISIBLE false} {BINDTYPE op ID {} IMPL auto LATENCY 0 OPTYPE or PRAGMA {} RTLNAME or_ln975_fu_265_p2 SOURCE prj/sol/.autopilot/db/v_frmbuf_rd.cpp:975 VARIABLE or_ln975 LOOP VITIS_LOOP_954_8 BUNDLEDNAME {} DSP 0 BRAM 0 URAM 0 STORAGESUBTYPE {} DISPNAME {bind_op or} VISIBLE false} {BINDTYPE op ID {} IMPL auto LATENCY 0 OPTYPE or PRAGMA {} RTLNAME or_ln975_1_fu_271_p2 SOURCE prj/sol/.autopilot/db/v_frmbuf_rd.cpp:975 VARIABLE or_ln975_1 LOOP VITIS_LOOP_954_8 BUNDLEDNAME {} DSP 0 BRAM 0 URAM 0 STORAGESUBTYPE {} DISPNAME {bind_op or} VISIBLE false} {BINDTYPE op ID {} IMPL auto LATENCY 0 OPTYPE or PRAGMA {} RTLNAME or_ln975_2_fu_277_p2 SOURCE prj/sol/.autopilot/db/v_frmbuf_rd.cpp:975 VARIABLE or_ln975_2 LOOP VITIS_LOOP_954_8 BUNDLEDNAME {} DSP 0 BRAM 0 URAM 0 STORAGESUBTYPE {} DISPNAME {bind_op or} VISIBLE false} {BINDTYPE op ID {} IMPL auto LATENCY 0 OPTYPE or PRAGMA {} RTLNAME or_ln975_3_fu_283_p2 SOURCE prj/sol/.autopilot/db/v_frmbuf_rd.cpp:975 VARIABLE or_ln975_3 LOOP VITIS_LOOP_954_8 BUNDLEDNAME {} DSP 0 BRAM 0 URAM 0 STORAGESUBTYPE {} DISPNAME {bind_op or} VISIBLE false} {BINDTYPE op ID {} IMPL auto LATENCY 0 OPTYPE or PRAGMA {} RTLNAME or_ln975_4_fu_289_p2 SOURCE prj/sol/.autopilot/db/v_frmbuf_rd.cpp:975 VARIABLE or_ln975_4 LOOP VITIS_LOOP_954_8 BUNDLEDNAME {} DSP 0 BRAM 0 URAM 0 STORAGESUBTYPE {} DISPNAME {bind_op or} VISIBLE false} {BINDTYPE op ID {} IMPL auto LATENCY 0 OPTYPE or PRAGMA {} RTLNAME or_ln975_5_fu_295_p2 SOURCE prj/sol/.autopilot/db/v_frmbuf_rd.cpp:975 VARIABLE or_ln975_5 LOOP VITIS_LOOP_954_8 BUNDLEDNAME {} DSP 0 BRAM 0 URAM 0 STORAGESUBTYPE {} DISPNAME {bind_op or} VISIBLE false} {BINDTYPE op ID {} IMPL auto LATENCY 0 OPTYPE or PRAGMA {} RTLNAME or_ln975_6_fu_301_p2 SOURCE prj/sol/.autopilot/db/v_frmbuf_rd.cpp:975 VARIABLE or_ln975_6 LOOP VITIS_LOOP_954_8 BUNDLEDNAME {} DSP 0 BRAM 0 URAM 0 STORAGESUBTYPE {} DISPNAME {bind_op or} VISIBLE false}} AREA {DSP 0 BRAM 0 URAM 0}} Bytes2MultiPixStream_Pipeline_VITIS_LOOP_862_5 {BINDINFO {{BINDTYPE op ID {} IMPL auto LATENCY 0 OPTYPE seteq PRAGMA {} RTLNAME icmp_ln862_fu_215_p2 SOURCE prj/sol/.autopilot/db/v_frmbuf_rd.cpp:862 VARIABLE icmp_ln862 LOOP VITIS_LOOP_862_5 BUNDLEDNAME {} DSP 0 BRAM 0 URAM 0 STORAGESUBTYPE {} DISPNAME {bind_op seteq} VISIBLE false} {BINDTYPE op ID {} IMPL fabric LATENCY 0 OPTYPE add PRAGMA {} RTLNAME x_3_fu_221_p2 SOURCE prj/sol/.autopilot/db/v_frmbuf_rd.cpp:862 VARIABLE x_3 LOOP VITIS_LOOP_862_5 BUNDLEDNAME {} DSP 0 BRAM 0 URAM 0 STORAGESUBTYPE {} DISPNAME {bind_op add} VISIBLE true} {BINDTYPE op ID {} IMPL auto LATENCY 0 OPTYPE or PRAGMA {} RTLNAME or_ln866_fu_235_p2 SOURCE prj/sol/.autopilot/db/v_frmbuf_rd.cpp:866 VARIABLE or_ln866 LOOP VITIS_LOOP_862_5 BUNDLEDNAME {} DSP 0 BRAM 0 URAM 0 STORAGESUBTYPE {} DISPNAME {bind_op or} VISIBLE false} {BINDTYPE op ID {} IMPL auto_sel LATENCY 0 OPTYPE select PRAGMA {} RTLNAME pixU_fu_306_p3 SOURCE prj/sol/.autopilot/db/v_frmbuf_rd.cpp:871 VARIABLE pixU LOOP VITIS_LOOP_862_5 BUNDLEDNAME {} DSP 0 BRAM 0 URAM 0 STORAGESUBTYPE {} DISPNAME {bind_op select} VISIBLE false} {BINDTYPE op ID {} IMPL auto_sel LATENCY 0 OPTYPE select PRAGMA {} RTLNAME pixV_fu_313_p3 SOURCE prj/sol/.autopilot/db/v_frmbuf_rd.cpp:871 VARIABLE pixV LOOP VITIS_LOOP_862_5 BUNDLEDNAME {} DSP 0 BRAM 0 URAM 0 STORAGESUBTYPE {} DISPNAME {bind_op select} VISIBLE false} {BINDTYPE op ID {} IMPL auto LATENCY 0 OPTYPE setlt PRAGMA {} RTLNAME icmp_ln928_fu_241_p2 SOURCE prj/sol/.autopilot/db/v_frmbuf_rd.cpp:928 VARIABLE icmp_ln928 LOOP VITIS_LOOP_862_5 BUNDLEDNAME {} DSP 0 BRAM 0 URAM 0 STORAGESUBTYPE {} DISPNAME {bind_op setlt} VISIBLE false} {BINDTYPE op ID {} IMPL auto LATENCY 0 OPTYPE partselect PRAGMA {} RTLNAME partselect_8ns_64ns_6ns_8_1_1_U119 SOURCE prj/sol/.autopilot/db/v_frmbuf_rd.cpp:891 VARIABLE tmp_s LOOP VITIS_LOOP_862_5 BUNDLEDNAME {} DSP 0 BRAM 0 URAM 0 STORAGESUBTYPE {} DISPNAME {bind_op partselect} VISIBLE false} {BINDTYPE op ID {} IMPL auto LATENCY 0 OPTYPE partselect PRAGMA {} RTLNAME partselect_8ns_64ns_6ns_8_1_1_U120 SOURCE prj/sol/.autopilot/db/v_frmbuf_rd.cpp:895 VARIABLE tmp_24 LOOP VITIS_LOOP_862_5 BUNDLEDNAME {} DSP 0 BRAM 0 URAM 0 STORAGESUBTYPE {} DISPNAME {bind_op partselect} VISIBLE false} {BINDTYPE op ID {} IMPL auto LATENCY 0 OPTYPE or PRAGMA {} RTLNAME or_ln928_fu_247_p2 SOURCE prj/sol/.autopilot/db/v_frmbuf_rd.cpp:928 VARIABLE or_ln928 LOOP VITIS_LOOP_862_5 BUNDLEDNAME {} DSP 0 BRAM 0 URAM 0 STORAGESUBTYPE {} DISPNAME {bind_op or} VISIBLE false} {BINDTYPE op ID {} IMPL auto LATENCY 0 OPTYPE partselect PRAGMA {} RTLNAME partselect_8ns_64ns_6ns_8_1_1_U121 SOURCE prj/sol/.autopilot/db/v_frmbuf_rd.cpp:891 VARIABLE tmp_27 LOOP VITIS_LOOP_862_5 BUNDLEDNAME {} DSP 0 BRAM 0 URAM 0 STORAGESUBTYPE {} DISPNAME {bind_op partselect} VISIBLE false} {BINDTYPE op ID {} IMPL auto LATENCY 0 OPTYPE or PRAGMA {} RTLNAME or_ln928_1_fu_253_p2 SOURCE prj/sol/.autopilot/db/v_frmbuf_rd.cpp:928 VARIABLE or_ln928_1 LOOP VITIS_LOOP_862_5 BUNDLEDNAME {} DSP 0 BRAM 0 URAM 0 STORAGESUBTYPE {} DISPNAME {bind_op or} VISIBLE false} {BINDTYPE op ID {} IMPL auto LATENCY 0 OPTYPE partselect PRAGMA {} RTLNAME partselect_8ns_64ns_6ns_8_1_1_U122 SOURCE prj/sol/.autopilot/db/v_frmbuf_rd.cpp:895 VARIABLE tmp_30 LOOP VITIS_LOOP_862_5 BUNDLEDNAME {} DSP 0 BRAM 0 URAM 0 STORAGESUBTYPE {} DISPNAME {bind_op partselect} VISIBLE false} {BINDTYPE op ID {} IMPL auto LATENCY 0 OPTYPE or PRAGMA {} RTLNAME or_ln928_2_fu_259_p2 SOURCE prj/sol/.autopilot/db/v_frmbuf_rd.cpp:928 VARIABLE or_ln928_2 LOOP VITIS_LOOP_862_5 BUNDLEDNAME {} DSP 0 BRAM 0 URAM 0 STORAGESUBTYPE {} DISPNAME {bind_op or} VISIBLE false} {BINDTYPE op ID {} IMPL auto LATENCY 0 OPTYPE partselect PRAGMA {} RTLNAME partselect_8ns_64ns_6ns_8_1_1_U123 SOURCE prj/sol/.autopilot/db/v_frmbuf_rd.cpp:891 VARIABLE tmp_33 LOOP VITIS_LOOP_862_5 BUNDLEDNAME {} DSP 0 BRAM 0 URAM 0 STORAGESUBTYPE {} DISPNAME {bind_op partselect} VISIBLE false} {BINDTYPE op ID {} IMPL auto LATENCY 0 OPTYPE or PRAGMA {} RTLNAME or_ln928_3_fu_265_p2 SOURCE prj/sol/.autopilot/db/v_frmbuf_rd.cpp:928 VARIABLE or_ln928_3 LOOP VITIS_LOOP_862_5 BUNDLEDNAME {} DSP 0 BRAM 0 URAM 0 STORAGESUBTYPE {} DISPNAME {bind_op or} VISIBLE false} {BINDTYPE op ID {} IMPL auto LATENCY 0 OPTYPE partselect PRAGMA {} RTLNAME partselect_8ns_64ns_6ns_8_1_1_U124 SOURCE prj/sol/.autopilot/db/v_frmbuf_rd.cpp:895 VARIABLE tmp_36 LOOP VITIS_LOOP_862_5 BUNDLEDNAME {} DSP 0 BRAM 0 URAM 0 STORAGESUBTYPE {} DISPNAME {bind_op partselect} VISIBLE false} {BINDTYPE op ID {} IMPL auto LATENCY 0 OPTYPE or PRAGMA {} RTLNAME or_ln928_4_fu_271_p2 SOURCE prj/sol/.autopilot/db/v_frmbuf_rd.cpp:928 VARIABLE or_ln928_4 LOOP VITIS_LOOP_862_5 BUNDLEDNAME {} DSP 0 BRAM 0 URAM 0 STORAGESUBTYPE {} DISPNAME {bind_op or} VISIBLE false} {BINDTYPE op ID {} IMPL auto LATENCY 0 OPTYPE partselect PRAGMA {} RTLNAME partselect_8ns_64ns_6ns_8_1_1_U125 SOURCE prj/sol/.autopilot/db/v_frmbuf_rd.cpp:891 VARIABLE tmp_39 LOOP VITIS_LOOP_862_5 BUNDLEDNAME {} DSP 0 BRAM 0 URAM 0 STORAGESUBTYPE {} DISPNAME {bind_op partselect} VISIBLE false} {BINDTYPE op ID {} IMPL auto LATENCY 0 OPTYPE or PRAGMA {} RTLNAME or_ln928_5_fu_277_p2 SOURCE prj/sol/.autopilot/db/v_frmbuf_rd.cpp:928 VARIABLE or_ln928_5 LOOP VITIS_LOOP_862_5 BUNDLEDNAME {} DSP 0 BRAM 0 URAM 0 STORAGESUBTYPE {} DISPNAME {bind_op or} VISIBLE false} {BINDTYPE op ID {} IMPL auto LATENCY 0 OPTYPE partselect PRAGMA {} RTLNAME partselect_8ns_64ns_6ns_8_1_1_U126 SOURCE prj/sol/.autopilot/db/v_frmbuf_rd.cpp:895 VARIABLE tmp_42 LOOP VITIS_LOOP_862_5 BUNDLEDNAME {} DSP 0 BRAM 0 URAM 0 STORAGESUBTYPE {} DISPNAME {bind_op partselect} VISIBLE false} {BINDTYPE op ID {} IMPL auto LATENCY 0 OPTYPE or PRAGMA {} RTLNAME or_ln928_6_fu_283_p2 SOURCE prj/sol/.autopilot/db/v_frmbuf_rd.cpp:928 VARIABLE or_ln928_6 LOOP VITIS_LOOP_862_5 BUNDLEDNAME {} DSP 0 BRAM 0 URAM 0 STORAGESUBTYPE {} DISPNAME {bind_op or} VISIBLE false}} AREA {DSP 0 BRAM 0 URAM 0}} Bytes2MultiPixStream_Pipeline_VITIS_LOOP_755_1 {BINDINFO {{BINDTYPE op ID {} IMPL auto LATENCY 0 OPTYPE seteq PRAGMA {} RTLNAME icmp_ln755_fu_199_p2 SOURCE prj/sol/.autopilot/db/v_frmbuf_rd.cpp:755 VARIABLE icmp_ln755 LOOP VITIS_LOOP_755_1 BUNDLEDNAME {} DSP 0 BRAM 0 URAM 0 STORAGESUBTYPE {} DISPNAME {bind_op seteq} VISIBLE false} {BINDTYPE op ID {} IMPL fabric LATENCY 0 OPTYPE add PRAGMA {} RTLNAME x_5_fu_205_p2 SOURCE prj/sol/.autopilot/db/v_frmbuf_rd.cpp:755 VARIABLE x_5 LOOP VITIS_LOOP_755_1 BUNDLEDNAME {} DSP 0 BRAM 0 URAM 0 STORAGESUBTYPE {} DISPNAME {bind_op add} VISIBLE true} {BINDTYPE op ID {} IMPL auto LATENCY 0 OPTYPE setlt PRAGMA {} RTLNAME icmp_ln773_fu_215_p2 SOURCE prj/sol/.autopilot/db/v_frmbuf_rd.cpp:773 VARIABLE icmp_ln773 LOOP VITIS_LOOP_755_1 BUNDLEDNAME {} DSP 0 BRAM 0 URAM 0 STORAGESUBTYPE {} DISPNAME {bind_op setlt} VISIBLE false} {BINDTYPE op ID {} IMPL auto LATENCY 0 OPTYPE or PRAGMA {} RTLNAME or_ln773_fu_221_p2 SOURCE prj/sol/.autopilot/db/v_frmbuf_rd.cpp:773 VARIABLE or_ln773 LOOP VITIS_LOOP_755_1 BUNDLEDNAME {} DSP 0 BRAM 0 URAM 0 STORAGESUBTYPE {} DISPNAME {bind_op or} VISIBLE false} {BINDTYPE op ID {} IMPL auto LATENCY 0 OPTYPE or PRAGMA {} RTLNAME or_ln773_1_fu_227_p2 SOURCE prj/sol/.autopilot/db/v_frmbuf_rd.cpp:773 VARIABLE or_ln773_1 LOOP VITIS_LOOP_755_1 BUNDLEDNAME {} DSP 0 BRAM 0 URAM 0 STORAGESUBTYPE {} DISPNAME {bind_op or} VISIBLE false} {BINDTYPE op ID {} IMPL auto LATENCY 0 OPTYPE or PRAGMA {} RTLNAME or_ln773_2_fu_233_p2 SOURCE prj/sol/.autopilot/db/v_frmbuf_rd.cpp:773 VARIABLE or_ln773_2 LOOP VITIS_LOOP_755_1 BUNDLEDNAME {} DSP 0 BRAM 0 URAM 0 STORAGESUBTYPE {} DISPNAME {bind_op or} VISIBLE false} {BINDTYPE op ID {} IMPL auto LATENCY 0 OPTYPE or PRAGMA {} RTLNAME or_ln773_3_fu_239_p2 SOURCE prj/sol/.autopilot/db/v_frmbuf_rd.cpp:773 VARIABLE or_ln773_3 LOOP VITIS_LOOP_755_1 BUNDLEDNAME {} DSP 0 BRAM 0 URAM 0 STORAGESUBTYPE {} DISPNAME {bind_op or} VISIBLE false} {BINDTYPE op ID {} IMPL auto LATENCY 0 OPTYPE or PRAGMA {} RTLNAME or_ln773_4_fu_245_p2 SOURCE prj/sol/.autopilot/db/v_frmbuf_rd.cpp:773 VARIABLE or_ln773_4 LOOP VITIS_LOOP_755_1 BUNDLEDNAME {} DSP 0 BRAM 0 URAM 0 STORAGESUBTYPE {} DISPNAME {bind_op or} VISIBLE false} {BINDTYPE op ID {} IMPL auto LATENCY 0 OPTYPE or PRAGMA {} RTLNAME or_ln773_5_fu_251_p2 SOURCE prj/sol/.autopilot/db/v_frmbuf_rd.cpp:773 VARIABLE or_ln773_5 LOOP VITIS_LOOP_755_1 BUNDLEDNAME {} DSP 0 BRAM 0 URAM 0 STORAGESUBTYPE {} DISPNAME {bind_op or} VISIBLE false} {BINDTYPE op ID {} IMPL auto LATENCY 0 OPTYPE or PRAGMA {} RTLNAME or_ln773_6_fu_257_p2 SOURCE prj/sol/.autopilot/db/v_frmbuf_rd.cpp:773 VARIABLE or_ln773_6 LOOP VITIS_LOOP_755_1 BUNDLEDNAME {} DSP 0 BRAM 0 URAM 0 STORAGESUBTYPE {} DISPNAME {bind_op or} VISIBLE false}} AREA {DSP 0 BRAM 0 URAM 0}} Bytes2MultiPixStream {BINDINFO {{BINDTYPE op ID {} IMPL fabric LATENCY 0 OPTYPE add PRAGMA {} RTLNAME grp_fu_471_p2 SOURCE prj/sol/.autopilot/db/v_frmbuf_rd.cpp:1759 VARIABLE add_ln1759 LOOP {} BUNDLEDNAME {} DSP 0 BRAM 0 URAM 0 STORAGESUBTYPE {} DISPNAME {bind_op add} VISIBLE true} {BINDTYPE op ID {} IMPL auto LATENCY 0 OPTYPE xor PRAGMA {} RTLNAME grp_fu_495_p2 SOURCE prj/sol/.autopilot/db/v_frmbuf_rd.cpp:1762 VARIABLE xor_ln1762 LOOP {} BUNDLEDNAME {} DSP 0 BRAM 0 URAM 0 STORAGESUBTYPE {} DISPNAME {bind_op xor} VISIBLE false} {BINDTYPE op ID {} IMPL fabric LATENCY 0 OPTYPE add PRAGMA {} RTLNAME add_ln1789_fu_624_p2 SOURCE prj/sol/.autopilot/db/v_frmbuf_rd.cpp:1789 VARIABLE add_ln1789 LOOP {} BUNDLEDNAME {} DSP 0 BRAM 0 URAM 0 STORAGESUBTYPE {} DISPNAME {bind_op add} VISIBLE true} {BINDTYPE op ID {} IMPL auto LATENCY 0 OPTYPE seteq PRAGMA {} RTLNAME icmp_ln1765_fu_1141_p2 SOURCE prj/sol/.autopilot/db/v_frmbuf_rd.cpp:1765 VARIABLE icmp_ln1765 LOOP loop_BGRX8 BUNDLEDNAME {} DSP 0 BRAM 0 URAM 0 STORAGESUBTYPE {} DISPNAME {bind_op seteq} VISIBLE false} {BINDTYPE op ID {} IMPL fabric LATENCY 0 OPTYPE add PRAGMA {} RTLNAME y_29_fu_1146_p2 SOURCE prj/sol/.autopilot/db/v_frmbuf_rd.cpp:1765 VARIABLE y_29 LOOP loop_BGRX8 BUNDLEDNAME {} DSP 0 BRAM 0 URAM 0 STORAGESUBTYPE {} DISPNAME {bind_op add} VISIBLE true} {BINDTYPE op ID {} IMPL fabric LATENCY 0 OPTYPE add PRAGMA {} RTLNAME grp_fu_471_p2 SOURCE prj/sol/.autopilot/db/v_frmbuf_rd.cpp:1519 VARIABLE add_ln1519 LOOP {} BUNDLEDNAME {} DSP 0 BRAM 0 URAM 0 STORAGESUBTYPE {} DISPNAME {bind_op add} VISIBLE true} {BINDTYPE op ID {} IMPL auto LATENCY 0 OPTYPE seteq PRAGMA {} RTLNAME icmp_ln1522_fu_647_p2 SOURCE prj/sol/.autopilot/db/v_frmbuf_rd.cpp:1522 VARIABLE icmp_ln1522 LOOP {} BUNDLEDNAME {} DSP 0 BRAM 0 URAM 0 STORAGESUBTYPE {} DISPNAME {bind_op seteq} VISIBLE false} {BINDTYPE op ID {} IMPL auto_sel LATENCY 0 OPTYPE select PRAGMA {} RTLNAME remainPix_15_fu_653_p3 SOURCE prj/sol/.autopilot/db/v_frmbuf_rd.cpp:1522 VARIABLE remainPix_15 LOOP {} BUNDLEDNAME {} DSP 0 BRAM 0 URAM 0 STORAGESUBTYPE {} DISPNAME {bind_op select} VISIBLE false} {BINDTYPE op ID {} IMPL fabric LATENCY 0 OPTYPE add PRAGMA {} RTLNAME add_ln1548_fu_661_p2 SOURCE prj/sol/.autopilot/db/v_frmbuf_rd.cpp:1548 VARIABLE add_ln1548 LOOP {} BUNDLEDNAME {} DSP 0 BRAM 0 URAM 0 STORAGESUBTYPE {} DISPNAME {bind_op add} VISIBLE true} {BINDTYPE op ID {} IMPL auto LATENCY 0 OPTYPE setne PRAGMA {} RTLNAME icmp_ln1548_fu_677_p2 SOURCE prj/sol/.autopilot/db/v_frmbuf_rd.cpp:1548 VARIABLE icmp_ln1548 LOOP {} BUNDLEDNAME {} DSP 0 BRAM 0 URAM 0 STORAGESUBTYPE {} DISPNAME {bind_op setne} VISIBLE false} {BINDTYPE op ID {} IMPL auto LATENCY 0 OPTYPE setgt PRAGMA {} RTLNAME icmp_ln1548_1_fu_683_p2 SOURCE prj/sol/.autopilot/db/v_frmbuf_rd.cpp:1548 VARIABLE icmp_ln1548_1 LOOP {} BUNDLEDNAME {} DSP 0 BRAM 0 URAM 0 STORAGESUBTYPE {} DISPNAME {bind_op setgt} VISIBLE false} {BINDTYPE op ID {} IMPL auto LATENCY 0 OPTYPE setne PRAGMA {} RTLNAME icmp_ln1548_2_fu_699_p2 SOURCE prj/sol/.autopilot/db/v_frmbuf_rd.cpp:1548 VARIABLE icmp_ln1548_2 LOOP {} BUNDLEDNAME {} DSP 0 BRAM 0 URAM 0 STORAGESUBTYPE {} DISPNAME {bind_op setne} VISIBLE false} {BINDTYPE op ID {} IMPL auto LATENCY 0 OPTYPE setgt PRAGMA {} RTLNAME icmp_ln1548_3_fu_705_p2 SOURCE prj/sol/.autopilot/db/v_frmbuf_rd.cpp:1548 VARIABLE icmp_ln1548_3 LOOP {} BUNDLEDNAME {} DSP 0 BRAM 0 URAM 0 STORAGESUBTYPE {} DISPNAME {bind_op setgt} VISIBLE false} {BINDTYPE op ID {} IMPL auto LATENCY 0 OPTYPE setgt PRAGMA {} RTLNAME icmp_ln1548_4_fu_711_p2 SOURCE prj/sol/.autopilot/db/v_frmbuf_rd.cpp:1548 VARIABLE icmp_ln1548_4 LOOP {} BUNDLEDNAME {} DSP 0 BRAM 0 URAM 0 STORAGESUBTYPE {} DISPNAME {bind_op setgt} VISIBLE false} {BINDTYPE op ID {} IMPL auto LATENCY 0 OPTYPE setgt PRAGMA {} RTLNAME icmp_ln1548_5_fu_717_p2 SOURCE prj/sol/.autopilot/db/v_frmbuf_rd.cpp:1548 VARIABLE icmp_ln1548_5 LOOP {} BUNDLEDNAME {} DSP 0 BRAM 0 URAM 0 STORAGESUBTYPE {} DISPNAME {bind_op setgt} VISIBLE false} {BINDTYPE op ID {} IMPL auto LATENCY 0 OPTYPE seteq PRAGMA {} RTLNAME icmp_ln1525_fu_1155_p2 SOURCE prj/sol/.autopilot/db/v_frmbuf_rd.cpp:1525 VARIABLE icmp_ln1525 LOOP loop_Y8 BUNDLEDNAME {} DSP 0 BRAM 0 URAM 0 STORAGESUBTYPE {} DISPNAME {bind_op seteq} VISIBLE false} {BINDTYPE op ID {} IMPL fabric LATENCY 0 OPTYPE add PRAGMA {} RTLNAME y_27_fu_1160_p2 SOURCE prj/sol/.autopilot/db/v_frmbuf_rd.cpp:1525 VARIABLE y_27 LOOP loop_Y8 BUNDLEDNAME {} DSP 0 BRAM 0 URAM 0 STORAGESUBTYPE {} DISPNAME {bind_op add} VISIBLE true} {BINDTYPE op ID {} IMPL fabric LATENCY 0 OPTYPE add PRAGMA {} RTLNAME grp_fu_471_p2 SOURCE prj/sol/.autopilot/db/v_frmbuf_rd.cpp:1437 VARIABLE add_ln1437 LOOP {} BUNDLEDNAME {} DSP 0 BRAM 0 URAM 0 STORAGESUBTYPE {} DISPNAME {bind_op add} VISIBLE true} {BINDTYPE op ID {} IMPL auto LATENCY 0 OPTYPE xor PRAGMA {} RTLNAME grp_fu_495_p2 SOURCE prj/sol/.autopilot/db/v_frmbuf_rd.cpp:1440 VARIABLE xor_ln1440 LOOP {} BUNDLEDNAME {} DSP 0 BRAM 0 URAM 0 STORAGESUBTYPE {} DISPNAME {bind_op xor} VISIBLE false} {BINDTYPE op ID {} IMPL fabric LATENCY 0 OPTYPE add PRAGMA {} RTLNAME add_ln1467_fu_732_p2 SOURCE prj/sol/.autopilot/db/v_frmbuf_rd.cpp:1467 VARIABLE add_ln1467 LOOP {} BUNDLEDNAME {} DSP 0 BRAM 0 URAM 0 STORAGESUBTYPE {} DISPNAME {bind_op add} VISIBLE true} {BINDTYPE op ID {} IMPL auto LATENCY 0 OPTYPE seteq PRAGMA {} RTLNAME icmp_ln1443_fu_1169_p2 SOURCE prj/sol/.autopilot/db/v_frmbuf_rd.cpp:1443 VARIABLE icmp_ln1443 LOOP loop_RGBX8_YUVX8 BUNDLEDNAME {} DSP 0 BRAM 0 URAM 0 STORAGESUBTYPE {} DISPNAME {bind_op seteq} VISIBLE false} {BINDTYPE op ID {} IMPL fabric LATENCY 0 OPTYPE add PRAGMA {} RTLNAME y_25_fu_1174_p2 SOURCE prj/sol/.autopilot/db/v_frmbuf_rd.cpp:1443 VARIABLE y_25 LOOP loop_RGBX8_YUVX8 BUNDLEDNAME {} DSP 0 BRAM 0 URAM 0 STORAGESUBTYPE {} DISPNAME {bind_op add} VISIBLE true} {BINDTYPE op ID {} IMPL fabric LATENCY 0 OPTYPE add PRAGMA {} RTLNAME grp_fu_471_p2 SOURCE prj/sol/.autopilot/db/v_frmbuf_rd.cpp:1382 VARIABLE add_ln1382 LOOP {} BUNDLEDNAME {} DSP 0 BRAM 0 URAM 0 STORAGESUBTYPE {} DISPNAME {bind_op add} VISIBLE true} {BINDTYPE op ID {} IMPL fabric LATENCY 0 OPTYPE add PRAGMA {} RTLNAME grp_fu_536_p2 SOURCE prj/sol/.autopilot/db/v_frmbuf_rd.cpp:1383 VARIABLE add_ln1383 LOOP {} BUNDLEDNAME {} DSP 0 BRAM 0 URAM 0 STORAGESUBTYPE {} DISPNAME {bind_op add} VISIBLE true} {BINDTYPE op ID {} IMPL auto LATENCY 0 OPTYPE mul PRAGMA {} RTLNAME mul_11ns_13ns_23_1_1_U158 SOURCE prj/sol/.autopilot/db/v_frmbuf_rd.cpp:1383 VARIABLE mul_ln1383 LOOP {} BUNDLEDNAME {} DSP 1 BRAM 0 URAM 0 STORAGESUBTYPE {} DISPNAME {bind_op mul} VISIBLE true} {BINDTYPE op ID {} IMPL auto_seq LATENCY 14 OPTYPE urem PRAGMA {} RTLNAME urem_11ns_3ns_2_15_seq_1_U157 SOURCE prj/sol/.autopilot/db/v_frmbuf_rd.cpp:1384 VARIABLE remainTrx_1 LOOP {} BUNDLEDNAME {} DSP 0 BRAM 0 URAM 0 STORAGESUBTYPE {} DISPNAME {bind_op urem} VISIBLE false} {BINDTYPE op ID {} IMPL auto LATENCY 0 OPTYPE seteq PRAGMA {} RTLNAME icmp_ln1387_fu_1229_p2 SOURCE prj/sol/.autopilot/db/v_frmbuf_rd.cpp:1387 VARIABLE icmp_ln1387 LOOP {} BUNDLEDNAME {} DSP 0 BRAM 0 URAM 0 STORAGESUBTYPE {} DISPNAME {bind_op seteq} VISIBLE false} {BINDTYPE op ID {} IMPL auto_sel LATENCY 0 OPTYPE select PRAGMA {} RTLNAME remainPix_13_fu_1234_p3 SOURCE prj/sol/.autopilot/db/v_frmbuf_rd.cpp:1387 VARIABLE remainPix_13 LOOP {} BUNDLEDNAME {} DSP 0 BRAM 0 URAM 0 STORAGESUBTYPE {} DISPNAME {bind_op select} VISIBLE false} {BINDTYPE op ID {} IMPL fabric LATENCY 0 OPTYPE add PRAGMA {} RTLNAME add_ln1405_fu_1242_p2 SOURCE prj/sol/.autopilot/db/v_frmbuf_rd.cpp:1405 VARIABLE add_ln1405 LOOP {} BUNDLEDNAME {} DSP 0 BRAM 0 URAM 0 STORAGESUBTYPE {} DISPNAME {bind_op add} VISIBLE true} {BINDTYPE op ID {} IMPL auto LATENCY 0 OPTYPE setne PRAGMA {} RTLNAME icmp_ln1405_fu_1247_p2 SOURCE prj/sol/.autopilot/db/v_frmbuf_rd.cpp:1405 VARIABLE icmp_ln1405 LOOP {} BUNDLEDNAME {} DSP 0 BRAM 0 URAM 0 STORAGESUBTYPE {} DISPNAME {bind_op setne} VISIBLE false} {BINDTYPE op ID {} IMPL auto LATENCY 0 OPTYPE seteq PRAGMA {} RTLNAME icmp_ln1408_fu_1253_p2 SOURCE prj/sol/.autopilot/db/v_frmbuf_rd.cpp:1408 VARIABLE icmp_ln1408 LOOP {} BUNDLEDNAME {} DSP 0 BRAM 0 URAM 0 STORAGESUBTYPE {} DISPNAME {bind_op seteq} VISIBLE false} {BINDTYPE op ID {} IMPL auto LATENCY 0 OPTYPE setne PRAGMA {} RTLNAME icmp_ln1426_fu_1269_p2 SOURCE prj/sol/.autopilot/db/v_frmbuf_rd.cpp:1426 VARIABLE icmp_ln1426 LOOP {} BUNDLEDNAME {} DSP 0 BRAM 0 URAM 0 STORAGESUBTYPE {} DISPNAME {bind_op setne} VISIBLE false} {BINDTYPE op ID {} IMPL auto LATENCY 0 OPTYPE setgt PRAGMA {} RTLNAME icmp_ln1426_1_fu_1275_p2 SOURCE prj/sol/.autopilot/db/v_frmbuf_rd.cpp:1426 VARIABLE icmp_ln1426_1 LOOP {} BUNDLEDNAME {} DSP 0 BRAM 0 URAM 0 STORAGESUBTYPE {} DISPNAME {bind_op setgt} VISIBLE false} {BINDTYPE op ID {} IMPL auto LATENCY 0 OPTYPE setne PRAGMA {} RTLNAME icmp_ln1426_2_fu_1291_p2 SOURCE prj/sol/.autopilot/db/v_frmbuf_rd.cpp:1426 VARIABLE icmp_ln1426_2 LOOP {} BUNDLEDNAME {} DSP 0 BRAM 0 URAM 0 STORAGESUBTYPE {} DISPNAME {bind_op setne} VISIBLE false} {BINDTYPE op ID {} IMPL auto LATENCY 0 OPTYPE setgt PRAGMA {} RTLNAME icmp_ln1426_3_fu_1297_p2 SOURCE prj/sol/.autopilot/db/v_frmbuf_rd.cpp:1426 VARIABLE icmp_ln1426_3 LOOP {} BUNDLEDNAME {} DSP 0 BRAM 0 URAM 0 STORAGESUBTYPE {} DISPNAME {bind_op setgt} VISIBLE false} {BINDTYPE op ID {} IMPL auto LATENCY 0 OPTYPE setgt PRAGMA {} RTLNAME icmp_ln1426_4_fu_1303_p2 SOURCE prj/sol/.autopilot/db/v_frmbuf_rd.cpp:1426 VARIABLE icmp_ln1426_4 LOOP {} BUNDLEDNAME {} DSP 0 BRAM 0 URAM 0 STORAGESUBTYPE {} DISPNAME {bind_op setgt} VISIBLE false} {BINDTYPE op ID {} IMPL auto LATENCY 0 OPTYPE setgt PRAGMA {} RTLNAME icmp_ln1426_5_fu_1309_p2 SOURCE prj/sol/.autopilot/db/v_frmbuf_rd.cpp:1426 VARIABLE icmp_ln1426_5 LOOP {} BUNDLEDNAME {} DSP 0 BRAM 0 URAM 0 STORAGESUBTYPE {} DISPNAME {bind_op setgt} VISIBLE false} {BINDTYPE op ID {} IMPL auto LATENCY 0 OPTYPE seteq PRAGMA {} RTLNAME icmp_ln1390_fu_1318_p2 SOURCE prj/sol/.autopilot/db/v_frmbuf_rd.cpp:1390 VARIABLE icmp_ln1390 LOOP loop_BGR8 BUNDLEDNAME {} DSP 0 BRAM 0 URAM 0 STORAGESUBTYPE {} DISPNAME {bind_op seteq} VISIBLE false} {BINDTYPE op ID {} IMPL fabric LATENCY 0 OPTYPE add PRAGMA {} RTLNAME y_23_fu_1323_p2 SOURCE prj/sol/.autopilot/db/v_frmbuf_rd.cpp:1390 VARIABLE y_23 LOOP loop_BGR8 BUNDLEDNAME {} DSP 0 BRAM 0 URAM 0 STORAGESUBTYPE {} DISPNAME {bind_op add} VISIBLE true} {BINDTYPE op ID {} IMPL fabric LATENCY 0 OPTYPE add PRAGMA {} RTLNAME grp_fu_471_p2 SOURCE prj/sol/.autopilot/db/v_frmbuf_rd.cpp:1224 VARIABLE add_ln1224 LOOP {} BUNDLEDNAME {} DSP 0 BRAM 0 URAM 0 STORAGESUBTYPE {} DISPNAME {bind_op add} VISIBLE true} {BINDTYPE op ID {} IMPL fabric LATENCY 0 OPTYPE add PRAGMA {} RTLNAME grp_fu_536_p2 SOURCE prj/sol/.autopilot/db/v_frmbuf_rd.cpp:1225 VARIABLE add_ln1225 LOOP {} BUNDLEDNAME {} DSP 0 BRAM 0 URAM 0 STORAGESUBTYPE {} DISPNAME {bind_op add} VISIBLE true} {BINDTYPE op ID {} IMPL auto LATENCY 0 OPTYPE mul PRAGMA {} RTLNAME mul_11ns_13ns_23_1_1_U159 SOURCE prj/sol/.autopilot/db/v_frmbuf_rd.cpp:1225 VARIABLE mul_ln1225 LOOP {} BUNDLEDNAME {} DSP 1 BRAM 0 URAM 0 STORAGESUBTYPE {} DISPNAME {bind_op mul} VISIBLE true} {BINDTYPE op ID {} IMPL auto_seq LATENCY 14 OPTYPE urem PRAGMA {} RTLNAME urem_11ns_3ns_2_15_seq_1_U157 SOURCE prj/sol/.autopilot/db/v_frmbuf_rd.cpp:1226 VARIABLE remainTrx LOOP {} BUNDLEDNAME {} DSP 0 BRAM 0 URAM 0 STORAGESUBTYPE {} DISPNAME {bind_op urem} VISIBLE false} {BINDTYPE op ID {} IMPL auto LATENCY 0 OPTYPE seteq PRAGMA {} RTLNAME icmp_ln1229_fu_1384_p2 SOURCE prj/sol/.autopilot/db/v_frmbuf_rd.cpp:1229 VARIABLE icmp_ln1229 LOOP {} BUNDLEDNAME {} DSP 0 BRAM 0 URAM 0 STORAGESUBTYPE {} DISPNAME {bind_op seteq} VISIBLE false} {BINDTYPE op ID {} IMPL auto_sel LATENCY 0 OPTYPE select PRAGMA {} RTLNAME remainPix_11_fu_1389_p3 SOURCE prj/sol/.autopilot/db/v_frmbuf_rd.cpp:1229 VARIABLE remainPix_11 LOOP {} BUNDLEDNAME {} DSP 0 BRAM 0 URAM 0 STORAGESUBTYPE {} DISPNAME {bind_op select} VISIBLE false} {BINDTYPE op ID {} IMPL fabric LATENCY 0 OPTYPE add PRAGMA {} RTLNAME add_ln1247_fu_1397_p2 SOURCE prj/sol/.autopilot/db/v_frmbuf_rd.cpp:1247 VARIABLE add_ln1247 LOOP {} BUNDLEDNAME {} DSP 0 BRAM 0 URAM 0 STORAGESUBTYPE {} DISPNAME {bind_op add} VISIBLE true} {BINDTYPE op ID {} IMPL auto LATENCY 0 OPTYPE setne PRAGMA {} RTLNAME icmp_ln1247_fu_1402_p2 SOURCE prj/sol/.autopilot/db/v_frmbuf_rd.cpp:1247 VARIABLE icmp_ln1247 LOOP {} BUNDLEDNAME {} DSP 0 BRAM 0 URAM 0 STORAGESUBTYPE {} DISPNAME {bind_op setne} VISIBLE false} {BINDTYPE op ID {} IMPL auto LATENCY 0 OPTYPE seteq PRAGMA {} RTLNAME icmp_ln1250_fu_1408_p2 SOURCE prj/sol/.autopilot/db/v_frmbuf_rd.cpp:1250 VARIABLE icmp_ln1250 LOOP {} BUNDLEDNAME {} DSP 0 BRAM 0 URAM 0 STORAGESUBTYPE {} DISPNAME {bind_op seteq} VISIBLE false} {BINDTYPE op ID {} IMPL auto LATENCY 0 OPTYPE setne PRAGMA {} RTLNAME icmp_ln1271_fu_1424_p2 SOURCE prj/sol/.autopilot/db/v_frmbuf_rd.cpp:1271 VARIABLE icmp_ln1271 LOOP {} BUNDLEDNAME {} DSP 0 BRAM 0 URAM 0 STORAGESUBTYPE {} DISPNAME {bind_op setne} VISIBLE false} {BINDTYPE op ID {} IMPL auto LATENCY 0 OPTYPE setgt PRAGMA {} RTLNAME icmp_ln1271_1_fu_1430_p2 SOURCE prj/sol/.autopilot/db/v_frmbuf_rd.cpp:1271 VARIABLE icmp_ln1271_1 LOOP {} BUNDLEDNAME {} DSP 0 BRAM 0 URAM 0 STORAGESUBTYPE {} DISPNAME {bind_op setgt} VISIBLE false} {BINDTYPE op ID {} IMPL auto LATENCY 0 OPTYPE setne PRAGMA {} RTLNAME icmp_ln1271_2_fu_1446_p2 SOURCE prj/sol/.autopilot/db/v_frmbuf_rd.cpp:1271 VARIABLE icmp_ln1271_2 LOOP {} BUNDLEDNAME {} DSP 0 BRAM 0 URAM 0 STORAGESUBTYPE {} DISPNAME {bind_op setne} VISIBLE false} {BINDTYPE op ID {} IMPL auto LATENCY 0 OPTYPE setgt PRAGMA {} RTLNAME icmp_ln1271_3_fu_1452_p2 SOURCE prj/sol/.autopilot/db/v_frmbuf_rd.cpp:1271 VARIABLE icmp_ln1271_3 LOOP {} BUNDLEDNAME {} DSP 0 BRAM 0 URAM 0 STORAGESUBTYPE {} DISPNAME {bind_op setgt} VISIBLE false} {BINDTYPE op ID {} IMPL auto LATENCY 0 OPTYPE setgt PRAGMA {} RTLNAME icmp_ln1271_4_fu_1458_p2 SOURCE prj/sol/.autopilot/db/v_frmbuf_rd.cpp:1271 VARIABLE icmp_ln1271_4 LOOP {} BUNDLEDNAME {} DSP 0 BRAM 0 URAM 0 STORAGESUBTYPE {} DISPNAME {bind_op setgt} VISIBLE false} {BINDTYPE op ID {} IMPL auto LATENCY 0 OPTYPE setgt PRAGMA {} RTLNAME icmp_ln1271_5_fu_1464_p2 SOURCE prj/sol/.autopilot/db/v_frmbuf_rd.cpp:1271 VARIABLE icmp_ln1271_5 LOOP {} BUNDLEDNAME {} DSP 0 BRAM 0 URAM 0 STORAGESUBTYPE {} DISPNAME {bind_op setgt} VISIBLE false} {BINDTYPE op ID {} IMPL auto LATENCY 0 OPTYPE seteq PRAGMA {} RTLNAME icmp_ln1232_fu_1332_p2 SOURCE prj/sol/.autopilot/db/v_frmbuf_rd.cpp:1232 VARIABLE icmp_ln1232 LOOP loop_RGB8_YUV8 BUNDLEDNAME {} DSP 0 BRAM 0 URAM 0 STORAGESUBTYPE {} DISPNAME {bind_op seteq} VISIBLE false} {BINDTYPE op ID {} IMPL fabric LATENCY 0 OPTYPE add PRAGMA {} RTLNAME y_21_fu_1337_p2 SOURCE prj/sol/.autopilot/db/v_frmbuf_rd.cpp:1232 VARIABLE y_21 LOOP loop_RGB8_YUV8 BUNDLEDNAME {} DSP 0 BRAM 0 URAM 0 STORAGESUBTYPE {} DISPNAME {bind_op add} VISIBLE true} {BINDTYPE op ID {} IMPL fabric LATENCY 0 OPTYPE add PRAGMA {} RTLNAME grp_fu_471_p2 SOURCE prj/sol/.autopilot/db/v_frmbuf_rd.cpp:1184 VARIABLE add_ln1184 LOOP {} BUNDLEDNAME {} DSP 0 BRAM 0 URAM 0 STORAGESUBTYPE {} DISPNAME {bind_op add} VISIBLE true} {BINDTYPE op ID {} IMPL auto LATENCY 0 OPTYPE seteq PRAGMA {} RTLNAME grp_fu_517_p2 SOURCE prj/sol/.autopilot/db/v_frmbuf_rd.cpp:1187 VARIABLE icmp_ln1187 LOOP {} BUNDLEDNAME {} DSP 0 BRAM 0 URAM 0 STORAGESUBTYPE {} DISPNAME {bind_op seteq} VISIBLE false} {BINDTYPE op ID {} IMPL auto_sel LATENCY 0 OPTYPE select PRAGMA {} RTLNAME remainPix_9_fu_769_p3 SOURCE prj/sol/.autopilot/db/v_frmbuf_rd.cpp:1187 VARIABLE remainPix_9 LOOP {} BUNDLEDNAME {} DSP 0 BRAM 0 URAM 0 STORAGESUBTYPE {} DISPNAME {bind_op select} VISIBLE false} {BINDTYPE op ID {} IMPL fabric LATENCY 0 OPTYPE add PRAGMA {} RTLNAME add_ln1213_fu_777_p2 SOURCE prj/sol/.autopilot/db/v_frmbuf_rd.cpp:1213 VARIABLE add_ln1213 LOOP {} BUNDLEDNAME {} DSP 0 BRAM 0 URAM 0 STORAGESUBTYPE {} DISPNAME {bind_op add} VISIBLE true} {BINDTYPE op ID {} IMPL auto LATENCY 0 OPTYPE setne PRAGMA {} RTLNAME icmp_ln1213_fu_793_p2 SOURCE prj/sol/.autopilot/db/v_frmbuf_rd.cpp:1213 VARIABLE icmp_ln1213 LOOP {} BUNDLEDNAME {} DSP 0 BRAM 0 URAM 0 STORAGESUBTYPE {} DISPNAME {bind_op setne} VISIBLE false} {BINDTYPE op ID {} IMPL auto LATENCY 0 OPTYPE setgt PRAGMA {} RTLNAME icmp_ln1213_1_fu_799_p2 SOURCE prj/sol/.autopilot/db/v_frmbuf_rd.cpp:1213 VARIABLE icmp_ln1213_1 LOOP {} BUNDLEDNAME {} DSP 0 BRAM 0 URAM 0 STORAGESUBTYPE {} DISPNAME {bind_op setgt} VISIBLE false} {BINDTYPE op ID {} IMPL auto LATENCY 0 OPTYPE seteq PRAGMA {} RTLNAME icmp_ln1190_fu_1477_p2 SOURCE prj/sol/.autopilot/db/v_frmbuf_rd.cpp:1190 VARIABLE icmp_ln1190 LOOP loop_UYVY8 BUNDLEDNAME {} DSP 0 BRAM 0 URAM 0 STORAGESUBTYPE {} DISPNAME {bind_op seteq} VISIBLE false} {BINDTYPE op ID {} IMPL fabric LATENCY 0 OPTYPE add PRAGMA {} RTLNAME y_19_fu_1482_p2 SOURCE prj/sol/.autopilot/db/v_frmbuf_rd.cpp:1190 VARIABLE y_19 LOOP loop_UYVY8 BUNDLEDNAME {} DSP 0 BRAM 0 URAM 0 STORAGESUBTYPE {} DISPNAME {bind_op add} VISIBLE true} {BINDTYPE op ID {} IMPL fabric LATENCY 0 OPTYPE add PRAGMA {} RTLNAME grp_fu_471_p2 SOURCE prj/sol/.autopilot/db/v_frmbuf_rd.cpp:1144 VARIABLE add_ln1144 LOOP {} BUNDLEDNAME {} DSP 0 BRAM 0 URAM 0 STORAGESUBTYPE {} DISPNAME {bind_op add} VISIBLE true} {BINDTYPE op ID {} IMPL auto LATENCY 0 OPTYPE seteq PRAGMA {} RTLNAME grp_fu_517_p2 SOURCE prj/sol/.autopilot/db/v_frmbuf_rd.cpp:1147 VARIABLE icmp_ln1147 LOOP {} BUNDLEDNAME {} DSP 0 BRAM 0 URAM 0 STORAGESUBTYPE {} DISPNAME {bind_op seteq} VISIBLE false} {BINDTYPE op ID {} IMPL auto_sel LATENCY 0 OPTYPE select PRAGMA {} RTLNAME remainPix_7_fu_818_p3 SOURCE prj/sol/.autopilot/db/v_frmbuf_rd.cpp:1147 VARIABLE remainPix_7 LOOP {} BUNDLEDNAME {} DSP 0 BRAM 0 URAM 0 STORAGESUBTYPE {} DISPNAME {bind_op select} VISIBLE false} {BINDTYPE op ID {} IMPL fabric LATENCY 0 OPTYPE add PRAGMA {} RTLNAME add_ln1173_fu_826_p2 SOURCE prj/sol/.autopilot/db/v_frmbuf_rd.cpp:1173 VARIABLE add_ln1173 LOOP {} BUNDLEDNAME {} DSP 0 BRAM 0 URAM 0 STORAGESUBTYPE {} DISPNAME {bind_op add} VISIBLE true} {BINDTYPE op ID {} IMPL auto LATENCY 0 OPTYPE setne PRAGMA {} RTLNAME icmp_ln1173_fu_842_p2 SOURCE prj/sol/.autopilot/db/v_frmbuf_rd.cpp:1173 VARIABLE icmp_ln1173 LOOP {} BUNDLEDNAME {} DSP 0 BRAM 0 URAM 0 STORAGESUBTYPE {} DISPNAME {bind_op setne} VISIBLE false} {BINDTYPE op ID {} IMPL auto LATENCY 0 OPTYPE setgt PRAGMA {} RTLNAME icmp_ln1173_1_fu_848_p2 SOURCE prj/sol/.autopilot/db/v_frmbuf_rd.cpp:1173 VARIABLE icmp_ln1173_1 LOOP {} BUNDLEDNAME {} DSP 0 BRAM 0 URAM 0 STORAGESUBTYPE {} DISPNAME {bind_op setgt} VISIBLE false} {BINDTYPE op ID {} IMPL auto LATENCY 0 OPTYPE seteq PRAGMA {} RTLNAME icmp_ln1150_fu_1495_p2 SOURCE prj/sol/.autopilot/db/v_frmbuf_rd.cpp:1150 VARIABLE icmp_ln1150 LOOP loop_YUYV8 BUNDLEDNAME {} DSP 0 BRAM 0 URAM 0 STORAGESUBTYPE {} DISPNAME {bind_op seteq} VISIBLE false} {BINDTYPE op ID {} IMPL fabric LATENCY 0 OPTYPE add PRAGMA {} RTLNAME y_17_fu_1500_p2 SOURCE prj/sol/.autopilot/db/v_frmbuf_rd.cpp:1150 VARIABLE y_17 LOOP loop_YUYV8 BUNDLEDNAME {} DSP 0 BRAM 0 URAM 0 STORAGESUBTYPE {} DISPNAME {bind_op add} VISIBLE true} {BINDTYPE op ID {} IMPL fabric LATENCY 0 OPTYPE add PRAGMA {} RTLNAME grp_fu_471_p2 SOURCE prj/sol/.autopilot/db/v_frmbuf_rd.cpp:941 VARIABLE add_ln941 LOOP {} BUNDLEDNAME {} DSP 0 BRAM 0 URAM 0 STORAGESUBTYPE {} DISPNAME {bind_op add} VISIBLE true} {BINDTYPE op ID {} IMPL auto LATENCY 0 OPTYPE seteq PRAGMA {} RTLNAME icmp_ln944_fu_871_p2 SOURCE prj/sol/.autopilot/db/v_frmbuf_rd.cpp:944 VARIABLE icmp_ln944 LOOP {} BUNDLEDNAME {} DSP 0 BRAM 0 URAM 0 STORAGESUBTYPE {} DISPNAME {bind_op seteq} VISIBLE false} {BINDTYPE op ID {} IMPL auto_sel LATENCY 0 OPTYPE select PRAGMA {} RTLNAME remainPix_5_fu_877_p3 SOURCE prj/sol/.autopilot/db/v_frmbuf_rd.cpp:944 VARIABLE remainPix_5 LOOP {} BUNDLEDNAME {} DSP 0 BRAM 0 URAM 0 STORAGESUBTYPE {} DISPNAME {bind_op select} VISIBLE false} {BINDTYPE op ID {} IMPL fabric LATENCY 0 OPTYPE add PRAGMA {} RTLNAME add_ln975_fu_885_p2 SOURCE prj/sol/.autopilot/db/v_frmbuf_rd.cpp:975 VARIABLE add_ln975 LOOP {} BUNDLEDNAME {} DSP 0 BRAM 0 URAM 0 STORAGESUBTYPE {} DISPNAME {bind_op add} VISIBLE true} {BINDTYPE op ID {} IMPL auto LATENCY 0 OPTYPE setne PRAGMA {} RTLNAME icmp_ln975_fu_901_p2 SOURCE prj/sol/.autopilot/db/v_frmbuf_rd.cpp:975 VARIABLE icmp_ln975 LOOP {} BUNDLEDNAME {} DSP 0 BRAM 0 URAM 0 STORAGESUBTYPE {} DISPNAME {bind_op setne} VISIBLE false} {BINDTYPE op ID {} IMPL auto LATENCY 0 OPTYPE setgt PRAGMA {} RTLNAME icmp_ln975_1_fu_907_p2 SOURCE prj/sol/.autopilot/db/v_frmbuf_rd.cpp:975 VARIABLE icmp_ln975_1 LOOP {} BUNDLEDNAME {} DSP 0 BRAM 0 URAM 0 STORAGESUBTYPE {} DISPNAME {bind_op setgt} VISIBLE false} {BINDTYPE op ID {} IMPL auto LATENCY 0 OPTYPE setne PRAGMA {} RTLNAME icmp_ln975_2_fu_923_p2 SOURCE prj/sol/.autopilot/db/v_frmbuf_rd.cpp:975 VARIABLE icmp_ln975_2 LOOP {} BUNDLEDNAME {} DSP 0 BRAM 0 URAM 0 STORAGESUBTYPE {} DISPNAME {bind_op setne} VISIBLE false} {BINDTYPE op ID {} IMPL auto LATENCY 0 OPTYPE setgt PRAGMA {} RTLNAME icmp_ln975_3_fu_929_p2 SOURCE prj/sol/.autopilot/db/v_frmbuf_rd.cpp:975 VARIABLE icmp_ln975_3 LOOP {} BUNDLEDNAME {} DSP 0 BRAM 0 URAM 0 STORAGESUBTYPE {} DISPNAME {bind_op setgt} VISIBLE false} {BINDTYPE op ID {} IMPL auto LATENCY 0 OPTYPE setgt PRAGMA {} RTLNAME icmp_ln975_4_fu_935_p2 SOURCE prj/sol/.autopilot/db/v_frmbuf_rd.cpp:975 VARIABLE icmp_ln975_4 LOOP {} BUNDLEDNAME {} DSP 0 BRAM 0 URAM 0 STORAGESUBTYPE {} DISPNAME {bind_op setgt} VISIBLE false} {BINDTYPE op ID {} IMPL auto LATENCY 0 OPTYPE setgt PRAGMA {} RTLNAME icmp_ln975_5_fu_941_p2 SOURCE prj/sol/.autopilot/db/v_frmbuf_rd.cpp:975 VARIABLE icmp_ln975_5 LOOP {} BUNDLEDNAME {} DSP 0 BRAM 0 URAM 0 STORAGESUBTYPE {} DISPNAME {bind_op setgt} VISIBLE false} {BINDTYPE op ID {} IMPL auto LATENCY 0 OPTYPE seteq PRAGMA {} RTLNAME icmp_ln947_fu_1513_p2 SOURCE prj/sol/.autopilot/db/v_frmbuf_rd.cpp:947 VARIABLE icmp_ln947 LOOP loop_Y_UV8_Y_UV8_420 BUNDLEDNAME {} DSP 0 BRAM 0 URAM 0 STORAGESUBTYPE {} DISPNAME {bind_op seteq} VISIBLE false} {BINDTYPE op ID {} IMPL fabric LATENCY 0 OPTYPE add PRAGMA {} RTLNAME y_15_fu_1518_p2 SOURCE prj/sol/.autopilot/db/v_frmbuf_rd.cpp:947 VARIABLE y_15 LOOP loop_Y_UV8_Y_UV8_420 BUNDLEDNAME {} DSP 0 BRAM 0 URAM 0 STORAGESUBTYPE {} DISPNAME {bind_op add} VISIBLE true} {BINDTYPE op ID {} IMPL fabric LATENCY 0 OPTYPE add PRAGMA {} RTLNAME grp_fu_471_p2 SOURCE prj/sol/.autopilot/db/v_frmbuf_rd.cpp:846 VARIABLE add_ln846 LOOP {} BUNDLEDNAME {} DSP 0 BRAM 0 URAM 0 STORAGESUBTYPE {} DISPNAME {bind_op add} VISIBLE true} {BINDTYPE op ID {} IMPL auto LATENCY 0 OPTYPE seteq PRAGMA {} RTLNAME icmp_ln849_fu_964_p2 SOURCE prj/sol/.autopilot/db/v_frmbuf_rd.cpp:849 VARIABLE icmp_ln849 LOOP {} BUNDLEDNAME {} DSP 0 BRAM 0 URAM 0 STORAGESUBTYPE {} DISPNAME {bind_op seteq} VISIBLE false} {BINDTYPE op ID {} IMPL auto_sel LATENCY 0 OPTYPE select PRAGMA {} RTLNAME remainPix_3_fu_970_p3 SOURCE prj/sol/.autopilot/db/v_frmbuf_rd.cpp:849 VARIABLE remainPix_3 LOOP {} BUNDLEDNAME {} DSP 0 BRAM 0 URAM 0 STORAGESUBTYPE {} DISPNAME {bind_op select} VISIBLE false} {BINDTYPE op ID {} IMPL fabric LATENCY 0 OPTYPE add PRAGMA {} RTLNAME add_ln928_fu_978_p2 SOURCE prj/sol/.autopilot/db/v_frmbuf_rd.cpp:928 VARIABLE add_ln928 LOOP {} BUNDLEDNAME {} DSP 0 BRAM 0 URAM 0 STORAGESUBTYPE {} DISPNAME {bind_op add} VISIBLE true} {BINDTYPE op ID {} IMPL auto LATENCY 0 OPTYPE setne PRAGMA {} RTLNAME icmp_ln928_fu_994_p2 SOURCE prj/sol/.autopilot/db/v_frmbuf_rd.cpp:928 VARIABLE icmp_ln928 LOOP {} BUNDLEDNAME {} DSP 0 BRAM 0 URAM 0 STORAGESUBTYPE {} DISPNAME {bind_op setne} VISIBLE false} {BINDTYPE op ID {} IMPL auto LATENCY 0 OPTYPE setgt PRAGMA {} RTLNAME icmp_ln928_1_fu_1000_p2 SOURCE prj/sol/.autopilot/db/v_frmbuf_rd.cpp:928 VARIABLE icmp_ln928_1 LOOP {} BUNDLEDNAME {} DSP 0 BRAM 0 URAM 0 STORAGESUBTYPE {} DISPNAME {bind_op setgt} VISIBLE false} {BINDTYPE op ID {} IMPL auto LATENCY 0 OPTYPE setne PRAGMA {} RTLNAME icmp_ln928_2_fu_1016_p2 SOURCE prj/sol/.autopilot/db/v_frmbuf_rd.cpp:928 VARIABLE icmp_ln928_2 LOOP {} BUNDLEDNAME {} DSP 0 BRAM 0 URAM 0 STORAGESUBTYPE {} DISPNAME {bind_op setne} VISIBLE false} {BINDTYPE op ID {} IMPL auto LATENCY 0 OPTYPE setgt PRAGMA {} RTLNAME icmp_ln928_3_fu_1022_p2 SOURCE prj/sol/.autopilot/db/v_frmbuf_rd.cpp:928 VARIABLE icmp_ln928_3 LOOP {} BUNDLEDNAME {} DSP 0 BRAM 0 URAM 0 STORAGESUBTYPE {} DISPNAME {bind_op setgt} VISIBLE false} {BINDTYPE op ID {} IMPL auto LATENCY 0 OPTYPE setgt PRAGMA {} RTLNAME icmp_ln928_4_fu_1028_p2 SOURCE prj/sol/.autopilot/db/v_frmbuf_rd.cpp:928 VARIABLE icmp_ln928_4 LOOP {} BUNDLEDNAME {} DSP 0 BRAM 0 URAM 0 STORAGESUBTYPE {} DISPNAME {bind_op setgt} VISIBLE false} {BINDTYPE op ID {} IMPL auto LATENCY 0 OPTYPE setgt PRAGMA {} RTLNAME icmp_ln928_5_fu_1034_p2 SOURCE prj/sol/.autopilot/db/v_frmbuf_rd.cpp:928 VARIABLE icmp_ln928_5 LOOP {} BUNDLEDNAME {} DSP 0 BRAM 0 URAM 0 STORAGESUBTYPE {} DISPNAME {bind_op setgt} VISIBLE false} {BINDTYPE op ID {} IMPL auto LATENCY 0 OPTYPE seteq PRAGMA {} RTLNAME icmp_ln857_fu_1536_p2 SOURCE prj/sol/.autopilot/db/v_frmbuf_rd.cpp:857 VARIABLE icmp_ln857 LOOP VITIS_LOOP_857_4 BUNDLEDNAME {} DSP 0 BRAM 0 URAM 0 STORAGESUBTYPE {} DISPNAME {bind_op seteq} VISIBLE false} {BINDTYPE op ID {} IMPL fabric LATENCY 0 OPTYPE add PRAGMA {} RTLNAME y_13_fu_1541_p2 SOURCE prj/sol/.autopilot/db/v_frmbuf_rd.cpp:857 VARIABLE y_13 LOOP VITIS_LOOP_857_4 BUNDLEDNAME {} DSP 0 BRAM 0 URAM 0 STORAGESUBTYPE {} DISPNAME {bind_op add} VISIBLE true} {BINDTYPE op ID {} IMPL fabric LATENCY 0 OPTYPE add PRAGMA {} RTLNAME grp_fu_471_p2 SOURCE prj/sol/.autopilot/db/v_frmbuf_rd.cpp:745 VARIABLE add_ln745 LOOP {} BUNDLEDNAME {} DSP 0 BRAM 0 URAM 0 STORAGESUBTYPE {} DISPNAME {bind_op add} VISIBLE true} {BINDTYPE op ID {} IMPL auto LATENCY 0 OPTYPE seteq PRAGMA {} RTLNAME icmp_ln748_fu_1057_p2 SOURCE prj/sol/.autopilot/db/v_frmbuf_rd.cpp:748 VARIABLE icmp_ln748 LOOP {} BUNDLEDNAME {} DSP 0 BRAM 0 URAM 0 STORAGESUBTYPE {} DISPNAME {bind_op seteq} VISIBLE false} {BINDTYPE op ID {} IMPL auto_sel LATENCY 0 OPTYPE select PRAGMA {} RTLNAME remainPix_1_fu_1063_p3 SOURCE prj/sol/.autopilot/db/v_frmbuf_rd.cpp:748 VARIABLE remainPix_1 LOOP {} BUNDLEDNAME {} DSP 0 BRAM 0 URAM 0 STORAGESUBTYPE {} DISPNAME {bind_op select} VISIBLE false} {BINDTYPE op ID {} IMPL fabric LATENCY 0 OPTYPE add PRAGMA {} RTLNAME add_ln773_fu_1071_p2 SOURCE prj/sol/.autopilot/db/v_frmbuf_rd.cpp:773 VARIABLE add_ln773 LOOP {} BUNDLEDNAME {} DSP 0 BRAM 0 URAM 0 STORAGESUBTYPE {} DISPNAME {bind_op add} VISIBLE true} {BINDTYPE op ID {} IMPL auto LATENCY 0 OPTYPE setne PRAGMA {} RTLNAME icmp_ln773_fu_1087_p2 SOURCE prj/sol/.autopilot/db/v_frmbuf_rd.cpp:773 VARIABLE icmp_ln773 LOOP {} BUNDLEDNAME {} DSP 0 BRAM 0 URAM 0 STORAGESUBTYPE {} DISPNAME {bind_op setne} VISIBLE false} {BINDTYPE op ID {} IMPL auto LATENCY 0 OPTYPE setgt PRAGMA {} RTLNAME icmp_ln773_1_fu_1093_p2 SOURCE prj/sol/.autopilot/db/v_frmbuf_rd.cpp:773 VARIABLE icmp_ln773_1 LOOP {} BUNDLEDNAME {} DSP 0 BRAM 0 URAM 0 STORAGESUBTYPE {} DISPNAME {bind_op setgt} VISIBLE false} {BINDTYPE op ID {} IMPL auto LATENCY 0 OPTYPE setne PRAGMA {} RTLNAME icmp_ln773_2_fu_1109_p2 SOURCE prj/sol/.autopilot/db/v_frmbuf_rd.cpp:773 VARIABLE icmp_ln773_2 LOOP {} BUNDLEDNAME {} DSP 0 BRAM 0 URAM 0 STORAGESUBTYPE {} DISPNAME {bind_op setne} VISIBLE false} {BINDTYPE op ID {} IMPL auto LATENCY 0 OPTYPE setgt PRAGMA {} RTLNAME icmp_ln773_3_fu_1115_p2 SOURCE prj/sol/.autopilot/db/v_frmbuf_rd.cpp:773 VARIABLE icmp_ln773_3 LOOP {} BUNDLEDNAME {} DSP 0 BRAM 0 URAM 0 STORAGESUBTYPE {} DISPNAME {bind_op setgt} VISIBLE false} {BINDTYPE op ID {} IMPL auto LATENCY 0 OPTYPE setgt PRAGMA {} RTLNAME icmp_ln773_4_fu_1121_p2 SOURCE prj/sol/.autopilot/db/v_frmbuf_rd.cpp:773 VARIABLE icmp_ln773_4 LOOP {} BUNDLEDNAME {} DSP 0 BRAM 0 URAM 0 STORAGESUBTYPE {} DISPNAME {bind_op setgt} VISIBLE false} {BINDTYPE op ID {} IMPL auto LATENCY 0 OPTYPE setgt PRAGMA {} RTLNAME icmp_ln773_5_fu_1127_p2 SOURCE prj/sol/.autopilot/db/v_frmbuf_rd.cpp:773 VARIABLE icmp_ln773_5 LOOP {} BUNDLEDNAME {} DSP 0 BRAM 0 URAM 0 STORAGESUBTYPE {} DISPNAME {bind_op setgt} VISIBLE false} {BINDTYPE op ID {} IMPL auto LATENCY 0 OPTYPE seteq PRAGMA {} RTLNAME icmp_ln750_fu_1560_p2 SOURCE prj/sol/.autopilot/db/v_frmbuf_rd.cpp:750 VARIABLE icmp_ln750 LOOP loop_Bytes2MulPxStrm_Y_U_V8 BUNDLEDNAME {} DSP 0 BRAM 0 URAM 0 STORAGESUBTYPE {} DISPNAME {bind_op seteq} VISIBLE false} {BINDTYPE op ID {} IMPL fabric LATENCY 0 OPTYPE add PRAGMA {} RTLNAME y_11_fu_1565_p2 SOURCE prj/sol/.autopilot/db/v_frmbuf_rd.cpp:750 VARIABLE y_11 LOOP loop_Bytes2MulPxStrm_Y_U_V8 BUNDLEDNAME {} DSP 0 BRAM 0 URAM 0 STORAGESUBTYPE {} DISPNAME {bind_op add} VISIBLE true}} AREA {DSP 2 BRAM 0 URAM 0}} MultiPixStream2AXIvideo_Pipeline_VITIS_LOOP_367_1 {BINDINFO {{BINDTYPE op ID {} IMPL auto LATENCY 0 OPTYPE seteq PRAGMA {} RTLNAME icmp_ln367_fu_102_p2 SOURCE prj/sol/.autopilot/db/v_frmbuf_rd.cpp:367 VARIABLE icmp_ln367 LOOP VITIS_LOOP_367_1 BUNDLEDNAME {} DSP 0 BRAM 0 URAM 0 STORAGESUBTYPE {} DISPNAME {bind_op seteq} VISIBLE false} {BINDTYPE op ID {} IMPL fabric LATENCY 0 OPTYPE add PRAGMA {} RTLNAME add_ln367_fu_108_p2 SOURCE prj/sol/.autopilot/db/v_frmbuf_rd.cpp:367 VARIABLE add_ln367 LOOP VITIS_LOOP_367_1 BUNDLEDNAME {} DSP 0 BRAM 0 URAM 0 STORAGESUBTYPE {} DISPNAME {bind_op add} VISIBLE true} {BINDTYPE op ID {} IMPL fabric LATENCY 0 OPTYPE add PRAGMA {} RTLNAME add_ln369_fu_118_p2 SOURCE prj/sol/.autopilot/db/v_frmbuf_rd.cpp:369 VARIABLE add_ln369 LOOP VITIS_LOOP_367_1 BUNDLEDNAME {} DSP 0 BRAM 0 URAM 0 STORAGESUBTYPE {} DISPNAME {bind_op add} VISIBLE true} {BINDTYPE storage ID {} IMPL auto LATENCY 1 OPTYPE rom_1p PRAGMA {} RTLNAME mapComp_U SOURCE {} VARIABLE mapComp LOOP {} BUNDLEDNAME {} DSP 0 BRAM 0 URAM 0 STORAGESUBTYPE {} STORAGESIZE {2 12 1} STORAGEUSAGE rom_1p DISPNAME {bind_storage rom_1p} VISIBLE true}} AREA {DSP 0 BRAM 0 URAM 0}} MultiPixStream2AXIvideo_Pipeline_VITIS_LOOP_376_3 {BINDINFO {{BINDTYPE op ID {} IMPL auto LATENCY 0 OPTYPE seteq PRAGMA {} RTLNAME icmp_ln376_fu_197_p2 SOURCE prj/sol/.autopilot/db/v_frmbuf_rd.cpp:376 VARIABLE icmp_ln376 LOOP VITIS_LOOP_376_3 BUNDLEDNAME {} DSP 0 BRAM 0 URAM 0 STORAGESUBTYPE {} DISPNAME {bind_op seteq} VISIBLE false} {BINDTYPE op ID {} IMPL fabric LATENCY 0 OPTYPE add PRAGMA {} RTLNAME j_2_fu_203_p2 SOURCE prj/sol/.autopilot/db/v_frmbuf_rd.cpp:376 VARIABLE j_2 LOOP VITIS_LOOP_376_3 BUNDLEDNAME {} DSP 0 BRAM 0 URAM 0 STORAGESUBTYPE {} DISPNAME {bind_op add} VISIBLE true} {BINDTYPE op ID {} IMPL auto LATENCY 0 OPTYPE seteq PRAGMA {} RTLNAME icmp_ln392_fu_213_p2 SOURCE prj/sol/.autopilot/db/v_frmbuf_rd.cpp:392 VARIABLE icmp_ln392 LOOP VITIS_LOOP_376_3 BUNDLEDNAME {} DSP 0 BRAM 0 URAM 0 STORAGESUBTYPE {} DISPNAME {bind_op seteq} VISIBLE false} {BINDTYPE op ID {} IMPL onehotencoding_realdef LATENCY 0 OPTYPE sparsemux PRAGMA {} RTLNAME sparsemux_7_2_8_1_1_U176 SOURCE prj/sol/.autopilot/db/v_frmbuf_rd.cpp:409 VARIABLE tmp_4 LOOP VITIS_LOOP_376_3 BUNDLEDNAME {} DSP 0 BRAM 0 URAM 0 STORAGESUBTYPE {} DISPNAME {bind_op sparsemux} VISIBLE false} {BINDTYPE op ID {} IMPL onehotencoding_realdef LATENCY 0 OPTYPE sparsemux PRAGMA {} RTLNAME sparsemux_7_2_8_1_1_U177 SOURCE prj/sol/.autopilot/db/v_frmbuf_rd.cpp:409 VARIABLE tmp_5 LOOP VITIS_LOOP_376_3 BUNDLEDNAME {} DSP 0 BRAM 0 URAM 0 STORAGESUBTYPE {} DISPNAME {bind_op sparsemux} VISIBLE false} {BINDTYPE op ID {} IMPL onehotencoding_realdef LATENCY 0 OPTYPE sparsemux PRAGMA {} RTLNAME sparsemux_7_2_8_1_1_U178 SOURCE prj/sol/.autopilot/db/v_frmbuf_rd.cpp:409 VARIABLE tmp_6 LOOP VITIS_LOOP_376_3 BUNDLEDNAME {} DSP 0 BRAM 0 URAM 0 STORAGESUBTYPE {} DISPNAME {bind_op sparsemux} VISIBLE false}} AREA {DSP 0 BRAM 0 URAM 0}} MultiPixStream2AXIvideo {BINDINFO {{BINDTYPE op ID {} IMPL fabric LATENCY 0 OPTYPE sub PRAGMA {} RTLNAME sub_ln367_fu_181_p2 SOURCE prj/sol/.autopilot/db/v_frmbuf_rd.cpp:367 VARIABLE sub_ln367 LOOP {} BUNDLEDNAME {} DSP 0 BRAM 0 URAM 0 STORAGESUBTYPE {} DISPNAME {bind_op sub} VISIBLE true} {BINDTYPE op ID {} IMPL fabric LATENCY 0 OPTYPE add PRAGMA {} RTLNAME add_ln392_fu_218_p2 SOURCE prj/sol/.autopilot/db/v_frmbuf_rd.cpp:392 VARIABLE add_ln392 LOOP {} BUNDLEDNAME {} DSP 0 BRAM 0 URAM 0 STORAGESUBTYPE {} DISPNAME {bind_op add} VISIBLE true} {BINDTYPE op ID {} IMPL auto LATENCY 0 OPTYPE seteq PRAGMA {} RTLNAME icmp_ln374_fu_224_p2 SOURCE prj/sol/.autopilot/db/v_frmbuf_rd.cpp:374 VARIABLE icmp_ln374 LOOP {} BUNDLEDNAME {} DSP 0 BRAM 0 URAM 0 STORAGESUBTYPE {} DISPNAME {bind_op seteq} VISIBLE false} {BINDTYPE op ID {} IMPL auto LATENCY 0 OPTYPE seteq PRAGMA {} RTLNAME icmp_ln374_1_fu_233_p2 SOURCE prj/sol/.autopilot/db/v_frmbuf_rd.cpp:374 VARIABLE icmp_ln374_1 LOOP VITIS_LOOP_374_2 BUNDLEDNAME {} DSP 0 BRAM 0 URAM 0 STORAGESUBTYPE {} DISPNAME {bind_op seteq} VISIBLE false} {BINDTYPE op ID {} IMPL fabric LATENCY 0 OPTYPE add PRAGMA {} RTLNAME i_2_fu_238_p2 SOURCE prj/sol/.autopilot/db/v_frmbuf_rd.cpp:374 VARIABLE i_2 LOOP VITIS_LOOP_374_2 BUNDLEDNAME {} DSP 0 BRAM 0 URAM 0 STORAGESUBTYPE {} DISPNAME {bind_op add} VISIBLE true} {BINDTYPE op ID {} IMPL auto LATENCY 0 OPTYPE and PRAGMA {} RTLNAME and_ln374_fu_244_p2 SOURCE prj/sol/.autopilot/db/v_frmbuf_rd.cpp:374 VARIABLE and_ln374 LOOP VITIS_LOOP_374_2 BUNDLEDNAME {} DSP 0 BRAM 0 URAM 0 STORAGESUBTYPE {} DISPNAME {bind_op and} VISIBLE false}} AREA {DSP 0 BRAM 0 URAM 0}} FrmbufRdHlsDataFlow {BINDINFO {{BINDTYPE storage ID {} IMPL bram LATENCY 0 OPTYPE fifo PRAGMA {} RTLNAME bytePlanes_plane0_U SOURCE prj/sol/.autopilot/db/v_frmbuf_rd.cpp:95 VARIABLE bytePlanes_plane0 LOOP {} BUNDLEDNAME {} DSP 0 BRAM 4 URAM 0 STORAGESUBTYPE stream STORAGESIZE {64 481 1} STORAGEUSAGE {fifo channel} DISPNAME {bind_storage fifo} VISIBLE true} {BINDTYPE storage ID {} IMPL bram LATENCY 0 OPTYPE fifo PRAGMA {} RTLNAME bytePlanes_plane1_U SOURCE prj/sol/.autopilot/db/v_frmbuf_rd.cpp:95 VARIABLE bytePlanes_plane1 LOOP {} BUNDLEDNAME {} DSP 0 BRAM 4 URAM 0 STORAGESUBTYPE stream STORAGESIZE {64 481 1} STORAGEUSAGE {fifo channel} DISPNAME {bind_storage fifo} VISIBLE true} {BINDTYPE storage ID {} IMPL bram LATENCY 0 OPTYPE fifo PRAGMA {} RTLNAME bytePlanes_plane2_U SOURCE prj/sol/.autopilot/db/v_frmbuf_rd.cpp:95 VARIABLE bytePlanes_plane2 LOOP {} BUNDLEDNAME {} DSP 0 BRAM 4 URAM 0 STORAGESUBTYPE stream STORAGESIZE {64 481 1} STORAGEUSAGE {fifo channel} DISPNAME {bind_storage fifo} VISIBLE true} {BINDTYPE storage ID {} IMPL srl LATENCY 0 OPTYPE fifo PRAGMA {} RTLNAME img_U SOURCE prj/sol/.autopilot/db/v_frmbuf_rd.cpp:90 VARIABLE img LOOP {} BUNDLEDNAME {} DSP 0 BRAM 0 URAM 0 STORAGESUBTYPE stream STORAGESIZE {24 2 1} STORAGEUSAGE {fifo channel} DISPNAME {bind_storage fifo} VISIBLE true}} AREA {DSP 2 BRAM 12 URAM 0}} v_frmbuf_rd {BINDINFO {{BINDTYPE op ID {} IMPL auto LATENCY 0 OPTYPE mul PRAGMA {} RTLNAME mul_14s_3ns_14_1_1_U228 SOURCE prj/sol/.autopilot/db/v_frmbuf_rd.cpp:255 VARIABLE WidthInBytes LOOP {} BUNDLEDNAME {} DSP 0 BRAM 0 URAM 0 STORAGESUBTYPE {} DISPNAME {bind_op mul} VISIBLE true} {BINDTYPE storage ID {} IMPL auto LATENCY 1 OPTYPE rom_1p PRAGMA {} RTLNAME BYTES_PER_PIXEL_U SOURCE {} VARIABLE BYTES_PER_PIXEL LOOP {} BUNDLEDNAME {} DSP 0 BRAM 0 URAM 0 STORAGESUBTYPE {} STORAGESIZE {3 45 1} STORAGEUSAGE rom_1p DISPNAME {bind_storage rom_1p} VISIBLE true} {BINDTYPE storage ID {} IMPL auto LATENCY 1 OPTYPE rom_1p PRAGMA {} RTLNAME MEMORY2LIVE_U SOURCE {} VARIABLE MEMORY2LIVE LOOP {} BUNDLEDNAME {} DSP 0 BRAM 0 URAM 0 STORAGESUBTYPE {} STORAGESIZE {3 45 1} STORAGEUSAGE rom_1p DISPNAME {bind_storage rom_1p} VISIBLE true}} AREA {DSP 2 BRAM 16 URAM 0}} reg_unsigned_short_s {AREA {DSP 0 BRAM 0 URAM 0}}}}'
INFO-FLOW: DBG:PUTS:      update_csynth_reports json2rpt_hw_sw_interfaces
Execute       send_msg_by_id INFO @200-1603@%s  and missed bursts 
INFO: [HLS 200-1603] Design has inferred MAXI bursts and missed bursts, see Vitis HLS GUI synthesis summary report for detailed information.
INFO-FLOW: Running: gen_csynth_sec_pragma
INFO-FLOW: Done: gen_csynth_sec_pragma time: 0.1 seconds 
Execute       send_msg_by_id INFO @200-2225@%s /home/serg/Documents/Xilinx/z700_hdmi/HDMI_MIXER/hdmi_mixer.runs/design_1_v_frmbuf_rd_0_0_synth_1/prj/sol/syn/inferred_directives.ini 
INFO: [HLS 200-2225] Wrote inferred directives to file /home/serg/Documents/Xilinx/z700_hdmi/HDMI_MIXER/hdmi_mixer.runs/design_1_v_frmbuf_rd_0_0_synth_1/prj/sol/syn/inferred_directives.ini
INFO-FLOW: DBG:PUTS:      update_csynth_reports wrote xml
INFO-FLOW: DBG:PUTS:      update_csynth_reports appended to csynth rpt file
INFO-FLOW: Done: add_csynth_report_sections time: 0.3 seconds 
INFO: [HLS 200-111] Finished Updating report files: CPU user time: 0.67 seconds. CPU system time: 0.05 seconds. Elapsed time: 0.72 seconds; current allocated memory: 631.316 MB.
INFO: [VHDL 208-304] Generating VHDL RTL for v_frmbuf_rd with prefix design_1_v_frmbuf_rd_0_0_.
INFO: [VLOG 209-307] Generating Verilog RTL for v_frmbuf_rd with prefix design_1_v_frmbuf_rd_0_0_.
Execute       syn_report -model v_frmbuf_rd -printsummary 
INFO: [HLS 200-789] **** Estimated Fmax: 210.04 MHz
Execute       AP::msg_collection_file -close 
Command     csynth_design done; 43.4 sec.
INFO: [HLS 200-2161] Finished Command csynth_design Elapsed time: 00:00:43; Allocated memory: 396.691 MB.
Execute     export_design -format ip_catalog 
INFO: [HLS 200-1510] Running: export_design -format ip_catalog 
Execute       config_export -format=ip_catalog 
Execute       ::AP::init_summary_file package-ip 
INFO-FLOW: DBG:PUTS: export_design_wrap: -format ip_catalog -rtl verilog -vendor xilinx.com -library ip -version 3.0
Execute       source /home/serg/Documents/Xilinx/z700_hdmi/HDMI_MIXER/hdmi_mixer.runs/design_1_v_frmbuf_rd_0_0_synth_1/prj/sol/.autopilot/db/global.setting.tcl 
INFO-FLOW: DBG:PUTS:   auto_impl: pack: -export -rtl verilog
INFO-FLOW: DBG:PROC: ::AESL_AUTOIMPL::auto_impl args='-export -rtl verilog'
Execute       source /home/serg/Documents/Xilinx/z700_hdmi/HDMI_MIXER/hdmi_mixer.runs/design_1_v_frmbuf_rd_0_0_synth_1/prj/sol/.autopilot/db/global.setting.tcl 
INFO: [IMPL 213-8] Exporting RTL as a Vivado IP.
INFO-FLOW: DBG:PUTS: automg_wrap -export -pcore_version 1.00.a -rtl vlog -tool Vivado -impltomg_flag
INFO-FLOW: DBG:PROC: ::AESL_AUTOMG::auto_generate args='-export -pcore_version 1.00.a -rtl vlog -tool Vivado -impltomg_flag'
INFO-FLOW: DBG:PUTS:     auto_generate -export -pcore_version 1.00.a -rtl vlog -tool Vivado -impltomg_flag
Execute       source /home/serg/Documents/Xilinx/z700_hdmi/HDMI_MIXER/hdmi_mixer.runs/design_1_v_frmbuf_rd_0_0_synth_1/prj/sol/.autopilot/db/global.setting.tcl 
INFO-FLOW: DBG:PUTS: read_platform_lib /home/serg/Documents/Xilinx/z700_hdmi/HDMI_MIXER/hdmi_mixer.runs/design_1_v_frmbuf_rd_0_0_synth_1/prj/sol/.autopilot/db/global.setting.tcl
Execute       source /tools/xilinx/2025.2/Vitis/common/technology/generic/autopilot/common.gen 
Execute         source /tools/xilinx/2025.2/Vitis/common/technology/generic/autopilot/APCoreGen.gen 
Execute       source /tools/xilinx/2025.2/Vitis/common/technology/generic/autopilot/op.gen 
Execute       source /tools/xilinx/2025.2/Vitis/common/technology/generic/autopilot/op_simcore.gen 
Execute       source /tools/xilinx/2025.2/Vitis/common/technology/generic/autopilot/interface.gen 
Execute       source /home/serg/Documents/Xilinx/z700_hdmi/HDMI_MIXER/hdmi_mixer.runs/design_1_v_frmbuf_rd_0_0_synth_1/prj/sol/.autopilot/db/global.setting.tcl 
Execute       source /tools/xilinx/2025.2/Vitis/common/technology/xilinx/common/xilinx.gen 
Execute         source /tools/xilinx/2025.2/Vitis/common/technology/xilinx/interface/plb46.gen 
Execute         source /tools/xilinx/2025.2/Vitis/common/technology/xilinx/interface/axi4.gen 
Execute         source /tools/xilinx/2025.2/Vitis/common/technology/xilinx/interface/nativeAXI4.gen 
Execute           source /tools/xilinx/2025.2/Vitis/common/technology/xilinx/interface/saxilite.gen 
Execute         source /tools/xilinx/2025.2/Vitis/common/technology/xilinx/scripts/xilinxcoregen.gen 
Execute         source /tools/xilinx/2025.2/Vitis/common/technology/xilinx/interface/XilEDKCoreGen.gen 
Execute         source /tools/xilinx/2025.2/Vitis/common/technology/xilinx/ip/util.gen 
Execute         source /tools/xilinx/2025.2/Vitis/common/technology/xilinx/ip/xfft.gen 
Execute         source /tools/xilinx/2025.2/Vitis/common/technology/xilinx/ip/dds_compiler.gen 
Execute         source /tools/xilinx/2025.2/Vitis/common/technology/xilinx/ip/xfir.gen 
Execute         source /tools/xilinx/2025.2/Vitis/common/technology/xilinx/DSP48/dsp48.gen 
INFO-FLOW: DBG:PUTS:       initCTypeInfo top_module=v_frmbuf_rd xml_exists=0
Execute       source /home/serg/Documents/Xilinx/z700_hdmi/HDMI_MIXER/hdmi_mixer.runs/design_1_v_frmbuf_rd_0_0_synth_1/prj/sol/.autopilot/db/v_frmbuf_rd.rtl_wrap.cfg.tcl 
Execute       source /home/serg/Documents/Xilinx/z700_hdmi/HDMI_MIXER/hdmi_mixer.runs/design_1_v_frmbuf_rd_0_0_synth_1/prj/sol/.autopilot/db/v_frmbuf_rd.rtl_wrap.cfg.tcl 
Execute       source /home/serg/Documents/Xilinx/z700_hdmi/HDMI_MIXER/hdmi_mixer.runs/design_1_v_frmbuf_rd_0_0_synth_1/prj/sol/.autopilot/db/v_frmbuf_rd.rtl_wrap.cfg.tcl 
Execute       source /home/serg/Documents/Xilinx/z700_hdmi/HDMI_MIXER/hdmi_mixer.runs/design_1_v_frmbuf_rd_0_0_synth_1/prj/sol/.autopilot/db/v_frmbuf_rd.tbgen.tcl 
Execute       source /home/serg/Documents/Xilinx/z700_hdmi/HDMI_MIXER/hdmi_mixer.runs/design_1_v_frmbuf_rd_0_0_synth_1/prj/sol/.autopilot/db/v_frmbuf_rd.tbgen.tcl 
Execute       source /home/serg/Documents/Xilinx/z700_hdmi/HDMI_MIXER/hdmi_mixer.runs/design_1_v_frmbuf_rd_0_0_synth_1/prj/sol/.autopilot/db/v_frmbuf_rd.tbgen.tcl 
Execute       source /home/serg/Documents/Xilinx/z700_hdmi/HDMI_MIXER/hdmi_mixer.runs/design_1_v_frmbuf_rd_0_0_synth_1/prj/sol/.autopilot/db/global.setting.tcl 
Execute       source /home/serg/Documents/Xilinx/z700_hdmi/HDMI_MIXER/hdmi_mixer.runs/design_1_v_frmbuf_rd_0_0_synth_1/prj/sol/.autopilot/db/v_frmbuf_rd.tbgen.tcl 
Execute       source /home/serg/Documents/Xilinx/z700_hdmi/HDMI_MIXER/hdmi_mixer.runs/design_1_v_frmbuf_rd_0_0_synth_1/prj/sol/.autopilot/db/cosimDB.tcl 
INFO-FLOW: DBG:PUTS:       cosim_export_main adding deadlock detection to design_1_v_frmbuf_rd_0_0_v_frmbuf_rd
INFO-FLOW: DBG:PUTS:       generate_datafile_ip_script ip_types={vitis sysgen} #gSsdmPorts=0
INFO-FLOW: DBG:PUTS: Skipping loadAnalyze_DB, #g_database=15
INFO-FLOW: DBG:PUTS:       generate_json generate_bd_files=0 generate_xo_files=false #modelList=69 #gSsdmPorts=0
INFO-FLOW: DBG:PROC: ::AP::DESIGN_DATA::generate_json generate_bd_files='0' generate_xo_files='false' modelList='design_1_v_frmbuf_rd_0_0_flow_control_loop_pipe_sequential_init
design_1_v_frmbuf_rd_0_0_flow_control_loop_pipe_sequential_init
design_1_v_frmbuf_rd_0_0_flow_control_loop_pipe_sequential_init
design_1_v_frmbuf_rd_0_0_flow_control_loop_pipe_sequential_init
design_1_v_frmbuf_rd_0_0_flow_control_loop_pipe_sequential_init
design_1_v_frmbuf_rd_0_0_flow_control_loop_pipe_sequential_init
design_1_v_frmbuf_rd_0_0_flow_control_loop_pipe_sequential_init
design_1_v_frmbuf_rd_0_0_flow_control_loop_pipe_sequential_init
design_1_v_frmbuf_rd_0_0_flow_control_loop_pipe_sequential_init
design_1_v_frmbuf_rd_0_0_flow_control_loop_pipe_sequential_init
design_1_v_frmbuf_rd_0_0_flow_control_loop_pipe_sequential_init
design_1_v_frmbuf_rd_0_0_flow_control_loop_pipe_sequential_init
design_1_v_frmbuf_rd_0_0_flow_control_loop_pipe_sequential_init
design_1_v_frmbuf_rd_0_0_flow_control_loop_pipe_sequential_init
design_1_v_frmbuf_rd_0_0_flow_control_loop_pipe_sequential_init
design_1_v_frmbuf_rd_0_0_flow_control_loop_pipe_sequential_init
design_1_v_frmbuf_rd_0_0_partselect_8ns_64ns_6ns_8_1_1
design_1_v_frmbuf_rd_0_0_flow_control_loop_pipe_sequential_init
design_1_v_frmbuf_rd_0_0_flow_control_loop_pipe_sequential_init
design_1_v_frmbuf_rd_0_0_urem_11ns_3ns_2_15_seq_1
design_1_v_frmbuf_rd_0_0_mul_11ns_13ns_23_1_1
design_1_v_frmbuf_rd_0_0_MultiPixStream2AXIvideo_Pipeline_VITIS_LOOP_367_1_mapComp_ROM_AUTO_1R
design_1_v_frmbuf_rd_0_0_flow_control_loop_pipe_sequential_init
design_1_v_frmbuf_rd_0_0_sparsemux_7_2_8_1_1
design_1_v_frmbuf_rd_0_0_flow_control_loop_pipe_sequential_init
design_1_v_frmbuf_rd_0_0_fifo_w64_d481_B
design_1_v_frmbuf_rd_0_0_fifo_w64_d481_B
design_1_v_frmbuf_rd_0_0_fifo_w64_d481_B
design_1_v_frmbuf_rd_0_0_fifo_w24_d2_S
design_1_v_frmbuf_rd_0_0_start_for_Bytes2MultiPixStream_U0
design_1_v_frmbuf_rd_0_0_start_for_MultiPixStream2AXIvideo_U0
design_1_v_frmbuf_rd_0_0_mul_14s_3ns_14_1_1
design_1_v_frmbuf_rd_0_0_BYTES_PER_PIXEL_ROM_AUTO_1R
design_1_v_frmbuf_rd_0_0_MEMORY2LIVE_ROM_AUTO_1R
design_1_v_frmbuf_rd_0_0_mm_video_m_axi
design_1_v_frmbuf_rd_0_0_CTRL_s_axi
design_1_v_frmbuf_rd_0_0_regslice_both
design_1_v_frmbuf_rd_0_0_regslice_both
design_1_v_frmbuf_rd_0_0_regslice_both
design_1_v_frmbuf_rd_0_0_regslice_both
design_1_v_frmbuf_rd_0_0_regslice_both
design_1_v_frmbuf_rd_0_0_regslice_both
design_1_v_frmbuf_rd_0_0_regslice_both
AXIMMvideo2Bytes_Pipeline_VITIS_LOOP_625_4
AXIMMvideo2Bytes_Pipeline_VITIS_LOOP_634_5
AXIMMvideo2Bytes_Pipeline_VITIS_LOOP_640_6
AXIMMvideo2Bytes_Pipeline_VITIS_LOOP_591_1
AXIMMvideo2Bytes_Pipeline_VITIS_LOOP_597_2
AXIMMvideo2Bytes_Pipeline_VITIS_LOOP_603_3
AXIMMvideo2Bytes_Pipeline_VITIS_LOOP_660_7
AXIMMvideo2Bytes_Pipeline_VITIS_LOOP_670_8
AXIMMvideo2Bytes
Bytes2MultiPixStream_Pipeline_VITIS_LOOP_1772_29
Bytes2MultiPixStream_Pipeline_VITIS_LOOP_1532_26
Bytes2MultiPixStream_Pipeline_VITIS_LOOP_1450_23
Bytes2MultiPixStream_Pipeline_VITIS_LOOP_1398_20
Bytes2MultiPixStream_Pipeline_VITIS_LOOP_1240_17
Bytes2MultiPixStream_Pipeline_VITIS_LOOP_1197_14
Bytes2MultiPixStream_Pipeline_VITIS_LOOP_1157_11
Bytes2MultiPixStream_Pipeline_VITIS_LOOP_954_8
Bytes2MultiPixStream_Pipeline_VITIS_LOOP_862_5
Bytes2MultiPixStream_Pipeline_VITIS_LOOP_755_1
Bytes2MultiPixStream
reg_unsigned_short_s
MultiPixStream2AXIvideo_Pipeline_VITIS_LOOP_367_1
MultiPixStream2AXIvideo_Pipeline_VITIS_LOOP_376_3
MultiPixStream2AXIvideo
FrmbufRdHlsDataFlow
v_frmbuf_rd
' rtl_lang='vlog' bootstrap_tcl='false' outdir='' outfilename=''
Execute       source /home/serg/Documents/Xilinx/z700_hdmi/HDMI_MIXER/hdmi_mixer.runs/design_1_v_frmbuf_rd_0_0_synth_1/prj/sol/.autopilot/db/global.setting.tcl 
Execute       source /home/serg/Documents/Xilinx/z700_hdmi/HDMI_MIXER/hdmi_mixer.runs/design_1_v_frmbuf_rd_0_0_synth_1/prj/sol/.autopilot/db/global.setting.tcl 
Execute       source /home/serg/Documents/Xilinx/z700_hdmi/HDMI_MIXER/hdmi_mixer.runs/design_1_v_frmbuf_rd_0_0_synth_1/prj/sol/.autopilot/db/top-io-be.tcl 
Execute       source /home/serg/Documents/Xilinx/z700_hdmi/HDMI_MIXER/hdmi_mixer.runs/design_1_v_frmbuf_rd_0_0_synth_1/prj/sol/.autopilot/db/v_frmbuf_rd.tbgen.tcl 
Execute       source /home/serg/Documents/Xilinx/z700_hdmi/HDMI_MIXER/hdmi_mixer.runs/design_1_v_frmbuf_rd_0_0_synth_1/prj/sol/.autopilot/db/v_frmbuf_rd.compgen.dataonly.tcl 
Execute       source /home/serg/Documents/Xilinx/z700_hdmi/HDMI_MIXER/hdmi_mixer.runs/design_1_v_frmbuf_rd_0_0_synth_1/prj/sol/.autopilot/db/v_frmbuf_rd.compgen.dataonly.tcl 
Execute       source /home/serg/Documents/Xilinx/z700_hdmi/HDMI_MIXER/hdmi_mixer.runs/design_1_v_frmbuf_rd_0_0_synth_1/prj/sol/.autopilot/db/v_frmbuf_rd.rtl_wrap.cfg.tcl 
Execute       source /home/serg/Documents/Xilinx/z700_hdmi/HDMI_MIXER/hdmi_mixer.runs/design_1_v_frmbuf_rd_0_0_synth_1/prj/sol/.autopilot/db/v_frmbuf_rd.compgen.dataonly.tcl 
Execute       source /home/serg/Documents/Xilinx/z700_hdmi/HDMI_MIXER/hdmi_mixer.runs/design_1_v_frmbuf_rd_0_0_synth_1/prj/sol/.autopilot/db/AXIMMvideo2Bytes_Pipeline_VITIS_LOOP_625_4.tbgen.tcl 
Execute       source /home/serg/Documents/Xilinx/z700_hdmi/HDMI_MIXER/hdmi_mixer.runs/design_1_v_frmbuf_rd_0_0_synth_1/prj/sol/.autopilot/db/AXIMMvideo2Bytes_Pipeline_VITIS_LOOP_634_5.tbgen.tcl 
Execute       source /home/serg/Documents/Xilinx/z700_hdmi/HDMI_MIXER/hdmi_mixer.runs/design_1_v_frmbuf_rd_0_0_synth_1/prj/sol/.autopilot/db/AXIMMvideo2Bytes_Pipeline_VITIS_LOOP_640_6.tbgen.tcl 
Execute       source /home/serg/Documents/Xilinx/z700_hdmi/HDMI_MIXER/hdmi_mixer.runs/design_1_v_frmbuf_rd_0_0_synth_1/prj/sol/.autopilot/db/AXIMMvideo2Bytes_Pipeline_VITIS_LOOP_591_1.tbgen.tcl 
Execute       source /home/serg/Documents/Xilinx/z700_hdmi/HDMI_MIXER/hdmi_mixer.runs/design_1_v_frmbuf_rd_0_0_synth_1/prj/sol/.autopilot/db/AXIMMvideo2Bytes_Pipeline_VITIS_LOOP_597_2.tbgen.tcl 
Execute       source /home/serg/Documents/Xilinx/z700_hdmi/HDMI_MIXER/hdmi_mixer.runs/design_1_v_frmbuf_rd_0_0_synth_1/prj/sol/.autopilot/db/AXIMMvideo2Bytes_Pipeline_VITIS_LOOP_603_3.tbgen.tcl 
Execute       source /home/serg/Documents/Xilinx/z700_hdmi/HDMI_MIXER/hdmi_mixer.runs/design_1_v_frmbuf_rd_0_0_synth_1/prj/sol/.autopilot/db/AXIMMvideo2Bytes_Pipeline_VITIS_LOOP_660_7.tbgen.tcl 
Execute       source /home/serg/Documents/Xilinx/z700_hdmi/HDMI_MIXER/hdmi_mixer.runs/design_1_v_frmbuf_rd_0_0_synth_1/prj/sol/.autopilot/db/AXIMMvideo2Bytes_Pipeline_VITIS_LOOP_670_8.tbgen.tcl 
Execute       source /home/serg/Documents/Xilinx/z700_hdmi/HDMI_MIXER/hdmi_mixer.runs/design_1_v_frmbuf_rd_0_0_synth_1/prj/sol/.autopilot/db/AXIMMvideo2Bytes.tbgen.tcl 
Execute       source /home/serg/Documents/Xilinx/z700_hdmi/HDMI_MIXER/hdmi_mixer.runs/design_1_v_frmbuf_rd_0_0_synth_1/prj/sol/.autopilot/db/Bytes2MultiPixStream_Pipeline_VITIS_LOOP_1772_29.tbgen.tcl 
Execute       source /home/serg/Documents/Xilinx/z700_hdmi/HDMI_MIXER/hdmi_mixer.runs/design_1_v_frmbuf_rd_0_0_synth_1/prj/sol/.autopilot/db/Bytes2MultiPixStream_Pipeline_VITIS_LOOP_1532_26.tbgen.tcl 
Execute       source /home/serg/Documents/Xilinx/z700_hdmi/HDMI_MIXER/hdmi_mixer.runs/design_1_v_frmbuf_rd_0_0_synth_1/prj/sol/.autopilot/db/Bytes2MultiPixStream_Pipeline_VITIS_LOOP_1450_23.tbgen.tcl 
Execute       source /home/serg/Documents/Xilinx/z700_hdmi/HDMI_MIXER/hdmi_mixer.runs/design_1_v_frmbuf_rd_0_0_synth_1/prj/sol/.autopilot/db/Bytes2MultiPixStream_Pipeline_VITIS_LOOP_1398_20.tbgen.tcl 
Execute       source /home/serg/Documents/Xilinx/z700_hdmi/HDMI_MIXER/hdmi_mixer.runs/design_1_v_frmbuf_rd_0_0_synth_1/prj/sol/.autopilot/db/Bytes2MultiPixStream_Pipeline_VITIS_LOOP_1240_17.tbgen.tcl 
Execute       source /home/serg/Documents/Xilinx/z700_hdmi/HDMI_MIXER/hdmi_mixer.runs/design_1_v_frmbuf_rd_0_0_synth_1/prj/sol/.autopilot/db/Bytes2MultiPixStream_Pipeline_VITIS_LOOP_1197_14.tbgen.tcl 
Execute       source /home/serg/Documents/Xilinx/z700_hdmi/HDMI_MIXER/hdmi_mixer.runs/design_1_v_frmbuf_rd_0_0_synth_1/prj/sol/.autopilot/db/Bytes2MultiPixStream_Pipeline_VITIS_LOOP_1157_11.tbgen.tcl 
Execute       source /home/serg/Documents/Xilinx/z700_hdmi/HDMI_MIXER/hdmi_mixer.runs/design_1_v_frmbuf_rd_0_0_synth_1/prj/sol/.autopilot/db/Bytes2MultiPixStream_Pipeline_VITIS_LOOP_954_8.tbgen.tcl 
Execute       source /home/serg/Documents/Xilinx/z700_hdmi/HDMI_MIXER/hdmi_mixer.runs/design_1_v_frmbuf_rd_0_0_synth_1/prj/sol/.autopilot/db/Bytes2MultiPixStream_Pipeline_VITIS_LOOP_862_5.tbgen.tcl 
Execute       source /home/serg/Documents/Xilinx/z700_hdmi/HDMI_MIXER/hdmi_mixer.runs/design_1_v_frmbuf_rd_0_0_synth_1/prj/sol/.autopilot/db/Bytes2MultiPixStream_Pipeline_VITIS_LOOP_755_1.tbgen.tcl 
Execute       source /home/serg/Documents/Xilinx/z700_hdmi/HDMI_MIXER/hdmi_mixer.runs/design_1_v_frmbuf_rd_0_0_synth_1/prj/sol/.autopilot/db/Bytes2MultiPixStream.tbgen.tcl 
Execute       source /home/serg/Documents/Xilinx/z700_hdmi/HDMI_MIXER/hdmi_mixer.runs/design_1_v_frmbuf_rd_0_0_synth_1/prj/sol/.autopilot/db/reg_unsigned_short_s.tbgen.tcl 
Execute       source /home/serg/Documents/Xilinx/z700_hdmi/HDMI_MIXER/hdmi_mixer.runs/design_1_v_frmbuf_rd_0_0_synth_1/prj/sol/.autopilot/db/MultiPixStream2AXIvideo_Pipeline_VITIS_LOOP_367_1.tbgen.tcl 
Execute       source /home/serg/Documents/Xilinx/z700_hdmi/HDMI_MIXER/hdmi_mixer.runs/design_1_v_frmbuf_rd_0_0_synth_1/prj/sol/.autopilot/db/MultiPixStream2AXIvideo_Pipeline_VITIS_LOOP_376_3.tbgen.tcl 
Execute       source /home/serg/Documents/Xilinx/z700_hdmi/HDMI_MIXER/hdmi_mixer.runs/design_1_v_frmbuf_rd_0_0_synth_1/prj/sol/.autopilot/db/MultiPixStream2AXIvideo.tbgen.tcl 
Execute       source /home/serg/Documents/Xilinx/z700_hdmi/HDMI_MIXER/hdmi_mixer.runs/design_1_v_frmbuf_rd_0_0_synth_1/prj/sol/.autopilot/db/FrmbufRdHlsDataFlow.tbgen.tcl 
Execute       source /home/serg/Documents/Xilinx/z700_hdmi/HDMI_MIXER/hdmi_mixer.runs/design_1_v_frmbuf_rd_0_0_synth_1/prj/sol/.autopilot/db/v_frmbuf_rd.tbgen.tcl 
Execute       source /home/serg/Documents/Xilinx/z700_hdmi/HDMI_MIXER/hdmi_mixer.runs/design_1_v_frmbuf_rd_0_0_synth_1/prj/sol/.autopilot/db/global.setting.tcl 
Execute       ap_part_info -name xc7z020-clg400-2 -data names -quiet 
Execute       ap_part_info -name xc7z020-clg400-2 -data info -quiet 
Execute       source /home/serg/Documents/Xilinx/z700_hdmi/HDMI_MIXER/hdmi_mixer.runs/design_1_v_frmbuf_rd_0_0_synth_1/prj/sol/.autopilot/db/v_frmbuf_rd.constraint.tcl 
Execute       sc_get_clocks v_frmbuf_rd 
Execute       source /home/serg/Documents/Xilinx/z700_hdmi/HDMI_MIXER/hdmi_mixer.runs/design_1_v_frmbuf_rd_0_0_synth_1/prj/sol/.autopilot/db/global.setting.tcl 
INFO-FLOW: DBG:PUTS:       generate_syn_sh
Execute       ap_part_info -name xc7z020-clg400-2 -data names -quiet 
Execute       ap_part_info -name xc7z020-clg400-2 -data info -quiet 
Execute       source /home/serg/Documents/Xilinx/z700_hdmi/HDMI_MIXER/hdmi_mixer.runs/design_1_v_frmbuf_rd_0_0_synth_1/prj/sol/.autopilot/db/global.setting.tcl 
INFO-FLOW: DBG:PUTS:       generate_imp_constraints
Execute       ap_part_info -name xc7z020-clg400-2 -data names -quiet 
Execute       ap_part_info -name xc7z020-clg400-2 -data info -quiet 
Execute       source /home/serg/Documents/Xilinx/z700_hdmi/HDMI_MIXER/hdmi_mixer.runs/design_1_v_frmbuf_rd_0_0_synth_1/prj/sol/.autopilot/db/v_frmbuf_rd.constraint.tcl 
Execute       source /home/serg/Documents/Xilinx/z700_hdmi/HDMI_MIXER/hdmi_mixer.runs/design_1_v_frmbuf_rd_0_0_synth_1/prj/sol/.autopilot/db/v_frmbuf_rd.tbgen.tcl 
INFO-FLOW: DBG:PUTS:       delete-temp-dirs pwd=/home/serg/Documents/Xilinx/z700_hdmi/HDMI_MIXER/hdmi_mixer.runs/design_1_v_frmbuf_rd_0_0_synth_1/prj/sol
Execute       ap_part_info -name xc7z020-clg400-2 -data names -quiet 
Execute       ap_part_info -name xc7z020-clg400-2 -data info -quiet 
INFO-FLOW: DBG:PUTS: read_platform_lib /home/serg/Documents/Xilinx/z700_hdmi/HDMI_MIXER/hdmi_mixer.runs/design_1_v_frmbuf_rd_0_0_synth_1/prj/sol/.autopilot/db/global.setting.tcl
Execute       source /tools/xilinx/2025.2/Vitis/common/technology/generic/autopilot/common.gen 
Execute         source /tools/xilinx/2025.2/Vitis/common/technology/generic/autopilot/APCoreGen.gen 
Execute       source /tools/xilinx/2025.2/Vitis/common/technology/generic/autopilot/op.gen 
Execute       source /tools/xilinx/2025.2/Vitis/common/technology/generic/autopilot/op_simcore.gen 
Execute       source /tools/xilinx/2025.2/Vitis/common/technology/generic/autopilot/interface.gen 
Execute       source /home/serg/Documents/Xilinx/z700_hdmi/HDMI_MIXER/hdmi_mixer.runs/design_1_v_frmbuf_rd_0_0_synth_1/prj/sol/.autopilot/db/global.setting.tcl 
Execute       source /tools/xilinx/2025.2/Vitis/common/technology/xilinx/common/xilinx.gen 
Execute         source /tools/xilinx/2025.2/Vitis/common/technology/xilinx/interface/plb46.gen 
Execute         source /tools/xilinx/2025.2/Vitis/common/technology/xilinx/interface/axi4.gen 
Execute         source /tools/xilinx/2025.2/Vitis/common/technology/xilinx/interface/nativeAXI4.gen 
Execute           source /tools/xilinx/2025.2/Vitis/common/technology/xilinx/interface/saxilite.gen 
Execute         source /tools/xilinx/2025.2/Vitis/common/technology/xilinx/scripts/xilinxcoregen.gen 
Execute         source /tools/xilinx/2025.2/Vitis/common/technology/xilinx/interface/XilEDKCoreGen.gen 
Execute         source /tools/xilinx/2025.2/Vitis/common/technology/xilinx/ip/util.gen 
Execute         source /tools/xilinx/2025.2/Vitis/common/technology/xilinx/ip/xfft.gen 
Execute         source /tools/xilinx/2025.2/Vitis/common/technology/xilinx/ip/dds_compiler.gen 
Execute         source /tools/xilinx/2025.2/Vitis/common/technology/xilinx/ip/xfir.gen 
Execute         source /tools/xilinx/2025.2/Vitis/common/technology/xilinx/DSP48/dsp48.gen 
INFO-FLOW: DBG:PUTS:     IP package: exec /home/serg/Documents/Xilinx/z700_hdmi/HDMI_MIXER/hdmi_mixer.runs/design_1_v_frmbuf_rd_0_0_synth_1/prj/sol/impl/ip/pack.sh
INFO-FLOW: DBG:PUTS:     IP package: success /home/serg/Documents/Xilinx/z700_hdmi/HDMI_MIXER/hdmi_mixer.runs/design_1_v_frmbuf_rd_0_0_synth_1/prj/sol/impl/ip/pack.sh
Execute       send_msg_by_id INFO @200-802@%s prj/sol/impl/export.zip 
INFO: [HLS 200-802] Generated output file prj/sol/impl/export.zip
Command     export_design done; 5.16 sec.
INFO: [HLS 200-2161] Finished Command export_design Elapsed time: 00:00:05; Allocated memory: 3.516 MB.
Execute     cleanup_all 
