

================================================================
== Vitis HLS Report for 'Bytes2MultiPixStream'
================================================================
* Date:           Mon Mar 16 15:10:45 2026

* Version:        2025.2 (Build 6295257 on Nov 14 2025)
* Project:        prj
* Solution:       sol (Vivado IP Flow Target)
* Product family: zynq
* Target device:  xc7z020-clg400-2


================================================================
== Performance Estimates
================================================================
+ Timing: 
    * Summary: 
    +--------+---------+----------+------------+
    |  Clock |  Target | Estimated| Uncertainty|
    +--------+---------+----------+------------+
    |ap_clk  |  6.52 ns|  4.761 ns|     1.76 ns|
    +--------+---------+----------+------------+

+ Latency: 
    * Summary: 
    +---------+----------+----------+-----------+-----+----------+---------+
    |  Latency (cycles)  |  Latency (absolute)  |    Interval    | Pipeline|
    |   min   |    max   |    min   |    max    | min |    max   |   Type  |
    +---------+----------+----------+-----------+-----+----------+---------+
    |        1|  12447005|  6.522 ns|  81.179 ms|    1|  12447005|       no|
    +---------+----------+----------+-----------+-----+----------+---------+

    + Detail: 
        * Instance: 
        N/A

        * Loop: 
        +-------------------------------+---------+----------+-----------+-----------+-----------+-----------+----------+
        |                               |  Latency (cycles)  | Iteration |  Initiation Interval  |    Trip   |          |
        |           Loop Name           |   min   |    max   |  Latency  |  achieved |   target  |   Count   | Pipelined|
        +-------------------------------+---------+----------+-----------+-----------+-----------+-----------+----------+
        |- loop_Bytes2MulPxStrm_Y_U_V8  |      320|  12447000|  5 ~ 11525|          -|          -|  64 ~ 1080|        no|
        |- VITIS_LOOP_857_4             |      256|  12447000|  4 ~ 11525|          -|          -|  64 ~ 1080|        no|
        |- loop_Y_UV8_Y_UV8_420         |      320|  12447000|  5 ~ 11525|          -|          -|  64 ~ 1080|        no|
        |- loop_YUYV8                   |      320|   6226200|   5 ~ 5765|          -|          -|  64 ~ 1080|        no|
        |- loop_UYVY8                   |      320|   6226200|   5 ~ 5765|          -|          -|  64 ~ 1080|        no|
        |- loop_RGB8_YUV8               |      320|   4152600|   5 ~ 3845|          -|          -|  64 ~ 1080|        no|
        |- loop_BGR8                    |      320|   4152600|   5 ~ 3845|          -|          -|  64 ~ 1080|        no|
        |- loop_RGBX8_YUVX8             |      320|   3115800|   5 ~ 2885|          -|          -|  64 ~ 1080|        no|
        |- loop_Y8                      |      320|  12447000|  5 ~ 11525|          -|          -|  64 ~ 1080|        no|
        |- loop_BGRX8                   |      320|   3115800|   5 ~ 2885|          -|          -|  64 ~ 1080|        no|
        +-------------------------------+---------+----------+-----------+-----------+-----------+-----------+----------+

============================================================
+ Verbose Summary: Synthesis Manager
============================================================
InlineROM: 1
ExposeGlobal: 0
============================================================
+ Verbose Summary: CDFG Model
============================================================
IsTopModel: 0
ResetActiveHigh: 1
IsCombinational: 2
IsDatapathOnly: 0
HasWiredReturn: 1
HasMFsm: 0
HasVarLatency: 1
IsPipeline: 0
IsRtlPipelined: 0
IsInstanceOverlapped: 0
IsDontTouch: 0
HasImplIP: 0
IsGatedGlobalClock: 0


============================================================
+ Verbose Summary: Schedule
============================================================
* Number of FSM states : 58
* Pipeline : 0
* Dataflow Pipeline: 0

* FSM state transitions: 
1 --> 2 9 23 26 56 58 42 45 48 51 53 
2 --> 3 5 7 23 
3 --> 4 
4 --> 2 
5 --> 6 
6 --> 2 
7 --> 8 
8 --> 2 
9 --> 10 
10 --> 11 
11 --> 12 
12 --> 13 
13 --> 14 
14 --> 15 
15 --> 16 
16 --> 17 
17 --> 18 
18 --> 19 
19 --> 20 
20 --> 21 
21 --> 22 
22 --> 23 
23 --> 24 40 56 
24 --> 25 
25 --> 23 
26 --> 27 
27 --> 28 
28 --> 29 
29 --> 30 
30 --> 31 
31 --> 32 
32 --> 33 
33 --> 34 
34 --> 35 
35 --> 36 
36 --> 37 
37 --> 38 
38 --> 39 
39 --> 23 
40 --> 41 
41 --> 23 
42 --> 43 23 
43 --> 44 
44 --> 42 
45 --> 46 23 
46 --> 47 
47 --> 45 
48 --> 49 23 
49 --> 50 
50 --> 48 
51 --> 52 23 
52 --> 51 
53 --> 54 57 
54 --> 55 
55 --> 53 
56 --> 57 
57 --> 58 
58 --> 

* FSM state operations: 

State 1 <SV = 0> <Delay = 4.39>
ST_1 : Operation 59 [1/1] (0.00ns)   --->   "%VideoFormat_val_read = read i6 @_ssdm_op_Read.ap_auto.i6, i6 %VideoFormat_val"   --->   Operation 59 'read' 'VideoFormat_val_read' <Predicate = true> <Delay = 0.00>
ST_1 : Operation 60 [1/1] (0.00ns)   --->   "%WidthInBytes_val_read = read i14 @_ssdm_op_Read.ap_auto.i14, i14 %WidthInBytes_val"   --->   Operation 60 'read' 'WidthInBytes_val_read' <Predicate = true> <Delay = 0.00>
ST_1 : Operation 61 [1/1] (0.00ns)   --->   "%Width_val_read = read i11 @_ssdm_op_Read.ap_auto.i11, i11 %Width_val"   --->   Operation 61 'read' 'Width_val_read' <Predicate = true> <Delay = 0.00>
ST_1 : Operation 62 [1/1] (0.00ns)   --->   "%Height_val_read = read i11 @_ssdm_op_Read.ap_auto.i11, i11 %Height_val"   --->   Operation 62 'read' 'Height_val_read' <Predicate = true> <Delay = 0.00>
ST_1 : Operation 63 [1/1] (0.00ns)   --->   "%empty = trunc i6 %VideoFormat_val_read"   --->   Operation 63 'trunc' 'empty' <Predicate = true> <Delay = 0.00>
ST_1 : Operation 64 [1/1] (0.00ns)   --->   "%specstablecontent_ln0 = specstablecontent void @_ssdm_op_SpecStableContent, i14 %WidthInBytes_val, i1 1, void @p_str"   --->   Operation 64 'specstablecontent' 'specstablecontent_ln0' <Predicate = true> <Delay = 0.00>
ST_1 : Operation 65 [1/1] (0.00ns)   --->   "%specstablecontent_ln0 = specstablecontent void @_ssdm_op_SpecStableContent, i6 %VideoFormat_val, i1 1, void "   --->   Operation 65 'specstablecontent' 'specstablecontent_ln0' <Predicate = true> <Delay = 0.00>
ST_1 : Operation 66 [1/1] (0.00ns)   --->   "%specstablecontent_ln0 = specstablecontent void @_ssdm_op_SpecStableContent, i11 %Height_val, i1 1, void "   --->   Operation 66 'specstablecontent' 'specstablecontent_ln0' <Predicate = true> <Delay = 0.00>
ST_1 : Operation 67 [1/1] (0.00ns)   --->   "%specstablecontent_ln0 = specstablecontent void @_ssdm_op_SpecStableContent, i11 %Width_val, i1 1, void "   --->   Operation 67 'specstablecontent' 'specstablecontent_ln0' <Predicate = true> <Delay = 0.00>
ST_1 : Operation 68 [1/1] (0.00ns)   --->   "%specmemcore_ln0 = specmemcore void @_ssdm_op_SpecMemCore, i64 %bytePlanes_plane2, i64 666, i64 8, i64 18446744073709551615, i1 0"   --->   Operation 68 'specmemcore' 'specmemcore_ln0' <Predicate = true> <Delay = 0.00>
ST_1 : Operation 69 [1/1] (0.00ns)   --->   "%specmemcore_ln0 = specmemcore void @_ssdm_op_SpecMemCore, i64 %bytePlanes_plane1, i64 666, i64 8, i64 18446744073709551615, i1 0"   --->   Operation 69 'specmemcore' 'specmemcore_ln0' <Predicate = true> <Delay = 0.00>
ST_1 : Operation 70 [1/1] (0.00ns)   --->   "%specmemcore_ln0 = specmemcore void @_ssdm_op_SpecMemCore, i64 %bytePlanes_plane0, i64 666, i64 8, i64 18446744073709551615, i1 0"   --->   Operation 70 'specmemcore' 'specmemcore_ln0' <Predicate = true> <Delay = 0.00>
ST_1 : Operation 71 [1/1] (0.00ns)   --->   "%specinterface_ln0 = specinterface void @_ssdm_op_SpecInterface, i64 %bytePlanes_plane2, void @empty_17, i32 0, i32 0, void @empty_11, i32 0, i32 0, void @empty_11, void @empty_11, void @empty_11, i32 0, i32 0, i32 0, i32 0, void @empty_11, void @empty_11, i32 4294967295, i32 0, i32 0, i32 0"   --->   Operation 71 'specinterface' 'specinterface_ln0' <Predicate = true> <Delay = 0.00>
ST_1 : Operation 72 [1/1] (0.00ns)   --->   "%specinterface_ln0 = specinterface void @_ssdm_op_SpecInterface, i64 %bytePlanes_plane1, void @empty_17, i32 0, i32 0, void @empty_11, i32 0, i32 0, void @empty_11, void @empty_11, void @empty_11, i32 0, i32 0, i32 0, i32 0, void @empty_11, void @empty_11, i32 4294967295, i32 0, i32 0, i32 0"   --->   Operation 72 'specinterface' 'specinterface_ln0' <Predicate = true> <Delay = 0.00>
ST_1 : Operation 73 [1/1] (0.00ns)   --->   "%specinterface_ln0 = specinterface void @_ssdm_op_SpecInterface, i64 %bytePlanes_plane0, void @empty_17, i32 0, i32 0, void @empty_11, i32 0, i32 0, void @empty_11, void @empty_11, void @empty_11, i32 0, i32 0, i32 0, i32 0, void @empty_11, void @empty_11, i32 4294967295, i32 0, i32 0, i32 0"   --->   Operation 73 'specinterface' 'specinterface_ln0' <Predicate = true> <Delay = 0.00>
ST_1 : Operation 74 [1/1] (0.00ns)   --->   "%specinterface_ln0 = specinterface void @_ssdm_op_SpecInterface, i24 %img, void @empty_17, i32 0, i32 0, void @empty_11, i32 0, i32 0, void @empty_11, void @empty_11, void @empty_11, i32 0, i32 0, i32 0, i32 0, void @empty_11, void @empty_11, i32 4294967295, i32 0, i32 0, i32 0"   --->   Operation 74 'specinterface' 'specinterface_ln0' <Predicate = true> <Delay = 0.00>
ST_1 : Operation 75 [1/1] (1.28ns)   --->   "%switch_ln689 = switch i6 %VideoFormat_val_read, void %if.end1212, i6 43, void %if.end1234, i6 42, void %if.then3, i6 44, void %if.end1232, i6 41, void %if.then82, i6 19, void %if.then213, i6 18, void %if.then213, i6 23, void %if.end1229, i6 22, void %if.end1229, i6 33, void %if.end1228, i6 32, void %if.end1228, i6 38, void %if.end1227, i6 37, void %if.end1227, i6 12, void %if.then347, i6 28, void %if.then440, i6 21, void %if.then536, i6 20, void %if.then536, i6 31, void %if.end1223, i6 30, void %if.end1223, i6 36, void %if.end1222, i6 35, void %if.end1222, i6 29, void %if.then710, i6 11, void %if.then879, i6 10, void %if.then879, i6 16, void %if.end1219, i6 15, void %if.end1219, i6 24, void %if.then995, i6 25, void %if.end1217, i6 34, void %if.end1216, i6 39, void %if.end1215, i6 14, void %if.end1214, i6 13, void %if.end1214, i6 26, void %if.end1213, i6 27, void %if.then1106" [prj/sol/.autopilot/db/v_frmbuf_rd.cpp:689]   --->   Operation 75 'switch' 'switch_ln689' <Predicate = true> <Delay = 1.28>
ST_1 : Operation 76 [1/1] (0.00ns)   --->   "%y_9 = alloca i32 1" [prj/sol/.autopilot/db/v_frmbuf_rd.cpp:1765]   --->   Operation 76 'alloca' 'y_9' <Predicate = (VideoFormat_val_read == 27)> <Delay = 0.00>
ST_1 : Operation 77 [1/1] (1.52ns)   --->   "%add_ln1759 = add i14 %WidthInBytes_val_read, i14 7" [prj/sol/.autopilot/db/v_frmbuf_rd.cpp:1759]   --->   Operation 77 'add' 'add_ln1759' <Predicate = (VideoFormat_val_read == 27)> <Delay = 1.52> <CoreInst = "Adder">   --->   Core 1 'Adder' <Latency = 0> <II = 1> <Delay = 1.52> <FuncUnit> <Opcode : 'add' 'sub'> <InPorts = 2> <OutPorts = 1>
ST_1 : Operation 78 [1/1] (0.00ns)   --->   "%loopWidth_9 = partselect i11 @_ssdm_op_PartSelect.i11.i14.i32.i32, i14 %add_ln1759, i32 3, i32 13" [prj/sol/.autopilot/db/v_frmbuf_rd.cpp:1759]   --->   Operation 78 'partselect' 'loopWidth_9' <Predicate = (VideoFormat_val_read == 27)> <Delay = 0.00>
ST_1 : Operation 79 [1/1] (0.00ns)   --->   "%zext_ln1759 = zext i11 %loopWidth_9" [prj/sol/.autopilot/db/v_frmbuf_rd.cpp:1759]   --->   Operation 79 'zext' 'zext_ln1759' <Predicate = (VideoFormat_val_read == 27)> <Delay = 0.00>
ST_1 : Operation 80 [1/1] (0.00ns)   --->   "%tmp_23 = bitselect i1 @_ssdm_op_BitSelect.i1.i14.i32, i14 %WidthInBytes_val_read, i32 2" [prj/sol/.autopilot/db/v_frmbuf_rd.cpp:1762]   --->   Operation 80 'bitselect' 'tmp_23' <Predicate = (VideoFormat_val_read == 27)> <Delay = 0.00>
ST_1 : Operation 81 [1/1] (0.80ns)   --->   "%xor_ln1762 = xor i1 %tmp_23, i1 1" [prj/sol/.autopilot/db/v_frmbuf_rd.cpp:1762]   --->   Operation 81 'xor' 'xor_ln1762' <Predicate = (VideoFormat_val_read == 27)> <Delay = 0.80> <CoreInst = "LogicGate">   --->   Core 74 'LogicGate' <Latency = 0> <II = 1> <Delay = 0.80> <FuncUnit> <Opcode : 'and' 'or' 'xor'> <InPorts = 2> <OutPorts = 1>
ST_1 : Operation 82 [1/1] (1.48ns)   --->   "%add_ln1789 = add i12 %zext_ln1759, i12 4095" [prj/sol/.autopilot/db/v_frmbuf_rd.cpp:1789]   --->   Operation 82 'add' 'add_ln1789' <Predicate = (VideoFormat_val_read == 27)> <Delay = 1.48> <CoreInst = "Adder">   --->   Core 1 'Adder' <Latency = 0> <II = 1> <Delay = 1.48> <FuncUnit> <Opcode : 'add' 'sub'> <InPorts = 2> <OutPorts = 1>
ST_1 : Operation 83 [1/1] (1.29ns)   --->   "%store_ln1765 = store i11 0, i11 %y_9" [prj/sol/.autopilot/db/v_frmbuf_rd.cpp:1765]   --->   Operation 83 'store' 'store_ln1765' <Predicate = (VideoFormat_val_read == 27)> <Delay = 1.29>
ST_1 : Operation 84 [1/1] (0.00ns)   --->   "%br_ln1765 = br void %VITIS_LOOP_1772_29" [prj/sol/.autopilot/db/v_frmbuf_rd.cpp:1765]   --->   Operation 84 'br' 'br_ln1765' <Predicate = (VideoFormat_val_read == 27)> <Delay = 0.00>
ST_1 : Operation 85 [1/1] (0.00ns)   --->   "%y_8 = alloca i32 1" [prj/sol/.autopilot/db/v_frmbuf_rd.cpp:1525]   --->   Operation 85 'alloca' 'y_8' <Predicate = (VideoFormat_val_read == 24)> <Delay = 0.00>
ST_1 : Operation 86 [1/1] (0.00ns)   --->   "%remainPix_14 = trunc i14 %WidthInBytes_val_read" [prj/sol/.autopilot/db/v_frmbuf_rd.cpp:1519]   --->   Operation 86 'trunc' 'remainPix_14' <Predicate = (VideoFormat_val_read == 24)> <Delay = 0.00>
ST_1 : Operation 87 [1/1] (1.52ns)   --->   "%add_ln1519 = add i14 %WidthInBytes_val_read, i14 7" [prj/sol/.autopilot/db/v_frmbuf_rd.cpp:1519]   --->   Operation 87 'add' 'add_ln1519' <Predicate = (VideoFormat_val_read == 24)> <Delay = 1.52> <CoreInst = "Adder">   --->   Core 1 'Adder' <Latency = 0> <II = 1> <Delay = 1.52> <FuncUnit> <Opcode : 'add' 'sub'> <InPorts = 2> <OutPorts = 1>
ST_1 : Operation 88 [1/1] (0.00ns)   --->   "%loopWidth_8 = partselect i11 @_ssdm_op_PartSelect.i11.i14.i32.i32, i14 %add_ln1519, i32 3, i32 13" [prj/sol/.autopilot/db/v_frmbuf_rd.cpp:1519]   --->   Operation 88 'partselect' 'loopWidth_8' <Predicate = (VideoFormat_val_read == 24)> <Delay = 0.00>
ST_1 : Operation 89 [1/1] (0.00ns)   --->   "%zext_ln1519 = zext i11 %loopWidth_8" [prj/sol/.autopilot/db/v_frmbuf_rd.cpp:1519]   --->   Operation 89 'zext' 'zext_ln1519' <Predicate = (VideoFormat_val_read == 24)> <Delay = 0.00>
ST_1 : Operation 90 [1/1] (0.00ns)   --->   "%zext_ln1521 = zext i3 %remainPix_14" [prj/sol/.autopilot/db/v_frmbuf_rd.cpp:1521]   --->   Operation 90 'zext' 'zext_ln1521' <Predicate = (VideoFormat_val_read == 24)> <Delay = 0.00>
ST_1 : Operation 91 [1/1] (0.76ns)   --->   "%icmp_ln1522 = icmp_eq  i3 %remainPix_14, i3 0" [prj/sol/.autopilot/db/v_frmbuf_rd.cpp:1522]   --->   Operation 91 'icmp' 'icmp_ln1522' <Predicate = (VideoFormat_val_read == 24)> <Delay = 0.76> <CoreInst = "Cmp">   --->   Core 9 'Cmp' <Latency = 0> <II = 1> <Delay = 0.76> <FuncUnit> <Opcode : 'seteq' 'setne' 'setle' 'setge' 'setlt' 'setgt'> <InPorts = 2> <OutPorts = 1>
ST_1 : Operation 92 [1/1] (0.83ns)   --->   "%remainPix_15 = select i1 %icmp_ln1522, i4 8, i4 %zext_ln1521" [prj/sol/.autopilot/db/v_frmbuf_rd.cpp:1522]   --->   Operation 92 'select' 'remainPix_15' <Predicate = (VideoFormat_val_read == 24)> <Delay = 0.83> <CoreInst = "Sel">   --->   Core 73 'Sel' <Latency = 0> <II = 1> <Delay = 0.83> <FuncUnit> <Opcode : 'select'> <InPorts = 3> <OutPorts = 1>
ST_1 : Operation 93 [1/1] (1.48ns)   --->   "%add_ln1548 = add i12 %zext_ln1519, i12 4095" [prj/sol/.autopilot/db/v_frmbuf_rd.cpp:1548]   --->   Operation 93 'add' 'add_ln1548' <Predicate = (VideoFormat_val_read == 24)> <Delay = 1.48> <CoreInst = "Adder">   --->   Core 1 'Adder' <Latency = 0> <II = 1> <Delay = 1.48> <FuncUnit> <Opcode : 'add' 'sub'> <InPorts = 2> <OutPorts = 1>
ST_1 : Operation 94 [1/1] (0.00ns)   --->   "%tmp_21 = partselect i3 @_ssdm_op_PartSelect.i3.i4.i32.i32, i4 %remainPix_15, i32 1, i32 3" [prj/sol/.autopilot/db/v_frmbuf_rd.cpp:1548]   --->   Operation 94 'partselect' 'tmp_21' <Predicate = (VideoFormat_val_read == 24)> <Delay = 0.00>
ST_1 : Operation 95 [1/1] (0.76ns)   --->   "%icmp_ln1548 = icmp_ne  i3 %tmp_21, i3 0" [prj/sol/.autopilot/db/v_frmbuf_rd.cpp:1548]   --->   Operation 95 'icmp' 'icmp_ln1548' <Predicate = (VideoFormat_val_read == 24)> <Delay = 0.76> <CoreInst = "Cmp">   --->   Core 9 'Cmp' <Latency = 0> <II = 1> <Delay = 0.76> <FuncUnit> <Opcode : 'seteq' 'setne' 'setle' 'setge' 'setlt' 'setgt'> <InPorts = 2> <OutPorts = 1>
ST_1 : Operation 96 [1/1] (0.99ns)   --->   "%icmp_ln1548_1 = icmp_ugt  i4 %remainPix_15, i4 2" [prj/sol/.autopilot/db/v_frmbuf_rd.cpp:1548]   --->   Operation 96 'icmp' 'icmp_ln1548_1' <Predicate = (VideoFormat_val_read == 24)> <Delay = 0.99> <CoreInst = "Cmp">   --->   Core 9 'Cmp' <Latency = 0> <II = 1> <Delay = 0.99> <FuncUnit> <Opcode : 'seteq' 'setne' 'setle' 'setge' 'setlt' 'setgt'> <InPorts = 2> <OutPorts = 1>
ST_1 : Operation 97 [1/1] (0.00ns)   --->   "%tmp_22 = partselect i2 @_ssdm_op_PartSelect.i2.i4.i32.i32, i4 %remainPix_15, i32 2, i32 3" [prj/sol/.autopilot/db/v_frmbuf_rd.cpp:1548]   --->   Operation 97 'partselect' 'tmp_22' <Predicate = (VideoFormat_val_read == 24)> <Delay = 0.00>
ST_1 : Operation 98 [1/1] (0.63ns)   --->   "%icmp_ln1548_2 = icmp_ne  i2 %tmp_22, i2 0" [prj/sol/.autopilot/db/v_frmbuf_rd.cpp:1548]   --->   Operation 98 'icmp' 'icmp_ln1548_2' <Predicate = (VideoFormat_val_read == 24)> <Delay = 0.63> <CoreInst = "Cmp">   --->   Core 9 'Cmp' <Latency = 0> <II = 1> <Delay = 0.63> <FuncUnit> <Opcode : 'seteq' 'setne' 'setle' 'setge' 'setlt' 'setgt'> <InPorts = 2> <OutPorts = 1>
ST_1 : Operation 99 [1/1] (0.99ns)   --->   "%icmp_ln1548_3 = icmp_ugt  i4 %remainPix_15, i4 4" [prj/sol/.autopilot/db/v_frmbuf_rd.cpp:1548]   --->   Operation 99 'icmp' 'icmp_ln1548_3' <Predicate = (VideoFormat_val_read == 24)> <Delay = 0.99> <CoreInst = "Cmp">   --->   Core 9 'Cmp' <Latency = 0> <II = 1> <Delay = 0.99> <FuncUnit> <Opcode : 'seteq' 'setne' 'setle' 'setge' 'setlt' 'setgt'> <InPorts = 2> <OutPorts = 1>
ST_1 : Operation 100 [1/1] (0.99ns)   --->   "%icmp_ln1548_4 = icmp_ugt  i4 %remainPix_15, i4 5" [prj/sol/.autopilot/db/v_frmbuf_rd.cpp:1548]   --->   Operation 100 'icmp' 'icmp_ln1548_4' <Predicate = (VideoFormat_val_read == 24)> <Delay = 0.99> <CoreInst = "Cmp">   --->   Core 9 'Cmp' <Latency = 0> <II = 1> <Delay = 0.99> <FuncUnit> <Opcode : 'seteq' 'setne' 'setle' 'setge' 'setlt' 'setgt'> <InPorts = 2> <OutPorts = 1>
ST_1 : Operation 101 [1/1] (0.99ns)   --->   "%icmp_ln1548_5 = icmp_ugt  i4 %remainPix_15, i4 6" [prj/sol/.autopilot/db/v_frmbuf_rd.cpp:1548]   --->   Operation 101 'icmp' 'icmp_ln1548_5' <Predicate = (VideoFormat_val_read == 24)> <Delay = 0.99> <CoreInst = "Cmp">   --->   Core 9 'Cmp' <Latency = 0> <II = 1> <Delay = 0.99> <FuncUnit> <Opcode : 'seteq' 'setne' 'setle' 'setge' 'setlt' 'setgt'> <InPorts = 2> <OutPorts = 1>
ST_1 : Operation 102 [1/1] (1.29ns)   --->   "%store_ln1525 = store i11 0, i11 %y_8" [prj/sol/.autopilot/db/v_frmbuf_rd.cpp:1525]   --->   Operation 102 'store' 'store_ln1525' <Predicate = (VideoFormat_val_read == 24)> <Delay = 1.29>
ST_1 : Operation 103 [1/1] (0.00ns)   --->   "%br_ln1525 = br void %VITIS_LOOP_1532_26" [prj/sol/.autopilot/db/v_frmbuf_rd.cpp:1525]   --->   Operation 103 'br' 'br_ln1525' <Predicate = (VideoFormat_val_read == 24)> <Delay = 0.00>
ST_1 : Operation 104 [1/1] (0.00ns)   --->   "%y_7 = alloca i32 1" [prj/sol/.autopilot/db/v_frmbuf_rd.cpp:1443]   --->   Operation 104 'alloca' 'y_7' <Predicate = (VideoFormat_val_read == 10) | (VideoFormat_val_read == 11)> <Delay = 0.00>
ST_1 : Operation 105 [1/1] (1.52ns)   --->   "%add_ln1437 = add i14 %WidthInBytes_val_read, i14 7" [prj/sol/.autopilot/db/v_frmbuf_rd.cpp:1437]   --->   Operation 105 'add' 'add_ln1437' <Predicate = (VideoFormat_val_read == 10) | (VideoFormat_val_read == 11)> <Delay = 1.52> <CoreInst = "Adder">   --->   Core 1 'Adder' <Latency = 0> <II = 1> <Delay = 1.52> <FuncUnit> <Opcode : 'add' 'sub'> <InPorts = 2> <OutPorts = 1>
ST_1 : Operation 106 [1/1] (0.00ns)   --->   "%loopWidth_7 = partselect i11 @_ssdm_op_PartSelect.i11.i14.i32.i32, i14 %add_ln1437, i32 3, i32 13" [prj/sol/.autopilot/db/v_frmbuf_rd.cpp:1437]   --->   Operation 106 'partselect' 'loopWidth_7' <Predicate = (VideoFormat_val_read == 10) | (VideoFormat_val_read == 11)> <Delay = 0.00>
ST_1 : Operation 107 [1/1] (0.00ns)   --->   "%zext_ln1437 = zext i11 %loopWidth_7" [prj/sol/.autopilot/db/v_frmbuf_rd.cpp:1437]   --->   Operation 107 'zext' 'zext_ln1437' <Predicate = (VideoFormat_val_read == 10) | (VideoFormat_val_read == 11)> <Delay = 0.00>
ST_1 : Operation 108 [1/1] (0.00ns)   --->   "%tmp_20 = bitselect i1 @_ssdm_op_BitSelect.i1.i14.i32, i14 %WidthInBytes_val_read, i32 2" [prj/sol/.autopilot/db/v_frmbuf_rd.cpp:1440]   --->   Operation 108 'bitselect' 'tmp_20' <Predicate = (VideoFormat_val_read == 10) | (VideoFormat_val_read == 11)> <Delay = 0.00>
ST_1 : Operation 109 [1/1] (0.80ns)   --->   "%xor_ln1440 = xor i1 %tmp_20, i1 1" [prj/sol/.autopilot/db/v_frmbuf_rd.cpp:1440]   --->   Operation 109 'xor' 'xor_ln1440' <Predicate = (VideoFormat_val_read == 10) | (VideoFormat_val_read == 11)> <Delay = 0.80> <CoreInst = "LogicGate">   --->   Core 74 'LogicGate' <Latency = 0> <II = 1> <Delay = 0.80> <FuncUnit> <Opcode : 'and' 'or' 'xor'> <InPorts = 2> <OutPorts = 1>
ST_1 : Operation 110 [1/1] (1.48ns)   --->   "%add_ln1467 = add i12 %zext_ln1437, i12 4095" [prj/sol/.autopilot/db/v_frmbuf_rd.cpp:1467]   --->   Operation 110 'add' 'add_ln1467' <Predicate = (VideoFormat_val_read == 10) | (VideoFormat_val_read == 11)> <Delay = 1.48> <CoreInst = "Adder">   --->   Core 1 'Adder' <Latency = 0> <II = 1> <Delay = 1.48> <FuncUnit> <Opcode : 'add' 'sub'> <InPorts = 2> <OutPorts = 1>
ST_1 : Operation 111 [1/1] (1.29ns)   --->   "%store_ln1443 = store i11 0, i11 %y_7" [prj/sol/.autopilot/db/v_frmbuf_rd.cpp:1443]   --->   Operation 111 'store' 'store_ln1443' <Predicate = (VideoFormat_val_read == 10) | (VideoFormat_val_read == 11)> <Delay = 1.29>
ST_1 : Operation 112 [1/1] (0.00ns)   --->   "%br_ln1443 = br void %VITIS_LOOP_1450_23" [prj/sol/.autopilot/db/v_frmbuf_rd.cpp:1443]   --->   Operation 112 'br' 'br_ln1443' <Predicate = (VideoFormat_val_read == 10) | (VideoFormat_val_read == 11)> <Delay = 0.00>
ST_1 : Operation 113 [1/1] (0.00ns)   --->   "%y_6 = alloca i32 1" [prj/sol/.autopilot/db/v_frmbuf_rd.cpp:1390]   --->   Operation 113 'alloca' 'y_6' <Predicate = (VideoFormat_val_read == 29)> <Delay = 0.00>
ST_1 : Operation 114 [1/1] (1.52ns)   --->   "%add_ln1382 = add i14 %WidthInBytes_val_read, i14 7" [prj/sol/.autopilot/db/v_frmbuf_rd.cpp:1382]   --->   Operation 114 'add' 'add_ln1382' <Predicate = (VideoFormat_val_read == 29)> <Delay = 1.52> <CoreInst = "Adder">   --->   Core 1 'Adder' <Latency = 0> <II = 1> <Delay = 1.52> <FuncUnit> <Opcode : 'add' 'sub'> <InPorts = 2> <OutPorts = 1>
ST_1 : Operation 115 [1/1] (0.00ns)   --->   "%trunc_ln4 = partselect i11 @_ssdm_op_PartSelect.i11.i14.i32.i32, i14 %add_ln1382, i32 3, i32 13" [prj/sol/.autopilot/db/v_frmbuf_rd.cpp:1382]   --->   Operation 115 'partselect' 'trunc_ln4' <Predicate = (VideoFormat_val_read == 29)> <Delay = 0.00>
ST_1 : Operation 116 [15/15] (2.86ns)   --->   "%remainTrx_1 = urem i11 %trunc_ln4, i11 3" [prj/sol/.autopilot/db/v_frmbuf_rd.cpp:1384]   --->   Operation 116 'urem' 'remainTrx_1' <Predicate = (VideoFormat_val_read == 29)> <Delay = 2.86> <CoreInst = "DivnS_SEQ">   --->   Core 7 'DivnS_SEQ' <Latency = 14> <II = 2> <Delay = 2.86> <FuncUnit> <Opcode : 'udiv' 'sdiv' 'urem' 'srem'> <InPorts = 2> <OutPorts = 1>
ST_1 : Operation 117 [1/1] (0.00ns)   --->   "%remainPix_12 = trunc i11 %Width_val_read" [prj/sol/.autopilot/db/v_frmbuf_rd.cpp:1385]   --->   Operation 117 'trunc' 'remainPix_12' <Predicate = (VideoFormat_val_read == 29)> <Delay = 0.00>
ST_1 : Operation 118 [1/1] (1.29ns)   --->   "%store_ln1390 = store i11 0, i11 %y_6" [prj/sol/.autopilot/db/v_frmbuf_rd.cpp:1390]   --->   Operation 118 'store' 'store_ln1390' <Predicate = (VideoFormat_val_read == 29)> <Delay = 1.29>
ST_1 : Operation 119 [1/1] (0.00ns)   --->   "%y_5 = alloca i32 1" [prj/sol/.autopilot/db/v_frmbuf_rd.cpp:1232]   --->   Operation 119 'alloca' 'y_5' <Predicate = (VideoFormat_val_read == 20) | (VideoFormat_val_read == 21)> <Delay = 0.00>
ST_1 : Operation 120 [1/1] (1.52ns)   --->   "%add_ln1224 = add i14 %WidthInBytes_val_read, i14 7" [prj/sol/.autopilot/db/v_frmbuf_rd.cpp:1224]   --->   Operation 120 'add' 'add_ln1224' <Predicate = (VideoFormat_val_read == 20) | (VideoFormat_val_read == 21)> <Delay = 1.52> <CoreInst = "Adder">   --->   Core 1 'Adder' <Latency = 0> <II = 1> <Delay = 1.52> <FuncUnit> <Opcode : 'add' 'sub'> <InPorts = 2> <OutPorts = 1>
ST_1 : Operation 121 [1/1] (0.00ns)   --->   "%trunc_ln = partselect i11 @_ssdm_op_PartSelect.i11.i14.i32.i32, i14 %add_ln1224, i32 3, i32 13" [prj/sol/.autopilot/db/v_frmbuf_rd.cpp:1224]   --->   Operation 121 'partselect' 'trunc_ln' <Predicate = (VideoFormat_val_read == 20) | (VideoFormat_val_read == 21)> <Delay = 0.00>
ST_1 : Operation 122 [15/15] (2.86ns)   --->   "%remainTrx = urem i11 %trunc_ln, i11 3" [prj/sol/.autopilot/db/v_frmbuf_rd.cpp:1226]   --->   Operation 122 'urem' 'remainTrx' <Predicate = (VideoFormat_val_read == 20) | (VideoFormat_val_read == 21)> <Delay = 2.86> <CoreInst = "DivnS_SEQ">   --->   Core 7 'DivnS_SEQ' <Latency = 14> <II = 2> <Delay = 2.86> <FuncUnit> <Opcode : 'udiv' 'sdiv' 'urem' 'srem'> <InPorts = 2> <OutPorts = 1>
ST_1 : Operation 123 [1/1] (0.00ns)   --->   "%remainPix_10 = trunc i11 %Width_val_read" [prj/sol/.autopilot/db/v_frmbuf_rd.cpp:1227]   --->   Operation 123 'trunc' 'remainPix_10' <Predicate = (VideoFormat_val_read == 20) | (VideoFormat_val_read == 21)> <Delay = 0.00>
ST_1 : Operation 124 [1/1] (1.29ns)   --->   "%store_ln1232 = store i11 0, i11 %y_5" [prj/sol/.autopilot/db/v_frmbuf_rd.cpp:1232]   --->   Operation 124 'store' 'store_ln1232' <Predicate = (VideoFormat_val_read == 20) | (VideoFormat_val_read == 21)> <Delay = 1.29>
ST_1 : Operation 125 [1/1] (0.00ns)   --->   "%y_4 = alloca i32 1" [prj/sol/.autopilot/db/v_frmbuf_rd.cpp:1190]   --->   Operation 125 'alloca' 'y_4' <Predicate = (VideoFormat_val_read == 28)> <Delay = 0.00>
ST_1 : Operation 126 [1/1] (1.52ns)   --->   "%add_ln1184 = add i14 %WidthInBytes_val_read, i14 7" [prj/sol/.autopilot/db/v_frmbuf_rd.cpp:1184]   --->   Operation 126 'add' 'add_ln1184' <Predicate = (VideoFormat_val_read == 28)> <Delay = 1.52> <CoreInst = "Adder">   --->   Core 1 'Adder' <Latency = 0> <II = 1> <Delay = 1.52> <FuncUnit> <Opcode : 'add' 'sub'> <InPorts = 2> <OutPorts = 1>
ST_1 : Operation 127 [1/1] (0.00ns)   --->   "%loopWidth_4 = partselect i11 @_ssdm_op_PartSelect.i11.i14.i32.i32, i14 %add_ln1184, i32 3, i32 13" [prj/sol/.autopilot/db/v_frmbuf_rd.cpp:1184]   --->   Operation 127 'partselect' 'loopWidth_4' <Predicate = (VideoFormat_val_read == 28)> <Delay = 0.00>
ST_1 : Operation 128 [1/1] (0.00ns)   --->   "%zext_ln1184 = zext i11 %loopWidth_4" [prj/sol/.autopilot/db/v_frmbuf_rd.cpp:1184]   --->   Operation 128 'zext' 'zext_ln1184' <Predicate = (VideoFormat_val_read == 28)> <Delay = 0.00>
ST_1 : Operation 129 [1/1] (0.00ns)   --->   "%remainPix_8 = partselect i2 @_ssdm_op_PartSelect.i2.i14.i32.i32, i14 %WidthInBytes_val_read, i32 1, i32 2" [prj/sol/.autopilot/db/v_frmbuf_rd.cpp:1185]   --->   Operation 129 'partselect' 'remainPix_8' <Predicate = (VideoFormat_val_read == 28)> <Delay = 0.00>
ST_1 : Operation 130 [1/1] (0.00ns)   --->   "%zext_ln1186 = zext i2 %remainPix_8" [prj/sol/.autopilot/db/v_frmbuf_rd.cpp:1186]   --->   Operation 130 'zext' 'zext_ln1186' <Predicate = (VideoFormat_val_read == 28)> <Delay = 0.00>
ST_1 : Operation 131 [1/1] (0.63ns)   --->   "%icmp_ln1187 = icmp_eq  i2 %remainPix_8, i2 0" [prj/sol/.autopilot/db/v_frmbuf_rd.cpp:1187]   --->   Operation 131 'icmp' 'icmp_ln1187' <Predicate = (VideoFormat_val_read == 28)> <Delay = 0.63> <CoreInst = "Cmp">   --->   Core 9 'Cmp' <Latency = 0> <II = 1> <Delay = 0.63> <FuncUnit> <Opcode : 'seteq' 'setne' 'setle' 'setge' 'setlt' 'setgt'> <InPorts = 2> <OutPorts = 1>
ST_1 : Operation 132 [1/1] (0.79ns)   --->   "%remainPix_9 = select i1 %icmp_ln1187, i3 4, i3 %zext_ln1186" [prj/sol/.autopilot/db/v_frmbuf_rd.cpp:1187]   --->   Operation 132 'select' 'remainPix_9' <Predicate = (VideoFormat_val_read == 28)> <Delay = 0.79> <CoreInst = "Sel">   --->   Core 73 'Sel' <Latency = 0> <II = 1> <Delay = 0.79> <FuncUnit> <Opcode : 'select'> <InPorts = 3> <OutPorts = 1>
ST_1 : Operation 133 [1/1] (1.48ns)   --->   "%add_ln1213 = add i12 %zext_ln1184, i12 4095" [prj/sol/.autopilot/db/v_frmbuf_rd.cpp:1213]   --->   Operation 133 'add' 'add_ln1213' <Predicate = (VideoFormat_val_read == 28)> <Delay = 1.48> <CoreInst = "Adder">   --->   Core 1 'Adder' <Latency = 0> <II = 1> <Delay = 1.48> <FuncUnit> <Opcode : 'add' 'sub'> <InPorts = 2> <OutPorts = 1>
ST_1 : Operation 134 [1/1] (0.00ns)   --->   "%tmp_15 = partselect i2 @_ssdm_op_PartSelect.i2.i3.i32.i32, i3 %remainPix_9, i32 1, i32 2" [prj/sol/.autopilot/db/v_frmbuf_rd.cpp:1213]   --->   Operation 134 'partselect' 'tmp_15' <Predicate = (VideoFormat_val_read == 28)> <Delay = 0.00>
ST_1 : Operation 135 [1/1] (0.63ns)   --->   "%icmp_ln1213 = icmp_ne  i2 %tmp_15, i2 0" [prj/sol/.autopilot/db/v_frmbuf_rd.cpp:1213]   --->   Operation 135 'icmp' 'icmp_ln1213' <Predicate = (VideoFormat_val_read == 28)> <Delay = 0.63> <CoreInst = "Cmp">   --->   Core 9 'Cmp' <Latency = 0> <II = 1> <Delay = 0.63> <FuncUnit> <Opcode : 'seteq' 'setne' 'setle' 'setge' 'setlt' 'setgt'> <InPorts = 2> <OutPorts = 1>
ST_1 : Operation 136 [1/1] (0.76ns)   --->   "%icmp_ln1213_1 = icmp_ugt  i3 %remainPix_9, i3 2" [prj/sol/.autopilot/db/v_frmbuf_rd.cpp:1213]   --->   Operation 136 'icmp' 'icmp_ln1213_1' <Predicate = (VideoFormat_val_read == 28)> <Delay = 0.76> <CoreInst = "Cmp">   --->   Core 9 'Cmp' <Latency = 0> <II = 1> <Delay = 0.76> <FuncUnit> <Opcode : 'seteq' 'setne' 'setle' 'setge' 'setlt' 'setgt'> <InPorts = 2> <OutPorts = 1>
ST_1 : Operation 137 [1/1] (1.29ns)   --->   "%store_ln1190 = store i11 0, i11 %y_4" [prj/sol/.autopilot/db/v_frmbuf_rd.cpp:1190]   --->   Operation 137 'store' 'store_ln1190' <Predicate = (VideoFormat_val_read == 28)> <Delay = 1.29>
ST_1 : Operation 138 [1/1] (0.00ns)   --->   "%br_ln1190 = br void %VITIS_LOOP_1197_14" [prj/sol/.autopilot/db/v_frmbuf_rd.cpp:1190]   --->   Operation 138 'br' 'br_ln1190' <Predicate = (VideoFormat_val_read == 28)> <Delay = 0.00>
ST_1 : Operation 139 [1/1] (0.00ns)   --->   "%y_3 = alloca i32 1" [prj/sol/.autopilot/db/v_frmbuf_rd.cpp:1150]   --->   Operation 139 'alloca' 'y_3' <Predicate = (VideoFormat_val_read == 12)> <Delay = 0.00>
ST_1 : Operation 140 [1/1] (1.52ns)   --->   "%add_ln1144 = add i14 %WidthInBytes_val_read, i14 7" [prj/sol/.autopilot/db/v_frmbuf_rd.cpp:1144]   --->   Operation 140 'add' 'add_ln1144' <Predicate = (VideoFormat_val_read == 12)> <Delay = 1.52> <CoreInst = "Adder">   --->   Core 1 'Adder' <Latency = 0> <II = 1> <Delay = 1.52> <FuncUnit> <Opcode : 'add' 'sub'> <InPorts = 2> <OutPorts = 1>
ST_1 : Operation 141 [1/1] (0.00ns)   --->   "%loopWidth_3 = partselect i11 @_ssdm_op_PartSelect.i11.i14.i32.i32, i14 %add_ln1144, i32 3, i32 13" [prj/sol/.autopilot/db/v_frmbuf_rd.cpp:1144]   --->   Operation 141 'partselect' 'loopWidth_3' <Predicate = (VideoFormat_val_read == 12)> <Delay = 0.00>
ST_1 : Operation 142 [1/1] (0.00ns)   --->   "%zext_ln1144 = zext i11 %loopWidth_3" [prj/sol/.autopilot/db/v_frmbuf_rd.cpp:1144]   --->   Operation 142 'zext' 'zext_ln1144' <Predicate = (VideoFormat_val_read == 12)> <Delay = 0.00>
ST_1 : Operation 143 [1/1] (0.00ns)   --->   "%remainPix_6 = partselect i2 @_ssdm_op_PartSelect.i2.i14.i32.i32, i14 %WidthInBytes_val_read, i32 1, i32 2" [prj/sol/.autopilot/db/v_frmbuf_rd.cpp:1145]   --->   Operation 143 'partselect' 'remainPix_6' <Predicate = (VideoFormat_val_read == 12)> <Delay = 0.00>
ST_1 : Operation 144 [1/1] (0.00ns)   --->   "%zext_ln1146 = zext i2 %remainPix_6" [prj/sol/.autopilot/db/v_frmbuf_rd.cpp:1146]   --->   Operation 144 'zext' 'zext_ln1146' <Predicate = (VideoFormat_val_read == 12)> <Delay = 0.00>
ST_1 : Operation 145 [1/1] (0.63ns)   --->   "%icmp_ln1147 = icmp_eq  i2 %remainPix_6, i2 0" [prj/sol/.autopilot/db/v_frmbuf_rd.cpp:1147]   --->   Operation 145 'icmp' 'icmp_ln1147' <Predicate = (VideoFormat_val_read == 12)> <Delay = 0.63> <CoreInst = "Cmp">   --->   Core 9 'Cmp' <Latency = 0> <II = 1> <Delay = 0.63> <FuncUnit> <Opcode : 'seteq' 'setne' 'setle' 'setge' 'setlt' 'setgt'> <InPorts = 2> <OutPorts = 1>
ST_1 : Operation 146 [1/1] (0.79ns)   --->   "%remainPix_7 = select i1 %icmp_ln1147, i3 4, i3 %zext_ln1146" [prj/sol/.autopilot/db/v_frmbuf_rd.cpp:1147]   --->   Operation 146 'select' 'remainPix_7' <Predicate = (VideoFormat_val_read == 12)> <Delay = 0.79> <CoreInst = "Sel">   --->   Core 73 'Sel' <Latency = 0> <II = 1> <Delay = 0.79> <FuncUnit> <Opcode : 'select'> <InPorts = 3> <OutPorts = 1>
ST_1 : Operation 147 [1/1] (1.48ns)   --->   "%add_ln1173 = add i12 %zext_ln1144, i12 4095" [prj/sol/.autopilot/db/v_frmbuf_rd.cpp:1173]   --->   Operation 147 'add' 'add_ln1173' <Predicate = (VideoFormat_val_read == 12)> <Delay = 1.48> <CoreInst = "Adder">   --->   Core 1 'Adder' <Latency = 0> <II = 1> <Delay = 1.48> <FuncUnit> <Opcode : 'add' 'sub'> <InPorts = 2> <OutPorts = 1>
ST_1 : Operation 148 [1/1] (0.00ns)   --->   "%tmp_14 = partselect i2 @_ssdm_op_PartSelect.i2.i3.i32.i32, i3 %remainPix_7, i32 1, i32 2" [prj/sol/.autopilot/db/v_frmbuf_rd.cpp:1173]   --->   Operation 148 'partselect' 'tmp_14' <Predicate = (VideoFormat_val_read == 12)> <Delay = 0.00>
ST_1 : Operation 149 [1/1] (0.63ns)   --->   "%icmp_ln1173 = icmp_ne  i2 %tmp_14, i2 0" [prj/sol/.autopilot/db/v_frmbuf_rd.cpp:1173]   --->   Operation 149 'icmp' 'icmp_ln1173' <Predicate = (VideoFormat_val_read == 12)> <Delay = 0.63> <CoreInst = "Cmp">   --->   Core 9 'Cmp' <Latency = 0> <II = 1> <Delay = 0.63> <FuncUnit> <Opcode : 'seteq' 'setne' 'setle' 'setge' 'setlt' 'setgt'> <InPorts = 2> <OutPorts = 1>
ST_1 : Operation 150 [1/1] (0.76ns)   --->   "%icmp_ln1173_1 = icmp_ugt  i3 %remainPix_7, i3 2" [prj/sol/.autopilot/db/v_frmbuf_rd.cpp:1173]   --->   Operation 150 'icmp' 'icmp_ln1173_1' <Predicate = (VideoFormat_val_read == 12)> <Delay = 0.76> <CoreInst = "Cmp">   --->   Core 9 'Cmp' <Latency = 0> <II = 1> <Delay = 0.76> <FuncUnit> <Opcode : 'seteq' 'setne' 'setle' 'setge' 'setlt' 'setgt'> <InPorts = 2> <OutPorts = 1>
ST_1 : Operation 151 [1/1] (1.29ns)   --->   "%store_ln1150 = store i11 0, i11 %y_3" [prj/sol/.autopilot/db/v_frmbuf_rd.cpp:1150]   --->   Operation 151 'store' 'store_ln1150' <Predicate = (VideoFormat_val_read == 12)> <Delay = 1.29>
ST_1 : Operation 152 [1/1] (0.00ns)   --->   "%br_ln1150 = br void %VITIS_LOOP_1157_11" [prj/sol/.autopilot/db/v_frmbuf_rd.cpp:1150]   --->   Operation 152 'br' 'br_ln1150' <Predicate = (VideoFormat_val_read == 12)> <Delay = 0.00>
ST_1 : Operation 153 [1/1] (0.00ns)   --->   "%y_2 = alloca i32 1" [prj/sol/.autopilot/db/v_frmbuf_rd.cpp:947]   --->   Operation 153 'alloca' 'y_2' <Predicate = (VideoFormat_val_read == 18) | (VideoFormat_val_read == 19)> <Delay = 0.00>
ST_1 : Operation 154 [1/1] (0.00ns)   --->   "%remainPix_4 = trunc i14 %WidthInBytes_val_read" [prj/sol/.autopilot/db/v_frmbuf_rd.cpp:941]   --->   Operation 154 'trunc' 'remainPix_4' <Predicate = (VideoFormat_val_read == 18) | (VideoFormat_val_read == 19)> <Delay = 0.00>
ST_1 : Operation 155 [1/1] (1.52ns)   --->   "%add_ln941 = add i14 %WidthInBytes_val_read, i14 7" [prj/sol/.autopilot/db/v_frmbuf_rd.cpp:941]   --->   Operation 155 'add' 'add_ln941' <Predicate = (VideoFormat_val_read == 18) | (VideoFormat_val_read == 19)> <Delay = 1.52> <CoreInst = "Adder">   --->   Core 1 'Adder' <Latency = 0> <II = 1> <Delay = 1.52> <FuncUnit> <Opcode : 'add' 'sub'> <InPorts = 2> <OutPorts = 1>
ST_1 : Operation 156 [1/1] (0.00ns)   --->   "%loopWidth_2 = partselect i11 @_ssdm_op_PartSelect.i11.i14.i32.i32, i14 %add_ln941, i32 3, i32 13" [prj/sol/.autopilot/db/v_frmbuf_rd.cpp:941]   --->   Operation 156 'partselect' 'loopWidth_2' <Predicate = (VideoFormat_val_read == 18) | (VideoFormat_val_read == 19)> <Delay = 0.00>
ST_1 : Operation 157 [1/1] (0.00ns)   --->   "%zext_ln941 = zext i11 %loopWidth_2" [prj/sol/.autopilot/db/v_frmbuf_rd.cpp:941]   --->   Operation 157 'zext' 'zext_ln941' <Predicate = (VideoFormat_val_read == 18) | (VideoFormat_val_read == 19)> <Delay = 0.00>
ST_1 : Operation 158 [1/1] (0.00ns)   --->   "%zext_ln943 = zext i3 %remainPix_4" [prj/sol/.autopilot/db/v_frmbuf_rd.cpp:943]   --->   Operation 158 'zext' 'zext_ln943' <Predicate = (VideoFormat_val_read == 18) | (VideoFormat_val_read == 19)> <Delay = 0.00>
ST_1 : Operation 159 [1/1] (0.76ns)   --->   "%icmp_ln944 = icmp_eq  i3 %remainPix_4, i3 0" [prj/sol/.autopilot/db/v_frmbuf_rd.cpp:944]   --->   Operation 159 'icmp' 'icmp_ln944' <Predicate = (VideoFormat_val_read == 18) | (VideoFormat_val_read == 19)> <Delay = 0.76> <CoreInst = "Cmp">   --->   Core 9 'Cmp' <Latency = 0> <II = 1> <Delay = 0.76> <FuncUnit> <Opcode : 'seteq' 'setne' 'setle' 'setge' 'setlt' 'setgt'> <InPorts = 2> <OutPorts = 1>
ST_1 : Operation 160 [1/1] (0.83ns)   --->   "%remainPix_5 = select i1 %icmp_ln944, i4 8, i4 %zext_ln943" [prj/sol/.autopilot/db/v_frmbuf_rd.cpp:944]   --->   Operation 160 'select' 'remainPix_5' <Predicate = (VideoFormat_val_read == 18) | (VideoFormat_val_read == 19)> <Delay = 0.83> <CoreInst = "Sel">   --->   Core 73 'Sel' <Latency = 0> <II = 1> <Delay = 0.83> <FuncUnit> <Opcode : 'select'> <InPorts = 3> <OutPorts = 1>
ST_1 : Operation 161 [1/1] (1.48ns)   --->   "%add_ln975 = add i12 %zext_ln941, i12 4095" [prj/sol/.autopilot/db/v_frmbuf_rd.cpp:975]   --->   Operation 161 'add' 'add_ln975' <Predicate = (VideoFormat_val_read == 18) | (VideoFormat_val_read == 19)> <Delay = 1.48> <CoreInst = "Adder">   --->   Core 1 'Adder' <Latency = 0> <II = 1> <Delay = 1.48> <FuncUnit> <Opcode : 'add' 'sub'> <InPorts = 2> <OutPorts = 1>
ST_1 : Operation 162 [1/1] (0.00ns)   --->   "%tmp_12 = partselect i3 @_ssdm_op_PartSelect.i3.i4.i32.i32, i4 %remainPix_5, i32 1, i32 3" [prj/sol/.autopilot/db/v_frmbuf_rd.cpp:975]   --->   Operation 162 'partselect' 'tmp_12' <Predicate = (VideoFormat_val_read == 18) | (VideoFormat_val_read == 19)> <Delay = 0.00>
ST_1 : Operation 163 [1/1] (0.76ns)   --->   "%icmp_ln975 = icmp_ne  i3 %tmp_12, i3 0" [prj/sol/.autopilot/db/v_frmbuf_rd.cpp:975]   --->   Operation 163 'icmp' 'icmp_ln975' <Predicate = (VideoFormat_val_read == 18) | (VideoFormat_val_read == 19)> <Delay = 0.76> <CoreInst = "Cmp">   --->   Core 9 'Cmp' <Latency = 0> <II = 1> <Delay = 0.76> <FuncUnit> <Opcode : 'seteq' 'setne' 'setle' 'setge' 'setlt' 'setgt'> <InPorts = 2> <OutPorts = 1>
ST_1 : Operation 164 [1/1] (0.99ns)   --->   "%icmp_ln975_1 = icmp_ugt  i4 %remainPix_5, i4 2" [prj/sol/.autopilot/db/v_frmbuf_rd.cpp:975]   --->   Operation 164 'icmp' 'icmp_ln975_1' <Predicate = (VideoFormat_val_read == 18) | (VideoFormat_val_read == 19)> <Delay = 0.99> <CoreInst = "Cmp">   --->   Core 9 'Cmp' <Latency = 0> <II = 1> <Delay = 0.99> <FuncUnit> <Opcode : 'seteq' 'setne' 'setle' 'setge' 'setlt' 'setgt'> <InPorts = 2> <OutPorts = 1>
ST_1 : Operation 165 [1/1] (0.00ns)   --->   "%tmp_13 = partselect i2 @_ssdm_op_PartSelect.i2.i4.i32.i32, i4 %remainPix_5, i32 2, i32 3" [prj/sol/.autopilot/db/v_frmbuf_rd.cpp:975]   --->   Operation 165 'partselect' 'tmp_13' <Predicate = (VideoFormat_val_read == 18) | (VideoFormat_val_read == 19)> <Delay = 0.00>
ST_1 : Operation 166 [1/1] (0.63ns)   --->   "%icmp_ln975_2 = icmp_ne  i2 %tmp_13, i2 0" [prj/sol/.autopilot/db/v_frmbuf_rd.cpp:975]   --->   Operation 166 'icmp' 'icmp_ln975_2' <Predicate = (VideoFormat_val_read == 18) | (VideoFormat_val_read == 19)> <Delay = 0.63> <CoreInst = "Cmp">   --->   Core 9 'Cmp' <Latency = 0> <II = 1> <Delay = 0.63> <FuncUnit> <Opcode : 'seteq' 'setne' 'setle' 'setge' 'setlt' 'setgt'> <InPorts = 2> <OutPorts = 1>
ST_1 : Operation 167 [1/1] (0.99ns)   --->   "%icmp_ln975_3 = icmp_ugt  i4 %remainPix_5, i4 4" [prj/sol/.autopilot/db/v_frmbuf_rd.cpp:975]   --->   Operation 167 'icmp' 'icmp_ln975_3' <Predicate = (VideoFormat_val_read == 18) | (VideoFormat_val_read == 19)> <Delay = 0.99> <CoreInst = "Cmp">   --->   Core 9 'Cmp' <Latency = 0> <II = 1> <Delay = 0.99> <FuncUnit> <Opcode : 'seteq' 'setne' 'setle' 'setge' 'setlt' 'setgt'> <InPorts = 2> <OutPorts = 1>
ST_1 : Operation 168 [1/1] (0.99ns)   --->   "%icmp_ln975_4 = icmp_ugt  i4 %remainPix_5, i4 5" [prj/sol/.autopilot/db/v_frmbuf_rd.cpp:975]   --->   Operation 168 'icmp' 'icmp_ln975_4' <Predicate = (VideoFormat_val_read == 18) | (VideoFormat_val_read == 19)> <Delay = 0.99> <CoreInst = "Cmp">   --->   Core 9 'Cmp' <Latency = 0> <II = 1> <Delay = 0.99> <FuncUnit> <Opcode : 'seteq' 'setne' 'setle' 'setge' 'setlt' 'setgt'> <InPorts = 2> <OutPorts = 1>
ST_1 : Operation 169 [1/1] (0.99ns)   --->   "%icmp_ln975_5 = icmp_ugt  i4 %remainPix_5, i4 6" [prj/sol/.autopilot/db/v_frmbuf_rd.cpp:975]   --->   Operation 169 'icmp' 'icmp_ln975_5' <Predicate = (VideoFormat_val_read == 18) | (VideoFormat_val_read == 19)> <Delay = 0.99> <CoreInst = "Cmp">   --->   Core 9 'Cmp' <Latency = 0> <II = 1> <Delay = 0.99> <FuncUnit> <Opcode : 'seteq' 'setne' 'setle' 'setge' 'setlt' 'setgt'> <InPorts = 2> <OutPorts = 1>
ST_1 : Operation 170 [1/1] (1.29ns)   --->   "%store_ln947 = store i11 0, i11 %y_2" [prj/sol/.autopilot/db/v_frmbuf_rd.cpp:947]   --->   Operation 170 'store' 'store_ln947' <Predicate = (VideoFormat_val_read == 18) | (VideoFormat_val_read == 19)> <Delay = 1.29>
ST_1 : Operation 171 [1/1] (0.00ns)   --->   "%br_ln947 = br void %VITIS_LOOP_954_8" [prj/sol/.autopilot/db/v_frmbuf_rd.cpp:947]   --->   Operation 171 'br' 'br_ln947' <Predicate = (VideoFormat_val_read == 18) | (VideoFormat_val_read == 19)> <Delay = 0.00>
ST_1 : Operation 172 [1/1] (0.00ns)   --->   "%pixU = alloca i32 1" [prj/sol/.autopilot/db/v_frmbuf_rd.cpp:856]   --->   Operation 172 'alloca' 'pixU' <Predicate = (VideoFormat_val_read == 41)> <Delay = 0.00>
ST_1 : Operation 173 [1/1] (0.00ns)   --->   "%pixV = alloca i32 1" [prj/sol/.autopilot/db/v_frmbuf_rd.cpp:856]   --->   Operation 173 'alloca' 'pixV' <Predicate = (VideoFormat_val_read == 41)> <Delay = 0.00>
ST_1 : Operation 174 [1/1] (0.00ns)   --->   "%y_1 = alloca i32 1" [prj/sol/.autopilot/db/v_frmbuf_rd.cpp:857]   --->   Operation 174 'alloca' 'y_1' <Predicate = (VideoFormat_val_read == 41)> <Delay = 0.00>
ST_1 : Operation 175 [1/1] (0.00ns)   --->   "%remainPix_2 = trunc i14 %WidthInBytes_val_read" [prj/sol/.autopilot/db/v_frmbuf_rd.cpp:846]   --->   Operation 175 'trunc' 'remainPix_2' <Predicate = (VideoFormat_val_read == 41)> <Delay = 0.00>
ST_1 : Operation 176 [1/1] (1.52ns)   --->   "%add_ln846 = add i14 %WidthInBytes_val_read, i14 7" [prj/sol/.autopilot/db/v_frmbuf_rd.cpp:846]   --->   Operation 176 'add' 'add_ln846' <Predicate = (VideoFormat_val_read == 41)> <Delay = 1.52> <CoreInst = "Adder">   --->   Core 1 'Adder' <Latency = 0> <II = 1> <Delay = 1.52> <FuncUnit> <Opcode : 'add' 'sub'> <InPorts = 2> <OutPorts = 1>
ST_1 : Operation 177 [1/1] (0.00ns)   --->   "%loopWidth_1 = partselect i11 @_ssdm_op_PartSelect.i11.i14.i32.i32, i14 %add_ln846, i32 3, i32 13" [prj/sol/.autopilot/db/v_frmbuf_rd.cpp:846]   --->   Operation 177 'partselect' 'loopWidth_1' <Predicate = (VideoFormat_val_read == 41)> <Delay = 0.00>
ST_1 : Operation 178 [1/1] (0.00ns)   --->   "%zext_ln846 = zext i11 %loopWidth_1" [prj/sol/.autopilot/db/v_frmbuf_rd.cpp:846]   --->   Operation 178 'zext' 'zext_ln846' <Predicate = (VideoFormat_val_read == 41)> <Delay = 0.00>
ST_1 : Operation 179 [1/1] (0.00ns)   --->   "%zext_ln848 = zext i3 %remainPix_2" [prj/sol/.autopilot/db/v_frmbuf_rd.cpp:848]   --->   Operation 179 'zext' 'zext_ln848' <Predicate = (VideoFormat_val_read == 41)> <Delay = 0.00>
ST_1 : Operation 180 [1/1] (0.76ns)   --->   "%icmp_ln849 = icmp_eq  i3 %remainPix_2, i3 0" [prj/sol/.autopilot/db/v_frmbuf_rd.cpp:849]   --->   Operation 180 'icmp' 'icmp_ln849' <Predicate = (VideoFormat_val_read == 41)> <Delay = 0.76> <CoreInst = "Cmp">   --->   Core 9 'Cmp' <Latency = 0> <II = 1> <Delay = 0.76> <FuncUnit> <Opcode : 'seteq' 'setne' 'setle' 'setge' 'setlt' 'setgt'> <InPorts = 2> <OutPorts = 1>
ST_1 : Operation 181 [1/1] (0.83ns)   --->   "%remainPix_3 = select i1 %icmp_ln849, i4 8, i4 %zext_ln848" [prj/sol/.autopilot/db/v_frmbuf_rd.cpp:849]   --->   Operation 181 'select' 'remainPix_3' <Predicate = (VideoFormat_val_read == 41)> <Delay = 0.83> <CoreInst = "Sel">   --->   Core 73 'Sel' <Latency = 0> <II = 1> <Delay = 0.83> <FuncUnit> <Opcode : 'select'> <InPorts = 3> <OutPorts = 1>
ST_1 : Operation 182 [1/1] (1.48ns)   --->   "%add_ln928 = add i12 %zext_ln846, i12 4095" [prj/sol/.autopilot/db/v_frmbuf_rd.cpp:928]   --->   Operation 182 'add' 'add_ln928' <Predicate = (VideoFormat_val_read == 41)> <Delay = 1.48> <CoreInst = "Adder">   --->   Core 1 'Adder' <Latency = 0> <II = 1> <Delay = 1.48> <FuncUnit> <Opcode : 'add' 'sub'> <InPorts = 2> <OutPorts = 1>
ST_1 : Operation 183 [1/1] (0.00ns)   --->   "%tmp_10 = partselect i3 @_ssdm_op_PartSelect.i3.i4.i32.i32, i4 %remainPix_3, i32 1, i32 3" [prj/sol/.autopilot/db/v_frmbuf_rd.cpp:928]   --->   Operation 183 'partselect' 'tmp_10' <Predicate = (VideoFormat_val_read == 41)> <Delay = 0.00>
ST_1 : Operation 184 [1/1] (0.76ns)   --->   "%icmp_ln928 = icmp_ne  i3 %tmp_10, i3 0" [prj/sol/.autopilot/db/v_frmbuf_rd.cpp:928]   --->   Operation 184 'icmp' 'icmp_ln928' <Predicate = (VideoFormat_val_read == 41)> <Delay = 0.76> <CoreInst = "Cmp">   --->   Core 9 'Cmp' <Latency = 0> <II = 1> <Delay = 0.76> <FuncUnit> <Opcode : 'seteq' 'setne' 'setle' 'setge' 'setlt' 'setgt'> <InPorts = 2> <OutPorts = 1>
ST_1 : Operation 185 [1/1] (0.99ns)   --->   "%icmp_ln928_1 = icmp_ugt  i4 %remainPix_3, i4 2" [prj/sol/.autopilot/db/v_frmbuf_rd.cpp:928]   --->   Operation 185 'icmp' 'icmp_ln928_1' <Predicate = (VideoFormat_val_read == 41)> <Delay = 0.99> <CoreInst = "Cmp">   --->   Core 9 'Cmp' <Latency = 0> <II = 1> <Delay = 0.99> <FuncUnit> <Opcode : 'seteq' 'setne' 'setle' 'setge' 'setlt' 'setgt'> <InPorts = 2> <OutPorts = 1>
ST_1 : Operation 186 [1/1] (0.00ns)   --->   "%tmp_11 = partselect i2 @_ssdm_op_PartSelect.i2.i4.i32.i32, i4 %remainPix_3, i32 2, i32 3" [prj/sol/.autopilot/db/v_frmbuf_rd.cpp:928]   --->   Operation 186 'partselect' 'tmp_11' <Predicate = (VideoFormat_val_read == 41)> <Delay = 0.00>
ST_1 : Operation 187 [1/1] (0.63ns)   --->   "%icmp_ln928_2 = icmp_ne  i2 %tmp_11, i2 0" [prj/sol/.autopilot/db/v_frmbuf_rd.cpp:928]   --->   Operation 187 'icmp' 'icmp_ln928_2' <Predicate = (VideoFormat_val_read == 41)> <Delay = 0.63> <CoreInst = "Cmp">   --->   Core 9 'Cmp' <Latency = 0> <II = 1> <Delay = 0.63> <FuncUnit> <Opcode : 'seteq' 'setne' 'setle' 'setge' 'setlt' 'setgt'> <InPorts = 2> <OutPorts = 1>
ST_1 : Operation 188 [1/1] (0.99ns)   --->   "%icmp_ln928_3 = icmp_ugt  i4 %remainPix_3, i4 4" [prj/sol/.autopilot/db/v_frmbuf_rd.cpp:928]   --->   Operation 188 'icmp' 'icmp_ln928_3' <Predicate = (VideoFormat_val_read == 41)> <Delay = 0.99> <CoreInst = "Cmp">   --->   Core 9 'Cmp' <Latency = 0> <II = 1> <Delay = 0.99> <FuncUnit> <Opcode : 'seteq' 'setne' 'setle' 'setge' 'setlt' 'setgt'> <InPorts = 2> <OutPorts = 1>
ST_1 : Operation 189 [1/1] (0.99ns)   --->   "%icmp_ln928_4 = icmp_ugt  i4 %remainPix_3, i4 5" [prj/sol/.autopilot/db/v_frmbuf_rd.cpp:928]   --->   Operation 189 'icmp' 'icmp_ln928_4' <Predicate = (VideoFormat_val_read == 41)> <Delay = 0.99> <CoreInst = "Cmp">   --->   Core 9 'Cmp' <Latency = 0> <II = 1> <Delay = 0.99> <FuncUnit> <Opcode : 'seteq' 'setne' 'setle' 'setge' 'setlt' 'setgt'> <InPorts = 2> <OutPorts = 1>
ST_1 : Operation 190 [1/1] (0.99ns)   --->   "%icmp_ln928_5 = icmp_ugt  i4 %remainPix_3, i4 6" [prj/sol/.autopilot/db/v_frmbuf_rd.cpp:928]   --->   Operation 190 'icmp' 'icmp_ln928_5' <Predicate = (VideoFormat_val_read == 41)> <Delay = 0.99> <CoreInst = "Cmp">   --->   Core 9 'Cmp' <Latency = 0> <II = 1> <Delay = 0.99> <FuncUnit> <Opcode : 'seteq' 'setne' 'setle' 'setge' 'setlt' 'setgt'> <InPorts = 2> <OutPorts = 1>
ST_1 : Operation 191 [1/1] (1.29ns)   --->   "%store_ln857 = store i11 0, i11 %y_1" [prj/sol/.autopilot/db/v_frmbuf_rd.cpp:857]   --->   Operation 191 'store' 'store_ln857' <Predicate = (VideoFormat_val_read == 41)> <Delay = 1.29>
ST_1 : Operation 192 [1/1] (0.00ns)   --->   "%br_ln857 = br void %VITIS_LOOP_862_5" [prj/sol/.autopilot/db/v_frmbuf_rd.cpp:857]   --->   Operation 192 'br' 'br_ln857' <Predicate = (VideoFormat_val_read == 41)> <Delay = 0.00>
ST_1 : Operation 193 [1/1] (0.00ns)   --->   "%y = alloca i32 1" [prj/sol/.autopilot/db/v_frmbuf_rd.cpp:750]   --->   Operation 193 'alloca' 'y' <Predicate = (VideoFormat_val_read == 42)> <Delay = 0.00>
ST_1 : Operation 194 [1/1] (0.00ns)   --->   "%remainPix = trunc i14 %WidthInBytes_val_read" [prj/sol/.autopilot/db/v_frmbuf_rd.cpp:745]   --->   Operation 194 'trunc' 'remainPix' <Predicate = (VideoFormat_val_read == 42)> <Delay = 0.00>
ST_1 : Operation 195 [1/1] (1.52ns)   --->   "%add_ln745 = add i14 %WidthInBytes_val_read, i14 7" [prj/sol/.autopilot/db/v_frmbuf_rd.cpp:745]   --->   Operation 195 'add' 'add_ln745' <Predicate = (VideoFormat_val_read == 42)> <Delay = 1.52> <CoreInst = "Adder">   --->   Core 1 'Adder' <Latency = 0> <II = 1> <Delay = 1.52> <FuncUnit> <Opcode : 'add' 'sub'> <InPorts = 2> <OutPorts = 1>
ST_1 : Operation 196 [1/1] (0.00ns)   --->   "%trunc_ln745_1 = partselect i11 @_ssdm_op_PartSelect.i11.i14.i32.i32, i14 %add_ln745, i32 3, i32 13" [prj/sol/.autopilot/db/v_frmbuf_rd.cpp:745]   --->   Operation 196 'partselect' 'trunc_ln745_1' <Predicate = (VideoFormat_val_read == 42)> <Delay = 0.00>
ST_1 : Operation 197 [1/1] (0.00ns)   --->   "%zext_ln745 = zext i11 %trunc_ln745_1" [prj/sol/.autopilot/db/v_frmbuf_rd.cpp:745]   --->   Operation 197 'zext' 'zext_ln745' <Predicate = (VideoFormat_val_read == 42)> <Delay = 0.00>
ST_1 : Operation 198 [1/1] (0.00ns)   --->   "%zext_ln747 = zext i3 %remainPix" [prj/sol/.autopilot/db/v_frmbuf_rd.cpp:747]   --->   Operation 198 'zext' 'zext_ln747' <Predicate = (VideoFormat_val_read == 42)> <Delay = 0.00>
ST_1 : Operation 199 [1/1] (0.76ns)   --->   "%icmp_ln748 = icmp_eq  i3 %remainPix, i3 0" [prj/sol/.autopilot/db/v_frmbuf_rd.cpp:748]   --->   Operation 199 'icmp' 'icmp_ln748' <Predicate = (VideoFormat_val_read == 42)> <Delay = 0.76> <CoreInst = "Cmp">   --->   Core 9 'Cmp' <Latency = 0> <II = 1> <Delay = 0.76> <FuncUnit> <Opcode : 'seteq' 'setne' 'setle' 'setge' 'setlt' 'setgt'> <InPorts = 2> <OutPorts = 1>
ST_1 : Operation 200 [1/1] (0.83ns)   --->   "%remainPix_1 = select i1 %icmp_ln748, i4 8, i4 %zext_ln747" [prj/sol/.autopilot/db/v_frmbuf_rd.cpp:748]   --->   Operation 200 'select' 'remainPix_1' <Predicate = (VideoFormat_val_read == 42)> <Delay = 0.83> <CoreInst = "Sel">   --->   Core 73 'Sel' <Latency = 0> <II = 1> <Delay = 0.83> <FuncUnit> <Opcode : 'select'> <InPorts = 3> <OutPorts = 1>
ST_1 : Operation 201 [1/1] (1.48ns)   --->   "%add_ln773 = add i12 %zext_ln745, i12 4095" [prj/sol/.autopilot/db/v_frmbuf_rd.cpp:773]   --->   Operation 201 'add' 'add_ln773' <Predicate = (VideoFormat_val_read == 42)> <Delay = 1.48> <CoreInst = "Adder">   --->   Core 1 'Adder' <Latency = 0> <II = 1> <Delay = 1.48> <FuncUnit> <Opcode : 'add' 'sub'> <InPorts = 2> <OutPorts = 1>
ST_1 : Operation 202 [1/1] (0.00ns)   --->   "%tmp_8 = partselect i3 @_ssdm_op_PartSelect.i3.i4.i32.i32, i4 %remainPix_1, i32 1, i32 3" [prj/sol/.autopilot/db/v_frmbuf_rd.cpp:773]   --->   Operation 202 'partselect' 'tmp_8' <Predicate = (VideoFormat_val_read == 42)> <Delay = 0.00>
ST_1 : Operation 203 [1/1] (0.76ns)   --->   "%icmp_ln773 = icmp_ne  i3 %tmp_8, i3 0" [prj/sol/.autopilot/db/v_frmbuf_rd.cpp:773]   --->   Operation 203 'icmp' 'icmp_ln773' <Predicate = (VideoFormat_val_read == 42)> <Delay = 0.76> <CoreInst = "Cmp">   --->   Core 9 'Cmp' <Latency = 0> <II = 1> <Delay = 0.76> <FuncUnit> <Opcode : 'seteq' 'setne' 'setle' 'setge' 'setlt' 'setgt'> <InPorts = 2> <OutPorts = 1>
ST_1 : Operation 204 [1/1] (0.99ns)   --->   "%icmp_ln773_1 = icmp_ugt  i4 %remainPix_1, i4 2" [prj/sol/.autopilot/db/v_frmbuf_rd.cpp:773]   --->   Operation 204 'icmp' 'icmp_ln773_1' <Predicate = (VideoFormat_val_read == 42)> <Delay = 0.99> <CoreInst = "Cmp">   --->   Core 9 'Cmp' <Latency = 0> <II = 1> <Delay = 0.99> <FuncUnit> <Opcode : 'seteq' 'setne' 'setle' 'setge' 'setlt' 'setgt'> <InPorts = 2> <OutPorts = 1>
ST_1 : Operation 205 [1/1] (0.00ns)   --->   "%tmp_9 = partselect i2 @_ssdm_op_PartSelect.i2.i4.i32.i32, i4 %remainPix_1, i32 2, i32 3" [prj/sol/.autopilot/db/v_frmbuf_rd.cpp:773]   --->   Operation 205 'partselect' 'tmp_9' <Predicate = (VideoFormat_val_read == 42)> <Delay = 0.00>
ST_1 : Operation 206 [1/1] (0.63ns)   --->   "%icmp_ln773_2 = icmp_ne  i2 %tmp_9, i2 0" [prj/sol/.autopilot/db/v_frmbuf_rd.cpp:773]   --->   Operation 206 'icmp' 'icmp_ln773_2' <Predicate = (VideoFormat_val_read == 42)> <Delay = 0.63> <CoreInst = "Cmp">   --->   Core 9 'Cmp' <Latency = 0> <II = 1> <Delay = 0.63> <FuncUnit> <Opcode : 'seteq' 'setne' 'setle' 'setge' 'setlt' 'setgt'> <InPorts = 2> <OutPorts = 1>
ST_1 : Operation 207 [1/1] (0.99ns)   --->   "%icmp_ln773_3 = icmp_ugt  i4 %remainPix_1, i4 4" [prj/sol/.autopilot/db/v_frmbuf_rd.cpp:773]   --->   Operation 207 'icmp' 'icmp_ln773_3' <Predicate = (VideoFormat_val_read == 42)> <Delay = 0.99> <CoreInst = "Cmp">   --->   Core 9 'Cmp' <Latency = 0> <II = 1> <Delay = 0.99> <FuncUnit> <Opcode : 'seteq' 'setne' 'setle' 'setge' 'setlt' 'setgt'> <InPorts = 2> <OutPorts = 1>
ST_1 : Operation 208 [1/1] (0.99ns)   --->   "%icmp_ln773_4 = icmp_ugt  i4 %remainPix_1, i4 5" [prj/sol/.autopilot/db/v_frmbuf_rd.cpp:773]   --->   Operation 208 'icmp' 'icmp_ln773_4' <Predicate = (VideoFormat_val_read == 42)> <Delay = 0.99> <CoreInst = "Cmp">   --->   Core 9 'Cmp' <Latency = 0> <II = 1> <Delay = 0.99> <FuncUnit> <Opcode : 'seteq' 'setne' 'setle' 'setge' 'setlt' 'setgt'> <InPorts = 2> <OutPorts = 1>
ST_1 : Operation 209 [1/1] (0.99ns)   --->   "%icmp_ln773_5 = icmp_ugt  i4 %remainPix_1, i4 6" [prj/sol/.autopilot/db/v_frmbuf_rd.cpp:773]   --->   Operation 209 'icmp' 'icmp_ln773_5' <Predicate = (VideoFormat_val_read == 42)> <Delay = 0.99> <CoreInst = "Cmp">   --->   Core 9 'Cmp' <Latency = 0> <II = 1> <Delay = 0.99> <FuncUnit> <Opcode : 'seteq' 'setne' 'setle' 'setge' 'setlt' 'setgt'> <InPorts = 2> <OutPorts = 1>
ST_1 : Operation 210 [1/1] (1.29ns)   --->   "%store_ln750 = store i11 0, i11 %y" [prj/sol/.autopilot/db/v_frmbuf_rd.cpp:750]   --->   Operation 210 'store' 'store_ln750' <Predicate = (VideoFormat_val_read == 42)> <Delay = 1.29>
ST_1 : Operation 211 [1/1] (0.00ns)   --->   "%br_ln750 = br void %VITIS_LOOP_755_1" [prj/sol/.autopilot/db/v_frmbuf_rd.cpp:750]   --->   Operation 211 'br' 'br_ln750' <Predicate = (VideoFormat_val_read == 42)> <Delay = 0.00>

State 2 <SV = 1> <Delay = 4.26>
ST_2 : Operation 212 [1/1] (0.00ns)   --->   "%y_28 = load i11 %y_9" [prj/sol/.autopilot/db/v_frmbuf_rd.cpp:1765]   --->   Operation 212 'load' 'y_28' <Predicate = (VideoFormat_val_read == 27)> <Delay = 0.00>
ST_2 : Operation 213 [1/1] (1.48ns)   --->   "%icmp_ln1765 = icmp_eq  i11 %y_28, i11 %Height_val_read" [prj/sol/.autopilot/db/v_frmbuf_rd.cpp:1765]   --->   Operation 213 'icmp' 'icmp_ln1765' <Predicate = (VideoFormat_val_read == 27)> <Delay = 1.48> <CoreInst = "Cmp">   --->   Core 9 'Cmp' <Latency = 0> <II = 1> <Delay = 1.48> <FuncUnit> <Opcode : 'seteq' 'setne' 'setle' 'setge' 'setlt' 'setgt'> <InPorts = 2> <OutPorts = 1>
ST_2 : Operation 214 [1/1] (0.00ns)   --->   "%speclooptripcount_ln0 = speclooptripcount void @_ssdm_op_SpecLoopTripCount, i64 64, i64 1080, i64 0"   --->   Operation 214 'speclooptripcount' 'speclooptripcount_ln0' <Predicate = (VideoFormat_val_read == 27)> <Delay = 0.00>
ST_2 : Operation 215 [1/1] (1.48ns)   --->   "%y_29 = add i11 %y_28, i11 1" [prj/sol/.autopilot/db/v_frmbuf_rd.cpp:1765]   --->   Operation 215 'add' 'y_29' <Predicate = (VideoFormat_val_read == 27)> <Delay = 1.48> <CoreInst = "Adder">   --->   Core 1 'Adder' <Latency = 0> <II = 1> <Delay = 1.48> <FuncUnit> <Opcode : 'add' 'sub'> <InPorts = 2> <OutPorts = 1>
ST_2 : Operation 216 [1/1] (0.00ns)   --->   "%br_ln1765 = br i1 %icmp_ln1765, void %VITIS_LOOP_1778_30.lr.ph, void %if.end1212.loopexit" [prj/sol/.autopilot/db/v_frmbuf_rd.cpp:1765]   --->   Operation 216 'br' 'br_ln1765' <Predicate = (VideoFormat_val_read == 27)> <Delay = 0.00>
ST_2 : Operation 217 [2/2] (2.77ns)   --->   "%call_ln1759 = call void @Bytes2MultiPixStream_Pipeline_VITIS_LOOP_1772_29, i11 %loopWidth_9, i64 %bytePlanes_plane0, i12 %add_ln1789, i24 %img, i1 %xor_ln1762" [prj/sol/.autopilot/db/v_frmbuf_rd.cpp:1759]   --->   Operation 217 'call' 'call_ln1759' <Predicate = (VideoFormat_val_read == 27 & !icmp_ln1765)> <Delay = 2.77> <CoreType = "Generic">   --->   Generic Core
ST_2 : Operation 218 [1/1] (0.00ns)   --->   "%br_ln0 = br void %if.end1212"   --->   Operation 218 'br' 'br_ln0' <Predicate = (VideoFormat_val_read == 27 & icmp_ln1765)> <Delay = 0.00>
ST_2 : Operation 219 [1/1] (0.00ns)   --->   "%y_26 = load i11 %y_8" [prj/sol/.autopilot/db/v_frmbuf_rd.cpp:1525]   --->   Operation 219 'load' 'y_26' <Predicate = (VideoFormat_val_read == 24)> <Delay = 0.00>
ST_2 : Operation 220 [1/1] (1.48ns)   --->   "%icmp_ln1525 = icmp_eq  i11 %y_26, i11 %Height_val_read" [prj/sol/.autopilot/db/v_frmbuf_rd.cpp:1525]   --->   Operation 220 'icmp' 'icmp_ln1525' <Predicate = (VideoFormat_val_read == 24)> <Delay = 1.48> <CoreInst = "Cmp">   --->   Core 9 'Cmp' <Latency = 0> <II = 1> <Delay = 1.48> <FuncUnit> <Opcode : 'seteq' 'setne' 'setle' 'setge' 'setlt' 'setgt'> <InPorts = 2> <OutPorts = 1>
ST_2 : Operation 221 [1/1] (0.00ns)   --->   "%speclooptripcount_ln0 = speclooptripcount void @_ssdm_op_SpecLoopTripCount, i64 64, i64 1080, i64 0"   --->   Operation 221 'speclooptripcount' 'speclooptripcount_ln0' <Predicate = (VideoFormat_val_read == 24)> <Delay = 0.00>
ST_2 : Operation 222 [1/1] (1.48ns)   --->   "%y_27 = add i11 %y_26, i11 1" [prj/sol/.autopilot/db/v_frmbuf_rd.cpp:1525]   --->   Operation 222 'add' 'y_27' <Predicate = (VideoFormat_val_read == 24)> <Delay = 1.48> <CoreInst = "Adder">   --->   Core 1 'Adder' <Latency = 0> <II = 1> <Delay = 1.48> <FuncUnit> <Opcode : 'add' 'sub'> <InPorts = 2> <OutPorts = 1>
ST_2 : Operation 223 [1/1] (0.00ns)   --->   "%br_ln1525 = br i1 %icmp_ln1525, void %VITIS_LOOP_1539_27.lr.ph, void %if.end1218.loopexit" [prj/sol/.autopilot/db/v_frmbuf_rd.cpp:1525]   --->   Operation 223 'br' 'br_ln1525' <Predicate = (VideoFormat_val_read == 24)> <Delay = 0.00>
ST_2 : Operation 224 [2/2] (2.77ns)   --->   "%call_ln1519 = call void @Bytes2MultiPixStream_Pipeline_VITIS_LOOP_1532_26, i11 %loopWidth_8, i1 %icmp_ln1522, i1 %icmp_ln1548_5, i1 %icmp_ln1548_4, i1 %icmp_ln1548_3, i1 %icmp_ln1548_2, i1 %icmp_ln1548_1, i64 %bytePlanes_plane0, i12 %add_ln1548, i24 %img, i1 %icmp_ln1548" [prj/sol/.autopilot/db/v_frmbuf_rd.cpp:1519]   --->   Operation 224 'call' 'call_ln1519' <Predicate = (VideoFormat_val_read == 24 & !icmp_ln1525)> <Delay = 2.77> <CoreType = "Generic">   --->   Generic Core
ST_2 : Operation 225 [1/1] (0.00ns)   --->   "%br_ln0 = br void %if.end1218"   --->   Operation 225 'br' 'br_ln0' <Predicate = (VideoFormat_val_read == 24 & icmp_ln1525)> <Delay = 0.00>
ST_2 : Operation 226 [1/1] (0.00ns)   --->   "%y_24 = load i11 %y_7" [prj/sol/.autopilot/db/v_frmbuf_rd.cpp:1443]   --->   Operation 226 'load' 'y_24' <Predicate = (VideoFormat_val_read == 10) | (VideoFormat_val_read == 11)> <Delay = 0.00>
ST_2 : Operation 227 [1/1] (1.48ns)   --->   "%icmp_ln1443 = icmp_eq  i11 %y_24, i11 %Height_val_read" [prj/sol/.autopilot/db/v_frmbuf_rd.cpp:1443]   --->   Operation 227 'icmp' 'icmp_ln1443' <Predicate = (VideoFormat_val_read == 10) | (VideoFormat_val_read == 11)> <Delay = 1.48> <CoreInst = "Cmp">   --->   Core 9 'Cmp' <Latency = 0> <II = 1> <Delay = 1.48> <FuncUnit> <Opcode : 'seteq' 'setne' 'setle' 'setge' 'setlt' 'setgt'> <InPorts = 2> <OutPorts = 1>
ST_2 : Operation 228 [1/1] (0.00ns)   --->   "%speclooptripcount_ln0 = speclooptripcount void @_ssdm_op_SpecLoopTripCount, i64 64, i64 1080, i64 0"   --->   Operation 228 'speclooptripcount' 'speclooptripcount_ln0' <Predicate = (VideoFormat_val_read == 10) | (VideoFormat_val_read == 11)> <Delay = 0.00>
ST_2 : Operation 229 [1/1] (1.48ns)   --->   "%y_25 = add i11 %y_24, i11 1" [prj/sol/.autopilot/db/v_frmbuf_rd.cpp:1443]   --->   Operation 229 'add' 'y_25' <Predicate = (VideoFormat_val_read == 10) | (VideoFormat_val_read == 11)> <Delay = 1.48> <CoreInst = "Adder">   --->   Core 1 'Adder' <Latency = 0> <II = 1> <Delay = 1.48> <FuncUnit> <Opcode : 'add' 'sub'> <InPorts = 2> <OutPorts = 1>
ST_2 : Operation 230 [1/1] (0.00ns)   --->   "%br_ln1443 = br i1 %icmp_ln1443, void %VITIS_LOOP_1456_24.lr.ph, void %if.end1220.loopexit" [prj/sol/.autopilot/db/v_frmbuf_rd.cpp:1443]   --->   Operation 230 'br' 'br_ln1443' <Predicate = (VideoFormat_val_read == 10) | (VideoFormat_val_read == 11)> <Delay = 0.00>
ST_2 : Operation 231 [2/2] (2.77ns)   --->   "%call_ln1437 = call void @Bytes2MultiPixStream_Pipeline_VITIS_LOOP_1450_23, i11 %loopWidth_7, i64 %bytePlanes_plane0, i12 %add_ln1467, i24 %img, i1 %xor_ln1440" [prj/sol/.autopilot/db/v_frmbuf_rd.cpp:1437]   --->   Operation 231 'call' 'call_ln1437' <Predicate = (VideoFormat_val_read == 10 & !icmp_ln1443) | (VideoFormat_val_read == 11 & !icmp_ln1443)> <Delay = 2.77> <CoreType = "Generic">   --->   Generic Core
ST_2 : Operation 232 [1/1] (0.00ns)   --->   "%br_ln0 = br void %if.end1220"   --->   Operation 232 'br' 'br_ln0' <Predicate = (VideoFormat_val_read == 10 & icmp_ln1443) | (VideoFormat_val_read == 11 & icmp_ln1443)> <Delay = 0.00>
ST_2 : Operation 233 [1/1] (0.00ns)   --->   "%br_ln0 = br void %if.end1213"   --->   Operation 233 'br' 'br_ln0' <Predicate = (VideoFormat_val_read != 43 & VideoFormat_val_read != 42 & VideoFormat_val_read != 44 & VideoFormat_val_read != 41 & VideoFormat_val_read != 19 & VideoFormat_val_read != 18 & VideoFormat_val_read != 23 & VideoFormat_val_read != 22 & VideoFormat_val_read != 33 & VideoFormat_val_read != 32 & VideoFormat_val_read != 38 & VideoFormat_val_read != 37 & VideoFormat_val_read != 12 & VideoFormat_val_read != 28 & VideoFormat_val_read != 21 & VideoFormat_val_read != 20 & VideoFormat_val_read != 31 & VideoFormat_val_read != 30 & VideoFormat_val_read != 36 & VideoFormat_val_read != 35 & VideoFormat_val_read != 29 & VideoFormat_val_read != 11 & VideoFormat_val_read != 10 & VideoFormat_val_read != 16 & VideoFormat_val_read != 15 & VideoFormat_val_read != 24 & VideoFormat_val_read != 25 & VideoFormat_val_read != 34 & VideoFormat_val_read != 39 & VideoFormat_val_read != 14 & VideoFormat_val_read != 13 & VideoFormat_val_read != 26 & icmp_ln1765) | (VideoFormat_val_read != 43 & VideoFormat_val_read != 42 & VideoFormat_val_read != 44 & VideoFormat_val_read != 41 & VideoFormat_val_read != 19 & VideoFormat_val_read != 18 & VideoFormat_val_read != 23 & VideoFormat_val_read != 22 & VideoFormat_val_read != 33 & VideoFormat_val_read != 32 & VideoFormat_val_read != 38 & VideoFormat_val_read != 37 & VideoFormat_val_read != 12 & VideoFormat_val_read != 28 & VideoFormat_val_read != 21 & VideoFormat_val_read != 20 & VideoFormat_val_read != 31 & VideoFormat_val_read != 30 & VideoFormat_val_read != 36 & VideoFormat_val_read != 35 & VideoFormat_val_read != 29 & VideoFormat_val_read != 11 & VideoFormat_val_read != 10 & VideoFormat_val_read != 16 & VideoFormat_val_read != 15 & VideoFormat_val_read != 24 & VideoFormat_val_read != 25 & VideoFormat_val_read != 34 & VideoFormat_val_read != 39 & VideoFormat_val_read != 14 & VideoFormat_val_read != 13 & VideoFormat_val_read != 26 & VideoFormat_val_read != 27)> <Delay = 0.00>
ST_2 : Operation 234 [1/1] (0.00ns)   --->   "%br_ln0 = br void %if.end1214"   --->   Operation 234 'br' 'br_ln0' <Predicate = (VideoFormat_val_read != 43 & VideoFormat_val_read != 42 & VideoFormat_val_read != 44 & VideoFormat_val_read != 41 & VideoFormat_val_read != 19 & VideoFormat_val_read != 18 & VideoFormat_val_read != 23 & VideoFormat_val_read != 22 & VideoFormat_val_read != 33 & VideoFormat_val_read != 32 & VideoFormat_val_read != 38 & VideoFormat_val_read != 37 & VideoFormat_val_read != 12 & VideoFormat_val_read != 28 & VideoFormat_val_read != 21 & VideoFormat_val_read != 20 & VideoFormat_val_read != 31 & VideoFormat_val_read != 30 & VideoFormat_val_read != 36 & VideoFormat_val_read != 35 & VideoFormat_val_read != 29 & VideoFormat_val_read != 11 & VideoFormat_val_read != 10 & VideoFormat_val_read != 16 & VideoFormat_val_read != 15 & VideoFormat_val_read != 24 & VideoFormat_val_read != 25 & VideoFormat_val_read != 34 & VideoFormat_val_read != 39 & VideoFormat_val_read != 14 & VideoFormat_val_read != 13 & icmp_ln1765) | (VideoFormat_val_read != 43 & VideoFormat_val_read != 42 & VideoFormat_val_read != 44 & VideoFormat_val_read != 41 & VideoFormat_val_read != 19 & VideoFormat_val_read != 18 & VideoFormat_val_read != 23 & VideoFormat_val_read != 22 & VideoFormat_val_read != 33 & VideoFormat_val_read != 32 & VideoFormat_val_read != 38 & VideoFormat_val_read != 37 & VideoFormat_val_read != 12 & VideoFormat_val_read != 28 & VideoFormat_val_read != 21 & VideoFormat_val_read != 20 & VideoFormat_val_read != 31 & VideoFormat_val_read != 30 & VideoFormat_val_read != 36 & VideoFormat_val_read != 35 & VideoFormat_val_read != 29 & VideoFormat_val_read != 11 & VideoFormat_val_read != 10 & VideoFormat_val_read != 16 & VideoFormat_val_read != 15 & VideoFormat_val_read != 24 & VideoFormat_val_read != 25 & VideoFormat_val_read != 34 & VideoFormat_val_read != 39 & VideoFormat_val_read != 14 & VideoFormat_val_read != 13 & VideoFormat_val_read != 27) | (VideoFormat_val_read == 26)> <Delay = 0.00>
ST_2 : Operation 235 [1/1] (0.00ns)   --->   "%br_ln0 = br void %if.end1215"   --->   Operation 235 'br' 'br_ln0' <Predicate = (VideoFormat_val_read != 43 & VideoFormat_val_read != 42 & VideoFormat_val_read != 44 & VideoFormat_val_read != 41 & VideoFormat_val_read != 19 & VideoFormat_val_read != 18 & VideoFormat_val_read != 23 & VideoFormat_val_read != 22 & VideoFormat_val_read != 33 & VideoFormat_val_read != 32 & VideoFormat_val_read != 38 & VideoFormat_val_read != 37 & VideoFormat_val_read != 12 & VideoFormat_val_read != 28 & VideoFormat_val_read != 21 & VideoFormat_val_read != 20 & VideoFormat_val_read != 31 & VideoFormat_val_read != 30 & VideoFormat_val_read != 36 & VideoFormat_val_read != 35 & VideoFormat_val_read != 29 & VideoFormat_val_read != 11 & VideoFormat_val_read != 10 & VideoFormat_val_read != 16 & VideoFormat_val_read != 15 & VideoFormat_val_read != 24 & VideoFormat_val_read != 25 & VideoFormat_val_read != 34 & VideoFormat_val_read != 39 & icmp_ln1765) | (VideoFormat_val_read != 43 & VideoFormat_val_read != 42 & VideoFormat_val_read != 44 & VideoFormat_val_read != 41 & VideoFormat_val_read != 19 & VideoFormat_val_read != 18 & VideoFormat_val_read != 23 & VideoFormat_val_read != 22 & VideoFormat_val_read != 33 & VideoFormat_val_read != 32 & VideoFormat_val_read != 38 & VideoFormat_val_read != 37 & VideoFormat_val_read != 12 & VideoFormat_val_read != 28 & VideoFormat_val_read != 21 & VideoFormat_val_read != 20 & VideoFormat_val_read != 31 & VideoFormat_val_read != 30 & VideoFormat_val_read != 36 & VideoFormat_val_read != 35 & VideoFormat_val_read != 29 & VideoFormat_val_read != 11 & VideoFormat_val_read != 10 & VideoFormat_val_read != 16 & VideoFormat_val_read != 15 & VideoFormat_val_read != 24 & VideoFormat_val_read != 25 & VideoFormat_val_read != 34 & VideoFormat_val_read != 39 & VideoFormat_val_read != 27) | (VideoFormat_val_read == 26) | (VideoFormat_val_read == 13) | (VideoFormat_val_read == 14)> <Delay = 0.00>
ST_2 : Operation 236 [1/1] (0.00ns)   --->   "%br_ln0 = br void %if.end1216"   --->   Operation 236 'br' 'br_ln0' <Predicate = (VideoFormat_val_read != 43 & VideoFormat_val_read != 42 & VideoFormat_val_read != 44 & VideoFormat_val_read != 41 & VideoFormat_val_read != 19 & VideoFormat_val_read != 18 & VideoFormat_val_read != 23 & VideoFormat_val_read != 22 & VideoFormat_val_read != 33 & VideoFormat_val_read != 32 & VideoFormat_val_read != 38 & VideoFormat_val_read != 37 & VideoFormat_val_read != 12 & VideoFormat_val_read != 28 & VideoFormat_val_read != 21 & VideoFormat_val_read != 20 & VideoFormat_val_read != 31 & VideoFormat_val_read != 30 & VideoFormat_val_read != 36 & VideoFormat_val_read != 35 & VideoFormat_val_read != 29 & VideoFormat_val_read != 11 & VideoFormat_val_read != 10 & VideoFormat_val_read != 16 & VideoFormat_val_read != 15 & VideoFormat_val_read != 24 & VideoFormat_val_read != 25 & VideoFormat_val_read != 34 & icmp_ln1765) | (VideoFormat_val_read != 43 & VideoFormat_val_read != 42 & VideoFormat_val_read != 44 & VideoFormat_val_read != 41 & VideoFormat_val_read != 19 & VideoFormat_val_read != 18 & VideoFormat_val_read != 23 & VideoFormat_val_read != 22 & VideoFormat_val_read != 33 & VideoFormat_val_read != 32 & VideoFormat_val_read != 38 & VideoFormat_val_read != 37 & VideoFormat_val_read != 12 & VideoFormat_val_read != 28 & VideoFormat_val_read != 21 & VideoFormat_val_read != 20 & VideoFormat_val_read != 31 & VideoFormat_val_read != 30 & VideoFormat_val_read != 36 & VideoFormat_val_read != 35 & VideoFormat_val_read != 29 & VideoFormat_val_read != 11 & VideoFormat_val_read != 10 & VideoFormat_val_read != 16 & VideoFormat_val_read != 15 & VideoFormat_val_read != 24 & VideoFormat_val_read != 25 & VideoFormat_val_read != 34 & VideoFormat_val_read != 27) | (VideoFormat_val_read == 26) | (VideoFormat_val_read == 13) | (VideoFormat_val_read == 14) | (VideoFormat_val_read == 39)> <Delay = 0.00>
ST_2 : Operation 237 [1/1] (0.00ns)   --->   "%br_ln0 = br void %if.end1217"   --->   Operation 237 'br' 'br_ln0' <Predicate = (VideoFormat_val_read != 43 & VideoFormat_val_read != 42 & VideoFormat_val_read != 44 & VideoFormat_val_read != 41 & VideoFormat_val_read != 19 & VideoFormat_val_read != 18 & VideoFormat_val_read != 23 & VideoFormat_val_read != 22 & VideoFormat_val_read != 33 & VideoFormat_val_read != 32 & VideoFormat_val_read != 38 & VideoFormat_val_read != 37 & VideoFormat_val_read != 12 & VideoFormat_val_read != 28 & VideoFormat_val_read != 21 & VideoFormat_val_read != 20 & VideoFormat_val_read != 31 & VideoFormat_val_read != 30 & VideoFormat_val_read != 36 & VideoFormat_val_read != 35 & VideoFormat_val_read != 29 & VideoFormat_val_read != 11 & VideoFormat_val_read != 10 & VideoFormat_val_read != 16 & VideoFormat_val_read != 15 & VideoFormat_val_read != 24 & VideoFormat_val_read != 25 & icmp_ln1765) | (VideoFormat_val_read != 43 & VideoFormat_val_read != 42 & VideoFormat_val_read != 44 & VideoFormat_val_read != 41 & VideoFormat_val_read != 19 & VideoFormat_val_read != 18 & VideoFormat_val_read != 23 & VideoFormat_val_read != 22 & VideoFormat_val_read != 33 & VideoFormat_val_read != 32 & VideoFormat_val_read != 38 & VideoFormat_val_read != 37 & VideoFormat_val_read != 12 & VideoFormat_val_read != 28 & VideoFormat_val_read != 21 & VideoFormat_val_read != 20 & VideoFormat_val_read != 31 & VideoFormat_val_read != 30 & VideoFormat_val_read != 36 & VideoFormat_val_read != 35 & VideoFormat_val_read != 29 & VideoFormat_val_read != 11 & VideoFormat_val_read != 10 & VideoFormat_val_read != 16 & VideoFormat_val_read != 15 & VideoFormat_val_read != 24 & VideoFormat_val_read != 25 & VideoFormat_val_read != 27) | (VideoFormat_val_read == 26) | (VideoFormat_val_read == 13) | (VideoFormat_val_read == 14) | (VideoFormat_val_read == 39) | (VideoFormat_val_read == 34)> <Delay = 0.00>
ST_2 : Operation 238 [1/1] (0.00ns)   --->   "%br_ln0 = br void %if.end1218"   --->   Operation 238 'br' 'br_ln0' <Predicate = (VideoFormat_val_read != 43 & VideoFormat_val_read != 42 & VideoFormat_val_read != 44 & VideoFormat_val_read != 41 & VideoFormat_val_read != 19 & VideoFormat_val_read != 18 & VideoFormat_val_read != 23 & VideoFormat_val_read != 22 & VideoFormat_val_read != 33 & VideoFormat_val_read != 32 & VideoFormat_val_read != 38 & VideoFormat_val_read != 37 & VideoFormat_val_read != 12 & VideoFormat_val_read != 28 & VideoFormat_val_read != 21 & VideoFormat_val_read != 20 & VideoFormat_val_read != 31 & VideoFormat_val_read != 30 & VideoFormat_val_read != 36 & VideoFormat_val_read != 35 & VideoFormat_val_read != 29 & VideoFormat_val_read != 11 & VideoFormat_val_read != 10 & VideoFormat_val_read != 16 & VideoFormat_val_read != 15 & VideoFormat_val_read != 24 & icmp_ln1765) | (VideoFormat_val_read != 43 & VideoFormat_val_read != 42 & VideoFormat_val_read != 44 & VideoFormat_val_read != 41 & VideoFormat_val_read != 19 & VideoFormat_val_read != 18 & VideoFormat_val_read != 23 & VideoFormat_val_read != 22 & VideoFormat_val_read != 33 & VideoFormat_val_read != 32 & VideoFormat_val_read != 38 & VideoFormat_val_read != 37 & VideoFormat_val_read != 12 & VideoFormat_val_read != 28 & VideoFormat_val_read != 21 & VideoFormat_val_read != 20 & VideoFormat_val_read != 31 & VideoFormat_val_read != 30 & VideoFormat_val_read != 36 & VideoFormat_val_read != 35 & VideoFormat_val_read != 29 & VideoFormat_val_read != 11 & VideoFormat_val_read != 10 & VideoFormat_val_read != 16 & VideoFormat_val_read != 15 & VideoFormat_val_read != 24 & VideoFormat_val_read != 27) | (VideoFormat_val_read == 26) | (VideoFormat_val_read == 13) | (VideoFormat_val_read == 14) | (VideoFormat_val_read == 39) | (VideoFormat_val_read == 34) | (VideoFormat_val_read == 25)> <Delay = 0.00>
ST_2 : Operation 239 [1/1] (0.00ns)   --->   "%br_ln0 = br void %if.end1219"   --->   Operation 239 'br' 'br_ln0' <Predicate = (VideoFormat_val_read != 43 & VideoFormat_val_read != 42 & VideoFormat_val_read != 44 & VideoFormat_val_read != 41 & VideoFormat_val_read != 19 & VideoFormat_val_read != 18 & VideoFormat_val_read != 23 & VideoFormat_val_read != 22 & VideoFormat_val_read != 33 & VideoFormat_val_read != 32 & VideoFormat_val_read != 38 & VideoFormat_val_read != 37 & VideoFormat_val_read != 12 & VideoFormat_val_read != 28 & VideoFormat_val_read != 21 & VideoFormat_val_read != 20 & VideoFormat_val_read != 31 & VideoFormat_val_read != 30 & VideoFormat_val_read != 36 & VideoFormat_val_read != 35 & VideoFormat_val_read != 29 & VideoFormat_val_read != 11 & VideoFormat_val_read != 10 & VideoFormat_val_read != 16 & VideoFormat_val_read != 15 & VideoFormat_val_read != 24 & icmp_ln1765) | (VideoFormat_val_read != 43 & VideoFormat_val_read != 42 & VideoFormat_val_read != 44 & VideoFormat_val_read != 41 & VideoFormat_val_read != 19 & VideoFormat_val_read != 18 & VideoFormat_val_read != 23 & VideoFormat_val_read != 22 & VideoFormat_val_read != 33 & VideoFormat_val_read != 32 & VideoFormat_val_read != 38 & VideoFormat_val_read != 37 & VideoFormat_val_read != 12 & VideoFormat_val_read != 28 & VideoFormat_val_read != 21 & VideoFormat_val_read != 20 & VideoFormat_val_read != 31 & VideoFormat_val_read != 30 & VideoFormat_val_read != 36 & VideoFormat_val_read != 35 & VideoFormat_val_read != 29 & VideoFormat_val_read != 11 & VideoFormat_val_read != 10 & VideoFormat_val_read != 16 & VideoFormat_val_read != 15 & VideoFormat_val_read != 24 & VideoFormat_val_read != 27) | (VideoFormat_val_read == 26) | (VideoFormat_val_read == 13) | (VideoFormat_val_read == 14) | (VideoFormat_val_read == 39) | (VideoFormat_val_read == 34) | (VideoFormat_val_read == 25) | (VideoFormat_val_read == 24 & icmp_ln1525)> <Delay = 0.00>
ST_2 : Operation 240 [1/1] (0.00ns)   --->   "%br_ln0 = br void %if.end1220"   --->   Operation 240 'br' 'br_ln0' <Predicate = (VideoFormat_val_read != 43 & VideoFormat_val_read != 42 & VideoFormat_val_read != 44 & VideoFormat_val_read != 41 & VideoFormat_val_read != 19 & VideoFormat_val_read != 18 & VideoFormat_val_read != 23 & VideoFormat_val_read != 22 & VideoFormat_val_read != 33 & VideoFormat_val_read != 32 & VideoFormat_val_read != 38 & VideoFormat_val_read != 37 & VideoFormat_val_read != 12 & VideoFormat_val_read != 28 & VideoFormat_val_read != 21 & VideoFormat_val_read != 20 & VideoFormat_val_read != 31 & VideoFormat_val_read != 30 & VideoFormat_val_read != 36 & VideoFormat_val_read != 35 & VideoFormat_val_read != 29 & VideoFormat_val_read != 11 & VideoFormat_val_read != 10 & VideoFormat_val_read != 24 & icmp_ln1765) | (VideoFormat_val_read != 43 & VideoFormat_val_read != 42 & VideoFormat_val_read != 44 & VideoFormat_val_read != 41 & VideoFormat_val_read != 19 & VideoFormat_val_read != 18 & VideoFormat_val_read != 23 & VideoFormat_val_read != 22 & VideoFormat_val_read != 33 & VideoFormat_val_read != 32 & VideoFormat_val_read != 38 & VideoFormat_val_read != 37 & VideoFormat_val_read != 12 & VideoFormat_val_read != 28 & VideoFormat_val_read != 21 & VideoFormat_val_read != 20 & VideoFormat_val_read != 31 & VideoFormat_val_read != 30 & VideoFormat_val_read != 36 & VideoFormat_val_read != 35 & VideoFormat_val_read != 29 & VideoFormat_val_read != 11 & VideoFormat_val_read != 10 & VideoFormat_val_read != 24 & VideoFormat_val_read != 27) | (VideoFormat_val_read == 26) | (VideoFormat_val_read == 13) | (VideoFormat_val_read == 14) | (VideoFormat_val_read == 39) | (VideoFormat_val_read == 34) | (VideoFormat_val_read == 25) | (VideoFormat_val_read == 24 & icmp_ln1525) | (VideoFormat_val_read == 15) | (VideoFormat_val_read == 16)> <Delay = 0.00>
ST_2 : Operation 241 [1/1] (0.00ns)   --->   "%br_ln0 = br void %if.end1221"   --->   Operation 241 'br' 'br_ln0' <Predicate = (VideoFormat_val_read == 10 & icmp_ln1443) | (VideoFormat_val_read != 43 & VideoFormat_val_read != 42 & VideoFormat_val_read != 44 & VideoFormat_val_read != 41 & VideoFormat_val_read != 19 & VideoFormat_val_read != 18 & VideoFormat_val_read != 23 & VideoFormat_val_read != 22 & VideoFormat_val_read != 33 & VideoFormat_val_read != 32 & VideoFormat_val_read != 38 & VideoFormat_val_read != 37 & VideoFormat_val_read != 12 & VideoFormat_val_read != 28 & VideoFormat_val_read != 21 & VideoFormat_val_read != 20 & VideoFormat_val_read != 31 & VideoFormat_val_read != 30 & VideoFormat_val_read != 36 & VideoFormat_val_read != 35 & VideoFormat_val_read != 29 & VideoFormat_val_read != 11 & VideoFormat_val_read != 10 & VideoFormat_val_read != 24 & icmp_ln1765) | (VideoFormat_val_read != 43 & VideoFormat_val_read != 42 & VideoFormat_val_read != 44 & VideoFormat_val_read != 41 & VideoFormat_val_read != 19 & VideoFormat_val_read != 18 & VideoFormat_val_read != 23 & VideoFormat_val_read != 22 & VideoFormat_val_read != 33 & VideoFormat_val_read != 32 & VideoFormat_val_read != 38 & VideoFormat_val_read != 37 & VideoFormat_val_read != 12 & VideoFormat_val_read != 28 & VideoFormat_val_read != 21 & VideoFormat_val_read != 20 & VideoFormat_val_read != 31 & VideoFormat_val_read != 30 & VideoFormat_val_read != 36 & VideoFormat_val_read != 35 & VideoFormat_val_read != 29 & VideoFormat_val_read != 11 & VideoFormat_val_read != 10 & VideoFormat_val_read != 24 & VideoFormat_val_read != 27) | (VideoFormat_val_read == 26) | (VideoFormat_val_read == 13) | (VideoFormat_val_read == 14) | (VideoFormat_val_read == 39) | (VideoFormat_val_read == 34) | (VideoFormat_val_read == 25) | (VideoFormat_val_read == 24 & icmp_ln1525) | (VideoFormat_val_read == 15) | (VideoFormat_val_read == 16) | (VideoFormat_val_read == 11 & icmp_ln1443)> <Delay = 0.00>

State 3 <SV = 2> <Delay = 4.07>
ST_3 : Operation 242 [1/2] (4.07ns)   --->   "%call_ln1759 = call void @Bytes2MultiPixStream_Pipeline_VITIS_LOOP_1772_29, i11 %loopWidth_9, i64 %bytePlanes_plane0, i12 %add_ln1789, i24 %img, i1 %xor_ln1762" [prj/sol/.autopilot/db/v_frmbuf_rd.cpp:1759]   --->   Operation 242 'call' 'call_ln1759' <Predicate = true> <Delay = 4.07> <CoreType = "Generic">   --->   Generic Core

State 4 <SV = 3> <Delay = 1.29>
ST_4 : Operation 243 [1/1] (0.00ns)   --->   "%specloopname_ln1765 = specloopname void @_ssdm_op_SpecLoopName, void @empty_50" [prj/sol/.autopilot/db/v_frmbuf_rd.cpp:1765]   --->   Operation 243 'specloopname' 'specloopname_ln1765' <Predicate = true> <Delay = 0.00>
ST_4 : Operation 244 [1/1] (1.29ns)   --->   "%store_ln1765 = store i11 %y_29, i11 %y_9" [prj/sol/.autopilot/db/v_frmbuf_rd.cpp:1765]   --->   Operation 244 'store' 'store_ln1765' <Predicate = true> <Delay = 1.29>
ST_4 : Operation 245 [1/1] (0.00ns)   --->   "%br_ln1765 = br void %VITIS_LOOP_1772_29" [prj/sol/.autopilot/db/v_frmbuf_rd.cpp:1765]   --->   Operation 245 'br' 'br_ln1765' <Predicate = true> <Delay = 0.00>

State 5 <SV = 2> <Delay = 4.07>
ST_5 : Operation 246 [1/2] (4.07ns)   --->   "%call_ln1519 = call void @Bytes2MultiPixStream_Pipeline_VITIS_LOOP_1532_26, i11 %loopWidth_8, i1 %icmp_ln1522, i1 %icmp_ln1548_5, i1 %icmp_ln1548_4, i1 %icmp_ln1548_3, i1 %icmp_ln1548_2, i1 %icmp_ln1548_1, i64 %bytePlanes_plane0, i12 %add_ln1548, i24 %img, i1 %icmp_ln1548" [prj/sol/.autopilot/db/v_frmbuf_rd.cpp:1519]   --->   Operation 246 'call' 'call_ln1519' <Predicate = true> <Delay = 4.07> <CoreType = "Generic">   --->   Generic Core

State 6 <SV = 3> <Delay = 1.29>
ST_6 : Operation 247 [1/1] (0.00ns)   --->   "%specloopname_ln1525 = specloopname void @_ssdm_op_SpecLoopName, void @empty_33" [prj/sol/.autopilot/db/v_frmbuf_rd.cpp:1525]   --->   Operation 247 'specloopname' 'specloopname_ln1525' <Predicate = true> <Delay = 0.00>
ST_6 : Operation 248 [1/1] (1.29ns)   --->   "%store_ln1525 = store i11 %y_27, i11 %y_8" [prj/sol/.autopilot/db/v_frmbuf_rd.cpp:1525]   --->   Operation 248 'store' 'store_ln1525' <Predicate = true> <Delay = 1.29>
ST_6 : Operation 249 [1/1] (0.00ns)   --->   "%br_ln1525 = br void %VITIS_LOOP_1532_26" [prj/sol/.autopilot/db/v_frmbuf_rd.cpp:1525]   --->   Operation 249 'br' 'br_ln1525' <Predicate = true> <Delay = 0.00>

State 7 <SV = 2> <Delay = 4.07>
ST_7 : Operation 250 [1/2] (4.07ns)   --->   "%call_ln1437 = call void @Bytes2MultiPixStream_Pipeline_VITIS_LOOP_1450_23, i11 %loopWidth_7, i64 %bytePlanes_plane0, i12 %add_ln1467, i24 %img, i1 %xor_ln1440" [prj/sol/.autopilot/db/v_frmbuf_rd.cpp:1437]   --->   Operation 250 'call' 'call_ln1437' <Predicate = true> <Delay = 4.07> <CoreType = "Generic">   --->   Generic Core

State 8 <SV = 3> <Delay = 1.29>
ST_8 : Operation 251 [1/1] (0.00ns)   --->   "%specloopname_ln1443 = specloopname void @_ssdm_op_SpecLoopName, void @empty_31" [prj/sol/.autopilot/db/v_frmbuf_rd.cpp:1443]   --->   Operation 251 'specloopname' 'specloopname_ln1443' <Predicate = true> <Delay = 0.00>
ST_8 : Operation 252 [1/1] (1.29ns)   --->   "%store_ln1443 = store i11 %y_25, i11 %y_7" [prj/sol/.autopilot/db/v_frmbuf_rd.cpp:1443]   --->   Operation 252 'store' 'store_ln1443' <Predicate = true> <Delay = 1.29>
ST_8 : Operation 253 [1/1] (0.00ns)   --->   "%br_ln1443 = br void %VITIS_LOOP_1450_23" [prj/sol/.autopilot/db/v_frmbuf_rd.cpp:1443]   --->   Operation 253 'br' 'br_ln1443' <Predicate = true> <Delay = 0.00>

State 9 <SV = 1> <Delay = 2.86>
ST_9 : Operation 254 [14/15] (2.86ns)   --->   "%remainTrx_1 = urem i11 %trunc_ln4, i11 3" [prj/sol/.autopilot/db/v_frmbuf_rd.cpp:1384]   --->   Operation 254 'urem' 'remainTrx_1' <Predicate = true> <Delay = 2.86> <CoreInst = "DivnS_SEQ">   --->   Core 7 'DivnS_SEQ' <Latency = 14> <II = 2> <Delay = 2.86> <FuncUnit> <Opcode : 'udiv' 'sdiv' 'urem' 'srem'> <InPorts = 2> <OutPorts = 1>

State 10 <SV = 2> <Delay = 2.86>
ST_10 : Operation 255 [13/15] (2.86ns)   --->   "%remainTrx_1 = urem i11 %trunc_ln4, i11 3" [prj/sol/.autopilot/db/v_frmbuf_rd.cpp:1384]   --->   Operation 255 'urem' 'remainTrx_1' <Predicate = true> <Delay = 2.86> <CoreInst = "DivnS_SEQ">   --->   Core 7 'DivnS_SEQ' <Latency = 14> <II = 2> <Delay = 2.86> <FuncUnit> <Opcode : 'udiv' 'sdiv' 'urem' 'srem'> <InPorts = 2> <OutPorts = 1>

State 11 <SV = 3> <Delay = 2.86>
ST_11 : Operation 256 [12/15] (2.86ns)   --->   "%remainTrx_1 = urem i11 %trunc_ln4, i11 3" [prj/sol/.autopilot/db/v_frmbuf_rd.cpp:1384]   --->   Operation 256 'urem' 'remainTrx_1' <Predicate = true> <Delay = 2.86> <CoreInst = "DivnS_SEQ">   --->   Core 7 'DivnS_SEQ' <Latency = 14> <II = 2> <Delay = 2.86> <FuncUnit> <Opcode : 'udiv' 'sdiv' 'urem' 'srem'> <InPorts = 2> <OutPorts = 1>

State 12 <SV = 4> <Delay = 2.86>
ST_12 : Operation 257 [11/15] (2.86ns)   --->   "%remainTrx_1 = urem i11 %trunc_ln4, i11 3" [prj/sol/.autopilot/db/v_frmbuf_rd.cpp:1384]   --->   Operation 257 'urem' 'remainTrx_1' <Predicate = true> <Delay = 2.86> <CoreInst = "DivnS_SEQ">   --->   Core 7 'DivnS_SEQ' <Latency = 14> <II = 2> <Delay = 2.86> <FuncUnit> <Opcode : 'udiv' 'sdiv' 'urem' 'srem'> <InPorts = 2> <OutPorts = 1>

State 13 <SV = 5> <Delay = 2.86>
ST_13 : Operation 258 [10/15] (2.86ns)   --->   "%remainTrx_1 = urem i11 %trunc_ln4, i11 3" [prj/sol/.autopilot/db/v_frmbuf_rd.cpp:1384]   --->   Operation 258 'urem' 'remainTrx_1' <Predicate = true> <Delay = 2.86> <CoreInst = "DivnS_SEQ">   --->   Core 7 'DivnS_SEQ' <Latency = 14> <II = 2> <Delay = 2.86> <FuncUnit> <Opcode : 'udiv' 'sdiv' 'urem' 'srem'> <InPorts = 2> <OutPorts = 1>

State 14 <SV = 6> <Delay = 2.86>
ST_14 : Operation 259 [9/15] (2.86ns)   --->   "%remainTrx_1 = urem i11 %trunc_ln4, i11 3" [prj/sol/.autopilot/db/v_frmbuf_rd.cpp:1384]   --->   Operation 259 'urem' 'remainTrx_1' <Predicate = true> <Delay = 2.86> <CoreInst = "DivnS_SEQ">   --->   Core 7 'DivnS_SEQ' <Latency = 14> <II = 2> <Delay = 2.86> <FuncUnit> <Opcode : 'udiv' 'sdiv' 'urem' 'srem'> <InPorts = 2> <OutPorts = 1>

State 15 <SV = 7> <Delay = 2.86>
ST_15 : Operation 260 [8/15] (2.86ns)   --->   "%remainTrx_1 = urem i11 %trunc_ln4, i11 3" [prj/sol/.autopilot/db/v_frmbuf_rd.cpp:1384]   --->   Operation 260 'urem' 'remainTrx_1' <Predicate = true> <Delay = 2.86> <CoreInst = "DivnS_SEQ">   --->   Core 7 'DivnS_SEQ' <Latency = 14> <II = 2> <Delay = 2.86> <FuncUnit> <Opcode : 'udiv' 'sdiv' 'urem' 'srem'> <InPorts = 2> <OutPorts = 1>

State 16 <SV = 8> <Delay = 2.86>
ST_16 : Operation 261 [7/15] (2.86ns)   --->   "%remainTrx_1 = urem i11 %trunc_ln4, i11 3" [prj/sol/.autopilot/db/v_frmbuf_rd.cpp:1384]   --->   Operation 261 'urem' 'remainTrx_1' <Predicate = true> <Delay = 2.86> <CoreInst = "DivnS_SEQ">   --->   Core 7 'DivnS_SEQ' <Latency = 14> <II = 2> <Delay = 2.86> <FuncUnit> <Opcode : 'udiv' 'sdiv' 'urem' 'srem'> <InPorts = 2> <OutPorts = 1>

State 17 <SV = 9> <Delay = 2.86>
ST_17 : Operation 262 [6/15] (2.86ns)   --->   "%remainTrx_1 = urem i11 %trunc_ln4, i11 3" [prj/sol/.autopilot/db/v_frmbuf_rd.cpp:1384]   --->   Operation 262 'urem' 'remainTrx_1' <Predicate = true> <Delay = 2.86> <CoreInst = "DivnS_SEQ">   --->   Core 7 'DivnS_SEQ' <Latency = 14> <II = 2> <Delay = 2.86> <FuncUnit> <Opcode : 'udiv' 'sdiv' 'urem' 'srem'> <InPorts = 2> <OutPorts = 1>

State 18 <SV = 10> <Delay = 2.86>
ST_18 : Operation 263 [5/15] (2.86ns)   --->   "%remainTrx_1 = urem i11 %trunc_ln4, i11 3" [prj/sol/.autopilot/db/v_frmbuf_rd.cpp:1384]   --->   Operation 263 'urem' 'remainTrx_1' <Predicate = true> <Delay = 2.86> <CoreInst = "DivnS_SEQ">   --->   Core 7 'DivnS_SEQ' <Latency = 14> <II = 2> <Delay = 2.86> <FuncUnit> <Opcode : 'udiv' 'sdiv' 'urem' 'srem'> <InPorts = 2> <OutPorts = 1>

State 19 <SV = 11> <Delay = 2.86>
ST_19 : Operation 264 [4/15] (2.86ns)   --->   "%remainTrx_1 = urem i11 %trunc_ln4, i11 3" [prj/sol/.autopilot/db/v_frmbuf_rd.cpp:1384]   --->   Operation 264 'urem' 'remainTrx_1' <Predicate = true> <Delay = 2.86> <CoreInst = "DivnS_SEQ">   --->   Core 7 'DivnS_SEQ' <Latency = 14> <II = 2> <Delay = 2.86> <FuncUnit> <Opcode : 'udiv' 'sdiv' 'urem' 'srem'> <InPorts = 2> <OutPorts = 1>

State 20 <SV = 12> <Delay = 2.86>
ST_20 : Operation 265 [1/1] (1.48ns)   --->   "%add_ln1383 = add i11 %trunc_ln4, i11 2" [prj/sol/.autopilot/db/v_frmbuf_rd.cpp:1383]   --->   Operation 265 'add' 'add_ln1383' <Predicate = true> <Delay = 1.48> <CoreInst = "Adder">   --->   Core 1 'Adder' <Latency = 0> <II = 1> <Delay = 1.48> <FuncUnit> <Opcode : 'add' 'sub'> <InPorts = 2> <OutPorts = 1>
ST_20 : Operation 266 [3/15] (2.86ns)   --->   "%remainTrx_1 = urem i11 %trunc_ln4, i11 3" [prj/sol/.autopilot/db/v_frmbuf_rd.cpp:1384]   --->   Operation 266 'urem' 'remainTrx_1' <Predicate = true> <Delay = 2.86> <CoreInst = "DivnS_SEQ">   --->   Core 7 'DivnS_SEQ' <Latency = 14> <II = 2> <Delay = 2.86> <FuncUnit> <Opcode : 'udiv' 'sdiv' 'urem' 'srem'> <InPorts = 2> <OutPorts = 1>

State 21 <SV = 13> <Delay = 4.65>
ST_21 : Operation 267 [1/1] (0.00ns)   --->   "%zext_ln1383 = zext i11 %add_ln1383" [prj/sol/.autopilot/db/v_frmbuf_rd.cpp:1383]   --->   Operation 267 'zext' 'zext_ln1383' <Predicate = true> <Delay = 0.00>
ST_21 : Operation 268 [1/1] (4.65ns)   --->   "%mul_ln1383 = mul i23 %zext_ln1383, i23 2731" [prj/sol/.autopilot/db/v_frmbuf_rd.cpp:1383]   --->   Operation 268 'mul' 'mul_ln1383' <Predicate = true> <Delay = 4.65> <CoreInst = "Multiplier">   --->   Core 3 'Multiplier' <Latency = 0> <II = 1> <Delay = 4.65> <FuncUnit> <Opcode : 'mul'> <InPorts = 2> <OutPorts = 1>
ST_21 : Operation 269 [1/1] (0.00ns)   --->   "%trunc_ln5 = partselect i10 @_ssdm_op_PartSelect.i10.i23.i32.i32, i23 %mul_ln1383, i32 13, i32 22" [prj/sol/.autopilot/db/v_frmbuf_rd.cpp:1383]   --->   Operation 269 'partselect' 'trunc_ln5' <Predicate = true> <Delay = 0.00>
ST_21 : Operation 270 [1/1] (0.00ns)   --->   "%trunc_ln5_cast = partselect i9 @_ssdm_op_PartSelect.i9.i23.i32.i32, i23 %mul_ln1383, i32 13, i32 21" [prj/sol/.autopilot/db/v_frmbuf_rd.cpp:1384]   --->   Operation 270 'partselect' 'trunc_ln5_cast' <Predicate = true> <Delay = 0.00>
ST_21 : Operation 271 [2/15] (2.86ns)   --->   "%remainTrx_1 = urem i11 %trunc_ln4, i11 3" [prj/sol/.autopilot/db/v_frmbuf_rd.cpp:1384]   --->   Operation 271 'urem' 'remainTrx_1' <Predicate = true> <Delay = 2.86> <CoreInst = "DivnS_SEQ">   --->   Core 7 'DivnS_SEQ' <Latency = 14> <II = 2> <Delay = 2.86> <FuncUnit> <Opcode : 'udiv' 'sdiv' 'urem' 'srem'> <InPorts = 2> <OutPorts = 1>

State 22 <SV = 14> <Delay = 3.49>
ST_22 : Operation 272 [1/15] (2.86ns)   --->   "%remainTrx_1 = urem i11 %trunc_ln4, i11 3" [prj/sol/.autopilot/db/v_frmbuf_rd.cpp:1384]   --->   Operation 272 'urem' 'remainTrx_1' <Predicate = true> <Delay = 2.86> <CoreInst = "DivnS_SEQ">   --->   Core 7 'DivnS_SEQ' <Latency = 14> <II = 2> <Delay = 2.86> <FuncUnit> <Opcode : 'udiv' 'sdiv' 'urem' 'srem'> <InPorts = 2> <OutPorts = 1>
ST_22 : Operation 273 [1/1] (0.00ns)   --->   "%trunc_ln1384 = trunc i2 %remainTrx_1" [prj/sol/.autopilot/db/v_frmbuf_rd.cpp:1384]   --->   Operation 273 'trunc' 'trunc_ln1384' <Predicate = true> <Delay = 0.00>
ST_22 : Operation 274 [1/1] (0.00ns)   --->   "%zext_ln1386 = zext i3 %remainPix_12" [prj/sol/.autopilot/db/v_frmbuf_rd.cpp:1386]   --->   Operation 274 'zext' 'zext_ln1386' <Predicate = true> <Delay = 0.00>
ST_22 : Operation 275 [1/1] (0.76ns)   --->   "%icmp_ln1387 = icmp_eq  i3 %remainPix_12, i3 0" [prj/sol/.autopilot/db/v_frmbuf_rd.cpp:1387]   --->   Operation 275 'icmp' 'icmp_ln1387' <Predicate = true> <Delay = 0.76> <CoreInst = "Cmp">   --->   Core 9 'Cmp' <Latency = 0> <II = 1> <Delay = 0.76> <FuncUnit> <Opcode : 'seteq' 'setne' 'setle' 'setge' 'setlt' 'setgt'> <InPorts = 2> <OutPorts = 1>
ST_22 : Operation 276 [1/1] (0.83ns)   --->   "%remainPix_13 = select i1 %icmp_ln1387, i4 8, i4 %zext_ln1386" [prj/sol/.autopilot/db/v_frmbuf_rd.cpp:1387]   --->   Operation 276 'select' 'remainPix_13' <Predicate = true> <Delay = 0.83> <CoreInst = "Sel">   --->   Core 73 'Sel' <Latency = 0> <II = 1> <Delay = 0.83> <FuncUnit> <Opcode : 'select'> <InPorts = 3> <OutPorts = 1>
ST_22 : Operation 277 [1/1] (1.41ns)   --->   "%add_ln1405 = add i10 %trunc_ln5, i10 1023" [prj/sol/.autopilot/db/v_frmbuf_rd.cpp:1405]   --->   Operation 277 'add' 'add_ln1405' <Predicate = true> <Delay = 1.41> <CoreInst = "Adder">   --->   Core 1 'Adder' <Latency = 0> <II = 1> <Delay = 1.41> <FuncUnit> <Opcode : 'add' 'sub'> <InPorts = 2> <OutPorts = 1>
ST_22 : Operation 278 [1/1] (0.63ns)   --->   "%icmp_ln1405 = icmp_ne  i2 %trunc_ln1384, i2 1" [prj/sol/.autopilot/db/v_frmbuf_rd.cpp:1405]   --->   Operation 278 'icmp' 'icmp_ln1405' <Predicate = true> <Delay = 0.63> <CoreInst = "Cmp">   --->   Core 9 'Cmp' <Latency = 0> <II = 1> <Delay = 0.63> <FuncUnit> <Opcode : 'seteq' 'setne' 'setle' 'setge' 'setlt' 'setgt'> <InPorts = 2> <OutPorts = 1>
ST_22 : Operation 279 [1/1] (0.63ns)   --->   "%icmp_ln1408 = icmp_eq  i2 %trunc_ln1384, i2 0" [prj/sol/.autopilot/db/v_frmbuf_rd.cpp:1408]   --->   Operation 279 'icmp' 'icmp_ln1408' <Predicate = true> <Delay = 0.63> <CoreInst = "Cmp">   --->   Core 9 'Cmp' <Latency = 0> <II = 1> <Delay = 0.63> <FuncUnit> <Opcode : 'seteq' 'setne' 'setle' 'setge' 'setlt' 'setgt'> <InPorts = 2> <OutPorts = 1>
ST_22 : Operation 280 [1/1] (0.00ns)   --->   "%tmp_18 = partselect i3 @_ssdm_op_PartSelect.i3.i4.i32.i32, i4 %remainPix_13, i32 1, i32 3" [prj/sol/.autopilot/db/v_frmbuf_rd.cpp:1426]   --->   Operation 280 'partselect' 'tmp_18' <Predicate = true> <Delay = 0.00>
ST_22 : Operation 281 [1/1] (0.76ns)   --->   "%icmp_ln1426 = icmp_ne  i3 %tmp_18, i3 0" [prj/sol/.autopilot/db/v_frmbuf_rd.cpp:1426]   --->   Operation 281 'icmp' 'icmp_ln1426' <Predicate = true> <Delay = 0.76> <CoreInst = "Cmp">   --->   Core 9 'Cmp' <Latency = 0> <II = 1> <Delay = 0.76> <FuncUnit> <Opcode : 'seteq' 'setne' 'setle' 'setge' 'setlt' 'setgt'> <InPorts = 2> <OutPorts = 1>
ST_22 : Operation 282 [1/1] (0.99ns)   --->   "%icmp_ln1426_1 = icmp_ugt  i4 %remainPix_13, i4 2" [prj/sol/.autopilot/db/v_frmbuf_rd.cpp:1426]   --->   Operation 282 'icmp' 'icmp_ln1426_1' <Predicate = true> <Delay = 0.99> <CoreInst = "Cmp">   --->   Core 9 'Cmp' <Latency = 0> <II = 1> <Delay = 0.99> <FuncUnit> <Opcode : 'seteq' 'setne' 'setle' 'setge' 'setlt' 'setgt'> <InPorts = 2> <OutPorts = 1>
ST_22 : Operation 283 [1/1] (0.00ns)   --->   "%tmp_19 = partselect i2 @_ssdm_op_PartSelect.i2.i4.i32.i32, i4 %remainPix_13, i32 2, i32 3" [prj/sol/.autopilot/db/v_frmbuf_rd.cpp:1426]   --->   Operation 283 'partselect' 'tmp_19' <Predicate = true> <Delay = 0.00>
ST_22 : Operation 284 [1/1] (0.63ns)   --->   "%icmp_ln1426_2 = icmp_ne  i2 %tmp_19, i2 0" [prj/sol/.autopilot/db/v_frmbuf_rd.cpp:1426]   --->   Operation 284 'icmp' 'icmp_ln1426_2' <Predicate = true> <Delay = 0.63> <CoreInst = "Cmp">   --->   Core 9 'Cmp' <Latency = 0> <II = 1> <Delay = 0.63> <FuncUnit> <Opcode : 'seteq' 'setne' 'setle' 'setge' 'setlt' 'setgt'> <InPorts = 2> <OutPorts = 1>
ST_22 : Operation 285 [1/1] (0.99ns)   --->   "%icmp_ln1426_3 = icmp_ugt  i4 %remainPix_13, i4 4" [prj/sol/.autopilot/db/v_frmbuf_rd.cpp:1426]   --->   Operation 285 'icmp' 'icmp_ln1426_3' <Predicate = true> <Delay = 0.99> <CoreInst = "Cmp">   --->   Core 9 'Cmp' <Latency = 0> <II = 1> <Delay = 0.99> <FuncUnit> <Opcode : 'seteq' 'setne' 'setle' 'setge' 'setlt' 'setgt'> <InPorts = 2> <OutPorts = 1>
ST_22 : Operation 286 [1/1] (0.99ns)   --->   "%icmp_ln1426_4 = icmp_ugt  i4 %remainPix_13, i4 5" [prj/sol/.autopilot/db/v_frmbuf_rd.cpp:1426]   --->   Operation 286 'icmp' 'icmp_ln1426_4' <Predicate = true> <Delay = 0.99> <CoreInst = "Cmp">   --->   Core 9 'Cmp' <Latency = 0> <II = 1> <Delay = 0.99> <FuncUnit> <Opcode : 'seteq' 'setne' 'setle' 'setge' 'setlt' 'setgt'> <InPorts = 2> <OutPorts = 1>
ST_22 : Operation 287 [1/1] (0.99ns)   --->   "%icmp_ln1426_5 = icmp_ugt  i4 %remainPix_13, i4 6" [prj/sol/.autopilot/db/v_frmbuf_rd.cpp:1426]   --->   Operation 287 'icmp' 'icmp_ln1426_5' <Predicate = true> <Delay = 0.99> <CoreInst = "Cmp">   --->   Core 9 'Cmp' <Latency = 0> <II = 1> <Delay = 0.99> <FuncUnit> <Opcode : 'seteq' 'setne' 'setle' 'setge' 'setlt' 'setgt'> <InPorts = 2> <OutPorts = 1>
ST_22 : Operation 288 [1/1] (0.00ns)   --->   "%br_ln1390 = br void %VITIS_LOOP_1398_20" [prj/sol/.autopilot/db/v_frmbuf_rd.cpp:1390]   --->   Operation 288 'br' 'br_ln1390' <Predicate = true> <Delay = 0.00>

State 23 <SV = 15> <Delay = 4.14>
ST_23 : Operation 289 [1/1] (0.00ns)   --->   "%y_22 = load i11 %y_6" [prj/sol/.autopilot/db/v_frmbuf_rd.cpp:1390]   --->   Operation 289 'load' 'y_22' <Predicate = (VideoFormat_val_read == 29)> <Delay = 0.00>
ST_23 : Operation 290 [1/1] (1.48ns)   --->   "%icmp_ln1390 = icmp_eq  i11 %y_22, i11 %Height_val_read" [prj/sol/.autopilot/db/v_frmbuf_rd.cpp:1390]   --->   Operation 290 'icmp' 'icmp_ln1390' <Predicate = (VideoFormat_val_read == 29)> <Delay = 1.48> <CoreInst = "Cmp">   --->   Core 9 'Cmp' <Latency = 0> <II = 1> <Delay = 1.48> <FuncUnit> <Opcode : 'seteq' 'setne' 'setle' 'setge' 'setlt' 'setgt'> <InPorts = 2> <OutPorts = 1>
ST_23 : Operation 291 [1/1] (0.00ns)   --->   "%speclooptripcount_ln0 = speclooptripcount void @_ssdm_op_SpecLoopTripCount, i64 64, i64 1080, i64 0"   --->   Operation 291 'speclooptripcount' 'speclooptripcount_ln0' <Predicate = (VideoFormat_val_read == 29)> <Delay = 0.00>
ST_23 : Operation 292 [1/1] (1.48ns)   --->   "%y_23 = add i11 %y_22, i11 1" [prj/sol/.autopilot/db/v_frmbuf_rd.cpp:1390]   --->   Operation 292 'add' 'y_23' <Predicate = (VideoFormat_val_read == 29)> <Delay = 1.48> <CoreInst = "Adder">   --->   Core 1 'Adder' <Latency = 0> <II = 1> <Delay = 1.48> <FuncUnit> <Opcode : 'add' 'sub'> <InPorts = 2> <OutPorts = 1>
ST_23 : Operation 293 [1/1] (0.00ns)   --->   "%br_ln1390 = br i1 %icmp_ln1390, void %for.body744.lr.ph, void %if.end1221.loopexit" [prj/sol/.autopilot/db/v_frmbuf_rd.cpp:1390]   --->   Operation 293 'br' 'br_ln1390' <Predicate = (VideoFormat_val_read == 29)> <Delay = 0.00>
ST_23 : Operation 294 [2/2] (2.65ns)   --->   "%call_ln1384 = call void @Bytes2MultiPixStream_Pipeline_VITIS_LOOP_1398_20, i9 %trunc_ln5_cast, i1 %icmp_ln1387, i1 %icmp_ln1426_5, i1 %icmp_ln1426_4, i1 %icmp_ln1426_3, i1 %icmp_ln1426_2, i1 %icmp_ln1426_1, i24 %img, i1 %icmp_ln1426, i1 %icmp_ln1408, i64 %bytePlanes_plane0, i10 %add_ln1405, i1 %icmp_ln1405" [prj/sol/.autopilot/db/v_frmbuf_rd.cpp:1384]   --->   Operation 294 'call' 'call_ln1384' <Predicate = (VideoFormat_val_read == 29 & !icmp_ln1390)> <Delay = 2.65> <CoreType = "Generic">   --->   Generic Core
ST_23 : Operation 295 [1/1] (0.00ns)   --->   "%br_ln0 = br void %if.end1221"   --->   Operation 295 'br' 'br_ln0' <Predicate = (VideoFormat_val_read == 29 & icmp_ln1390)> <Delay = 0.00>
ST_23 : Operation 296 [1/1] (0.00ns)   --->   "%y_20 = load i11 %y_5" [prj/sol/.autopilot/db/v_frmbuf_rd.cpp:1232]   --->   Operation 296 'load' 'y_20' <Predicate = (VideoFormat_val_read == 20) | (VideoFormat_val_read == 21)> <Delay = 0.00>
ST_23 : Operation 297 [1/1] (1.48ns)   --->   "%icmp_ln1232 = icmp_eq  i11 %y_20, i11 %Height_val_read" [prj/sol/.autopilot/db/v_frmbuf_rd.cpp:1232]   --->   Operation 297 'icmp' 'icmp_ln1232' <Predicate = (VideoFormat_val_read == 20) | (VideoFormat_val_read == 21)> <Delay = 1.48> <CoreInst = "Cmp">   --->   Core 9 'Cmp' <Latency = 0> <II = 1> <Delay = 1.48> <FuncUnit> <Opcode : 'seteq' 'setne' 'setle' 'setge' 'setlt' 'setgt'> <InPorts = 2> <OutPorts = 1>
ST_23 : Operation 298 [1/1] (0.00ns)   --->   "%speclooptripcount_ln0 = speclooptripcount void @_ssdm_op_SpecLoopTripCount, i64 64, i64 1080, i64 0"   --->   Operation 298 'speclooptripcount' 'speclooptripcount_ln0' <Predicate = (VideoFormat_val_read == 20) | (VideoFormat_val_read == 21)> <Delay = 0.00>
ST_23 : Operation 299 [1/1] (1.48ns)   --->   "%y_21 = add i11 %y_20, i11 1" [prj/sol/.autopilot/db/v_frmbuf_rd.cpp:1232]   --->   Operation 299 'add' 'y_21' <Predicate = (VideoFormat_val_read == 20) | (VideoFormat_val_read == 21)> <Delay = 1.48> <CoreInst = "Adder">   --->   Core 1 'Adder' <Latency = 0> <II = 1> <Delay = 1.48> <FuncUnit> <Opcode : 'add' 'sub'> <InPorts = 2> <OutPorts = 1>
ST_23 : Operation 300 [1/1] (0.00ns)   --->   "%br_ln1232 = br i1 %icmp_ln1232, void %for.body565.lr.ph, void %if.end1224.loopexit" [prj/sol/.autopilot/db/v_frmbuf_rd.cpp:1232]   --->   Operation 300 'br' 'br_ln1232' <Predicate = (VideoFormat_val_read == 20) | (VideoFormat_val_read == 21)> <Delay = 0.00>
ST_23 : Operation 301 [2/2] (2.65ns)   --->   "%call_ln1226 = call void @Bytes2MultiPixStream_Pipeline_VITIS_LOOP_1240_17, i9 %trunc_ln2_cast, i1 %icmp_ln1229, i1 %icmp_ln1271_5, i1 %icmp_ln1271_4, i1 %icmp_ln1271_3, i1 %icmp_ln1271_2, i1 %icmp_ln1271_1, i24 %img, i1 %icmp_ln1271, i1 %icmp_ln1250, i64 %bytePlanes_plane0, i10 %add_ln1247, i1 %icmp_ln1247" [prj/sol/.autopilot/db/v_frmbuf_rd.cpp:1226]   --->   Operation 301 'call' 'call_ln1226' <Predicate = (VideoFormat_val_read == 20 & !icmp_ln1232) | (VideoFormat_val_read == 21 & !icmp_ln1232)> <Delay = 2.65> <CoreType = "Generic">   --->   Generic Core
ST_23 : Operation 302 [1/1] (0.00ns)   --->   "%br_ln0 = br void %if.end1224"   --->   Operation 302 'br' 'br_ln0' <Predicate = (VideoFormat_val_read == 20 & icmp_ln1232) | (VideoFormat_val_read == 21 & icmp_ln1232)> <Delay = 0.00>
ST_23 : Operation 303 [1/1] (0.00ns)   --->   "%br_ln0 = br void %if.end1222"   --->   Operation 303 'br' 'br_ln0' <Predicate = (VideoFormat_val_read != 43 & VideoFormat_val_read != 42 & VideoFormat_val_read != 44 & VideoFormat_val_read != 41 & VideoFormat_val_read != 19 & VideoFormat_val_read != 18 & VideoFormat_val_read != 23 & VideoFormat_val_read != 22 & VideoFormat_val_read != 33 & VideoFormat_val_read != 32 & VideoFormat_val_read != 38 & VideoFormat_val_read != 37 & VideoFormat_val_read != 12 & VideoFormat_val_read != 28 & VideoFormat_val_read != 21 & VideoFormat_val_read != 20 & VideoFormat_val_read != 31 & VideoFormat_val_read != 30 & VideoFormat_val_read != 36 & VideoFormat_val_read != 35 & icmp_ln1390) | (VideoFormat_val_read != 43 & VideoFormat_val_read != 42 & VideoFormat_val_read != 44 & VideoFormat_val_read != 41 & VideoFormat_val_read != 19 & VideoFormat_val_read != 18 & VideoFormat_val_read != 23 & VideoFormat_val_read != 22 & VideoFormat_val_read != 33 & VideoFormat_val_read != 32 & VideoFormat_val_read != 38 & VideoFormat_val_read != 37 & VideoFormat_val_read != 12 & VideoFormat_val_read != 28 & VideoFormat_val_read != 21 & VideoFormat_val_read != 20 & VideoFormat_val_read != 31 & VideoFormat_val_read != 30 & VideoFormat_val_read != 36 & VideoFormat_val_read != 35 & VideoFormat_val_read != 29)> <Delay = 0.00>
ST_23 : Operation 304 [1/1] (0.00ns)   --->   "%br_ln0 = br void %if.end1223"   --->   Operation 304 'br' 'br_ln0' <Predicate = (VideoFormat_val_read != 43 & VideoFormat_val_read != 42 & VideoFormat_val_read != 44 & VideoFormat_val_read != 41 & VideoFormat_val_read != 19 & VideoFormat_val_read != 18 & VideoFormat_val_read != 23 & VideoFormat_val_read != 22 & VideoFormat_val_read != 33 & VideoFormat_val_read != 32 & VideoFormat_val_read != 38 & VideoFormat_val_read != 37 & VideoFormat_val_read != 12 & VideoFormat_val_read != 28 & VideoFormat_val_read != 21 & VideoFormat_val_read != 20 & VideoFormat_val_read != 31 & VideoFormat_val_read != 30 & icmp_ln1390) | (VideoFormat_val_read != 43 & VideoFormat_val_read != 42 & VideoFormat_val_read != 44 & VideoFormat_val_read != 41 & VideoFormat_val_read != 19 & VideoFormat_val_read != 18 & VideoFormat_val_read != 23 & VideoFormat_val_read != 22 & VideoFormat_val_read != 33 & VideoFormat_val_read != 32 & VideoFormat_val_read != 38 & VideoFormat_val_read != 37 & VideoFormat_val_read != 12 & VideoFormat_val_read != 28 & VideoFormat_val_read != 21 & VideoFormat_val_read != 20 & VideoFormat_val_read != 31 & VideoFormat_val_read != 30 & VideoFormat_val_read != 29) | (VideoFormat_val_read == 35) | (VideoFormat_val_read == 36)> <Delay = 0.00>
ST_23 : Operation 305 [1/1] (0.00ns)   --->   "%br_ln0 = br void %if.end1224"   --->   Operation 305 'br' 'br_ln0' <Predicate = (VideoFormat_val_read != 43 & VideoFormat_val_read != 42 & VideoFormat_val_read != 44 & VideoFormat_val_read != 41 & VideoFormat_val_read != 19 & VideoFormat_val_read != 18 & VideoFormat_val_read != 23 & VideoFormat_val_read != 22 & VideoFormat_val_read != 33 & VideoFormat_val_read != 32 & VideoFormat_val_read != 38 & VideoFormat_val_read != 37 & VideoFormat_val_read != 12 & VideoFormat_val_read != 28 & VideoFormat_val_read != 21 & VideoFormat_val_read != 20 & icmp_ln1390) | (VideoFormat_val_read != 43 & VideoFormat_val_read != 42 & VideoFormat_val_read != 44 & VideoFormat_val_read != 41 & VideoFormat_val_read != 19 & VideoFormat_val_read != 18 & VideoFormat_val_read != 23 & VideoFormat_val_read != 22 & VideoFormat_val_read != 33 & VideoFormat_val_read != 32 & VideoFormat_val_read != 38 & VideoFormat_val_read != 37 & VideoFormat_val_read != 12 & VideoFormat_val_read != 28 & VideoFormat_val_read != 21 & VideoFormat_val_read != 20 & VideoFormat_val_read != 29) | (VideoFormat_val_read == 35) | (VideoFormat_val_read == 36) | (VideoFormat_val_read == 30) | (VideoFormat_val_read == 31)> <Delay = 0.00>
ST_23 : Operation 306 [1/1] (0.00ns)   --->   "%br_ln0 = br void %if.end1225"   --->   Operation 306 'br' 'br_ln0' <Predicate = (VideoFormat_val_read == 20 & icmp_ln1232) | (VideoFormat_val_read != 43 & VideoFormat_val_read != 42 & VideoFormat_val_read != 44 & VideoFormat_val_read != 41 & VideoFormat_val_read != 19 & VideoFormat_val_read != 18 & VideoFormat_val_read != 23 & VideoFormat_val_read != 22 & VideoFormat_val_read != 33 & VideoFormat_val_read != 32 & VideoFormat_val_read != 38 & VideoFormat_val_read != 37 & VideoFormat_val_read != 12 & VideoFormat_val_read != 28 & VideoFormat_val_read != 21 & VideoFormat_val_read != 20 & icmp_ln1390) | (VideoFormat_val_read != 43 & VideoFormat_val_read != 42 & VideoFormat_val_read != 44 & VideoFormat_val_read != 41 & VideoFormat_val_read != 19 & VideoFormat_val_read != 18 & VideoFormat_val_read != 23 & VideoFormat_val_read != 22 & VideoFormat_val_read != 33 & VideoFormat_val_read != 32 & VideoFormat_val_read != 38 & VideoFormat_val_read != 37 & VideoFormat_val_read != 12 & VideoFormat_val_read != 28 & VideoFormat_val_read != 21 & VideoFormat_val_read != 20 & VideoFormat_val_read != 29) | (VideoFormat_val_read == 35) | (VideoFormat_val_read == 36) | (VideoFormat_val_read == 30) | (VideoFormat_val_read == 31) | (VideoFormat_val_read == 21 & icmp_ln1232)> <Delay = 0.00>
ST_23 : Operation 307 [1/1] (0.00ns)   --->   "%br_ln0 = br void %if.end1226"   --->   Operation 307 'br' 'br_ln0' <Predicate = (VideoFormat_val_read == 20 & icmp_ln1232) | (VideoFormat_val_read != 43 & VideoFormat_val_read != 42 & VideoFormat_val_read != 44 & VideoFormat_val_read != 41 & VideoFormat_val_read != 19 & VideoFormat_val_read != 18 & VideoFormat_val_read != 23 & VideoFormat_val_read != 22 & VideoFormat_val_read != 33 & VideoFormat_val_read != 32 & VideoFormat_val_read != 38 & VideoFormat_val_read != 37 & VideoFormat_val_read != 12 & VideoFormat_val_read != 21 & VideoFormat_val_read != 20 & icmp_ln1390) | (VideoFormat_val_read != 43 & VideoFormat_val_read != 42 & VideoFormat_val_read != 44 & VideoFormat_val_read != 41 & VideoFormat_val_read != 19 & VideoFormat_val_read != 18 & VideoFormat_val_read != 23 & VideoFormat_val_read != 22 & VideoFormat_val_read != 33 & VideoFormat_val_read != 32 & VideoFormat_val_read != 38 & VideoFormat_val_read != 37 & VideoFormat_val_read != 12 & VideoFormat_val_read != 21 & VideoFormat_val_read != 20 & VideoFormat_val_read != 29) | (VideoFormat_val_read == 35) | (VideoFormat_val_read == 36) | (VideoFormat_val_read == 30) | (VideoFormat_val_read == 31) | (VideoFormat_val_read == 21 & icmp_ln1232) | (VideoFormat_val_read == 28)> <Delay = 0.00>
ST_23 : Operation 308 [1/1] (0.00ns)   --->   "%br_ln0 = br void %if.end1227"   --->   Operation 308 'br' 'br_ln0' <Predicate = (VideoFormat_val_read == 20 & icmp_ln1232) | (VideoFormat_val_read != 43 & VideoFormat_val_read != 42 & VideoFormat_val_read != 44 & VideoFormat_val_read != 41 & VideoFormat_val_read != 19 & VideoFormat_val_read != 18 & VideoFormat_val_read != 23 & VideoFormat_val_read != 22 & VideoFormat_val_read != 33 & VideoFormat_val_read != 32 & VideoFormat_val_read != 38 & VideoFormat_val_read != 37 & VideoFormat_val_read != 21 & VideoFormat_val_read != 20 & icmp_ln1390) | (VideoFormat_val_read != 43 & VideoFormat_val_read != 42 & VideoFormat_val_read != 44 & VideoFormat_val_read != 41 & VideoFormat_val_read != 19 & VideoFormat_val_read != 18 & VideoFormat_val_read != 23 & VideoFormat_val_read != 22 & VideoFormat_val_read != 33 & VideoFormat_val_read != 32 & VideoFormat_val_read != 38 & VideoFormat_val_read != 37 & VideoFormat_val_read != 21 & VideoFormat_val_read != 20 & VideoFormat_val_read != 29) | (VideoFormat_val_read == 35) | (VideoFormat_val_read == 36) | (VideoFormat_val_read == 30) | (VideoFormat_val_read == 31) | (VideoFormat_val_read == 21 & icmp_ln1232) | (VideoFormat_val_read == 28) | (VideoFormat_val_read == 12)> <Delay = 0.00>
ST_23 : Operation 309 [1/1] (0.00ns)   --->   "%br_ln0 = br void %if.end1228"   --->   Operation 309 'br' 'br_ln0' <Predicate = (VideoFormat_val_read == 20 & icmp_ln1232) | (VideoFormat_val_read != 43 & VideoFormat_val_read != 42 & VideoFormat_val_read != 44 & VideoFormat_val_read != 41 & VideoFormat_val_read != 19 & VideoFormat_val_read != 18 & VideoFormat_val_read != 23 & VideoFormat_val_read != 22 & VideoFormat_val_read != 33 & VideoFormat_val_read != 32 & VideoFormat_val_read != 21 & VideoFormat_val_read != 20 & icmp_ln1390) | (VideoFormat_val_read != 43 & VideoFormat_val_read != 42 & VideoFormat_val_read != 44 & VideoFormat_val_read != 41 & VideoFormat_val_read != 19 & VideoFormat_val_read != 18 & VideoFormat_val_read != 23 & VideoFormat_val_read != 22 & VideoFormat_val_read != 33 & VideoFormat_val_read != 32 & VideoFormat_val_read != 21 & VideoFormat_val_read != 20 & VideoFormat_val_read != 29) | (VideoFormat_val_read == 35) | (VideoFormat_val_read == 36) | (VideoFormat_val_read == 30) | (VideoFormat_val_read == 31) | (VideoFormat_val_read == 21 & icmp_ln1232) | (VideoFormat_val_read == 28) | (VideoFormat_val_read == 12) | (VideoFormat_val_read == 37) | (VideoFormat_val_read == 38)> <Delay = 0.00>
ST_23 : Operation 310 [1/1] (0.00ns)   --->   "%br_ln0 = br void %if.end1229"   --->   Operation 310 'br' 'br_ln0' <Predicate = (VideoFormat_val_read == 20 & icmp_ln1232) | (VideoFormat_val_read != 43 & VideoFormat_val_read != 42 & VideoFormat_val_read != 44 & VideoFormat_val_read != 41 & VideoFormat_val_read != 19 & VideoFormat_val_read != 18 & VideoFormat_val_read != 23 & VideoFormat_val_read != 22 & VideoFormat_val_read != 21 & VideoFormat_val_read != 20 & icmp_ln1390) | (VideoFormat_val_read != 43 & VideoFormat_val_read != 42 & VideoFormat_val_read != 44 & VideoFormat_val_read != 41 & VideoFormat_val_read != 19 & VideoFormat_val_read != 18 & VideoFormat_val_read != 23 & VideoFormat_val_read != 22 & VideoFormat_val_read != 21 & VideoFormat_val_read != 20 & VideoFormat_val_read != 29) | (VideoFormat_val_read == 35) | (VideoFormat_val_read == 36) | (VideoFormat_val_read == 30) | (VideoFormat_val_read == 31) | (VideoFormat_val_read == 21 & icmp_ln1232) | (VideoFormat_val_read == 28) | (VideoFormat_val_read == 12) | (VideoFormat_val_read == 37) | (VideoFormat_val_read == 38) | (VideoFormat_val_read == 32) | (VideoFormat_val_read == 33)> <Delay = 0.00>
ST_23 : Operation 311 [1/1] (0.00ns)   --->   "%br_ln0 = br void %if.end1230"   --->   Operation 311 'br' 'br_ln0' <Predicate = (VideoFormat_val_read == 20 & icmp_ln1232) | (VideoFormat_val_read != 43 & VideoFormat_val_read != 42 & VideoFormat_val_read != 44 & VideoFormat_val_read != 41 & VideoFormat_val_read != 19 & VideoFormat_val_read != 18 & VideoFormat_val_read != 21 & VideoFormat_val_read != 20 & icmp_ln1390) | (VideoFormat_val_read != 43 & VideoFormat_val_read != 42 & VideoFormat_val_read != 44 & VideoFormat_val_read != 41 & VideoFormat_val_read != 19 & VideoFormat_val_read != 18 & VideoFormat_val_read != 21 & VideoFormat_val_read != 20 & VideoFormat_val_read != 29) | (VideoFormat_val_read == 35) | (VideoFormat_val_read == 36) | (VideoFormat_val_read == 30) | (VideoFormat_val_read == 31) | (VideoFormat_val_read == 21 & icmp_ln1232) | (VideoFormat_val_read == 28) | (VideoFormat_val_read == 12) | (VideoFormat_val_read == 37) | (VideoFormat_val_read == 38) | (VideoFormat_val_read == 32) | (VideoFormat_val_read == 33) | (VideoFormat_val_read == 22) | (VideoFormat_val_read == 23)> <Delay = 0.00>
ST_23 : Operation 312 [1/1] (0.00ns)   --->   "%br_ln0 = br void %if.end1231"   --->   Operation 312 'br' 'br_ln0' <Predicate = (VideoFormat_val_read == 20 & icmp_ln1232) | (VideoFormat_val_read != 43 & VideoFormat_val_read != 42 & VideoFormat_val_read != 44 & VideoFormat_val_read != 41 & VideoFormat_val_read != 21 & VideoFormat_val_read != 20 & icmp_ln1390) | (VideoFormat_val_read != 43 & VideoFormat_val_read != 42 & VideoFormat_val_read != 44 & VideoFormat_val_read != 41 & VideoFormat_val_read != 21 & VideoFormat_val_read != 20 & VideoFormat_val_read != 29) | (VideoFormat_val_read == 35) | (VideoFormat_val_read == 36) | (VideoFormat_val_read == 30) | (VideoFormat_val_read == 31) | (VideoFormat_val_read == 21 & icmp_ln1232) | (VideoFormat_val_read == 28) | (VideoFormat_val_read == 12) | (VideoFormat_val_read == 37) | (VideoFormat_val_read == 38) | (VideoFormat_val_read == 32) | (VideoFormat_val_read == 33) | (VideoFormat_val_read == 22) | (VideoFormat_val_read == 23) | (VideoFormat_val_read == 18) | (VideoFormat_val_read == 19)> <Delay = 0.00>
ST_23 : Operation 313 [1/1] (0.00ns)   --->   "%br_ln0 = br void %if.end1232"   --->   Operation 313 'br' 'br_ln0' <Predicate = (VideoFormat_val_read == 20 & icmp_ln1232) | (VideoFormat_val_read != 43 & VideoFormat_val_read != 42 & VideoFormat_val_read != 44 & VideoFormat_val_read != 21 & VideoFormat_val_read != 20 & icmp_ln1390) | (VideoFormat_val_read != 43 & VideoFormat_val_read != 42 & VideoFormat_val_read != 44 & VideoFormat_val_read != 21 & VideoFormat_val_read != 20 & VideoFormat_val_read != 29) | (VideoFormat_val_read == 35) | (VideoFormat_val_read == 36) | (VideoFormat_val_read == 30) | (VideoFormat_val_read == 31) | (VideoFormat_val_read == 21 & icmp_ln1232) | (VideoFormat_val_read == 28) | (VideoFormat_val_read == 12) | (VideoFormat_val_read == 37) | (VideoFormat_val_read == 38) | (VideoFormat_val_read == 32) | (VideoFormat_val_read == 33) | (VideoFormat_val_read == 22) | (VideoFormat_val_read == 23) | (VideoFormat_val_read == 18) | (VideoFormat_val_read == 19) | (VideoFormat_val_read == 41)> <Delay = 0.00>

State 24 <SV = 16> <Delay = 3.95>
ST_24 : Operation 314 [1/2] (3.95ns)   --->   "%call_ln1384 = call void @Bytes2MultiPixStream_Pipeline_VITIS_LOOP_1398_20, i9 %trunc_ln5_cast, i1 %icmp_ln1387, i1 %icmp_ln1426_5, i1 %icmp_ln1426_4, i1 %icmp_ln1426_3, i1 %icmp_ln1426_2, i1 %icmp_ln1426_1, i24 %img, i1 %icmp_ln1426, i1 %icmp_ln1408, i64 %bytePlanes_plane0, i10 %add_ln1405, i1 %icmp_ln1405" [prj/sol/.autopilot/db/v_frmbuf_rd.cpp:1384]   --->   Operation 314 'call' 'call_ln1384' <Predicate = true> <Delay = 3.95> <CoreType = "Generic">   --->   Generic Core

State 25 <SV = 17> <Delay = 1.29>
ST_25 : Operation 315 [1/1] (0.00ns)   --->   "%specloopname_ln1390 = specloopname void @_ssdm_op_SpecLoopName, void @empty_29" [prj/sol/.autopilot/db/v_frmbuf_rd.cpp:1390]   --->   Operation 315 'specloopname' 'specloopname_ln1390' <Predicate = true> <Delay = 0.00>
ST_25 : Operation 316 [1/1] (1.29ns)   --->   "%store_ln1390 = store i11 %y_23, i11 %y_6" [prj/sol/.autopilot/db/v_frmbuf_rd.cpp:1390]   --->   Operation 316 'store' 'store_ln1390' <Predicate = true> <Delay = 1.29>
ST_25 : Operation 317 [1/1] (0.00ns)   --->   "%br_ln1390 = br void %VITIS_LOOP_1398_20" [prj/sol/.autopilot/db/v_frmbuf_rd.cpp:1390]   --->   Operation 317 'br' 'br_ln1390' <Predicate = true> <Delay = 0.00>

State 26 <SV = 1> <Delay = 2.86>
ST_26 : Operation 318 [14/15] (2.86ns)   --->   "%remainTrx = urem i11 %trunc_ln, i11 3" [prj/sol/.autopilot/db/v_frmbuf_rd.cpp:1226]   --->   Operation 318 'urem' 'remainTrx' <Predicate = true> <Delay = 2.86> <CoreInst = "DivnS_SEQ">   --->   Core 7 'DivnS_SEQ' <Latency = 14> <II = 2> <Delay = 2.86> <FuncUnit> <Opcode : 'udiv' 'sdiv' 'urem' 'srem'> <InPorts = 2> <OutPorts = 1>

State 27 <SV = 2> <Delay = 2.86>
ST_27 : Operation 319 [13/15] (2.86ns)   --->   "%remainTrx = urem i11 %trunc_ln, i11 3" [prj/sol/.autopilot/db/v_frmbuf_rd.cpp:1226]   --->   Operation 319 'urem' 'remainTrx' <Predicate = true> <Delay = 2.86> <CoreInst = "DivnS_SEQ">   --->   Core 7 'DivnS_SEQ' <Latency = 14> <II = 2> <Delay = 2.86> <FuncUnit> <Opcode : 'udiv' 'sdiv' 'urem' 'srem'> <InPorts = 2> <OutPorts = 1>

State 28 <SV = 3> <Delay = 2.86>
ST_28 : Operation 320 [12/15] (2.86ns)   --->   "%remainTrx = urem i11 %trunc_ln, i11 3" [prj/sol/.autopilot/db/v_frmbuf_rd.cpp:1226]   --->   Operation 320 'urem' 'remainTrx' <Predicate = true> <Delay = 2.86> <CoreInst = "DivnS_SEQ">   --->   Core 7 'DivnS_SEQ' <Latency = 14> <II = 2> <Delay = 2.86> <FuncUnit> <Opcode : 'udiv' 'sdiv' 'urem' 'srem'> <InPorts = 2> <OutPorts = 1>

State 29 <SV = 4> <Delay = 2.86>
ST_29 : Operation 321 [11/15] (2.86ns)   --->   "%remainTrx = urem i11 %trunc_ln, i11 3" [prj/sol/.autopilot/db/v_frmbuf_rd.cpp:1226]   --->   Operation 321 'urem' 'remainTrx' <Predicate = true> <Delay = 2.86> <CoreInst = "DivnS_SEQ">   --->   Core 7 'DivnS_SEQ' <Latency = 14> <II = 2> <Delay = 2.86> <FuncUnit> <Opcode : 'udiv' 'sdiv' 'urem' 'srem'> <InPorts = 2> <OutPorts = 1>

State 30 <SV = 5> <Delay = 2.86>
ST_30 : Operation 322 [10/15] (2.86ns)   --->   "%remainTrx = urem i11 %trunc_ln, i11 3" [prj/sol/.autopilot/db/v_frmbuf_rd.cpp:1226]   --->   Operation 322 'urem' 'remainTrx' <Predicate = true> <Delay = 2.86> <CoreInst = "DivnS_SEQ">   --->   Core 7 'DivnS_SEQ' <Latency = 14> <II = 2> <Delay = 2.86> <FuncUnit> <Opcode : 'udiv' 'sdiv' 'urem' 'srem'> <InPorts = 2> <OutPorts = 1>

State 31 <SV = 6> <Delay = 2.86>
ST_31 : Operation 323 [9/15] (2.86ns)   --->   "%remainTrx = urem i11 %trunc_ln, i11 3" [prj/sol/.autopilot/db/v_frmbuf_rd.cpp:1226]   --->   Operation 323 'urem' 'remainTrx' <Predicate = true> <Delay = 2.86> <CoreInst = "DivnS_SEQ">   --->   Core 7 'DivnS_SEQ' <Latency = 14> <II = 2> <Delay = 2.86> <FuncUnit> <Opcode : 'udiv' 'sdiv' 'urem' 'srem'> <InPorts = 2> <OutPorts = 1>

State 32 <SV = 7> <Delay = 2.86>
ST_32 : Operation 324 [8/15] (2.86ns)   --->   "%remainTrx = urem i11 %trunc_ln, i11 3" [prj/sol/.autopilot/db/v_frmbuf_rd.cpp:1226]   --->   Operation 324 'urem' 'remainTrx' <Predicate = true> <Delay = 2.86> <CoreInst = "DivnS_SEQ">   --->   Core 7 'DivnS_SEQ' <Latency = 14> <II = 2> <Delay = 2.86> <FuncUnit> <Opcode : 'udiv' 'sdiv' 'urem' 'srem'> <InPorts = 2> <OutPorts = 1>

State 33 <SV = 8> <Delay = 2.86>
ST_33 : Operation 325 [7/15] (2.86ns)   --->   "%remainTrx = urem i11 %trunc_ln, i11 3" [prj/sol/.autopilot/db/v_frmbuf_rd.cpp:1226]   --->   Operation 325 'urem' 'remainTrx' <Predicate = true> <Delay = 2.86> <CoreInst = "DivnS_SEQ">   --->   Core 7 'DivnS_SEQ' <Latency = 14> <II = 2> <Delay = 2.86> <FuncUnit> <Opcode : 'udiv' 'sdiv' 'urem' 'srem'> <InPorts = 2> <OutPorts = 1>

State 34 <SV = 9> <Delay = 2.86>
ST_34 : Operation 326 [6/15] (2.86ns)   --->   "%remainTrx = urem i11 %trunc_ln, i11 3" [prj/sol/.autopilot/db/v_frmbuf_rd.cpp:1226]   --->   Operation 326 'urem' 'remainTrx' <Predicate = true> <Delay = 2.86> <CoreInst = "DivnS_SEQ">   --->   Core 7 'DivnS_SEQ' <Latency = 14> <II = 2> <Delay = 2.86> <FuncUnit> <Opcode : 'udiv' 'sdiv' 'urem' 'srem'> <InPorts = 2> <OutPorts = 1>

State 35 <SV = 10> <Delay = 2.86>
ST_35 : Operation 327 [5/15] (2.86ns)   --->   "%remainTrx = urem i11 %trunc_ln, i11 3" [prj/sol/.autopilot/db/v_frmbuf_rd.cpp:1226]   --->   Operation 327 'urem' 'remainTrx' <Predicate = true> <Delay = 2.86> <CoreInst = "DivnS_SEQ">   --->   Core 7 'DivnS_SEQ' <Latency = 14> <II = 2> <Delay = 2.86> <FuncUnit> <Opcode : 'udiv' 'sdiv' 'urem' 'srem'> <InPorts = 2> <OutPorts = 1>

State 36 <SV = 11> <Delay = 2.86>
ST_36 : Operation 328 [4/15] (2.86ns)   --->   "%remainTrx = urem i11 %trunc_ln, i11 3" [prj/sol/.autopilot/db/v_frmbuf_rd.cpp:1226]   --->   Operation 328 'urem' 'remainTrx' <Predicate = true> <Delay = 2.86> <CoreInst = "DivnS_SEQ">   --->   Core 7 'DivnS_SEQ' <Latency = 14> <II = 2> <Delay = 2.86> <FuncUnit> <Opcode : 'udiv' 'sdiv' 'urem' 'srem'> <InPorts = 2> <OutPorts = 1>

State 37 <SV = 12> <Delay = 2.86>
ST_37 : Operation 329 [1/1] (1.48ns)   --->   "%add_ln1225 = add i11 %trunc_ln, i11 2" [prj/sol/.autopilot/db/v_frmbuf_rd.cpp:1225]   --->   Operation 329 'add' 'add_ln1225' <Predicate = true> <Delay = 1.48> <CoreInst = "Adder">   --->   Core 1 'Adder' <Latency = 0> <II = 1> <Delay = 1.48> <FuncUnit> <Opcode : 'add' 'sub'> <InPorts = 2> <OutPorts = 1>
ST_37 : Operation 330 [3/15] (2.86ns)   --->   "%remainTrx = urem i11 %trunc_ln, i11 3" [prj/sol/.autopilot/db/v_frmbuf_rd.cpp:1226]   --->   Operation 330 'urem' 'remainTrx' <Predicate = true> <Delay = 2.86> <CoreInst = "DivnS_SEQ">   --->   Core 7 'DivnS_SEQ' <Latency = 14> <II = 2> <Delay = 2.86> <FuncUnit> <Opcode : 'udiv' 'sdiv' 'urem' 'srem'> <InPorts = 2> <OutPorts = 1>

State 38 <SV = 13> <Delay = 4.65>
ST_38 : Operation 331 [1/1] (0.00ns)   --->   "%zext_ln1225 = zext i11 %add_ln1225" [prj/sol/.autopilot/db/v_frmbuf_rd.cpp:1225]   --->   Operation 331 'zext' 'zext_ln1225' <Predicate = true> <Delay = 0.00>
ST_38 : Operation 332 [1/1] (4.65ns)   --->   "%mul_ln1225 = mul i23 %zext_ln1225, i23 2731" [prj/sol/.autopilot/db/v_frmbuf_rd.cpp:1225]   --->   Operation 332 'mul' 'mul_ln1225' <Predicate = true> <Delay = 4.65> <CoreInst = "Multiplier">   --->   Core 3 'Multiplier' <Latency = 0> <II = 1> <Delay = 4.65> <FuncUnit> <Opcode : 'mul'> <InPorts = 2> <OutPorts = 1>
ST_38 : Operation 333 [1/1] (0.00ns)   --->   "%trunc_ln2 = partselect i10 @_ssdm_op_PartSelect.i10.i23.i32.i32, i23 %mul_ln1225, i32 13, i32 22" [prj/sol/.autopilot/db/v_frmbuf_rd.cpp:1225]   --->   Operation 333 'partselect' 'trunc_ln2' <Predicate = true> <Delay = 0.00>
ST_38 : Operation 334 [1/1] (0.00ns)   --->   "%trunc_ln2_cast = partselect i9 @_ssdm_op_PartSelect.i9.i23.i32.i32, i23 %mul_ln1225, i32 13, i32 21" [prj/sol/.autopilot/db/v_frmbuf_rd.cpp:1226]   --->   Operation 334 'partselect' 'trunc_ln2_cast' <Predicate = true> <Delay = 0.00>
ST_38 : Operation 335 [2/15] (2.86ns)   --->   "%remainTrx = urem i11 %trunc_ln, i11 3" [prj/sol/.autopilot/db/v_frmbuf_rd.cpp:1226]   --->   Operation 335 'urem' 'remainTrx' <Predicate = true> <Delay = 2.86> <CoreInst = "DivnS_SEQ">   --->   Core 7 'DivnS_SEQ' <Latency = 14> <II = 2> <Delay = 2.86> <FuncUnit> <Opcode : 'udiv' 'sdiv' 'urem' 'srem'> <InPorts = 2> <OutPorts = 1>

State 39 <SV = 14> <Delay = 3.49>
ST_39 : Operation 336 [1/15] (2.86ns)   --->   "%remainTrx = urem i11 %trunc_ln, i11 3" [prj/sol/.autopilot/db/v_frmbuf_rd.cpp:1226]   --->   Operation 336 'urem' 'remainTrx' <Predicate = true> <Delay = 2.86> <CoreInst = "DivnS_SEQ">   --->   Core 7 'DivnS_SEQ' <Latency = 14> <II = 2> <Delay = 2.86> <FuncUnit> <Opcode : 'udiv' 'sdiv' 'urem' 'srem'> <InPorts = 2> <OutPorts = 1>
ST_39 : Operation 337 [1/1] (0.00ns)   --->   "%trunc_ln1226 = trunc i2 %remainTrx" [prj/sol/.autopilot/db/v_frmbuf_rd.cpp:1226]   --->   Operation 337 'trunc' 'trunc_ln1226' <Predicate = true> <Delay = 0.00>
ST_39 : Operation 338 [1/1] (0.00ns)   --->   "%zext_ln1228 = zext i3 %remainPix_10" [prj/sol/.autopilot/db/v_frmbuf_rd.cpp:1228]   --->   Operation 338 'zext' 'zext_ln1228' <Predicate = true> <Delay = 0.00>
ST_39 : Operation 339 [1/1] (0.76ns)   --->   "%icmp_ln1229 = icmp_eq  i3 %remainPix_10, i3 0" [prj/sol/.autopilot/db/v_frmbuf_rd.cpp:1229]   --->   Operation 339 'icmp' 'icmp_ln1229' <Predicate = true> <Delay = 0.76> <CoreInst = "Cmp">   --->   Core 9 'Cmp' <Latency = 0> <II = 1> <Delay = 0.76> <FuncUnit> <Opcode : 'seteq' 'setne' 'setle' 'setge' 'setlt' 'setgt'> <InPorts = 2> <OutPorts = 1>
ST_39 : Operation 340 [1/1] (0.83ns)   --->   "%remainPix_11 = select i1 %icmp_ln1229, i4 8, i4 %zext_ln1228" [prj/sol/.autopilot/db/v_frmbuf_rd.cpp:1229]   --->   Operation 340 'select' 'remainPix_11' <Predicate = true> <Delay = 0.83> <CoreInst = "Sel">   --->   Core 73 'Sel' <Latency = 0> <II = 1> <Delay = 0.83> <FuncUnit> <Opcode : 'select'> <InPorts = 3> <OutPorts = 1>
ST_39 : Operation 341 [1/1] (1.41ns)   --->   "%add_ln1247 = add i10 %trunc_ln2, i10 1023" [prj/sol/.autopilot/db/v_frmbuf_rd.cpp:1247]   --->   Operation 341 'add' 'add_ln1247' <Predicate = true> <Delay = 1.41> <CoreInst = "Adder">   --->   Core 1 'Adder' <Latency = 0> <II = 1> <Delay = 1.41> <FuncUnit> <Opcode : 'add' 'sub'> <InPorts = 2> <OutPorts = 1>
ST_39 : Operation 342 [1/1] (0.63ns)   --->   "%icmp_ln1247 = icmp_ne  i2 %trunc_ln1226, i2 1" [prj/sol/.autopilot/db/v_frmbuf_rd.cpp:1247]   --->   Operation 342 'icmp' 'icmp_ln1247' <Predicate = true> <Delay = 0.63> <CoreInst = "Cmp">   --->   Core 9 'Cmp' <Latency = 0> <II = 1> <Delay = 0.63> <FuncUnit> <Opcode : 'seteq' 'setne' 'setle' 'setge' 'setlt' 'setgt'> <InPorts = 2> <OutPorts = 1>
ST_39 : Operation 343 [1/1] (0.63ns)   --->   "%icmp_ln1250 = icmp_eq  i2 %trunc_ln1226, i2 0" [prj/sol/.autopilot/db/v_frmbuf_rd.cpp:1250]   --->   Operation 343 'icmp' 'icmp_ln1250' <Predicate = true> <Delay = 0.63> <CoreInst = "Cmp">   --->   Core 9 'Cmp' <Latency = 0> <II = 1> <Delay = 0.63> <FuncUnit> <Opcode : 'seteq' 'setne' 'setle' 'setge' 'setlt' 'setgt'> <InPorts = 2> <OutPorts = 1>
ST_39 : Operation 344 [1/1] (0.00ns)   --->   "%tmp_16 = partselect i3 @_ssdm_op_PartSelect.i3.i4.i32.i32, i4 %remainPix_11, i32 1, i32 3" [prj/sol/.autopilot/db/v_frmbuf_rd.cpp:1271]   --->   Operation 344 'partselect' 'tmp_16' <Predicate = true> <Delay = 0.00>
ST_39 : Operation 345 [1/1] (0.76ns)   --->   "%icmp_ln1271 = icmp_ne  i3 %tmp_16, i3 0" [prj/sol/.autopilot/db/v_frmbuf_rd.cpp:1271]   --->   Operation 345 'icmp' 'icmp_ln1271' <Predicate = true> <Delay = 0.76> <CoreInst = "Cmp">   --->   Core 9 'Cmp' <Latency = 0> <II = 1> <Delay = 0.76> <FuncUnit> <Opcode : 'seteq' 'setne' 'setle' 'setge' 'setlt' 'setgt'> <InPorts = 2> <OutPorts = 1>
ST_39 : Operation 346 [1/1] (0.99ns)   --->   "%icmp_ln1271_1 = icmp_ugt  i4 %remainPix_11, i4 2" [prj/sol/.autopilot/db/v_frmbuf_rd.cpp:1271]   --->   Operation 346 'icmp' 'icmp_ln1271_1' <Predicate = true> <Delay = 0.99> <CoreInst = "Cmp">   --->   Core 9 'Cmp' <Latency = 0> <II = 1> <Delay = 0.99> <FuncUnit> <Opcode : 'seteq' 'setne' 'setle' 'setge' 'setlt' 'setgt'> <InPorts = 2> <OutPorts = 1>
ST_39 : Operation 347 [1/1] (0.00ns)   --->   "%tmp_17 = partselect i2 @_ssdm_op_PartSelect.i2.i4.i32.i32, i4 %remainPix_11, i32 2, i32 3" [prj/sol/.autopilot/db/v_frmbuf_rd.cpp:1271]   --->   Operation 347 'partselect' 'tmp_17' <Predicate = true> <Delay = 0.00>
ST_39 : Operation 348 [1/1] (0.63ns)   --->   "%icmp_ln1271_2 = icmp_ne  i2 %tmp_17, i2 0" [prj/sol/.autopilot/db/v_frmbuf_rd.cpp:1271]   --->   Operation 348 'icmp' 'icmp_ln1271_2' <Predicate = true> <Delay = 0.63> <CoreInst = "Cmp">   --->   Core 9 'Cmp' <Latency = 0> <II = 1> <Delay = 0.63> <FuncUnit> <Opcode : 'seteq' 'setne' 'setle' 'setge' 'setlt' 'setgt'> <InPorts = 2> <OutPorts = 1>
ST_39 : Operation 349 [1/1] (0.99ns)   --->   "%icmp_ln1271_3 = icmp_ugt  i4 %remainPix_11, i4 4" [prj/sol/.autopilot/db/v_frmbuf_rd.cpp:1271]   --->   Operation 349 'icmp' 'icmp_ln1271_3' <Predicate = true> <Delay = 0.99> <CoreInst = "Cmp">   --->   Core 9 'Cmp' <Latency = 0> <II = 1> <Delay = 0.99> <FuncUnit> <Opcode : 'seteq' 'setne' 'setle' 'setge' 'setlt' 'setgt'> <InPorts = 2> <OutPorts = 1>
ST_39 : Operation 350 [1/1] (0.99ns)   --->   "%icmp_ln1271_4 = icmp_ugt  i4 %remainPix_11, i4 5" [prj/sol/.autopilot/db/v_frmbuf_rd.cpp:1271]   --->   Operation 350 'icmp' 'icmp_ln1271_4' <Predicate = true> <Delay = 0.99> <CoreInst = "Cmp">   --->   Core 9 'Cmp' <Latency = 0> <II = 1> <Delay = 0.99> <FuncUnit> <Opcode : 'seteq' 'setne' 'setle' 'setge' 'setlt' 'setgt'> <InPorts = 2> <OutPorts = 1>
ST_39 : Operation 351 [1/1] (0.99ns)   --->   "%icmp_ln1271_5 = icmp_ugt  i4 %remainPix_11, i4 6" [prj/sol/.autopilot/db/v_frmbuf_rd.cpp:1271]   --->   Operation 351 'icmp' 'icmp_ln1271_5' <Predicate = true> <Delay = 0.99> <CoreInst = "Cmp">   --->   Core 9 'Cmp' <Latency = 0> <II = 1> <Delay = 0.99> <FuncUnit> <Opcode : 'seteq' 'setne' 'setle' 'setge' 'setlt' 'setgt'> <InPorts = 2> <OutPorts = 1>
ST_39 : Operation 352 [1/1] (0.00ns)   --->   "%br_ln1232 = br void %VITIS_LOOP_1240_17" [prj/sol/.autopilot/db/v_frmbuf_rd.cpp:1232]   --->   Operation 352 'br' 'br_ln1232' <Predicate = true> <Delay = 0.00>

State 40 <SV = 16> <Delay = 3.95>
ST_40 : Operation 353 [1/2] (3.95ns)   --->   "%call_ln1226 = call void @Bytes2MultiPixStream_Pipeline_VITIS_LOOP_1240_17, i9 %trunc_ln2_cast, i1 %icmp_ln1229, i1 %icmp_ln1271_5, i1 %icmp_ln1271_4, i1 %icmp_ln1271_3, i1 %icmp_ln1271_2, i1 %icmp_ln1271_1, i24 %img, i1 %icmp_ln1271, i1 %icmp_ln1250, i64 %bytePlanes_plane0, i10 %add_ln1247, i1 %icmp_ln1247" [prj/sol/.autopilot/db/v_frmbuf_rd.cpp:1226]   --->   Operation 353 'call' 'call_ln1226' <Predicate = true> <Delay = 3.95> <CoreType = "Generic">   --->   Generic Core

State 41 <SV = 17> <Delay = 1.29>
ST_41 : Operation 354 [1/1] (0.00ns)   --->   "%specloopname_ln1232 = specloopname void @_ssdm_op_SpecLoopName, void @empty_27" [prj/sol/.autopilot/db/v_frmbuf_rd.cpp:1232]   --->   Operation 354 'specloopname' 'specloopname_ln1232' <Predicate = true> <Delay = 0.00>
ST_41 : Operation 355 [1/1] (1.29ns)   --->   "%store_ln1232 = store i11 %y_21, i11 %y_5" [prj/sol/.autopilot/db/v_frmbuf_rd.cpp:1232]   --->   Operation 355 'store' 'store_ln1232' <Predicate = true> <Delay = 1.29>
ST_41 : Operation 356 [1/1] (0.00ns)   --->   "%br_ln1232 = br void %VITIS_LOOP_1240_17" [prj/sol/.autopilot/db/v_frmbuf_rd.cpp:1232]   --->   Operation 356 'br' 'br_ln1232' <Predicate = true> <Delay = 0.00>

State 42 <SV = 1> <Delay = 4.26>
ST_42 : Operation 357 [1/1] (0.00ns)   --->   "%y_18 = load i11 %y_4" [prj/sol/.autopilot/db/v_frmbuf_rd.cpp:1190]   --->   Operation 357 'load' 'y_18' <Predicate = true> <Delay = 0.00>
ST_42 : Operation 358 [1/1] (1.48ns)   --->   "%icmp_ln1190 = icmp_eq  i11 %y_18, i11 %Height_val_read" [prj/sol/.autopilot/db/v_frmbuf_rd.cpp:1190]   --->   Operation 358 'icmp' 'icmp_ln1190' <Predicate = true> <Delay = 1.48> <CoreInst = "Cmp">   --->   Core 9 'Cmp' <Latency = 0> <II = 1> <Delay = 1.48> <FuncUnit> <Opcode : 'seteq' 'setne' 'setle' 'setge' 'setlt' 'setgt'> <InPorts = 2> <OutPorts = 1>
ST_42 : Operation 359 [1/1] (0.00ns)   --->   "%speclooptripcount_ln0 = speclooptripcount void @_ssdm_op_SpecLoopTripCount, i64 64, i64 1080, i64 0"   --->   Operation 359 'speclooptripcount' 'speclooptripcount_ln0' <Predicate = true> <Delay = 0.00>
ST_42 : Operation 360 [1/1] (1.48ns)   --->   "%y_19 = add i11 %y_18, i11 1" [prj/sol/.autopilot/db/v_frmbuf_rd.cpp:1190]   --->   Operation 360 'add' 'y_19' <Predicate = true> <Delay = 1.48> <CoreInst = "Adder">   --->   Core 1 'Adder' <Latency = 0> <II = 1> <Delay = 1.48> <FuncUnit> <Opcode : 'add' 'sub'> <InPorts = 2> <OutPorts = 1>
ST_42 : Operation 361 [1/1] (0.00ns)   --->   "%br_ln1190 = br i1 %icmp_ln1190, void %VITIS_LOOP_1204_15.lr.ph, void %if.end1225.loopexit" [prj/sol/.autopilot/db/v_frmbuf_rd.cpp:1190]   --->   Operation 361 'br' 'br_ln1190' <Predicate = true> <Delay = 0.00>
ST_42 : Operation 362 [2/2] (2.77ns)   --->   "%call_ln1184 = call void @Bytes2MultiPixStream_Pipeline_VITIS_LOOP_1197_14, i11 %loopWidth_4, i1 %icmp_ln1187, i1 %icmp_ln1213_1, i64 %bytePlanes_plane0, i12 %add_ln1213, i24 %img, i1 %icmp_ln1213" [prj/sol/.autopilot/db/v_frmbuf_rd.cpp:1184]   --->   Operation 362 'call' 'call_ln1184' <Predicate = (!icmp_ln1190)> <Delay = 2.77> <CoreType = "Generic">   --->   Generic Core
ST_42 : Operation 363 [1/1] (0.00ns)   --->   "%br_ln0 = br void %if.end1225"   --->   Operation 363 'br' 'br_ln0' <Predicate = (icmp_ln1190)> <Delay = 0.00>

State 43 <SV = 2> <Delay = 4.07>
ST_43 : Operation 364 [1/2] (4.07ns)   --->   "%call_ln1184 = call void @Bytes2MultiPixStream_Pipeline_VITIS_LOOP_1197_14, i11 %loopWidth_4, i1 %icmp_ln1187, i1 %icmp_ln1213_1, i64 %bytePlanes_plane0, i12 %add_ln1213, i24 %img, i1 %icmp_ln1213" [prj/sol/.autopilot/db/v_frmbuf_rd.cpp:1184]   --->   Operation 364 'call' 'call_ln1184' <Predicate = true> <Delay = 4.07> <CoreType = "Generic">   --->   Generic Core

State 44 <SV = 3> <Delay = 1.29>
ST_44 : Operation 365 [1/1] (0.00ns)   --->   "%specloopname_ln1190 = specloopname void @_ssdm_op_SpecLoopName, void @empty_25" [prj/sol/.autopilot/db/v_frmbuf_rd.cpp:1190]   --->   Operation 365 'specloopname' 'specloopname_ln1190' <Predicate = true> <Delay = 0.00>
ST_44 : Operation 366 [1/1] (1.29ns)   --->   "%store_ln1190 = store i11 %y_19, i11 %y_4" [prj/sol/.autopilot/db/v_frmbuf_rd.cpp:1190]   --->   Operation 366 'store' 'store_ln1190' <Predicate = true> <Delay = 1.29>
ST_44 : Operation 367 [1/1] (0.00ns)   --->   "%br_ln1190 = br void %VITIS_LOOP_1197_14" [prj/sol/.autopilot/db/v_frmbuf_rd.cpp:1190]   --->   Operation 367 'br' 'br_ln1190' <Predicate = true> <Delay = 0.00>

State 45 <SV = 1> <Delay = 4.26>
ST_45 : Operation 368 [1/1] (0.00ns)   --->   "%y_16 = load i11 %y_3" [prj/sol/.autopilot/db/v_frmbuf_rd.cpp:1150]   --->   Operation 368 'load' 'y_16' <Predicate = true> <Delay = 0.00>
ST_45 : Operation 369 [1/1] (1.48ns)   --->   "%icmp_ln1150 = icmp_eq  i11 %y_16, i11 %Height_val_read" [prj/sol/.autopilot/db/v_frmbuf_rd.cpp:1150]   --->   Operation 369 'icmp' 'icmp_ln1150' <Predicate = true> <Delay = 1.48> <CoreInst = "Cmp">   --->   Core 9 'Cmp' <Latency = 0> <II = 1> <Delay = 1.48> <FuncUnit> <Opcode : 'seteq' 'setne' 'setle' 'setge' 'setlt' 'setgt'> <InPorts = 2> <OutPorts = 1>
ST_45 : Operation 370 [1/1] (0.00ns)   --->   "%speclooptripcount_ln0 = speclooptripcount void @_ssdm_op_SpecLoopTripCount, i64 64, i64 1080, i64 0"   --->   Operation 370 'speclooptripcount' 'speclooptripcount_ln0' <Predicate = true> <Delay = 0.00>
ST_45 : Operation 371 [1/1] (1.48ns)   --->   "%y_17 = add i11 %y_16, i11 1" [prj/sol/.autopilot/db/v_frmbuf_rd.cpp:1150]   --->   Operation 371 'add' 'y_17' <Predicate = true> <Delay = 1.48> <CoreInst = "Adder">   --->   Core 1 'Adder' <Latency = 0> <II = 1> <Delay = 1.48> <FuncUnit> <Opcode : 'add' 'sub'> <InPorts = 2> <OutPorts = 1>
ST_45 : Operation 372 [1/1] (0.00ns)   --->   "%br_ln1150 = br i1 %icmp_ln1150, void %VITIS_LOOP_1164_12.lr.ph, void %if.end1226.loopexit" [prj/sol/.autopilot/db/v_frmbuf_rd.cpp:1150]   --->   Operation 372 'br' 'br_ln1150' <Predicate = true> <Delay = 0.00>
ST_45 : Operation 373 [2/2] (2.77ns)   --->   "%call_ln1144 = call void @Bytes2MultiPixStream_Pipeline_VITIS_LOOP_1157_11, i11 %loopWidth_3, i1 %icmp_ln1147, i1 %icmp_ln1173_1, i64 %bytePlanes_plane0, i12 %add_ln1173, i24 %img, i1 %icmp_ln1173" [prj/sol/.autopilot/db/v_frmbuf_rd.cpp:1144]   --->   Operation 373 'call' 'call_ln1144' <Predicate = (!icmp_ln1150)> <Delay = 2.77> <CoreType = "Generic">   --->   Generic Core
ST_45 : Operation 374 [1/1] (0.00ns)   --->   "%br_ln0 = br void %if.end1226"   --->   Operation 374 'br' 'br_ln0' <Predicate = (icmp_ln1150)> <Delay = 0.00>

State 46 <SV = 2> <Delay = 4.07>
ST_46 : Operation 375 [1/2] (4.07ns)   --->   "%call_ln1144 = call void @Bytes2MultiPixStream_Pipeline_VITIS_LOOP_1157_11, i11 %loopWidth_3, i1 %icmp_ln1147, i1 %icmp_ln1173_1, i64 %bytePlanes_plane0, i12 %add_ln1173, i24 %img, i1 %icmp_ln1173" [prj/sol/.autopilot/db/v_frmbuf_rd.cpp:1144]   --->   Operation 375 'call' 'call_ln1144' <Predicate = true> <Delay = 4.07> <CoreType = "Generic">   --->   Generic Core

State 47 <SV = 3> <Delay = 1.29>
ST_47 : Operation 376 [1/1] (0.00ns)   --->   "%specloopname_ln1150 = specloopname void @_ssdm_op_SpecLoopName, void @empty_23" [prj/sol/.autopilot/db/v_frmbuf_rd.cpp:1150]   --->   Operation 376 'specloopname' 'specloopname_ln1150' <Predicate = true> <Delay = 0.00>
ST_47 : Operation 377 [1/1] (1.29ns)   --->   "%store_ln1150 = store i11 %y_17, i11 %y_3" [prj/sol/.autopilot/db/v_frmbuf_rd.cpp:1150]   --->   Operation 377 'store' 'store_ln1150' <Predicate = true> <Delay = 1.29>
ST_47 : Operation 378 [1/1] (0.00ns)   --->   "%br_ln1150 = br void %VITIS_LOOP_1157_11" [prj/sol/.autopilot/db/v_frmbuf_rd.cpp:1150]   --->   Operation 378 'br' 'br_ln1150' <Predicate = true> <Delay = 0.00>

State 48 <SV = 1> <Delay = 4.26>
ST_48 : Operation 379 [1/1] (0.00ns)   --->   "%y_14 = load i11 %y_2" [prj/sol/.autopilot/db/v_frmbuf_rd.cpp:947]   --->   Operation 379 'load' 'y_14' <Predicate = true> <Delay = 0.00>
ST_48 : Operation 380 [1/1] (1.48ns)   --->   "%icmp_ln947 = icmp_eq  i11 %y_14, i11 %Height_val_read" [prj/sol/.autopilot/db/v_frmbuf_rd.cpp:947]   --->   Operation 380 'icmp' 'icmp_ln947' <Predicate = true> <Delay = 1.48> <CoreInst = "Cmp">   --->   Core 9 'Cmp' <Latency = 0> <II = 1> <Delay = 1.48> <FuncUnit> <Opcode : 'seteq' 'setne' 'setle' 'setge' 'setlt' 'setgt'> <InPorts = 2> <OutPorts = 1>
ST_48 : Operation 381 [1/1] (0.00ns)   --->   "%speclooptripcount_ln0 = speclooptripcount void @_ssdm_op_SpecLoopTripCount, i64 64, i64 1080, i64 0"   --->   Operation 381 'speclooptripcount' 'speclooptripcount_ln0' <Predicate = true> <Delay = 0.00>
ST_48 : Operation 382 [1/1] (1.48ns)   --->   "%y_15 = add i11 %y_14, i11 1" [prj/sol/.autopilot/db/v_frmbuf_rd.cpp:947]   --->   Operation 382 'add' 'y_15' <Predicate = true> <Delay = 1.48> <CoreInst = "Adder">   --->   Core 1 'Adder' <Latency = 0> <II = 1> <Delay = 1.48> <FuncUnit> <Opcode : 'add' 'sub'> <InPorts = 2> <OutPorts = 1>
ST_48 : Operation 383 [1/1] (0.00ns)   --->   "%br_ln947 = br i1 %icmp_ln947, void %VITIS_LOOP_954_8.split, void %if.end1230.loopexit" [prj/sol/.autopilot/db/v_frmbuf_rd.cpp:947]   --->   Operation 383 'br' 'br_ln947' <Predicate = true> <Delay = 0.00>
ST_48 : Operation 384 [1/1] (0.00ns)   --->   "%trunc_ln947 = trunc i11 %y_14" [prj/sol/.autopilot/db/v_frmbuf_rd.cpp:947]   --->   Operation 384 'trunc' 'trunc_ln947' <Predicate = (!icmp_ln947)> <Delay = 0.00>
ST_48 : Operation 385 [2/2] (2.77ns)   --->   "%call_ln941 = call void @Bytes2MultiPixStream_Pipeline_VITIS_LOOP_954_8, i11 %loopWidth_2, i1 %icmp_ln944, i1 %icmp_ln975_5, i1 %icmp_ln975_4, i1 %icmp_ln975_3, i1 %icmp_ln975_2, i1 %icmp_ln975_1, i12 %add_ln975, i24 %img, i1 %icmp_ln975, i64 %bytePlanes_plane0, i5 %empty, i1 %trunc_ln947, i64 %bytePlanes_plane1" [prj/sol/.autopilot/db/v_frmbuf_rd.cpp:941]   --->   Operation 385 'call' 'call_ln941' <Predicate = (!icmp_ln947)> <Delay = 2.77> <CoreType = "Generic">   --->   Generic Core
ST_48 : Operation 386 [1/1] (0.00ns)   --->   "%br_ln0 = br void %if.end1230"   --->   Operation 386 'br' 'br_ln0' <Predicate = (icmp_ln947)> <Delay = 0.00>

State 49 <SV = 2> <Delay = 4.07>
ST_49 : Operation 387 [1/2] (4.07ns)   --->   "%call_ln941 = call void @Bytes2MultiPixStream_Pipeline_VITIS_LOOP_954_8, i11 %loopWidth_2, i1 %icmp_ln944, i1 %icmp_ln975_5, i1 %icmp_ln975_4, i1 %icmp_ln975_3, i1 %icmp_ln975_2, i1 %icmp_ln975_1, i12 %add_ln975, i24 %img, i1 %icmp_ln975, i64 %bytePlanes_plane0, i5 %empty, i1 %trunc_ln947, i64 %bytePlanes_plane1" [prj/sol/.autopilot/db/v_frmbuf_rd.cpp:941]   --->   Operation 387 'call' 'call_ln941' <Predicate = true> <Delay = 4.07> <CoreType = "Generic">   --->   Generic Core

State 50 <SV = 3> <Delay = 1.29>
ST_50 : Operation 388 [1/1] (0.00ns)   --->   "%specloopname_ln947 = specloopname void @_ssdm_op_SpecLoopName, void @empty_35" [prj/sol/.autopilot/db/v_frmbuf_rd.cpp:947]   --->   Operation 388 'specloopname' 'specloopname_ln947' <Predicate = true> <Delay = 0.00>
ST_50 : Operation 389 [1/1] (1.29ns)   --->   "%store_ln947 = store i11 %y_15, i11 %y_2" [prj/sol/.autopilot/db/v_frmbuf_rd.cpp:947]   --->   Operation 389 'store' 'store_ln947' <Predicate = true> <Delay = 1.29>
ST_50 : Operation 390 [1/1] (0.00ns)   --->   "%br_ln947 = br void %VITIS_LOOP_954_8" [prj/sol/.autopilot/db/v_frmbuf_rd.cpp:947]   --->   Operation 390 'br' 'br_ln947' <Predicate = true> <Delay = 0.00>

State 51 <SV = 1> <Delay = 4.26>
ST_51 : Operation 391 [1/1] (0.00ns)   --->   "%y_12 = load i11 %y_1" [prj/sol/.autopilot/db/v_frmbuf_rd.cpp:857]   --->   Operation 391 'load' 'y_12' <Predicate = true> <Delay = 0.00>
ST_51 : Operation 392 [1/1] (1.48ns)   --->   "%icmp_ln857 = icmp_eq  i11 %y_12, i11 %Height_val_read" [prj/sol/.autopilot/db/v_frmbuf_rd.cpp:857]   --->   Operation 392 'icmp' 'icmp_ln857' <Predicate = true> <Delay = 1.48> <CoreInst = "Cmp">   --->   Core 9 'Cmp' <Latency = 0> <II = 1> <Delay = 1.48> <FuncUnit> <Opcode : 'seteq' 'setne' 'setle' 'setge' 'setlt' 'setgt'> <InPorts = 2> <OutPorts = 1>
ST_51 : Operation 393 [1/1] (0.00ns)   --->   "%speclooptripcount_ln0 = speclooptripcount void @_ssdm_op_SpecLoopTripCount, i64 64, i64 1080, i64 0"   --->   Operation 393 'speclooptripcount' 'speclooptripcount_ln0' <Predicate = true> <Delay = 0.00>
ST_51 : Operation 394 [1/1] (1.48ns)   --->   "%y_13 = add i11 %y_12, i11 1" [prj/sol/.autopilot/db/v_frmbuf_rd.cpp:857]   --->   Operation 394 'add' 'y_13' <Predicate = true> <Delay = 1.48> <CoreInst = "Adder">   --->   Core 1 'Adder' <Latency = 0> <II = 1> <Delay = 1.48> <FuncUnit> <Opcode : 'add' 'sub'> <InPorts = 2> <OutPorts = 1>
ST_51 : Operation 395 [1/1] (0.00ns)   --->   "%br_ln857 = br i1 %icmp_ln857, void %VITIS_LOOP_862_5.split, void %if.end1231.loopexit" [prj/sol/.autopilot/db/v_frmbuf_rd.cpp:857]   --->   Operation 395 'br' 'br_ln857' <Predicate = true> <Delay = 0.00>
ST_51 : Operation 396 [1/1] (0.00ns)   --->   "%trunc_ln857 = trunc i11 %y_12" [prj/sol/.autopilot/db/v_frmbuf_rd.cpp:857]   --->   Operation 396 'trunc' 'trunc_ln857' <Predicate = (!icmp_ln857)> <Delay = 0.00>
ST_51 : Operation 397 [2/2] (2.77ns)   --->   "%call_ln846 = call void @Bytes2MultiPixStream_Pipeline_VITIS_LOOP_862_5, i11 %loopWidth_1, i1 %icmp_ln849, i1 %icmp_ln928_5, i1 %icmp_ln928_4, i1 %icmp_ln928_3, i1 %icmp_ln928_2, i1 %icmp_ln928_1, i12 %add_ln928, i24 %img, i1 %icmp_ln928, i64 %bytePlanes_plane1, i64 %bytePlanes_plane2, i64 %bytePlanes_plane0, i1 %trunc_ln857, i64 %pixV, i64 %pixU" [prj/sol/.autopilot/db/v_frmbuf_rd.cpp:846]   --->   Operation 397 'call' 'call_ln846' <Predicate = (!icmp_ln857)> <Delay = 2.77> <CoreType = "Generic">   --->   Generic Core
ST_51 : Operation 398 [1/1] (1.29ns)   --->   "%store_ln857 = store i11 %y_13, i11 %y_1" [prj/sol/.autopilot/db/v_frmbuf_rd.cpp:857]   --->   Operation 398 'store' 'store_ln857' <Predicate = (!icmp_ln857)> <Delay = 1.29>
ST_51 : Operation 399 [1/1] (0.00ns)   --->   "%br_ln0 = br void %if.end1231"   --->   Operation 399 'br' 'br_ln0' <Predicate = (icmp_ln857)> <Delay = 0.00>

State 52 <SV = 2> <Delay = 0.00>
ST_52 : Operation 400 [1/1] (0.00ns)   --->   "%specloopname_ln857 = specloopname void @_ssdm_op_SpecLoopName, void @empty_13" [prj/sol/.autopilot/db/v_frmbuf_rd.cpp:857]   --->   Operation 400 'specloopname' 'specloopname_ln857' <Predicate = true> <Delay = 0.00>
ST_52 : Operation 401 [1/2] (0.00ns)   --->   "%call_ln846 = call void @Bytes2MultiPixStream_Pipeline_VITIS_LOOP_862_5, i11 %loopWidth_1, i1 %icmp_ln849, i1 %icmp_ln928_5, i1 %icmp_ln928_4, i1 %icmp_ln928_3, i1 %icmp_ln928_2, i1 %icmp_ln928_1, i12 %add_ln928, i24 %img, i1 %icmp_ln928, i64 %bytePlanes_plane1, i64 %bytePlanes_plane2, i64 %bytePlanes_plane0, i1 %trunc_ln857, i64 %pixV, i64 %pixU" [prj/sol/.autopilot/db/v_frmbuf_rd.cpp:846]   --->   Operation 401 'call' 'call_ln846' <Predicate = true> <Delay = 0.00> <CoreType = "Generic">   --->   Generic Core
ST_52 : Operation 402 [1/1] (0.00ns)   --->   "%br_ln857 = br void %VITIS_LOOP_862_5" [prj/sol/.autopilot/db/v_frmbuf_rd.cpp:857]   --->   Operation 402 'br' 'br_ln857' <Predicate = true> <Delay = 0.00>

State 53 <SV = 1> <Delay = 4.26>
ST_53 : Operation 403 [1/1] (0.00ns)   --->   "%y_10 = load i11 %y" [prj/sol/.autopilot/db/v_frmbuf_rd.cpp:750]   --->   Operation 403 'load' 'y_10' <Predicate = true> <Delay = 0.00>
ST_53 : Operation 404 [1/1] (1.48ns)   --->   "%icmp_ln750 = icmp_eq  i11 %y_10, i11 %Height_val_read" [prj/sol/.autopilot/db/v_frmbuf_rd.cpp:750]   --->   Operation 404 'icmp' 'icmp_ln750' <Predicate = true> <Delay = 1.48> <CoreInst = "Cmp">   --->   Core 9 'Cmp' <Latency = 0> <II = 1> <Delay = 1.48> <FuncUnit> <Opcode : 'seteq' 'setne' 'setle' 'setge' 'setlt' 'setgt'> <InPorts = 2> <OutPorts = 1>
ST_53 : Operation 405 [1/1] (0.00ns)   --->   "%speclooptripcount_ln0 = speclooptripcount void @_ssdm_op_SpecLoopTripCount, i64 64, i64 1080, i64 0"   --->   Operation 405 'speclooptripcount' 'speclooptripcount_ln0' <Predicate = true> <Delay = 0.00>
ST_53 : Operation 406 [1/1] (1.48ns)   --->   "%y_11 = add i11 %y_10, i11 1" [prj/sol/.autopilot/db/v_frmbuf_rd.cpp:750]   --->   Operation 406 'add' 'y_11' <Predicate = true> <Delay = 1.48> <CoreInst = "Adder">   --->   Core 1 'Adder' <Latency = 0> <II = 1> <Delay = 1.48> <FuncUnit> <Opcode : 'add' 'sub'> <InPorts = 2> <OutPorts = 1>
ST_53 : Operation 407 [1/1] (0.00ns)   --->   "%br_ln750 = br i1 %icmp_ln750, void %VITIS_LOOP_762_2.lr.ph, void %if.end1233.loopexit" [prj/sol/.autopilot/db/v_frmbuf_rd.cpp:750]   --->   Operation 407 'br' 'br_ln750' <Predicate = true> <Delay = 0.00>
ST_53 : Operation 408 [2/2] (2.77ns)   --->   "%call_ln745 = call void @Bytes2MultiPixStream_Pipeline_VITIS_LOOP_755_1, i11 %trunc_ln745_1, i1 %icmp_ln748, i1 %icmp_ln773_5, i1 %icmp_ln773_4, i1 %icmp_ln773_3, i1 %icmp_ln773_2, i1 %icmp_ln773_1, i64 %bytePlanes_plane0, i64 %bytePlanes_plane1, i64 %bytePlanes_plane2, i12 %add_ln773, i24 %img, i1 %icmp_ln773" [prj/sol/.autopilot/db/v_frmbuf_rd.cpp:745]   --->   Operation 408 'call' 'call_ln745' <Predicate = (!icmp_ln750)> <Delay = 2.77> <CoreType = "Generic">   --->   Generic Core
ST_53 : Operation 409 [1/1] (0.00ns)   --->   "%br_ln0 = br void %if.end1233"   --->   Operation 409 'br' 'br_ln0' <Predicate = (icmp_ln750)> <Delay = 0.00>

State 54 <SV = 2> <Delay = 4.07>
ST_54 : Operation 410 [1/2] (4.07ns)   --->   "%call_ln745 = call void @Bytes2MultiPixStream_Pipeline_VITIS_LOOP_755_1, i11 %trunc_ln745_1, i1 %icmp_ln748, i1 %icmp_ln773_5, i1 %icmp_ln773_4, i1 %icmp_ln773_3, i1 %icmp_ln773_2, i1 %icmp_ln773_1, i64 %bytePlanes_plane0, i64 %bytePlanes_plane1, i64 %bytePlanes_plane2, i12 %add_ln773, i24 %img, i1 %icmp_ln773" [prj/sol/.autopilot/db/v_frmbuf_rd.cpp:745]   --->   Operation 410 'call' 'call_ln745' <Predicate = true> <Delay = 4.07> <CoreType = "Generic">   --->   Generic Core

State 55 <SV = 3> <Delay = 1.29>
ST_55 : Operation 411 [1/1] (0.00ns)   --->   "%specloopname_ln750 = specloopname void @_ssdm_op_SpecLoopName, void @empty_15" [prj/sol/.autopilot/db/v_frmbuf_rd.cpp:750]   --->   Operation 411 'specloopname' 'specloopname_ln750' <Predicate = true> <Delay = 0.00>
ST_55 : Operation 412 [1/1] (1.29ns)   --->   "%store_ln750 = store i11 %y_11, i11 %y" [prj/sol/.autopilot/db/v_frmbuf_rd.cpp:750]   --->   Operation 412 'store' 'store_ln750' <Predicate = true> <Delay = 1.29>
ST_55 : Operation 413 [1/1] (0.00ns)   --->   "%br_ln750 = br void %VITIS_LOOP_755_1" [prj/sol/.autopilot/db/v_frmbuf_rd.cpp:750]   --->   Operation 413 'br' 'br_ln750' <Predicate = true> <Delay = 0.00>

State 56 <SV = 16> <Delay = 0.00>
ST_56 : Operation 414 [1/1] (0.00ns)   --->   "%br_ln0 = br void %if.end1233"   --->   Operation 414 'br' 'br_ln0' <Predicate = true> <Delay = 0.00>

State 57 <SV = 17> <Delay = 0.00>
ST_57 : Operation 415 [1/1] (0.00ns)   --->   "%br_ln0 = br void %if.end1234"   --->   Operation 415 'br' 'br_ln0' <Predicate = true> <Delay = 0.00>

State 58 <SV = 18> <Delay = 0.00>
ST_58 : Operation 416 [1/1] (0.00ns)   --->   "%ret_ln1796 = ret" [prj/sol/.autopilot/db/v_frmbuf_rd.cpp:1796]   --->   Operation 416 'ret' 'ret_ln1796' <Predicate = true> <Delay = 0.00>


============================================================
+ Verbose Summary: Timing violations
============================================================
Target clock period: 6.522ns, clock uncertainty: 1.761ns.

 <State 1>: 4.392ns
The critical path consists of the following:
	wire read operation ('WidthInBytes_val_read') on port 'WidthInBytes_val' [10]  (0.000 ns)
	'add' operation 14 bit ('add_ln1224', prj/sol/.autopilot/db/v_frmbuf_rd.cpp:1224) [148]  (1.528 ns)
	'urem' operation 2 bit ('remainTrx', prj/sol/.autopilot/db/v_frmbuf_rd.cpp:1226) [155]  (2.864 ns)

 <State 2>: 4.261ns
The critical path consists of the following:
	'load' operation 11 bit ('y', prj/sol/.autopilot/db/v_frmbuf_rd.cpp:1765) on local variable 'y', prj/sol/.autopilot/db/v_frmbuf_rd.cpp:1765 [37]  (0.000 ns)
	'icmp' operation 1 bit ('icmp_ln1765', prj/sol/.autopilot/db/v_frmbuf_rd.cpp:1765) [38]  (1.482 ns)
	'call' operation ('call_ln1759', prj/sol/.autopilot/db/v_frmbuf_rd.cpp:1759) to 'Bytes2MultiPixStream_Pipeline_VITIS_LOOP_1772_29' [44]  (2.780 ns)

 <State 3>: 4.078ns
The critical path consists of the following:
	'call' operation ('call_ln1759', prj/sol/.autopilot/db/v_frmbuf_rd.cpp:1759) to 'Bytes2MultiPixStream_Pipeline_VITIS_LOOP_1772_29' [44]  (4.078 ns)

 <State 4>: 1.298ns
The critical path consists of the following:
	'store' operation ('store_ln1765', prj/sol/.autopilot/db/v_frmbuf_rd.cpp:1765) of variable 'y', prj/sol/.autopilot/db/v_frmbuf_rd.cpp:1765 11 bit on local variable 'y', prj/sol/.autopilot/db/v_frmbuf_rd.cpp:1765 [45]  (1.298 ns)

 <State 5>: 4.078ns
The critical path consists of the following:
	'call' operation ('call_ln1519', prj/sol/.autopilot/db/v_frmbuf_rd.cpp:1519) to 'Bytes2MultiPixStream_Pipeline_VITIS_LOOP_1532_26' [77]  (4.078 ns)

 <State 6>: 1.298ns
The critical path consists of the following:
	'store' operation ('store_ln1525', prj/sol/.autopilot/db/v_frmbuf_rd.cpp:1525) of variable 'y', prj/sol/.autopilot/db/v_frmbuf_rd.cpp:1525 11 bit on local variable 'y', prj/sol/.autopilot/db/v_frmbuf_rd.cpp:1525 [78]  (1.298 ns)

 <State 7>: 4.078ns
The critical path consists of the following:
	'call' operation ('call_ln1437', prj/sol/.autopilot/db/v_frmbuf_rd.cpp:1437) to 'Bytes2MultiPixStream_Pipeline_VITIS_LOOP_1450_23' [100]  (4.078 ns)

 <State 8>: 1.298ns
The critical path consists of the following:
	'store' operation ('store_ln1443', prj/sol/.autopilot/db/v_frmbuf_rd.cpp:1443) of variable 'y', prj/sol/.autopilot/db/v_frmbuf_rd.cpp:1443 11 bit on local variable 'y', prj/sol/.autopilot/db/v_frmbuf_rd.cpp:1443 [101]  (1.298 ns)

 <State 9>: 2.864ns
The critical path consists of the following:
	'urem' operation 2 bit ('remainTrx', prj/sol/.autopilot/db/v_frmbuf_rd.cpp:1384) [114]  (2.864 ns)

 <State 10>: 2.864ns
The critical path consists of the following:
	'urem' operation 2 bit ('remainTrx', prj/sol/.autopilot/db/v_frmbuf_rd.cpp:1384) [114]  (2.864 ns)

 <State 11>: 2.864ns
The critical path consists of the following:
	'urem' operation 2 bit ('remainTrx', prj/sol/.autopilot/db/v_frmbuf_rd.cpp:1384) [114]  (2.864 ns)

 <State 12>: 2.864ns
The critical path consists of the following:
	'urem' operation 2 bit ('remainTrx', prj/sol/.autopilot/db/v_frmbuf_rd.cpp:1384) [114]  (2.864 ns)

 <State 13>: 2.864ns
The critical path consists of the following:
	'urem' operation 2 bit ('remainTrx', prj/sol/.autopilot/db/v_frmbuf_rd.cpp:1384) [114]  (2.864 ns)

 <State 14>: 2.864ns
The critical path consists of the following:
	'urem' operation 2 bit ('remainTrx', prj/sol/.autopilot/db/v_frmbuf_rd.cpp:1384) [114]  (2.864 ns)

 <State 15>: 2.864ns
The critical path consists of the following:
	'urem' operation 2 bit ('remainTrx', prj/sol/.autopilot/db/v_frmbuf_rd.cpp:1384) [114]  (2.864 ns)

 <State 16>: 2.864ns
The critical path consists of the following:
	'urem' operation 2 bit ('remainTrx', prj/sol/.autopilot/db/v_frmbuf_rd.cpp:1384) [114]  (2.864 ns)

 <State 17>: 2.864ns
The critical path consists of the following:
	'urem' operation 2 bit ('remainTrx', prj/sol/.autopilot/db/v_frmbuf_rd.cpp:1384) [114]  (2.864 ns)

 <State 18>: 2.864ns
The critical path consists of the following:
	'urem' operation 2 bit ('remainTrx', prj/sol/.autopilot/db/v_frmbuf_rd.cpp:1384) [114]  (2.864 ns)

 <State 19>: 2.864ns
The critical path consists of the following:
	'urem' operation 2 bit ('remainTrx', prj/sol/.autopilot/db/v_frmbuf_rd.cpp:1384) [114]  (2.864 ns)

 <State 20>: 2.864ns
The critical path consists of the following:
	'urem' operation 2 bit ('remainTrx', prj/sol/.autopilot/db/v_frmbuf_rd.cpp:1384) [114]  (2.864 ns)

 <State 21>: 4.652ns
The critical path consists of the following:
	'mul' operation 23 bit ('mul_ln1383', prj/sol/.autopilot/db/v_frmbuf_rd.cpp:1383) [111]  (4.652 ns)

 <State 22>: 3.496ns
The critical path consists of the following:
	'urem' operation 2 bit ('remainTrx', prj/sol/.autopilot/db/v_frmbuf_rd.cpp:1384) [114]  (2.864 ns)
	'icmp' operation 1 bit ('icmp_ln1405', prj/sol/.autopilot/db/v_frmbuf_rd.cpp:1405) [121]  (0.632 ns)

 <State 23>: 4.141ns
The critical path consists of the following:
	'load' operation 11 bit ('y', prj/sol/.autopilot/db/v_frmbuf_rd.cpp:1232) on local variable 'y', prj/sol/.autopilot/db/v_frmbuf_rd.cpp:1232 [175]  (0.000 ns)
	'icmp' operation 1 bit ('icmp_ln1232', prj/sol/.autopilot/db/v_frmbuf_rd.cpp:1232) [176]  (1.482 ns)
	'call' operation ('call_ln1226', prj/sol/.autopilot/db/v_frmbuf_rd.cpp:1226) to 'Bytes2MultiPixStream_Pipeline_VITIS_LOOP_1240_17' [182]  (2.659 ns)

 <State 24>: 3.958ns
The critical path consists of the following:
	'call' operation ('call_ln1384', prj/sol/.autopilot/db/v_frmbuf_rd.cpp:1384) to 'Bytes2MultiPixStream_Pipeline_VITIS_LOOP_1398_20' [141]  (3.958 ns)

 <State 25>: 1.298ns
The critical path consists of the following:
	'store' operation ('store_ln1390', prj/sol/.autopilot/db/v_frmbuf_rd.cpp:1390) of variable 'y', prj/sol/.autopilot/db/v_frmbuf_rd.cpp:1390 11 bit on local variable 'y', prj/sol/.autopilot/db/v_frmbuf_rd.cpp:1390 [142]  (1.298 ns)

 <State 26>: 2.864ns
The critical path consists of the following:
	'urem' operation 2 bit ('remainTrx', prj/sol/.autopilot/db/v_frmbuf_rd.cpp:1226) [155]  (2.864 ns)

 <State 27>: 2.864ns
The critical path consists of the following:
	'urem' operation 2 bit ('remainTrx', prj/sol/.autopilot/db/v_frmbuf_rd.cpp:1226) [155]  (2.864 ns)

 <State 28>: 2.864ns
The critical path consists of the following:
	'urem' operation 2 bit ('remainTrx', prj/sol/.autopilot/db/v_frmbuf_rd.cpp:1226) [155]  (2.864 ns)

 <State 29>: 2.864ns
The critical path consists of the following:
	'urem' operation 2 bit ('remainTrx', prj/sol/.autopilot/db/v_frmbuf_rd.cpp:1226) [155]  (2.864 ns)

 <State 30>: 2.864ns
The critical path consists of the following:
	'urem' operation 2 bit ('remainTrx', prj/sol/.autopilot/db/v_frmbuf_rd.cpp:1226) [155]  (2.864 ns)

 <State 31>: 2.864ns
The critical path consists of the following:
	'urem' operation 2 bit ('remainTrx', prj/sol/.autopilot/db/v_frmbuf_rd.cpp:1226) [155]  (2.864 ns)

 <State 32>: 2.864ns
The critical path consists of the following:
	'urem' operation 2 bit ('remainTrx', prj/sol/.autopilot/db/v_frmbuf_rd.cpp:1226) [155]  (2.864 ns)

 <State 33>: 2.864ns
The critical path consists of the following:
	'urem' operation 2 bit ('remainTrx', prj/sol/.autopilot/db/v_frmbuf_rd.cpp:1226) [155]  (2.864 ns)

 <State 34>: 2.864ns
The critical path consists of the following:
	'urem' operation 2 bit ('remainTrx', prj/sol/.autopilot/db/v_frmbuf_rd.cpp:1226) [155]  (2.864 ns)

 <State 35>: 2.864ns
The critical path consists of the following:
	'urem' operation 2 bit ('remainTrx', prj/sol/.autopilot/db/v_frmbuf_rd.cpp:1226) [155]  (2.864 ns)

 <State 36>: 2.864ns
The critical path consists of the following:
	'urem' operation 2 bit ('remainTrx', prj/sol/.autopilot/db/v_frmbuf_rd.cpp:1226) [155]  (2.864 ns)

 <State 37>: 2.864ns
The critical path consists of the following:
	'urem' operation 2 bit ('remainTrx', prj/sol/.autopilot/db/v_frmbuf_rd.cpp:1226) [155]  (2.864 ns)

 <State 38>: 4.652ns
The critical path consists of the following:
	'mul' operation 23 bit ('mul_ln1225', prj/sol/.autopilot/db/v_frmbuf_rd.cpp:1225) [152]  (4.652 ns)

 <State 39>: 3.496ns
The critical path consists of the following:
	'urem' operation 2 bit ('remainTrx', prj/sol/.autopilot/db/v_frmbuf_rd.cpp:1226) [155]  (2.864 ns)
	'icmp' operation 1 bit ('icmp_ln1247', prj/sol/.autopilot/db/v_frmbuf_rd.cpp:1247) [162]  (0.632 ns)

 <State 40>: 3.958ns
The critical path consists of the following:
	'call' operation ('call_ln1226', prj/sol/.autopilot/db/v_frmbuf_rd.cpp:1226) to 'Bytes2MultiPixStream_Pipeline_VITIS_LOOP_1240_17' [182]  (3.958 ns)

 <State 41>: 1.298ns
The critical path consists of the following:
	'store' operation ('store_ln1232', prj/sol/.autopilot/db/v_frmbuf_rd.cpp:1232) of variable 'y', prj/sol/.autopilot/db/v_frmbuf_rd.cpp:1232 11 bit on local variable 'y', prj/sol/.autopilot/db/v_frmbuf_rd.cpp:1232 [183]  (1.298 ns)

 <State 42>: 4.261ns
The critical path consists of the following:
	'load' operation 11 bit ('y', prj/sol/.autopilot/db/v_frmbuf_rd.cpp:1190) on local variable 'y', prj/sol/.autopilot/db/v_frmbuf_rd.cpp:1190 [203]  (0.000 ns)
	'icmp' operation 1 bit ('icmp_ln1190', prj/sol/.autopilot/db/v_frmbuf_rd.cpp:1190) [204]  (1.482 ns)
	'call' operation ('call_ln1184', prj/sol/.autopilot/db/v_frmbuf_rd.cpp:1184) to 'Bytes2MultiPixStream_Pipeline_VITIS_LOOP_1197_14' [210]  (2.780 ns)

 <State 43>: 4.078ns
The critical path consists of the following:
	'call' operation ('call_ln1184', prj/sol/.autopilot/db/v_frmbuf_rd.cpp:1184) to 'Bytes2MultiPixStream_Pipeline_VITIS_LOOP_1197_14' [210]  (4.078 ns)

 <State 44>: 1.298ns
The critical path consists of the following:
	'store' operation ('store_ln1190', prj/sol/.autopilot/db/v_frmbuf_rd.cpp:1190) of variable 'y', prj/sol/.autopilot/db/v_frmbuf_rd.cpp:1190 11 bit on local variable 'y', prj/sol/.autopilot/db/v_frmbuf_rd.cpp:1190 [211]  (1.298 ns)

 <State 45>: 4.261ns
The critical path consists of the following:
	'load' operation 11 bit ('y', prj/sol/.autopilot/db/v_frmbuf_rd.cpp:1150) on local variable 'y', prj/sol/.autopilot/db/v_frmbuf_rd.cpp:1150 [231]  (0.000 ns)
	'icmp' operation 1 bit ('icmp_ln1150', prj/sol/.autopilot/db/v_frmbuf_rd.cpp:1150) [232]  (1.482 ns)
	'call' operation ('call_ln1144', prj/sol/.autopilot/db/v_frmbuf_rd.cpp:1144) to 'Bytes2MultiPixStream_Pipeline_VITIS_LOOP_1157_11' [238]  (2.780 ns)

 <State 46>: 4.078ns
The critical path consists of the following:
	'call' operation ('call_ln1144', prj/sol/.autopilot/db/v_frmbuf_rd.cpp:1144) to 'Bytes2MultiPixStream_Pipeline_VITIS_LOOP_1157_11' [238]  (4.078 ns)

 <State 47>: 1.298ns
The critical path consists of the following:
	'store' operation ('store_ln1150', prj/sol/.autopilot/db/v_frmbuf_rd.cpp:1150) of variable 'y', prj/sol/.autopilot/db/v_frmbuf_rd.cpp:1150 11 bit on local variable 'y', prj/sol/.autopilot/db/v_frmbuf_rd.cpp:1150 [239]  (1.298 ns)

 <State 48>: 4.261ns
The critical path consists of the following:
	'load' operation 11 bit ('y', prj/sol/.autopilot/db/v_frmbuf_rd.cpp:947) on local variable 'y', prj/sol/.autopilot/db/v_frmbuf_rd.cpp:947 [264]  (0.000 ns)
	'icmp' operation 1 bit ('icmp_ln947', prj/sol/.autopilot/db/v_frmbuf_rd.cpp:947) [265]  (1.482 ns)
	'call' operation ('call_ln941', prj/sol/.autopilot/db/v_frmbuf_rd.cpp:941) to 'Bytes2MultiPixStream_Pipeline_VITIS_LOOP_954_8' [272]  (2.780 ns)

 <State 49>: 4.078ns
The critical path consists of the following:
	'call' operation ('call_ln941', prj/sol/.autopilot/db/v_frmbuf_rd.cpp:941) to 'Bytes2MultiPixStream_Pipeline_VITIS_LOOP_954_8' [272]  (4.078 ns)

 <State 50>: 1.298ns
The critical path consists of the following:
	'store' operation ('store_ln947', prj/sol/.autopilot/db/v_frmbuf_rd.cpp:947) of variable 'y', prj/sol/.autopilot/db/v_frmbuf_rd.cpp:947 11 bit on local variable 'y', prj/sol/.autopilot/db/v_frmbuf_rd.cpp:947 [273]  (1.298 ns)

 <State 51>: 4.261ns
The critical path consists of the following:
	'load' operation 11 bit ('y', prj/sol/.autopilot/db/v_frmbuf_rd.cpp:857) on local variable 'y', prj/sol/.autopilot/db/v_frmbuf_rd.cpp:857 [300]  (0.000 ns)
	'icmp' operation 1 bit ('icmp_ln857', prj/sol/.autopilot/db/v_frmbuf_rd.cpp:857) [301]  (1.482 ns)
	'call' operation ('call_ln846', prj/sol/.autopilot/db/v_frmbuf_rd.cpp:846) to 'Bytes2MultiPixStream_Pipeline_VITIS_LOOP_862_5' [308]  (2.780 ns)

 <State 52>: 0.000ns
The critical path consists of the following:

 <State 53>: 4.261ns
The critical path consists of the following:
	'load' operation 11 bit ('y', prj/sol/.autopilot/db/v_frmbuf_rd.cpp:750) on local variable 'y', prj/sol/.autopilot/db/v_frmbuf_rd.cpp:750 [334]  (0.000 ns)
	'icmp' operation 1 bit ('icmp_ln750', prj/sol/.autopilot/db/v_frmbuf_rd.cpp:750) [335]  (1.482 ns)
	'call' operation ('call_ln745', prj/sol/.autopilot/db/v_frmbuf_rd.cpp:745) to 'Bytes2MultiPixStream_Pipeline_VITIS_LOOP_755_1' [341]  (2.780 ns)

 <State 54>: 4.078ns
The critical path consists of the following:
	'call' operation ('call_ln745', prj/sol/.autopilot/db/v_frmbuf_rd.cpp:745) to 'Bytes2MultiPixStream_Pipeline_VITIS_LOOP_755_1' [341]  (4.078 ns)

 <State 55>: 1.298ns
The critical path consists of the following:
	'store' operation ('store_ln750', prj/sol/.autopilot/db/v_frmbuf_rd.cpp:750) of variable 'y', prj/sol/.autopilot/db/v_frmbuf_rd.cpp:750 11 bit on local variable 'y', prj/sol/.autopilot/db/v_frmbuf_rd.cpp:750 [342]  (1.298 ns)

 <State 56>: 0.000ns
The critical path consists of the following:

 <State 57>: 0.000ns
The critical path consists of the following:

 <State 58>: 0.000ns
The critical path consists of the following:


============================================================
+ Verbose Summary: Binding
============================================================
N/A
* FSMD analyzer results:
  - Output states:
 - Input state : 
  - Chain level:
	State 1
	State 2
	State 3
	State 4
	State 5
	State 6
	State 7
	State 8
	State 9
	State 10
	State 11
	State 12
	State 13
	State 14
	State 15
	State 16
	State 17
	State 18
	State 19
	State 20
	State 21
	State 22
	State 23
	State 24
	State 25
	State 26
	State 27
	State 28
	State 29
	State 30
	State 31
	State 32
	State 33
	State 34
	State 35
	State 36
	State 37
	State 38
	State 39
	State 40
	State 41
	State 42
	State 43
	State 44
	State 45
	State 46
	State 47
	State 48
	State 49
	State 50
	State 51
	State 52
	State 53
	State 54
	State 55
	State 56
	State 57
	State 58


============================================================
+ Verbose Summary: Datapath Resource usage 
============================================================
N/A
