

================================================================
== Vitis HLS Report for 'Bytes2MultiPixStream_Pipeline_VITIS_LOOP_1398_20'
================================================================
* Date:           Mon Mar 16 15:10:46 2026

* Version:        2025.2 (Build 6295257 on Nov 14 2025)
* Project:        prj
* Solution:       sol (Vivado IP Flow Target)
* Product family: zynq
* Target device:  xc7z020-clg400-2


================================================================
== Performance Estimates
================================================================
+ Timing: 
    * Summary: 
    +--------+---------+----------+------------+
    |  Clock |  Target | Estimated| Uncertainty|
    +--------+---------+----------+------------+
    |ap_clk  |  6.52 ns|  4.761 ns|     1.76 ns|
    +--------+---------+----------+------------+

+ Latency: 
    * Summary: 
    +---------+---------+-----------+-----------+-----+-----+-------------------+
    |  Latency (cycles) |   Latency (absolute)  |  Interval |      Pipeline     |
    |   min   |   max   |    min    |    max    | min | max |        Type       |
    +---------+---------+-----------+-----------+-----+-----+-------------------+
    |        2|     3842|  13.044 ns|  25.058 us|    0|    0|  loop pipeline stp|
    +---------+---------+-----------+-----------+-----+-----+-------------------+

    + Detail: 
        * Instance: 
        N/A

        * Loop: 
        +----------------------+---------+---------+----------+-----------+-----------+---------+----------+
        |                      |  Latency (cycles) | Iteration|  Initiation Interval  |   Trip  |          |
        |       Loop Name      |   min   |   max   |  Latency |  achieved |   target  |  Count  | Pipelined|
        +----------------------+---------+---------+----------+-----------+-----------+---------+----------+
        |- VITIS_LOOP_1398_20  |        0|     3840|         9|          8|          8|  0 ~ 480|       yes|
        +----------------------+---------+---------+----------+-----------+-----------+---------+----------+



================================================================
== Utilization Estimates
================================================================
* Summary: 
+-----------------+---------+-----+--------+-------+-----+
|       Name      | BRAM_18K| DSP |   FF   |  LUT  | URAM|
+-----------------+---------+-----+--------+-------+-----+
|DSP              |        -|    -|       -|      -|    -|
|Expression       |        -|    -|       0|     69|    -|
|FIFO             |        -|    -|       -|      -|    -|
|Instance         |        -|    -|       -|      -|    -|
|Memory           |        -|    -|       -|      -|    -|
|Multiplexer      |        -|    -|       0|    146|    -|
|Register         |        -|    -|     202|      -|    -|
+-----------------+---------+-----+--------+-------+-----+
|Total            |        0|    0|     202|    215|    0|
+-----------------+---------+-----+--------+-------+-----+
|Available        |      280|  220|  106400|  53200|    0|
+-----------------+---------+-----+--------+-------+-----+
|Utilization (%)  |        0|    0|      ~0|     ~0|    0|
+-----------------+---------+-----+--------+-------+-----+

+ Detail: 
    * Instance: 
    N/A

    * DSP: 
    N/A

    * Memory: 
    N/A

    * FIFO: 
    N/A

    * Expression: 
    +----------------------------------------+----------+----+---+----+------------+------------+
    |              Variable Name             | Operation| DSP| FF| LUT| Bitwidth P0| Bitwidth P1|
    +----------------------------------------+----------+----+---+----+------------+------------+
    |x_11_fu_221_p2                          |         +|   0|  0|   9|           9|           1|
    |ap_block_pp0_stage0_01001_grp10         |       and|   0|  0|   1|           1|           1|
    |ap_block_pp0_stage1_01001_grp1          |       and|   0|  0|   1|           1|           1|
    |ap_block_pp0_stage2_01001_grp3          |       and|   0|  0|   1|           1|           1|
    |ap_block_pp0_stage2_11001_grp2          |       and|   0|  0|   1|           1|           1|
    |ap_block_pp0_stage2_subdone             |       and|   0|  0|   1|           1|           1|
    |ap_block_pp0_stage3_01001_grp5          |       and|   0|  0|   1|           1|           1|
    |ap_block_pp0_stage3_11001_grp4          |       and|   0|  0|   1|           1|           1|
    |ap_block_pp0_stage3_subdone             |       and|   0|  0|   1|           1|           1|
    |ap_block_pp0_stage4_01001_grp6          |       and|   0|  0|   1|           1|           1|
    |ap_block_pp0_stage5_01001_grp7          |       and|   0|  0|   1|           1|           1|
    |ap_block_pp0_stage6_01001_grp8          |       and|   0|  0|   1|           1|           1|
    |ap_block_pp0_stage7_01001_grp9          |       and|   0|  0|   1|           1|           1|
    |ap_block_state3_pp0_stage2_iter0_grp2   |       and|   0|  0|   1|           1|           1|
    |ap_block_state3_pp0_stage2_iter0_grp3   |       and|   0|  0|   1|           1|           1|
    |ap_block_state4_pp0_stage3_iter0_grp4   |       and|   0|  0|   1|           1|           1|
    |ap_block_state4_pp0_stage3_iter0_grp5   |       and|   0|  0|   1|           1|           1|
    |ap_block_state5_pp0_stage4_iter0_grp6   |       and|   0|  0|   1|           1|           1|
    |ap_block_state6_pp0_stage5_iter0_grp7   |       and|   0|  0|   1|           1|           1|
    |ap_block_state7_pp0_stage6_iter0_grp8   |       and|   0|  0|   1|           1|           1|
    |ap_block_state8_pp0_stage7_iter0_grp9   |       and|   0|  0|   1|           1|           1|
    |ap_block_state9_pp0_stage0_iter1_grp10  |       and|   0|  0|   1|           1|           1|
    |ap_predicate_op105_write_state7         |       and|   0|  0|   1|           1|           1|
    |ap_predicate_op112_write_state8         |       and|   0|  0|   1|           1|           1|
    |ap_predicate_op71_read_state3           |       and|   0|  0|   1|           1|           1|
    |ap_predicate_op75_write_state3          |       and|   0|  0|   1|           1|           1|
    |ap_predicate_op77_read_state4           |       and|   0|  0|   1|           1|           1|
    |ap_predicate_op83_write_state4          |       and|   0|  0|   1|           1|           1|
    |ap_predicate_op90_write_state5          |       and|   0|  0|   1|           1|           1|
    |ap_predicate_op97_write_state6          |       and|   0|  0|   1|           1|           1|
    |icmp_ln1398_fu_215_p2                   |      icmp|   0|  0|   9|           9|           9|
    |icmp_ln1405_1_fu_227_p2                 |      icmp|   0|  0|  10|          10|          10|
    |ap_block_state2_pp0_stage1_iter0_grp1   |        or|   0|  0|   1|           1|           1|
    |or_ln1405_fu_233_p2                     |        or|   0|  0|   1|           1|           1|
    |or_ln1408_fu_239_p2                     |        or|   0|  0|   1|           1|           1|
    |or_ln1426_1_fu_251_p2                   |        or|   0|  0|   1|           1|           1|
    |or_ln1426_2_fu_257_p2                   |        or|   0|  0|   1|           1|           1|
    |or_ln1426_3_fu_263_p2                   |        or|   0|  0|   1|           1|           1|
    |or_ln1426_4_fu_269_p2                   |        or|   0|  0|   1|           1|           1|
    |or_ln1426_5_fu_275_p2                   |        or|   0|  0|   1|           1|           1|
    |or_ln1426_6_fu_281_p2                   |        or|   0|  0|   1|           1|           1|
    |or_ln1426_fu_245_p2                     |        or|   0|  0|   1|           1|           1|
    |ap_enable_pp0                           |       xor|   0|  0|   2|           1|           2|
    +----------------------------------------+----------+----+---+----+------------+------------+
    |Total                                   |          |   0|  0|  69|          68|          61|
    +----------------------------------------+----------+----+---+----+------------+------------+

    * Multiplexer: 
    +-----------------------------+----+-----------+-----+-----------+
    |             Name            | LUT| Input Size| Bits| Total Bits|
    +-----------------------------+----+-----------+-----+-----------+
    |ap_NS_fsm                    |  37|          9|    1|          9|
    |ap_done_int                  |   9|          2|    1|          2|
    |ap_enable_reg_pp0_iter0      |   9|          2|    1|          2|
    |ap_enable_reg_pp0_iter0_reg  |   9|          2|    1|          2|
    |ap_enable_reg_pp0_iter1      |   9|          2|    1|          2|
    |ap_sig_allocacmp_x           |   9|          2|    9|         18|
    |bytePlanes_plane0_blk_n      |   9|          2|    1|          2|
    |img_blk_n                    |   9|          2|    1|          2|
    |img_din                      |  37|          9|   24|        216|
    |x_6_fu_106                   |   9|          2|    9|         18|
    +-----------------------------+----+-----------+-----+-----------+
    |Total                        | 146|         34|   49|        273|
    +-----------------------------+----+-----------+-----+-----------+

    * Register: 
    +-------------------------------------------+----+----+-----+-----------+
    |                    Name                   | FF | LUT| Bits| Const Bits|
    +-------------------------------------------+----+----+-----+-----------+
    |ap_CS_fsm                                  |   8|   0|    8|          0|
    |ap_block_pp0_stage2_subdone_grp2_done_reg  |   1|   0|    1|          0|
    |ap_block_pp0_stage2_subdone_grp3_done_reg  |   1|   0|    1|          0|
    |ap_block_pp0_stage3_subdone_grp4_done_reg  |   1|   0|    1|          0|
    |ap_block_pp0_stage3_subdone_grp5_done_reg  |   1|   0|    1|          0|
    |ap_done_reg                                |   1|   0|    1|          0|
    |ap_enable_reg_pp0_iter0_reg                |   1|   0|    1|          0|
    |ap_enable_reg_pp0_iter1                    |   1|   0|    1|          0|
    |icmp_ln1398_reg_630                        |   1|   0|    1|          0|
    |or_ln1405_reg_634                          |   1|   0|    1|          0|
    |or_ln1408_reg_638                          |   1|   0|    1|          0|
    |or_ln1426_1_reg_646                        |   1|   0|    1|          0|
    |or_ln1426_2_reg_650                        |   1|   0|    1|          0|
    |or_ln1426_3_reg_654                        |   1|   0|    1|          0|
    |or_ln1426_4_reg_658                        |   1|   0|    1|          0|
    |or_ln1426_5_reg_662                        |   1|   0|    1|          0|
    |or_ln1426_6_reg_666                        |   1|   0|    1|          0|
    |or_ln1426_reg_642                          |   1|   0|    1|          0|
    |rd1_fu_110                                 |  64|   0|   64|          0|
    |rd2_fu_114                                 |  64|   0|   64|          0|
    |tmp_45_reg_670                             |   8|   0|    8|          0|
    |tmp_60_reg_675                             |   8|   0|    8|          0|
    |tmp_61_reg_685                             |   8|   0|    8|          0|
    |tmp_62_reg_690                             |   8|   0|    8|          0|
    |tmp_s_reg_680                              |   8|   0|    8|          0|
    |x_6_fu_106                                 |   9|   0|    9|          0|
    +-------------------------------------------+----+----+-----+-----------+
    |Total                                      | 202|   0|  202|          0|
    +-------------------------------------------+----+----+-----+-----------+



================================================================
== Interface
================================================================
* Summary: 
+----------------------------------+-----+-----+------------+--------------------------------------------------+--------------+
|             RTL Ports            | Dir | Bits|  Protocol  |                   Source Object                  |    C Type    |
+----------------------------------+-----+-----+------------+--------------------------------------------------+--------------+
|ap_clk                            |   in|    1|  ap_ctrl_hs|  Bytes2MultiPixStream_Pipeline_VITIS_LOOP_1398_20|  return value|
|ap_rst                            |   in|    1|  ap_ctrl_hs|  Bytes2MultiPixStream_Pipeline_VITIS_LOOP_1398_20|  return value|
|ap_start                          |   in|    1|  ap_ctrl_hs|  Bytes2MultiPixStream_Pipeline_VITIS_LOOP_1398_20|  return value|
|ap_done                           |  out|    1|  ap_ctrl_hs|  Bytes2MultiPixStream_Pipeline_VITIS_LOOP_1398_20|  return value|
|ap_idle                           |  out|    1|  ap_ctrl_hs|  Bytes2MultiPixStream_Pipeline_VITIS_LOOP_1398_20|  return value|
|ap_ready                          |  out|    1|  ap_ctrl_hs|  Bytes2MultiPixStream_Pipeline_VITIS_LOOP_1398_20|  return value|
|img_din                           |  out|   24|     ap_fifo|                                               img|       pointer|
|img_full_n                        |   in|    1|     ap_fifo|                                               img|       pointer|
|img_write                         |  out|    1|     ap_fifo|                                               img|       pointer|
|img_num_data_valid                |   in|   32|     ap_fifo|                                               img|       pointer|
|img_fifo_cap                      |   in|   32|     ap_fifo|                                               img|       pointer|
|bytePlanes_plane0_dout            |   in|   64|     ap_fifo|                                 bytePlanes_plane0|       pointer|
|bytePlanes_plane0_empty_n         |   in|    1|     ap_fifo|                                 bytePlanes_plane0|       pointer|
|bytePlanes_plane0_read            |  out|    1|     ap_fifo|                                 bytePlanes_plane0|       pointer|
|bytePlanes_plane0_num_data_valid  |   in|   10|     ap_fifo|                                 bytePlanes_plane0|       pointer|
|bytePlanes_plane0_fifo_cap        |   in|   10|     ap_fifo|                                 bytePlanes_plane0|       pointer|
|trunc_ln5                         |   in|    9|   ap_stable|                                         trunc_ln5|        scalar|
|icmp_ln1387                       |   in|    1|   ap_stable|                                       icmp_ln1387|        scalar|
|icmp_ln1426_5                     |   in|    1|   ap_stable|                                     icmp_ln1426_5|        scalar|
|icmp_ln1426_4                     |   in|    1|   ap_stable|                                     icmp_ln1426_4|        scalar|
|icmp_ln1426_3                     |   in|    1|   ap_stable|                                     icmp_ln1426_3|        scalar|
|icmp41                            |   in|    1|   ap_stable|                                            icmp41|        scalar|
|icmp_ln1426_1                     |   in|    1|   ap_stable|                                     icmp_ln1426_1|        scalar|
|icmp38                            |   in|    1|   ap_stable|                                            icmp38|        scalar|
|icmp_ln1408                       |   in|    1|   ap_stable|                                       icmp_ln1408|        scalar|
|add_ln1405                        |   in|   10|   ap_stable|                                        add_ln1405|        scalar|
|icmp_ln1405                       |   in|    1|   ap_stable|                                       icmp_ln1405|        scalar|
+----------------------------------+-----+-----+------------+--------------------------------------------------+--------------+

============================================================
+ Verbose Summary: Synthesis Manager
============================================================
InlineROM: 1
ExposeGlobal: 0
============================================================
+ Verbose Summary: CDFG Model
============================================================
IsTopModel: 0
ResetActiveHigh: 1
IsCombinational: 2
IsDatapathOnly: 2
HasWiredReturn: 1
HasMFsm: 2
HasVarLatency: 1
IsPipeline: 0
IsRtlPipelined: 0
IsInstanceOverlapped: 0
IsDontTouch: 0
HasImplIP: 0
IsGatedGlobalClock: 0

+ Individual pipeline summary: 
  * Pipeline-0: initiation interval (II) = 8, depth = 9


============================================================
+ Verbose Summary: Schedule
============================================================
* Number of FSM states : 9
* Pipeline : 1
  Pipeline-0 : II = 8, D = 9, States = { 1 2 3 4 5 6 7 8 9 }
* Dataflow Pipeline: 0

* FSM state transitions: 
1 --> 2 
2 --> 3 
3 --> 4 
4 --> 5 
5 --> 6 
6 --> 7 
7 --> 8 
8 --> 9 
9 --> 

* FSM state operations: 

State 1 <SV = 0> <Delay = 3.95>
ST_1 : Operation 12 [1/1] (0.00ns)   --->   "%x_6 = alloca i32 1" [prj/sol/.autopilot/db/v_frmbuf_rd.cpp:1398]   --->   Operation 12 'alloca' 'x_6' <Predicate = true> <Delay = 0.00>
ST_1 : Operation 13 [1/1] (0.00ns)   --->   "%rd1 = alloca i32 1" [prj/sol/.autopilot/db/v_frmbuf_rd.cpp:1394]   --->   Operation 13 'alloca' 'rd1' <Predicate = true> <Delay = 0.00>
ST_1 : Operation 14 [1/1] (0.00ns)   --->   "%rd2 = alloca i32 1" [prj/sol/.autopilot/db/v_frmbuf_rd.cpp:1394]   --->   Operation 14 'alloca' 'rd2' <Predicate = true> <Delay = 0.00>
ST_1 : Operation 15 [1/1] (0.00ns)   --->   "%icmp_ln1405_read = read i1 @_ssdm_op_Read.ap_auto.i1, i1 %icmp_ln1405"   --->   Operation 15 'read' 'icmp_ln1405_read' <Predicate = true> <Delay = 0.00>
ST_1 : Operation 16 [1/1] (0.00ns)   --->   "%add_ln1405_read = read i10 @_ssdm_op_Read.ap_auto.i10, i10 %add_ln1405"   --->   Operation 16 'read' 'add_ln1405_read' <Predicate = true> <Delay = 0.00>
ST_1 : Operation 17 [1/1] (0.00ns)   --->   "%icmp_ln1408_read = read i1 @_ssdm_op_Read.ap_auto.i1, i1 %icmp_ln1408"   --->   Operation 17 'read' 'icmp_ln1408_read' <Predicate = true> <Delay = 0.00>
ST_1 : Operation 18 [1/1] (0.00ns)   --->   "%icmp38_read = read i1 @_ssdm_op_Read.ap_auto.i1, i1 %icmp38"   --->   Operation 18 'read' 'icmp38_read' <Predicate = true> <Delay = 0.00>
ST_1 : Operation 19 [1/1] (0.00ns)   --->   "%icmp_ln1426_1_read = read i1 @_ssdm_op_Read.ap_auto.i1, i1 %icmp_ln1426_1"   --->   Operation 19 'read' 'icmp_ln1426_1_read' <Predicate = true> <Delay = 0.00>
ST_1 : Operation 20 [1/1] (0.00ns)   --->   "%icmp41_read = read i1 @_ssdm_op_Read.ap_auto.i1, i1 %icmp41"   --->   Operation 20 'read' 'icmp41_read' <Predicate = true> <Delay = 0.00>
ST_1 : Operation 21 [1/1] (0.00ns)   --->   "%icmp_ln1426_3_read = read i1 @_ssdm_op_Read.ap_auto.i1, i1 %icmp_ln1426_3"   --->   Operation 21 'read' 'icmp_ln1426_3_read' <Predicate = true> <Delay = 0.00>
ST_1 : Operation 22 [1/1] (0.00ns)   --->   "%icmp_ln1426_4_read = read i1 @_ssdm_op_Read.ap_auto.i1, i1 %icmp_ln1426_4"   --->   Operation 22 'read' 'icmp_ln1426_4_read' <Predicate = true> <Delay = 0.00>
ST_1 : Operation 23 [1/1] (0.00ns)   --->   "%icmp_ln1426_5_read = read i1 @_ssdm_op_Read.ap_auto.i1, i1 %icmp_ln1426_5"   --->   Operation 23 'read' 'icmp_ln1426_5_read' <Predicate = true> <Delay = 0.00>
ST_1 : Operation 24 [1/1] (0.00ns)   --->   "%icmp_ln1387_read = read i1 @_ssdm_op_Read.ap_auto.i1, i1 %icmp_ln1387"   --->   Operation 24 'read' 'icmp_ln1387_read' <Predicate = true> <Delay = 0.00>
ST_1 : Operation 25 [1/1] (0.00ns)   --->   "%trunc_ln5_read = read i9 @_ssdm_op_Read.ap_auto.i9, i9 %trunc_ln5"   --->   Operation 25 'read' 'trunc_ln5_read' <Predicate = true> <Delay = 0.00>
ST_1 : Operation 26 [1/1] (0.00ns)   --->   "%specmemcore_ln0 = specmemcore void @_ssdm_op_SpecMemCore, i64 %bytePlanes_plane0, i64 666, i64 8, i64 18446744073709551615, i1 0"   --->   Operation 26 'specmemcore' 'specmemcore_ln0' <Predicate = true> <Delay = 0.00>
ST_1 : Operation 27 [1/1] (0.00ns)   --->   "%specinterface_ln0 = specinterface void @_ssdm_op_SpecInterface, i24 %img, void @empty_17, i32 0, i32 0, void @empty_11, i32 0, i32 0, void @empty_11, void @empty_11, void @empty_11, i32 0, i32 0, i32 0, i32 0, void @empty_11, void @empty_11, i32 4294967295, i32 0, i32 0, i32 0"   --->   Operation 27 'specinterface' 'specinterface_ln0' <Predicate = true> <Delay = 0.00>
ST_1 : Operation 28 [1/1] (0.00ns)   --->   "%specinterface_ln0 = specinterface void @_ssdm_op_SpecInterface, i64 %bytePlanes_plane0, void @empty_17, i32 0, i32 0, void @empty_11, i32 0, i32 0, void @empty_11, void @empty_11, void @empty_11, i32 0, i32 0, i32 0, i32 0, void @empty_11, void @empty_11, i32 4294967295, i32 0, i32 0, i32 0"   --->   Operation 28 'specinterface' 'specinterface_ln0' <Predicate = true> <Delay = 0.00>
ST_1 : Operation 29 [1/1] (1.29ns)   --->   "%store_ln1398 = store i9 0, i9 %x_6" [prj/sol/.autopilot/db/v_frmbuf_rd.cpp:1398]   --->   Operation 29 'store' 'store_ln1398' <Predicate = true> <Delay = 1.29>
ST_1 : Operation 30 [1/1] (0.00ns)   --->   "%br_ln1398 = br void %for.body744" [prj/sol/.autopilot/db/v_frmbuf_rd.cpp:1398]   --->   Operation 30 'br' 'br_ln1398' <Predicate = true> <Delay = 0.00>
ST_1 : Operation 31 [1/1] (0.00ns)   --->   "%x = load i9 %x_6" [prj/sol/.autopilot/db/v_frmbuf_rd.cpp:1398]   --->   Operation 31 'load' 'x' <Predicate = true> <Delay = 0.00>
ST_1 : Operation 32 [1/1] (0.00ns)   --->   "%zext_ln1398 = zext i9 %x" [prj/sol/.autopilot/db/v_frmbuf_rd.cpp:1398]   --->   Operation 32 'zext' 'zext_ln1398' <Predicate = true> <Delay = 0.00>
ST_1 : Operation 33 [1/1] (1.36ns)   --->   "%icmp_ln1398 = icmp_ult  i9 %x, i9 %trunc_ln5_read" [prj/sol/.autopilot/db/v_frmbuf_rd.cpp:1398]   --->   Operation 33 'icmp' 'icmp_ln1398' <Predicate = true> <Delay = 1.36> <CoreInst = "Cmp">   --->   Core 9 'Cmp' <Latency = 0> <II = 1> <Delay = 1.36> <FuncUnit> <Opcode : 'seteq' 'setne' 'setle' 'setge' 'setlt' 'setgt'> <InPorts = 2> <OutPorts = 1>
ST_1 : Operation 34 [1/1] (0.00ns)   --->   "%speclooptripcount_ln0 = speclooptripcount void @_ssdm_op_SpecLoopTripCount, i64 0, i64 480, i64 0"   --->   Operation 34 'speclooptripcount' 'speclooptripcount_ln0' <Predicate = true> <Delay = 0.00>
ST_1 : Operation 35 [1/1] (1.36ns)   --->   "%x_11 = add i9 %x, i9 1" [prj/sol/.autopilot/db/v_frmbuf_rd.cpp:1398]   --->   Operation 35 'add' 'x_11' <Predicate = true> <Delay = 1.36> <CoreInst = "Adder">   --->   Core 1 'Adder' <Latency = 0> <II = 1> <Delay = 1.36> <FuncUnit> <Opcode : 'add' 'sub'> <InPorts = 2> <OutPorts = 1>
ST_1 : Operation 36 [1/1] (0.00ns)   --->   "%br_ln1398 = br i1 %icmp_ln1398, void %for.inc870.exitStub, void %for.body744.split" [prj/sol/.autopilot/db/v_frmbuf_rd.cpp:1398]   --->   Operation 36 'br' 'br_ln1398' <Predicate = true> <Delay = 0.00>
ST_1 : Operation 37 [1/1] (1.41ns)   --->   "%icmp_ln1405_1 = icmp_slt  i10 %zext_ln1398, i10 %add_ln1405_read" [prj/sol/.autopilot/db/v_frmbuf_rd.cpp:1405]   --->   Operation 37 'icmp' 'icmp_ln1405_1' <Predicate = (icmp_ln1398)> <Delay = 1.41> <CoreInst = "Cmp">   --->   Core 9 'Cmp' <Latency = 0> <II = 1> <Delay = 1.41> <FuncUnit> <Opcode : 'seteq' 'setne' 'setle' 'setge' 'setlt' 'setgt'> <InPorts = 2> <OutPorts = 1>
ST_1 : Operation 38 [1/1] (0.80ns)   --->   "%or_ln1405 = or i1 %icmp_ln1405_1, i1 %icmp_ln1405_read" [prj/sol/.autopilot/db/v_frmbuf_rd.cpp:1405]   --->   Operation 38 'or' 'or_ln1405' <Predicate = (icmp_ln1398)> <Delay = 0.80> <CoreInst = "LogicGate">   --->   Core 74 'LogicGate' <Latency = 0> <II = 1> <Delay = 0.80> <FuncUnit> <Opcode : 'and' 'or' 'xor'> <InPorts = 2> <OutPorts = 1>
ST_1 : Operation 39 [1/1] (0.00ns)   --->   "%br_ln1405 = br i1 %or_ln1405, void %if.end755, void %if.then753" [prj/sol/.autopilot/db/v_frmbuf_rd.cpp:1405]   --->   Operation 39 'br' 'br_ln1405' <Predicate = (icmp_ln1398)> <Delay = 0.00>
ST_1 : Operation 40 [1/1] (0.80ns)   --->   "%or_ln1408 = or i1 %icmp_ln1405_1, i1 %icmp_ln1408_read" [prj/sol/.autopilot/db/v_frmbuf_rd.cpp:1408]   --->   Operation 40 'or' 'or_ln1408' <Predicate = (icmp_ln1398)> <Delay = 0.80> <CoreInst = "LogicGate">   --->   Core 74 'LogicGate' <Latency = 0> <II = 1> <Delay = 0.80> <FuncUnit> <Opcode : 'and' 'or' 'xor'> <InPorts = 2> <OutPorts = 1>
ST_1 : Operation 41 [1/1] (0.00ns)   --->   "%br_ln1408 = br i1 %or_ln1408, void %VITIS_LOOP_1412_21, void %if.then762" [prj/sol/.autopilot/db/v_frmbuf_rd.cpp:1408]   --->   Operation 41 'br' 'br_ln1408' <Predicate = (icmp_ln1398)> <Delay = 0.00>
ST_1 : Operation 42 [1/1] (0.80ns)   --->   "%or_ln1426 = or i1 %icmp_ln1405_1, i1 %icmp38_read" [prj/sol/.autopilot/db/v_frmbuf_rd.cpp:1426]   --->   Operation 42 'or' 'or_ln1426' <Predicate = (icmp_ln1398)> <Delay = 0.80> <CoreInst = "LogicGate">   --->   Core 74 'LogicGate' <Latency = 0> <II = 1> <Delay = 0.80> <FuncUnit> <Opcode : 'and' 'or' 'xor'> <InPorts = 2> <OutPorts = 1>
ST_1 : Operation 43 [1/1] (0.00ns)   --->   "%br_ln1426 = br i1 %or_ln1426, void %for.inc854.2, void %if.then862.1" [prj/sol/.autopilot/db/v_frmbuf_rd.cpp:1426]   --->   Operation 43 'br' 'br_ln1426' <Predicate = (icmp_ln1398)> <Delay = 0.00>
ST_1 : Operation 44 [1/1] (0.80ns)   --->   "%or_ln1426_1 = or i1 %icmp_ln1405_1, i1 %icmp_ln1426_1_read" [prj/sol/.autopilot/db/v_frmbuf_rd.cpp:1426]   --->   Operation 44 'or' 'or_ln1426_1' <Predicate = (icmp_ln1398)> <Delay = 0.80> <CoreInst = "LogicGate">   --->   Core 74 'LogicGate' <Latency = 0> <II = 1> <Delay = 0.80> <FuncUnit> <Opcode : 'and' 'or' 'xor'> <InPorts = 2> <OutPorts = 1>
ST_1 : Operation 45 [1/1] (0.00ns)   --->   "%br_ln1426 = br i1 %or_ln1426_1, void %for.inc854.3, void %if.then862.2" [prj/sol/.autopilot/db/v_frmbuf_rd.cpp:1426]   --->   Operation 45 'br' 'br_ln1426' <Predicate = (icmp_ln1398)> <Delay = 0.00>
ST_1 : Operation 46 [1/1] (0.80ns)   --->   "%or_ln1426_2 = or i1 %icmp_ln1405_1, i1 %icmp41_read" [prj/sol/.autopilot/db/v_frmbuf_rd.cpp:1426]   --->   Operation 46 'or' 'or_ln1426_2' <Predicate = (icmp_ln1398)> <Delay = 0.80> <CoreInst = "LogicGate">   --->   Core 74 'LogicGate' <Latency = 0> <II = 1> <Delay = 0.80> <FuncUnit> <Opcode : 'and' 'or' 'xor'> <InPorts = 2> <OutPorts = 1>
ST_1 : Operation 47 [1/1] (0.00ns)   --->   "%br_ln1426 = br i1 %or_ln1426_2, void %for.inc854.4, void %if.then862.3" [prj/sol/.autopilot/db/v_frmbuf_rd.cpp:1426]   --->   Operation 47 'br' 'br_ln1426' <Predicate = (icmp_ln1398)> <Delay = 0.00>
ST_1 : Operation 48 [1/1] (0.80ns)   --->   "%or_ln1426_3 = or i1 %icmp_ln1405_1, i1 %icmp_ln1426_3_read" [prj/sol/.autopilot/db/v_frmbuf_rd.cpp:1426]   --->   Operation 48 'or' 'or_ln1426_3' <Predicate = (icmp_ln1398)> <Delay = 0.80> <CoreInst = "LogicGate">   --->   Core 74 'LogicGate' <Latency = 0> <II = 1> <Delay = 0.80> <FuncUnit> <Opcode : 'and' 'or' 'xor'> <InPorts = 2> <OutPorts = 1>
ST_1 : Operation 49 [1/1] (0.00ns)   --->   "%br_ln1426 = br i1 %or_ln1426_3, void %for.inc854.5, void %if.then862.4" [prj/sol/.autopilot/db/v_frmbuf_rd.cpp:1426]   --->   Operation 49 'br' 'br_ln1426' <Predicate = (icmp_ln1398)> <Delay = 0.00>
ST_1 : Operation 50 [1/1] (0.80ns)   --->   "%or_ln1426_4 = or i1 %icmp_ln1405_1, i1 %icmp_ln1426_4_read" [prj/sol/.autopilot/db/v_frmbuf_rd.cpp:1426]   --->   Operation 50 'or' 'or_ln1426_4' <Predicate = (icmp_ln1398)> <Delay = 0.80> <CoreInst = "LogicGate">   --->   Core 74 'LogicGate' <Latency = 0> <II = 1> <Delay = 0.80> <FuncUnit> <Opcode : 'and' 'or' 'xor'> <InPorts = 2> <OutPorts = 1>
ST_1 : Operation 51 [1/1] (0.00ns)   --->   "%br_ln1426 = br i1 %or_ln1426_4, void %for.inc854.6, void %if.then862.5" [prj/sol/.autopilot/db/v_frmbuf_rd.cpp:1426]   --->   Operation 51 'br' 'br_ln1426' <Predicate = (icmp_ln1398)> <Delay = 0.00>
ST_1 : Operation 52 [1/1] (0.80ns)   --->   "%or_ln1426_5 = or i1 %icmp_ln1405_1, i1 %icmp_ln1426_5_read" [prj/sol/.autopilot/db/v_frmbuf_rd.cpp:1426]   --->   Operation 52 'or' 'or_ln1426_5' <Predicate = (icmp_ln1398)> <Delay = 0.80> <CoreInst = "LogicGate">   --->   Core 74 'LogicGate' <Latency = 0> <II = 1> <Delay = 0.80> <FuncUnit> <Opcode : 'and' 'or' 'xor'> <InPorts = 2> <OutPorts = 1>
ST_1 : Operation 53 [1/1] (0.00ns)   --->   "%br_ln1426 = br i1 %or_ln1426_5, void %for.inc854.7, void %if.then862.6" [prj/sol/.autopilot/db/v_frmbuf_rd.cpp:1426]   --->   Operation 53 'br' 'br_ln1426' <Predicate = (icmp_ln1398)> <Delay = 0.00>
ST_1 : Operation 54 [1/1] (0.80ns)   --->   "%or_ln1426_6 = or i1 %icmp_ln1405_1, i1 %icmp_ln1387_read" [prj/sol/.autopilot/db/v_frmbuf_rd.cpp:1426]   --->   Operation 54 'or' 'or_ln1426_6' <Predicate = (icmp_ln1398)> <Delay = 0.80> <CoreInst = "LogicGate">   --->   Core 74 'LogicGate' <Latency = 0> <II = 1> <Delay = 0.80> <FuncUnit> <Opcode : 'and' 'or' 'xor'> <InPorts = 2> <OutPorts = 1>
ST_1 : Operation 55 [1/1] (0.00ns)   --->   "%br_ln1426 = br i1 %or_ln1426_6, void %for.inc864.7, void %if.then862.7" [prj/sol/.autopilot/db/v_frmbuf_rd.cpp:1426]   --->   Operation 55 'br' 'br_ln1426' <Predicate = (icmp_ln1398)> <Delay = 0.00>
ST_1 : Operation 56 [1/1] (1.29ns)   --->   "%store_ln1398 = store i9 %x_11, i9 %x_6" [prj/sol/.autopilot/db/v_frmbuf_rd.cpp:1398]   --->   Operation 56 'store' 'store_ln1398' <Predicate = (icmp_ln1398)> <Delay = 1.29>
ST_1 : Operation 57 [1/1] (0.00ns)   --->   "%br_ln1398 = br void %for.body744" [prj/sol/.autopilot/db/v_frmbuf_rd.cpp:1398]   --->   Operation 57 'br' 'br_ln1398' <Predicate = (icmp_ln1398)> <Delay = 0.00>
ST_1 : Operation 121 [1/1] (1.29ns)   --->   "%ret_ln0 = ret"   --->   Operation 121 'ret' 'ret_ln0' <Predicate = (!icmp_ln1398)> <Delay = 1.29>

State 2 <SV = 1> <Delay = 4.76>
ST_2 : Operation 58 [1/1] (0.00ns)   --->   "%specpipeline_ln1400 = specpipeline void @_ssdm_op_SpecPipeline, i32 8, i32 0, i32 0, i32 0, i32 4294967295, void @empty_11" [prj/sol/.autopilot/db/v_frmbuf_rd.cpp:1400]   --->   Operation 58 'specpipeline' 'specpipeline_ln1400' <Predicate = (icmp_ln1398)> <Delay = 0.00>
ST_2 : Operation 59 [1/1] (0.00ns)   --->   "%specloopname_ln1398 = specloopname void @_ssdm_op_SpecLoopName, void @empty_28" [prj/sol/.autopilot/db/v_frmbuf_rd.cpp:1398]   --->   Operation 59 'specloopname' 'specloopname_ln1398' <Predicate = (icmp_ln1398)> <Delay = 0.00>
ST_2 : Operation 60 [1/1] ( I:2.38ns O:2.38ns )   --->   "%rd0 = read i64 @_ssdm_op_Read.ap_fifo.volatile.i64P0A, i64 %bytePlanes_plane0" [prj/sol/.autopilot/db/v_frmbuf_rd.cpp:1403]   --->   Operation 60 'read' 'rd0' <Predicate = (icmp_ln1398)> <Delay = 2.38> <CoreInst = "FIFO_BRAM">   --->   Core 78 'FIFO_BRAM' <Latency = 0> <II = 1> <Delay = 3.41> <Storage> <Opcode : 'read' 'write' 'nbread' 'nbwrite'> <Ports = 0> <Width = 64> <Depth = 481> <FIFO>
ST_2 : Operation 61 [1/1] (0.00ns)   --->   "%tmp_42 = partselect i8 @_ssdm_op_PartSelect.i8.i64.i32.i32, i64 %rd0, i32 16, i32 23" [prj/sol/.autopilot/db/v_frmbuf_rd.cpp:1420]   --->   Operation 61 'partselect' 'tmp_42' <Predicate = (icmp_ln1398)> <Delay = 0.00>
ST_2 : Operation 62 [1/1] (0.00ns)   --->   "%trunc_ln1427 = trunc i64 %rd0" [prj/sol/.autopilot/db/v_frmbuf_rd.cpp:1427]   --->   Operation 62 'trunc' 'trunc_ln1427' <Predicate = (icmp_ln1398)> <Delay = 0.00>
ST_2 : Operation 63 [1/1] (0.00ns)   --->   "%tmp_44 = partselect i8 @_ssdm_op_PartSelect.i8.i64.i32.i32, i64 %rd0, i32 8, i32 15" [prj/sol/.autopilot/db/v_frmbuf_rd.cpp:1427]   --->   Operation 63 'partselect' 'tmp_44' <Predicate = (icmp_ln1398)> <Delay = 0.00>
ST_2 : Operation 64 [1/1] (0.00ns)   --->   "%or_ln1427_3 = bitconcatenate i24 @_ssdm_op_BitConcatenate.i24.i8.i8.i8, i8 %trunc_ln1427, i8 %tmp_44, i8 %tmp_42" [prj/sol/.autopilot/db/v_frmbuf_rd.cpp:1427]   --->   Operation 64 'bitconcatenate' 'or_ln1427_3' <Predicate = (icmp_ln1398)> <Delay = 0.00>
ST_2 : Operation 65 [1/1] ( I:2.38ns O:2.38ns )   --->   "%write_ln1427 = write void @_ssdm_op_Write.ap_fifo.volatile.i24P0A, i24 %img, i24 %or_ln1427_3" [prj/sol/.autopilot/db/v_frmbuf_rd.cpp:1427]   --->   Operation 65 'write' 'write_ln1427' <Predicate = (icmp_ln1398)> <Delay = 2.38> <CoreInst = "FIFO_SRL">   --->   Core 80 'FIFO_SRL' <Latency = 0> <II = 1> <Delay = 3.40> <Storage> <Opcode : 'read' 'write' 'nbread' 'nbwrite'> <Ports = 0> <Width = 24> <Depth = 2> <FIFO>
ST_2 : Operation 66 [1/1] (0.00ns)   --->   "%tmp_45 = partselect i8 @_ssdm_op_PartSelect.i8.i64.i32.i32, i64 %rd0, i32 40, i32 47" [prj/sol/.autopilot/db/v_frmbuf_rd.cpp:1420]   --->   Operation 66 'partselect' 'tmp_45' <Predicate = (icmp_ln1398)> <Delay = 0.00>
ST_2 : Operation 67 [1/1] (0.00ns)   --->   "%tmp_60 = partselect i8 @_ssdm_op_PartSelect.i8.i64.i32.i32, i64 %rd0, i32 24, i32 31" [prj/sol/.autopilot/db/v_frmbuf_rd.cpp:1427]   --->   Operation 67 'partselect' 'tmp_60' <Predicate = (icmp_ln1398 & or_ln1426)> <Delay = 0.00>
ST_2 : Operation 68 [1/1] (0.00ns)   --->   "%tmp_s = partselect i8 @_ssdm_op_PartSelect.i8.i64.i32.i32, i64 %rd0, i32 32, i32 39" [prj/sol/.autopilot/db/v_frmbuf_rd.cpp:1427]   --->   Operation 68 'partselect' 'tmp_s' <Predicate = (icmp_ln1398 & or_ln1426)> <Delay = 0.00>
ST_2 : Operation 69 [1/1] (0.00ns)   --->   "%tmp_61 = partselect i8 @_ssdm_op_PartSelect.i8.i64.i32.i32, i64 %rd0, i32 48, i32 55" [prj/sol/.autopilot/db/v_frmbuf_rd.cpp:1427]   --->   Operation 69 'partselect' 'tmp_61' <Predicate = (icmp_ln1398 & or_ln1426_1)> <Delay = 0.00>
ST_2 : Operation 70 [1/1] (0.00ns)   --->   "%tmp_62 = partselect i8 @_ssdm_op_PartSelect.i8.i64.i32.i32, i64 %rd0, i32 56, i32 63" [prj/sol/.autopilot/db/v_frmbuf_rd.cpp:1427]   --->   Operation 70 'partselect' 'tmp_62' <Predicate = (icmp_ln1398 & or_ln1426_1)> <Delay = 0.00>

State 3 <SV = 2> <Delay = 2.38>
ST_3 : Operation 71 [1/1] ( I:2.38ns O:2.38ns )   --->   "%rd1_1 = read i64 @_ssdm_op_Read.ap_fifo.volatile.i64P0A, i64 %bytePlanes_plane0" [prj/sol/.autopilot/db/v_frmbuf_rd.cpp:1406]   --->   Operation 71 'read' 'rd1_1' <Predicate = (icmp_ln1398 & or_ln1405)> <Delay = 2.38> <CoreInst = "FIFO_BRAM">   --->   Core 78 'FIFO_BRAM' <Latency = 0> <II = 1> <Delay = 3.41> <Storage> <Opcode : 'read' 'write' 'nbread' 'nbwrite'> <Ports = 0> <Width = 64> <Depth = 481> <FIFO>
ST_3 : Operation 72 [1/1] (0.00ns)   --->   "%store_ln1394 = store i64 %rd1_1, i64 %rd1" [prj/sol/.autopilot/db/v_frmbuf_rd.cpp:1394]   --->   Operation 72 'store' 'store_ln1394' <Predicate = (icmp_ln1398 & or_ln1405)> <Delay = 0.00>
ST_3 : Operation 73 [1/1] (0.00ns)   --->   "%br_ln1406 = br void %if.end755" [prj/sol/.autopilot/db/v_frmbuf_rd.cpp:1406]   --->   Operation 73 'br' 'br_ln1406' <Predicate = (icmp_ln1398 & or_ln1405)> <Delay = 0.00>
ST_3 : Operation 74 [1/1] (0.00ns)   --->   "%or_ln1427_7 = bitconcatenate i24 @_ssdm_op_BitConcatenate.i24.i8.i8.i8, i8 %tmp_60, i8 %tmp_s, i8 %tmp_45" [prj/sol/.autopilot/db/v_frmbuf_rd.cpp:1427]   --->   Operation 74 'bitconcatenate' 'or_ln1427_7' <Predicate = (icmp_ln1398 & or_ln1426)> <Delay = 0.00>
ST_3 : Operation 75 [1/1] ( I:2.38ns O:2.38ns )   --->   "%write_ln1427 = write void @_ssdm_op_Write.ap_fifo.volatile.i24P0A, i24 %img, i24 %or_ln1427_7" [prj/sol/.autopilot/db/v_frmbuf_rd.cpp:1427]   --->   Operation 75 'write' 'write_ln1427' <Predicate = (icmp_ln1398 & or_ln1426)> <Delay = 2.38> <CoreInst = "FIFO_SRL">   --->   Core 80 'FIFO_SRL' <Latency = 0> <II = 1> <Delay = 3.40> <Storage> <Opcode : 'read' 'write' 'nbread' 'nbwrite'> <Ports = 0> <Width = 24> <Depth = 2> <FIFO>
ST_3 : Operation 76 [1/1] (0.00ns)   --->   "%br_ln1427 = br void %for.inc854.2" [prj/sol/.autopilot/db/v_frmbuf_rd.cpp:1427]   --->   Operation 76 'br' 'br_ln1427' <Predicate = (icmp_ln1398 & or_ln1426)> <Delay = 0.00>

State 4 <SV = 3> <Delay = 2.38>
ST_4 : Operation 77 [1/1] ( I:2.38ns O:2.38ns )   --->   "%rd2_1 = read i64 @_ssdm_op_Read.ap_fifo.volatile.i64P0A, i64 %bytePlanes_plane0" [prj/sol/.autopilot/db/v_frmbuf_rd.cpp:1409]   --->   Operation 77 'read' 'rd2_1' <Predicate = (icmp_ln1398 & or_ln1408)> <Delay = 2.38> <CoreInst = "FIFO_BRAM">   --->   Core 78 'FIFO_BRAM' <Latency = 0> <II = 1> <Delay = 3.41> <Storage> <Opcode : 'read' 'write' 'nbread' 'nbwrite'> <Ports = 0> <Width = 64> <Depth = 481> <FIFO>
ST_4 : Operation 78 [1/1] (0.00ns)   --->   "%store_ln1394 = store i64 %rd2_1, i64 %rd2" [prj/sol/.autopilot/db/v_frmbuf_rd.cpp:1394]   --->   Operation 78 'store' 'store_ln1394' <Predicate = (icmp_ln1398 & or_ln1408)> <Delay = 0.00>
ST_4 : Operation 79 [1/1] (0.00ns)   --->   "%br_ln1409 = br void %VITIS_LOOP_1412_21" [prj/sol/.autopilot/db/v_frmbuf_rd.cpp:1409]   --->   Operation 79 'br' 'br_ln1409' <Predicate = (icmp_ln1398 & or_ln1408)> <Delay = 0.00>
ST_4 : Operation 80 [1/1] (0.00ns)   --->   "%rd1_load = load i64 %rd1" [prj/sol/.autopilot/db/v_frmbuf_rd.cpp:1420]   --->   Operation 80 'load' 'rd1_load' <Predicate = (icmp_ln1398)> <Delay = 0.00>
ST_4 : Operation 81 [1/1] (0.00ns)   --->   "%trunc_ln1420 = trunc i64 %rd1_load" [prj/sol/.autopilot/db/v_frmbuf_rd.cpp:1420]   --->   Operation 81 'trunc' 'trunc_ln1420' <Predicate = (icmp_ln1398)> <Delay = 0.00>
ST_4 : Operation 82 [1/1] (0.00ns)   --->   "%or_ln1427_s = bitconcatenate i24 @_ssdm_op_BitConcatenate.i24.i8.i8.i8, i8 %tmp_61, i8 %tmp_62, i8 %trunc_ln1420" [prj/sol/.autopilot/db/v_frmbuf_rd.cpp:1427]   --->   Operation 82 'bitconcatenate' 'or_ln1427_s' <Predicate = (icmp_ln1398 & or_ln1426_1)> <Delay = 0.00>
ST_4 : Operation 83 [1/1] ( I:2.38ns O:2.38ns )   --->   "%write_ln1427 = write void @_ssdm_op_Write.ap_fifo.volatile.i24P0A, i24 %img, i24 %or_ln1427_s" [prj/sol/.autopilot/db/v_frmbuf_rd.cpp:1427]   --->   Operation 83 'write' 'write_ln1427' <Predicate = (icmp_ln1398 & or_ln1426_1)> <Delay = 2.38> <CoreInst = "FIFO_SRL">   --->   Core 80 'FIFO_SRL' <Latency = 0> <II = 1> <Delay = 3.40> <Storage> <Opcode : 'read' 'write' 'nbread' 'nbwrite'> <Ports = 0> <Width = 24> <Depth = 2> <FIFO>
ST_4 : Operation 84 [1/1] (0.00ns)   --->   "%br_ln1427 = br void %for.inc854.3" [prj/sol/.autopilot/db/v_frmbuf_rd.cpp:1427]   --->   Operation 84 'br' 'br_ln1427' <Predicate = (icmp_ln1398 & or_ln1426_1)> <Delay = 0.00>

State 5 <SV = 4> <Delay = 2.38>
ST_5 : Operation 85 [1/1] (0.00ns)   --->   "%rd1_load_1 = load i64 %rd1" [prj/sol/.autopilot/db/v_frmbuf_rd.cpp:1420]   --->   Operation 85 'load' 'rd1_load_1' <Predicate = (icmp_ln1398)> <Delay = 0.00>
ST_5 : Operation 86 [1/1] (0.00ns)   --->   "%tmp_63 = partselect i8 @_ssdm_op_PartSelect.i8.i64.i32.i32, i64 %rd1_load_1, i32 24, i32 31" [prj/sol/.autopilot/db/v_frmbuf_rd.cpp:1420]   --->   Operation 86 'partselect' 'tmp_63' <Predicate = (icmp_ln1398)> <Delay = 0.00>
ST_5 : Operation 87 [1/1] (0.00ns)   --->   "%tmp_64 = partselect i8 @_ssdm_op_PartSelect.i8.i64.i32.i32, i64 %rd1_load_1, i32 8, i32 15" [prj/sol/.autopilot/db/v_frmbuf_rd.cpp:1427]   --->   Operation 87 'partselect' 'tmp_64' <Predicate = (icmp_ln1398 & or_ln1426_2)> <Delay = 0.00>
ST_5 : Operation 88 [1/1] (0.00ns)   --->   "%tmp_65 = partselect i8 @_ssdm_op_PartSelect.i8.i64.i32.i32, i64 %rd1_load_1, i32 16, i32 23" [prj/sol/.autopilot/db/v_frmbuf_rd.cpp:1427]   --->   Operation 88 'partselect' 'tmp_65' <Predicate = (icmp_ln1398 & or_ln1426_2)> <Delay = 0.00>
ST_5 : Operation 89 [1/1] (0.00ns)   --->   "%or_ln1427_9 = bitconcatenate i24 @_ssdm_op_BitConcatenate.i24.i8.i8.i8, i8 %tmp_64, i8 %tmp_65, i8 %tmp_63" [prj/sol/.autopilot/db/v_frmbuf_rd.cpp:1427]   --->   Operation 89 'bitconcatenate' 'or_ln1427_9' <Predicate = (icmp_ln1398 & or_ln1426_2)> <Delay = 0.00>
ST_5 : Operation 90 [1/1] ( I:2.38ns O:2.38ns )   --->   "%write_ln1427 = write void @_ssdm_op_Write.ap_fifo.volatile.i24P0A, i24 %img, i24 %or_ln1427_9" [prj/sol/.autopilot/db/v_frmbuf_rd.cpp:1427]   --->   Operation 90 'write' 'write_ln1427' <Predicate = (icmp_ln1398 & or_ln1426_2)> <Delay = 2.38> <CoreInst = "FIFO_SRL">   --->   Core 80 'FIFO_SRL' <Latency = 0> <II = 1> <Delay = 3.40> <Storage> <Opcode : 'read' 'write' 'nbread' 'nbwrite'> <Ports = 0> <Width = 24> <Depth = 2> <FIFO>
ST_5 : Operation 91 [1/1] (0.00ns)   --->   "%br_ln1427 = br void %for.inc854.4" [prj/sol/.autopilot/db/v_frmbuf_rd.cpp:1427]   --->   Operation 91 'br' 'br_ln1427' <Predicate = (icmp_ln1398 & or_ln1426_2)> <Delay = 0.00>

State 6 <SV = 5> <Delay = 2.38>
ST_6 : Operation 92 [1/1] (0.00ns)   --->   "%rd1_load_2 = load i64 %rd1" [prj/sol/.autopilot/db/v_frmbuf_rd.cpp:1420]   --->   Operation 92 'load' 'rd1_load_2' <Predicate = (icmp_ln1398)> <Delay = 0.00>
ST_6 : Operation 93 [1/1] (0.00ns)   --->   "%tmp_66 = partselect i8 @_ssdm_op_PartSelect.i8.i64.i32.i32, i64 %rd1_load_2, i32 48, i32 55" [prj/sol/.autopilot/db/v_frmbuf_rd.cpp:1420]   --->   Operation 93 'partselect' 'tmp_66' <Predicate = (icmp_ln1398)> <Delay = 0.00>
ST_6 : Operation 94 [1/1] (0.00ns)   --->   "%tmp_67 = partselect i8 @_ssdm_op_PartSelect.i8.i64.i32.i32, i64 %rd1_load_2, i32 32, i32 39" [prj/sol/.autopilot/db/v_frmbuf_rd.cpp:1427]   --->   Operation 94 'partselect' 'tmp_67' <Predicate = (icmp_ln1398 & or_ln1426_3)> <Delay = 0.00>
ST_6 : Operation 95 [1/1] (0.00ns)   --->   "%tmp_68 = partselect i8 @_ssdm_op_PartSelect.i8.i64.i32.i32, i64 %rd1_load_2, i32 40, i32 47" [prj/sol/.autopilot/db/v_frmbuf_rd.cpp:1427]   --->   Operation 95 'partselect' 'tmp_68' <Predicate = (icmp_ln1398 & or_ln1426_3)> <Delay = 0.00>
ST_6 : Operation 96 [1/1] (0.00ns)   --->   "%or_ln1427_1 = bitconcatenate i24 @_ssdm_op_BitConcatenate.i24.i8.i8.i8, i8 %tmp_67, i8 %tmp_68, i8 %tmp_66" [prj/sol/.autopilot/db/v_frmbuf_rd.cpp:1427]   --->   Operation 96 'bitconcatenate' 'or_ln1427_1' <Predicate = (icmp_ln1398 & or_ln1426_3)> <Delay = 0.00>
ST_6 : Operation 97 [1/1] ( I:2.38ns O:2.38ns )   --->   "%write_ln1427 = write void @_ssdm_op_Write.ap_fifo.volatile.i24P0A, i24 %img, i24 %or_ln1427_1" [prj/sol/.autopilot/db/v_frmbuf_rd.cpp:1427]   --->   Operation 97 'write' 'write_ln1427' <Predicate = (icmp_ln1398 & or_ln1426_3)> <Delay = 2.38> <CoreInst = "FIFO_SRL">   --->   Core 80 'FIFO_SRL' <Latency = 0> <II = 1> <Delay = 3.40> <Storage> <Opcode : 'read' 'write' 'nbread' 'nbwrite'> <Ports = 0> <Width = 24> <Depth = 2> <FIFO>
ST_6 : Operation 98 [1/1] (0.00ns)   --->   "%br_ln1427 = br void %for.inc854.5" [prj/sol/.autopilot/db/v_frmbuf_rd.cpp:1427]   --->   Operation 98 'br' 'br_ln1427' <Predicate = (icmp_ln1398 & or_ln1426_3)> <Delay = 0.00>

State 7 <SV = 6> <Delay = 2.38>
ST_7 : Operation 99 [1/1] (0.00ns)   --->   "%rd2_load = load i64 %rd2" [prj/sol/.autopilot/db/v_frmbuf_rd.cpp:1420]   --->   Operation 99 'load' 'rd2_load' <Predicate = (icmp_ln1398)> <Delay = 0.00>
ST_7 : Operation 100 [1/1] (0.00ns)   --->   "%tmp_69 = partselect i8 @_ssdm_op_PartSelect.i8.i64.i32.i32, i64 %rd2_load, i32 8, i32 15" [prj/sol/.autopilot/db/v_frmbuf_rd.cpp:1420]   --->   Operation 100 'partselect' 'tmp_69' <Predicate = (icmp_ln1398)> <Delay = 0.00>
ST_7 : Operation 101 [1/1] (0.00ns)   --->   "%rd1_load_3 = load i64 %rd1" [prj/sol/.autopilot/db/v_frmbuf_rd.cpp:1427]   --->   Operation 101 'load' 'rd1_load_3' <Predicate = (icmp_ln1398 & or_ln1426_4)> <Delay = 0.00>
ST_7 : Operation 102 [1/1] (0.00ns)   --->   "%tmp_70 = partselect i8 @_ssdm_op_PartSelect.i8.i64.i32.i32, i64 %rd1_load_3, i32 56, i32 63" [prj/sol/.autopilot/db/v_frmbuf_rd.cpp:1427]   --->   Operation 102 'partselect' 'tmp_70' <Predicate = (icmp_ln1398 & or_ln1426_4)> <Delay = 0.00>
ST_7 : Operation 103 [1/1] (0.00ns)   --->   "%trunc_ln1427_1 = trunc i64 %rd2_load" [prj/sol/.autopilot/db/v_frmbuf_rd.cpp:1427]   --->   Operation 103 'trunc' 'trunc_ln1427_1' <Predicate = (icmp_ln1398 & or_ln1426_4)> <Delay = 0.00>
ST_7 : Operation 104 [1/1] (0.00ns)   --->   "%or_ln1427_2 = bitconcatenate i24 @_ssdm_op_BitConcatenate.i24.i8.i8.i8, i8 %tmp_70, i8 %trunc_ln1427_1, i8 %tmp_69" [prj/sol/.autopilot/db/v_frmbuf_rd.cpp:1427]   --->   Operation 104 'bitconcatenate' 'or_ln1427_2' <Predicate = (icmp_ln1398 & or_ln1426_4)> <Delay = 0.00>
ST_7 : Operation 105 [1/1] ( I:2.38ns O:2.38ns )   --->   "%write_ln1427 = write void @_ssdm_op_Write.ap_fifo.volatile.i24P0A, i24 %img, i24 %or_ln1427_2" [prj/sol/.autopilot/db/v_frmbuf_rd.cpp:1427]   --->   Operation 105 'write' 'write_ln1427' <Predicate = (icmp_ln1398 & or_ln1426_4)> <Delay = 2.38> <CoreInst = "FIFO_SRL">   --->   Core 80 'FIFO_SRL' <Latency = 0> <II = 1> <Delay = 3.40> <Storage> <Opcode : 'read' 'write' 'nbread' 'nbwrite'> <Ports = 0> <Width = 24> <Depth = 2> <FIFO>
ST_7 : Operation 106 [1/1] (0.00ns)   --->   "%br_ln1427 = br void %for.inc854.6" [prj/sol/.autopilot/db/v_frmbuf_rd.cpp:1427]   --->   Operation 106 'br' 'br_ln1427' <Predicate = (icmp_ln1398 & or_ln1426_4)> <Delay = 0.00>

State 8 <SV = 7> <Delay = 2.38>
ST_8 : Operation 107 [1/1] (0.00ns)   --->   "%rd2_load_1 = load i64 %rd2" [prj/sol/.autopilot/db/v_frmbuf_rd.cpp:1420]   --->   Operation 107 'load' 'rd2_load_1' <Predicate = (icmp_ln1398)> <Delay = 0.00>
ST_8 : Operation 108 [1/1] (0.00ns)   --->   "%tmp_71 = partselect i8 @_ssdm_op_PartSelect.i8.i64.i32.i32, i64 %rd2_load_1, i32 32, i32 39" [prj/sol/.autopilot/db/v_frmbuf_rd.cpp:1420]   --->   Operation 108 'partselect' 'tmp_71' <Predicate = (icmp_ln1398)> <Delay = 0.00>
ST_8 : Operation 109 [1/1] (0.00ns)   --->   "%tmp_72 = partselect i8 @_ssdm_op_PartSelect.i8.i64.i32.i32, i64 %rd2_load_1, i32 16, i32 23" [prj/sol/.autopilot/db/v_frmbuf_rd.cpp:1427]   --->   Operation 109 'partselect' 'tmp_72' <Predicate = (icmp_ln1398 & or_ln1426_5)> <Delay = 0.00>
ST_8 : Operation 110 [1/1] (0.00ns)   --->   "%tmp_73 = partselect i8 @_ssdm_op_PartSelect.i8.i64.i32.i32, i64 %rd2_load_1, i32 24, i32 31" [prj/sol/.autopilot/db/v_frmbuf_rd.cpp:1427]   --->   Operation 110 'partselect' 'tmp_73' <Predicate = (icmp_ln1398 & or_ln1426_5)> <Delay = 0.00>
ST_8 : Operation 111 [1/1] (0.00ns)   --->   "%or_ln1427_4 = bitconcatenate i24 @_ssdm_op_BitConcatenate.i24.i8.i8.i8, i8 %tmp_72, i8 %tmp_73, i8 %tmp_71" [prj/sol/.autopilot/db/v_frmbuf_rd.cpp:1427]   --->   Operation 111 'bitconcatenate' 'or_ln1427_4' <Predicate = (icmp_ln1398 & or_ln1426_5)> <Delay = 0.00>
ST_8 : Operation 112 [1/1] ( I:2.38ns O:2.38ns )   --->   "%write_ln1427 = write void @_ssdm_op_Write.ap_fifo.volatile.i24P0A, i24 %img, i24 %or_ln1427_4" [prj/sol/.autopilot/db/v_frmbuf_rd.cpp:1427]   --->   Operation 112 'write' 'write_ln1427' <Predicate = (icmp_ln1398 & or_ln1426_5)> <Delay = 2.38> <CoreInst = "FIFO_SRL">   --->   Core 80 'FIFO_SRL' <Latency = 0> <II = 1> <Delay = 3.40> <Storage> <Opcode : 'read' 'write' 'nbread' 'nbwrite'> <Ports = 0> <Width = 24> <Depth = 2> <FIFO>
ST_8 : Operation 113 [1/1] (0.00ns)   --->   "%br_ln1427 = br void %for.inc854.7" [prj/sol/.autopilot/db/v_frmbuf_rd.cpp:1427]   --->   Operation 113 'br' 'br_ln1427' <Predicate = (icmp_ln1398 & or_ln1426_5)> <Delay = 0.00>

State 9 <SV = 8> <Delay = 2.38>
ST_9 : Operation 114 [1/1] (0.00ns)   --->   "%rd2_load_2 = load i64 %rd2" [prj/sol/.autopilot/db/v_frmbuf_rd.cpp:1420]   --->   Operation 114 'load' 'rd2_load_2' <Predicate = true> <Delay = 0.00>
ST_9 : Operation 115 [1/1] (0.00ns)   --->   "%tmp_74 = partselect i8 @_ssdm_op_PartSelect.i8.i64.i32.i32, i64 %rd2_load_2, i32 56, i32 63" [prj/sol/.autopilot/db/v_frmbuf_rd.cpp:1420]   --->   Operation 115 'partselect' 'tmp_74' <Predicate = true> <Delay = 0.00>
ST_9 : Operation 116 [1/1] (0.00ns)   --->   "%tmp_75 = partselect i8 @_ssdm_op_PartSelect.i8.i64.i32.i32, i64 %rd2_load_2, i32 40, i32 47" [prj/sol/.autopilot/db/v_frmbuf_rd.cpp:1427]   --->   Operation 116 'partselect' 'tmp_75' <Predicate = (or_ln1426_6)> <Delay = 0.00>
ST_9 : Operation 117 [1/1] (0.00ns)   --->   "%tmp_76 = partselect i8 @_ssdm_op_PartSelect.i8.i64.i32.i32, i64 %rd2_load_2, i32 48, i32 55" [prj/sol/.autopilot/db/v_frmbuf_rd.cpp:1427]   --->   Operation 117 'partselect' 'tmp_76' <Predicate = (or_ln1426_6)> <Delay = 0.00>
ST_9 : Operation 118 [1/1] (0.00ns)   --->   "%or_ln1427_5 = bitconcatenate i24 @_ssdm_op_BitConcatenate.i24.i8.i8.i8, i8 %tmp_75, i8 %tmp_76, i8 %tmp_74" [prj/sol/.autopilot/db/v_frmbuf_rd.cpp:1427]   --->   Operation 118 'bitconcatenate' 'or_ln1427_5' <Predicate = (or_ln1426_6)> <Delay = 0.00>
ST_9 : Operation 119 [1/1] ( I:2.38ns O:2.38ns )   --->   "%write_ln1427 = write void @_ssdm_op_Write.ap_fifo.volatile.i24P0A, i24 %img, i24 %or_ln1427_5" [prj/sol/.autopilot/db/v_frmbuf_rd.cpp:1427]   --->   Operation 119 'write' 'write_ln1427' <Predicate = (or_ln1426_6)> <Delay = 2.38> <CoreInst = "FIFO_SRL">   --->   Core 80 'FIFO_SRL' <Latency = 0> <II = 1> <Delay = 3.40> <Storage> <Opcode : 'read' 'write' 'nbread' 'nbwrite'> <Ports = 0> <Width = 24> <Depth = 2> <FIFO>
ST_9 : Operation 120 [1/1] (0.00ns)   --->   "%br_ln1427 = br void %for.inc864.7" [prj/sol/.autopilot/db/v_frmbuf_rd.cpp:1427]   --->   Operation 120 'br' 'br_ln1427' <Predicate = (or_ln1426_6)> <Delay = 0.00>


============================================================
+ Verbose Summary: Binding
============================================================
STG Binding: 
---------------- STG Properties BEGIN ----------------
- Is combinational: 0
- Is one-state seq: 0
- Is datapath-only: 0
- Is pipelined: 0
- Is top level: 0
Port [ Return ] is wired: 1; IO mode=ap_ctrl_hs:ce=0
Port [ trunc_ln5]:  wired=1; compound=0; hidden=0; nouse=0; global=0; static=0; extern=0; dir=0; type=0; pingpong=0; private_global=0; IO mode=ap_stable:ce=0
Port [ icmp_ln1387]:  wired=1; compound=0; hidden=0; nouse=0; global=0; static=0; extern=0; dir=0; type=0; pingpong=0; private_global=0; IO mode=ap_stable:ce=0
Port [ icmp_ln1426_5]:  wired=1; compound=0; hidden=0; nouse=0; global=0; static=0; extern=0; dir=0; type=0; pingpong=0; private_global=0; IO mode=ap_stable:ce=0
Port [ icmp_ln1426_4]:  wired=1; compound=0; hidden=0; nouse=0; global=0; static=0; extern=0; dir=0; type=0; pingpong=0; private_global=0; IO mode=ap_stable:ce=0
Port [ icmp_ln1426_3]:  wired=1; compound=0; hidden=0; nouse=0; global=0; static=0; extern=0; dir=0; type=0; pingpong=0; private_global=0; IO mode=ap_stable:ce=0
Port [ icmp41]:  wired=1; compound=0; hidden=0; nouse=0; global=0; static=0; extern=0; dir=0; type=0; pingpong=0; private_global=0; IO mode=ap_stable:ce=0
Port [ icmp_ln1426_1]:  wired=1; compound=0; hidden=0; nouse=0; global=0; static=0; extern=0; dir=0; type=0; pingpong=0; private_global=0; IO mode=ap_stable:ce=0
Port [ img]:  wired=1; compound=1; hidden=0; nouse=0; global=0; static=0; extern=0; dir=1; type=3; pingpong=0; private_global=0; IO mode=ap_fifo:ce=0
Port [ icmp38]:  wired=1; compound=0; hidden=0; nouse=0; global=0; static=0; extern=0; dir=0; type=0; pingpong=0; private_global=0; IO mode=ap_stable:ce=0
Port [ icmp_ln1408]:  wired=1; compound=0; hidden=0; nouse=0; global=0; static=0; extern=0; dir=0; type=0; pingpong=0; private_global=0; IO mode=ap_stable:ce=0
Port [ bytePlanes_plane0]:  wired=1; compound=1; hidden=0; nouse=0; global=0; static=0; extern=0; dir=0; type=3; pingpong=0; private_global=0; IO mode=ap_fifo:ce=0
Port [ add_ln1405]:  wired=1; compound=0; hidden=0; nouse=0; global=0; static=0; extern=0; dir=0; type=0; pingpong=0; private_global=0; IO mode=ap_stable:ce=0
Port [ icmp_ln1405]:  wired=1; compound=0; hidden=0; nouse=0; global=0; static=0; extern=0; dir=0; type=0; pingpong=0; private_global=0; IO mode=ap_stable:ce=0
---------------- STG Properties END ------------------

---------------- Datapath Model BEGIN ----------------

<LifeTime>
<method=bitvector/>
x_6                   (alloca           ) [ 0100000000]
rd1                   (alloca           ) [ 0011111100]
rd2                   (alloca           ) [ 0111111111]
icmp_ln1405_read      (read             ) [ 0000000000]
add_ln1405_read       (read             ) [ 0000000000]
icmp_ln1408_read      (read             ) [ 0000000000]
icmp38_read           (read             ) [ 0000000000]
icmp_ln1426_1_read    (read             ) [ 0000000000]
icmp41_read           (read             ) [ 0000000000]
icmp_ln1426_3_read    (read             ) [ 0000000000]
icmp_ln1426_4_read    (read             ) [ 0000000000]
icmp_ln1426_5_read    (read             ) [ 0000000000]
icmp_ln1387_read      (read             ) [ 0000000000]
trunc_ln5_read        (read             ) [ 0000000000]
specmemcore_ln0       (specmemcore      ) [ 0000000000]
specinterface_ln0     (specinterface    ) [ 0000000000]
specinterface_ln0     (specinterface    ) [ 0000000000]
store_ln1398          (store            ) [ 0000000000]
br_ln1398             (br               ) [ 0000000000]
x                     (load             ) [ 0000000000]
zext_ln1398           (zext             ) [ 0000000000]
icmp_ln1398           (icmp             ) [ 0111111110]
speclooptripcount_ln0 (speclooptripcount) [ 0000000000]
x_11                  (add              ) [ 0000000000]
br_ln1398             (br               ) [ 0000000000]
icmp_ln1405_1         (icmp             ) [ 0000000000]
or_ln1405             (or               ) [ 0011000000]
br_ln1405             (br               ) [ 0000000000]
or_ln1408             (or               ) [ 0011100000]
br_ln1408             (br               ) [ 0000000000]
or_ln1426             (or               ) [ 0011000000]
br_ln1426             (br               ) [ 0000000000]
or_ln1426_1           (or               ) [ 0011100000]
br_ln1426             (br               ) [ 0000000000]
or_ln1426_2           (or               ) [ 0011110000]
br_ln1426             (br               ) [ 0000000000]
or_ln1426_3           (or               ) [ 0011111000]
br_ln1426             (br               ) [ 0000000000]
or_ln1426_4           (or               ) [ 0011111100]
br_ln1426             (br               ) [ 0000000000]
or_ln1426_5           (or               ) [ 0011111110]
br_ln1426             (br               ) [ 0000000000]
or_ln1426_6           (or               ) [ 0111111111]
br_ln1426             (br               ) [ 0000000000]
store_ln1398          (store            ) [ 0000000000]
br_ln1398             (br               ) [ 0000000000]
specpipeline_ln1400   (specpipeline     ) [ 0000000000]
specloopname_ln1398   (specloopname     ) [ 0000000000]
rd0                   (read             ) [ 0000000000]
tmp_42                (partselect       ) [ 0000000000]
trunc_ln1427          (trunc            ) [ 0000000000]
tmp_44                (partselect       ) [ 0000000000]
or_ln1427_3           (bitconcatenate   ) [ 0000000000]
write_ln1427          (write            ) [ 0000000000]
tmp_45                (partselect       ) [ 0001000000]
tmp_60                (partselect       ) [ 0001000000]
tmp_s                 (partselect       ) [ 0001000000]
tmp_61                (partselect       ) [ 0001100000]
tmp_62                (partselect       ) [ 0001100000]
rd1_1                 (read             ) [ 0000000000]
store_ln1394          (store            ) [ 0000000000]
br_ln1406             (br               ) [ 0000000000]
or_ln1427_7           (bitconcatenate   ) [ 0000000000]
write_ln1427          (write            ) [ 0000000000]
br_ln1427             (br               ) [ 0000000000]
rd2_1                 (read             ) [ 0000000000]
store_ln1394          (store            ) [ 0000000000]
br_ln1409             (br               ) [ 0000000000]
rd1_load              (load             ) [ 0000000000]
trunc_ln1420          (trunc            ) [ 0000000000]
or_ln1427_s           (bitconcatenate   ) [ 0000000000]
write_ln1427          (write            ) [ 0000000000]
br_ln1427             (br               ) [ 0000000000]
rd1_load_1            (load             ) [ 0000000000]
tmp_63                (partselect       ) [ 0000000000]
tmp_64                (partselect       ) [ 0000000000]
tmp_65                (partselect       ) [ 0000000000]
or_ln1427_9           (bitconcatenate   ) [ 0000000000]
write_ln1427          (write            ) [ 0000000000]
br_ln1427             (br               ) [ 0000000000]
rd1_load_2            (load             ) [ 0000000000]
tmp_66                (partselect       ) [ 0000000000]
tmp_67                (partselect       ) [ 0000000000]
tmp_68                (partselect       ) [ 0000000000]
or_ln1427_1           (bitconcatenate   ) [ 0000000000]
write_ln1427          (write            ) [ 0000000000]
br_ln1427             (br               ) [ 0000000000]
rd2_load              (load             ) [ 0000000000]
tmp_69                (partselect       ) [ 0000000000]
rd1_load_3            (load             ) [ 0000000000]
tmp_70                (partselect       ) [ 0000000000]
trunc_ln1427_1        (trunc            ) [ 0000000000]
or_ln1427_2           (bitconcatenate   ) [ 0000000000]
write_ln1427          (write            ) [ 0000000000]
br_ln1427             (br               ) [ 0000000000]
rd2_load_1            (load             ) [ 0000000000]
tmp_71                (partselect       ) [ 0000000000]
tmp_72                (partselect       ) [ 0000000000]
tmp_73                (partselect       ) [ 0000000000]
or_ln1427_4           (bitconcatenate   ) [ 0000000000]
write_ln1427          (write            ) [ 0000000000]
br_ln1427             (br               ) [ 0000000000]
rd2_load_2            (load             ) [ 0000000000]
tmp_74                (partselect       ) [ 0000000000]
tmp_75                (partselect       ) [ 0000000000]
tmp_76                (partselect       ) [ 0000000000]
or_ln1427_5           (bitconcatenate   ) [ 0000000000]
write_ln1427          (write            ) [ 0000000000]
br_ln1427             (br               ) [ 0000000000]
ret_ln0               (ret              ) [ 0000000000]
</LifeTime>

<model>

<comp_list>
<comp id="0" class="1000" name="trunc_ln5">
<pin_list>
<pin id="1" dir="1" index="0" bw="1" slack="0"/>
</pin_list>
<bind>
<StgValue><ssdm name="trunc_ln5"/></StgValue>
</bind>
</comp>

<comp id="2" class="1000" name="icmp_ln1387">
<pin_list>
<pin id="3" dir="1" index="0" bw="1" slack="0"/>
</pin_list>
<bind>
<StgValue><ssdm name="icmp_ln1387"/></StgValue>
</bind>
</comp>

<comp id="4" class="1000" name="icmp_ln1426_5">
<pin_list>
<pin id="5" dir="1" index="0" bw="1" slack="0"/>
</pin_list>
<bind>
<StgValue><ssdm name="icmp_ln1426_5"/></StgValue>
</bind>
</comp>

<comp id="6" class="1000" name="icmp_ln1426_4">
<pin_list>
<pin id="7" dir="1" index="0" bw="1" slack="0"/>
</pin_list>
<bind>
<StgValue><ssdm name="icmp_ln1426_4"/></StgValue>
</bind>
</comp>

<comp id="8" class="1000" name="icmp_ln1426_3">
<pin_list>
<pin id="9" dir="1" index="0" bw="1" slack="0"/>
</pin_list>
<bind>
<StgValue><ssdm name="icmp_ln1426_3"/></StgValue>
</bind>
</comp>

<comp id="10" class="1000" name="icmp41">
<pin_list>
<pin id="11" dir="1" index="0" bw="1" slack="0"/>
</pin_list>
<bind>
<StgValue><ssdm name="icmp41"/></StgValue>
</bind>
</comp>

<comp id="12" class="1000" name="icmp_ln1426_1">
<pin_list>
<pin id="13" dir="1" index="0" bw="1" slack="0"/>
</pin_list>
<bind>
<StgValue><ssdm name="icmp_ln1426_1"/></StgValue>
</bind>
</comp>

<comp id="14" class="1000" name="img">
<pin_list>
<pin id="15" dir="1" index="0" bw="1" slack="0"/>
</pin_list>
<bind>
<StgValue><ssdm name="img"/></StgValue>
</bind>
</comp>

<comp id="16" class="1000" name="icmp38">
<pin_list>
<pin id="17" dir="1" index="0" bw="1" slack="0"/>
</pin_list>
<bind>
<StgValue><ssdm name="icmp38"/></StgValue>
</bind>
</comp>

<comp id="18" class="1000" name="icmp_ln1408">
<pin_list>
<pin id="19" dir="1" index="0" bw="1" slack="0"/>
</pin_list>
<bind>
<StgValue><ssdm name="icmp_ln1408"/></StgValue>
</bind>
</comp>

<comp id="20" class="1000" name="bytePlanes_plane0">
<pin_list>
<pin id="21" dir="1" index="0" bw="1" slack="0"/>
</pin_list>
<bind>
<StgValue><ssdm name="bytePlanes_plane0"/></StgValue>
</bind>
</comp>

<comp id="22" class="1000" name="add_ln1405">
<pin_list>
<pin id="23" dir="1" index="0" bw="1" slack="0"/>
</pin_list>
<bind>
<StgValue><ssdm name="add_ln1405"/></StgValue>
</bind>
</comp>

<comp id="24" class="1000" name="icmp_ln1405">
<pin_list>
<pin id="25" dir="1" index="0" bw="1" slack="0"/>
</pin_list>
<bind>
<StgValue><ssdm name="icmp_ln1405"/></StgValue>
</bind>
</comp>

<comp id="26" class="1001" name="const_26">
<pin_list>
<pin id="27" dir="1" index="0" bw="1" slack="0"/>
</pin_list>
<bind>
<StgValue><ssdm name=""/></StgValue>
</bind>
</comp>

<comp id="28" class="1001" name="const_28">
<pin_list>
<pin id="29" dir="1" index="0" bw="1" slack="0"/>
</pin_list>
<bind>
<StgValue><ssdm name="_ssdm_op_Read.ap_auto.i1"/></StgValue>
</bind>
</comp>

<comp id="30" class="1001" name="const_30">
<pin_list>
<pin id="31" dir="1" index="0" bw="1" slack="0"/>
</pin_list>
<bind>
<StgValue><ssdm name="_ssdm_op_Read.ap_auto.i10"/></StgValue>
</bind>
</comp>

<comp id="32" class="1001" name="const_32">
<pin_list>
<pin id="33" dir="1" index="0" bw="1" slack="0"/>
</pin_list>
<bind>
<StgValue><ssdm name="_ssdm_op_Read.ap_auto.i9"/></StgValue>
</bind>
</comp>

<comp id="34" class="1001" name="const_34">
<pin_list>
<pin id="35" dir="1" index="0" bw="1" slack="2147483647"/>
</pin_list>
<bind>
<StgValue><ssdm name="_ssdm_op_SpecMemCore"/></StgValue>
</bind>
</comp>

<comp id="36" class="1001" name="const_36">
<pin_list>
<pin id="37" dir="1" index="0" bw="1" slack="2147483647"/>
</pin_list>
<bind>
<StgValue><ssdm name=""/></StgValue>
</bind>
</comp>

<comp id="38" class="1001" name="const_38">
<pin_list>
<pin id="39" dir="1" index="0" bw="1" slack="2147483647"/>
</pin_list>
<bind>
<StgValue><ssdm name=""/></StgValue>
</bind>
</comp>

<comp id="40" class="1001" name="const_40">
<pin_list>
<pin id="41" dir="1" index="0" bw="1" slack="2147483647"/>
</pin_list>
<bind>
<StgValue><ssdm name=""/></StgValue>
</bind>
</comp>

<comp id="42" class="1001" name="const_42">
<pin_list>
<pin id="43" dir="1" index="0" bw="1" slack="2147483647"/>
</pin_list>
<bind>
<StgValue><ssdm name=""/></StgValue>
</bind>
</comp>

<comp id="44" class="1001" name="const_44">
<pin_list>
<pin id="45" dir="1" index="0" bw="1" slack="2147483647"/>
</pin_list>
<bind>
<StgValue><ssdm name="_ssdm_op_SpecInterface"/></StgValue>
</bind>
</comp>

<comp id="46" class="1001" name="const_46">
<pin_list>
<pin id="47" dir="1" index="0" bw="1" slack="2147483647"/>
</pin_list>
<bind>
<StgValue><ssdm name="empty_17"/></StgValue>
</bind>
</comp>

<comp id="48" class="1001" name="const_48">
<pin_list>
<pin id="49" dir="1" index="0" bw="1" slack="2147483647"/>
</pin_list>
<bind>
<StgValue><ssdm name=""/></StgValue>
</bind>
</comp>

<comp id="50" class="1001" name="const_50">
<pin_list>
<pin id="51" dir="1" index="0" bw="1" slack="2147483647"/>
</pin_list>
<bind>
<StgValue><ssdm name="empty_11"/></StgValue>
</bind>
</comp>

<comp id="52" class="1001" name="const_52">
<pin_list>
<pin id="53" dir="1" index="0" bw="1" slack="2147483647"/>
</pin_list>
<bind>
<StgValue><ssdm name=""/></StgValue>
</bind>
</comp>

<comp id="54" class="1001" name="const_54">
<pin_list>
<pin id="55" dir="1" index="0" bw="1" slack="0"/>
</pin_list>
<bind>
<StgValue><ssdm name=""/></StgValue>
</bind>
</comp>

<comp id="56" class="1001" name="const_56">
<pin_list>
<pin id="57" dir="1" index="0" bw="1" slack="2147483647"/>
</pin_list>
<bind>
<StgValue><ssdm name="_ssdm_op_SpecLoopTripCount"/></StgValue>
</bind>
</comp>

<comp id="58" class="1001" name="const_58">
<pin_list>
<pin id="59" dir="1" index="0" bw="1" slack="2147483647"/>
</pin_list>
<bind>
<StgValue><ssdm name=""/></StgValue>
</bind>
</comp>

<comp id="60" class="1001" name="const_60">
<pin_list>
<pin id="61" dir="1" index="0" bw="1" slack="2147483647"/>
</pin_list>
<bind>
<StgValue><ssdm name=""/></StgValue>
</bind>
</comp>

<comp id="62" class="1001" name="const_62">
<pin_list>
<pin id="63" dir="1" index="0" bw="1" slack="0"/>
</pin_list>
<bind>
<StgValue><ssdm name=""/></StgValue>
</bind>
</comp>

<comp id="64" class="1001" name="const_64">
<pin_list>
<pin id="65" dir="1" index="0" bw="1" slack="2147483647"/>
</pin_list>
<bind>
<StgValue><ssdm name="_ssdm_op_SpecPipeline"/></StgValue>
</bind>
</comp>

<comp id="66" class="1001" name="const_66">
<pin_list>
<pin id="67" dir="1" index="0" bw="1" slack="0"/>
</pin_list>
<bind>
<StgValue><ssdm name=""/></StgValue>
</bind>
</comp>

<comp id="68" class="1001" name="const_68">
<pin_list>
<pin id="69" dir="1" index="0" bw="1" slack="2147483647"/>
</pin_list>
<bind>
<StgValue><ssdm name="_ssdm_op_SpecLoopName"/></StgValue>
</bind>
</comp>

<comp id="70" class="1001" name="const_70">
<pin_list>
<pin id="71" dir="1" index="0" bw="1" slack="2147483647"/>
</pin_list>
<bind>
<StgValue><ssdm name="empty_28"/></StgValue>
</bind>
</comp>

<comp id="72" class="1001" name="const_72">
<pin_list>
<pin id="73" dir="1" index="0" bw="1" slack="0"/>
</pin_list>
<bind>
<StgValue><ssdm name="_ssdm_op_Read.ap_fifo.volatile.i64P0A"/></StgValue>
</bind>
</comp>

<comp id="74" class="1001" name="const_74">
<pin_list>
<pin id="75" dir="1" index="0" bw="1" slack="0"/>
</pin_list>
<bind>
<StgValue><ssdm name="_ssdm_op_PartSelect.i8.i64.i32.i32"/></StgValue>
</bind>
</comp>

<comp id="76" class="1001" name="const_76">
<pin_list>
<pin id="77" dir="1" index="0" bw="1" slack="0"/>
</pin_list>
<bind>
<StgValue><ssdm name=""/></StgValue>
</bind>
</comp>

<comp id="78" class="1001" name="const_78">
<pin_list>
<pin id="79" dir="1" index="0" bw="1" slack="0"/>
</pin_list>
<bind>
<StgValue><ssdm name=""/></StgValue>
</bind>
</comp>

<comp id="80" class="1001" name="const_80">
<pin_list>
<pin id="81" dir="1" index="0" bw="1" slack="0"/>
</pin_list>
<bind>
<StgValue><ssdm name=""/></StgValue>
</bind>
</comp>

<comp id="82" class="1001" name="const_82">
<pin_list>
<pin id="83" dir="1" index="0" bw="1" slack="0"/>
</pin_list>
<bind>
<StgValue><ssdm name="_ssdm_op_BitConcatenate.i24.i8.i8.i8"/></StgValue>
</bind>
</comp>

<comp id="84" class="1001" name="const_84">
<pin_list>
<pin id="85" dir="1" index="0" bw="1" slack="0"/>
</pin_list>
<bind>
<StgValue><ssdm name="_ssdm_op_Write.ap_fifo.volatile.i24P0A"/></StgValue>
</bind>
</comp>

<comp id="86" class="1001" name="const_86">
<pin_list>
<pin id="87" dir="1" index="0" bw="1" slack="0"/>
</pin_list>
<bind>
<StgValue><ssdm name=""/></StgValue>
</bind>
</comp>

<comp id="88" class="1001" name="const_88">
<pin_list>
<pin id="89" dir="1" index="0" bw="1" slack="0"/>
</pin_list>
<bind>
<StgValue><ssdm name=""/></StgValue>
</bind>
</comp>

<comp id="90" class="1001" name="const_90">
<pin_list>
<pin id="91" dir="1" index="0" bw="1" slack="0"/>
</pin_list>
<bind>
<StgValue><ssdm name=""/></StgValue>
</bind>
</comp>

<comp id="92" class="1001" name="const_92">
<pin_list>
<pin id="93" dir="1" index="0" bw="1" slack="0"/>
</pin_list>
<bind>
<StgValue><ssdm name=""/></StgValue>
</bind>
</comp>

<comp id="94" class="1001" name="const_94">
<pin_list>
<pin id="95" dir="1" index="0" bw="1" slack="0"/>
</pin_list>
<bind>
<StgValue><ssdm name=""/></StgValue>
</bind>
</comp>

<comp id="96" class="1001" name="const_96">
<pin_list>
<pin id="97" dir="1" index="0" bw="1" slack="0"/>
</pin_list>
<bind>
<StgValue><ssdm name=""/></StgValue>
</bind>
</comp>

<comp id="98" class="1001" name="const_98">
<pin_list>
<pin id="99" dir="1" index="0" bw="1" slack="0"/>
</pin_list>
<bind>
<StgValue><ssdm name=""/></StgValue>
</bind>
</comp>

<comp id="100" class="1001" name="const_100">
<pin_list>
<pin id="101" dir="1" index="0" bw="1" slack="0"/>
</pin_list>
<bind>
<StgValue><ssdm name=""/></StgValue>
</bind>
</comp>

<comp id="102" class="1001" name="const_102">
<pin_list>
<pin id="103" dir="1" index="0" bw="1" slack="0"/>
</pin_list>
<bind>
<StgValue><ssdm name=""/></StgValue>
</bind>
</comp>

<comp id="104" class="1001" name="const_104">
<pin_list>
<pin id="105" dir="1" index="0" bw="1" slack="0"/>
</pin_list>
<bind>
<StgValue><ssdm name=""/></StgValue>
</bind>
</comp>

<comp id="106" class="1004" name="x_6_fu_106">
<pin_list>
<pin id="107" dir="0" index="0" bw="1" slack="0"/>
<pin id="108" dir="1" index="1" bw="9" slack="0"/>
</pin_list>
<bind>
<opcode="alloca(26) " fcode="alloca"/>
<opset="x_6/1 "/>
</bind>
</comp>

<comp id="110" class="1004" name="rd1_fu_110">
<pin_list>
<pin id="111" dir="0" index="0" bw="1" slack="0"/>
<pin id="112" dir="1" index="1" bw="64" slack="2"/>
</pin_list>
<bind>
<opcode="alloca(26) " fcode="alloca"/>
<opset="rd1/1 "/>
</bind>
</comp>

<comp id="114" class="1004" name="rd2_fu_114">
<pin_list>
<pin id="115" dir="0" index="0" bw="1" slack="0"/>
<pin id="116" dir="1" index="1" bw="64" slack="3"/>
</pin_list>
<bind>
<opcode="alloca(26) " fcode="alloca"/>
<opset="rd2/1 "/>
</bind>
</comp>

<comp id="118" class="1004" name="icmp_ln1405_read_read_fu_118">
<pin_list>
<pin id="119" dir="0" index="0" bw="1" slack="0"/>
<pin id="120" dir="0" index="1" bw="1" slack="0"/>
<pin id="121" dir="1" index="2" bw="1" slack="0"/>
</pin_list>
<bind>
<opcode="read(1150) " fcode="read"/>
<opset="icmp_ln1405_read/1 "/>
</bind>
</comp>

<comp id="124" class="1004" name="add_ln1405_read_read_fu_124">
<pin_list>
<pin id="125" dir="0" index="0" bw="10" slack="0"/>
<pin id="126" dir="0" index="1" bw="10" slack="0"/>
<pin id="127" dir="1" index="2" bw="10" slack="0"/>
</pin_list>
<bind>
<opcode="read(1150) " fcode="read"/>
<opset="add_ln1405_read/1 "/>
</bind>
</comp>

<comp id="130" class="1004" name="icmp_ln1408_read_read_fu_130">
<pin_list>
<pin id="131" dir="0" index="0" bw="1" slack="0"/>
<pin id="132" dir="0" index="1" bw="1" slack="0"/>
<pin id="133" dir="1" index="2" bw="1" slack="0"/>
</pin_list>
<bind>
<opcode="read(1150) " fcode="read"/>
<opset="icmp_ln1408_read/1 "/>
</bind>
</comp>

<comp id="136" class="1004" name="icmp38_read_read_fu_136">
<pin_list>
<pin id="137" dir="0" index="0" bw="1" slack="0"/>
<pin id="138" dir="0" index="1" bw="1" slack="0"/>
<pin id="139" dir="1" index="2" bw="1" slack="0"/>
</pin_list>
<bind>
<opcode="read(1150) " fcode="read"/>
<opset="icmp38_read/1 "/>
</bind>
</comp>

<comp id="142" class="1004" name="icmp_ln1426_1_read_read_fu_142">
<pin_list>
<pin id="143" dir="0" index="0" bw="1" slack="0"/>
<pin id="144" dir="0" index="1" bw="1" slack="0"/>
<pin id="145" dir="1" index="2" bw="1" slack="0"/>
</pin_list>
<bind>
<opcode="read(1150) " fcode="read"/>
<opset="icmp_ln1426_1_read/1 "/>
</bind>
</comp>

<comp id="148" class="1004" name="icmp41_read_read_fu_148">
<pin_list>
<pin id="149" dir="0" index="0" bw="1" slack="0"/>
<pin id="150" dir="0" index="1" bw="1" slack="0"/>
<pin id="151" dir="1" index="2" bw="1" slack="0"/>
</pin_list>
<bind>
<opcode="read(1150) " fcode="read"/>
<opset="icmp41_read/1 "/>
</bind>
</comp>

<comp id="154" class="1004" name="icmp_ln1426_3_read_read_fu_154">
<pin_list>
<pin id="155" dir="0" index="0" bw="1" slack="0"/>
<pin id="156" dir="0" index="1" bw="1" slack="0"/>
<pin id="157" dir="1" index="2" bw="1" slack="0"/>
</pin_list>
<bind>
<opcode="read(1150) " fcode="read"/>
<opset="icmp_ln1426_3_read/1 "/>
</bind>
</comp>

<comp id="160" class="1004" name="icmp_ln1426_4_read_read_fu_160">
<pin_list>
<pin id="161" dir="0" index="0" bw="1" slack="0"/>
<pin id="162" dir="0" index="1" bw="1" slack="0"/>
<pin id="163" dir="1" index="2" bw="1" slack="0"/>
</pin_list>
<bind>
<opcode="read(1150) " fcode="read"/>
<opset="icmp_ln1426_4_read/1 "/>
</bind>
</comp>

<comp id="166" class="1004" name="icmp_ln1426_5_read_read_fu_166">
<pin_list>
<pin id="167" dir="0" index="0" bw="1" slack="0"/>
<pin id="168" dir="0" index="1" bw="1" slack="0"/>
<pin id="169" dir="1" index="2" bw="1" slack="0"/>
</pin_list>
<bind>
<opcode="read(1150) " fcode="read"/>
<opset="icmp_ln1426_5_read/1 "/>
</bind>
</comp>

<comp id="172" class="1004" name="icmp_ln1387_read_read_fu_172">
<pin_list>
<pin id="173" dir="0" index="0" bw="1" slack="0"/>
<pin id="174" dir="0" index="1" bw="1" slack="0"/>
<pin id="175" dir="1" index="2" bw="1" slack="0"/>
</pin_list>
<bind>
<opcode="read(1150) " fcode="read"/>
<opset="icmp_ln1387_read/1 "/>
</bind>
</comp>

<comp id="178" class="1004" name="trunc_ln5_read_read_fu_178">
<pin_list>
<pin id="179" dir="0" index="0" bw="9" slack="0"/>
<pin id="180" dir="0" index="1" bw="9" slack="0"/>
<pin id="181" dir="1" index="2" bw="9" slack="0"/>
</pin_list>
<bind>
<opcode="read(1150) " fcode="read"/>
<opset="trunc_ln5_read/1 "/>
</bind>
</comp>

<comp id="184" class="1004" name="grp_read_fu_184">
<pin_list>
<pin id="185" dir="0" index="0" bw="64" slack="0"/>
<pin id="186" dir="0" index="1" bw="64" slack="0"/>
<pin id="187" dir="1" index="2" bw="64" slack="0"/>
</pin_list>
<bind>
<opcode="read(1150) " fcode="read"/>
<opset="rd0/2 rd1_1/3 rd2_1/4 "/>
</bind>
</comp>

<comp id="190" class="1004" name="grp_write_fu_190">
<pin_list>
<pin id="191" dir="0" index="0" bw="0" slack="0"/>
<pin id="192" dir="0" index="1" bw="24" slack="0"/>
<pin id="193" dir="0" index="2" bw="24" slack="0"/>
<pin id="194" dir="1" index="3" bw="0" slack="2147483647"/>
</pin_list>
<bind>
<opcode="write(1151) " fcode="write"/>
<opset="write_ln1427/2 write_ln1427/3 write_ln1427/4 write_ln1427/5 write_ln1427/6 write_ln1427/7 write_ln1427/8 write_ln1427/9 "/>
</bind>
</comp>

<comp id="197" class="1004" name="grp_load_fu_197">
<pin_list>
<pin id="198" dir="0" index="0" bw="64" slack="3"/>
<pin id="199" dir="1" index="1" bw="64" slack="0"/>
</pin_list>
<bind>
<opcode="load(27) " fcode="load"/>
<opset="rd1_load/4 rd1_load_1/5 rd1_load_2/6 rd1_load_3/7 "/>
</bind>
</comp>

<comp id="200" class="1004" name="grp_load_fu_200">
<pin_list>
<pin id="201" dir="0" index="0" bw="64" slack="6"/>
<pin id="202" dir="1" index="1" bw="64" slack="0"/>
</pin_list>
<bind>
<opcode="load(27) " fcode="load"/>
<opset="rd2_load/7 rd2_load_1/8 "/>
</bind>
</comp>

<comp id="203" class="1004" name="store_ln1398_store_fu_203">
<pin_list>
<pin id="204" dir="0" index="0" bw="1" slack="0"/>
<pin id="205" dir="0" index="1" bw="9" slack="0"/>
<pin id="206" dir="1" index="2" bw="0" slack="2147483647"/>
</pin_list>
<bind>
<opcode="store(28) " fcode="store"/>
<opset="store_ln1398/1 "/>
</bind>
</comp>

<comp id="208" class="1004" name="x_load_fu_208">
<pin_list>
<pin id="209" dir="0" index="0" bw="9" slack="0"/>
<pin id="210" dir="1" index="1" bw="9" slack="0"/>
</pin_list>
<bind>
<opcode="load(27) " fcode="load"/>
<opset="x/1 "/>
</bind>
</comp>

<comp id="211" class="1004" name="zext_ln1398_fu_211">
<pin_list>
<pin id="212" dir="0" index="0" bw="9" slack="0"/>
<pin id="213" dir="1" index="1" bw="10" slack="0"/>
</pin_list>
<bind>
<opcode="zext(34) " fcode="zext"/>
<opset="zext_ln1398/1 "/>
</bind>
</comp>

<comp id="215" class="1004" name="icmp_ln1398_fu_215">
<pin_list>
<pin id="216" dir="0" index="0" bw="9" slack="0"/>
<pin id="217" dir="0" index="1" bw="9" slack="0"/>
<pin id="218" dir="1" index="2" bw="1" slack="1"/>
</pin_list>
<bind>
<opcode="icmp(45) " fcode="icmp"/>
<opset="icmp_ln1398/1 "/>
</bind>
</comp>

<comp id="221" class="1004" name="x_11_fu_221">
<pin_list>
<pin id="222" dir="0" index="0" bw="9" slack="0"/>
<pin id="223" dir="0" index="1" bw="1" slack="0"/>
<pin id="224" dir="1" index="2" bw="9" slack="0"/>
</pin_list>
<bind>
<opcode="add(8) " fcode="add"/>
<opset="x_11/1 "/>
</bind>
</comp>

<comp id="227" class="1004" name="icmp_ln1405_1_fu_227">
<pin_list>
<pin id="228" dir="0" index="0" bw="10" slack="0"/>
<pin id="229" dir="0" index="1" bw="10" slack="0"/>
<pin id="230" dir="1" index="2" bw="1" slack="0"/>
</pin_list>
<bind>
<opcode="icmp(45) " fcode="icmp"/>
<opset="icmp_ln1405_1/1 "/>
</bind>
</comp>

<comp id="233" class="1004" name="or_ln1405_fu_233">
<pin_list>
<pin id="234" dir="0" index="0" bw="1" slack="0"/>
<pin id="235" dir="0" index="1" bw="1" slack="0"/>
<pin id="236" dir="1" index="2" bw="1" slack="2"/>
</pin_list>
<bind>
<opcode="or(24) " fcode="or"/>
<opset="or_ln1405/1 "/>
</bind>
</comp>

<comp id="239" class="1004" name="or_ln1408_fu_239">
<pin_list>
<pin id="240" dir="0" index="0" bw="1" slack="0"/>
<pin id="241" dir="0" index="1" bw="1" slack="0"/>
<pin id="242" dir="1" index="2" bw="1" slack="3"/>
</pin_list>
<bind>
<opcode="or(24) " fcode="or"/>
<opset="or_ln1408/1 "/>
</bind>
</comp>

<comp id="245" class="1004" name="or_ln1426_fu_245">
<pin_list>
<pin id="246" dir="0" index="0" bw="1" slack="0"/>
<pin id="247" dir="0" index="1" bw="1" slack="0"/>
<pin id="248" dir="1" index="2" bw="1" slack="1"/>
</pin_list>
<bind>
<opcode="or(24) " fcode="or"/>
<opset="or_ln1426/1 "/>
</bind>
</comp>

<comp id="251" class="1004" name="or_ln1426_1_fu_251">
<pin_list>
<pin id="252" dir="0" index="0" bw="1" slack="0"/>
<pin id="253" dir="0" index="1" bw="1" slack="0"/>
<pin id="254" dir="1" index="2" bw="1" slack="1"/>
</pin_list>
<bind>
<opcode="or(24) " fcode="or"/>
<opset="or_ln1426_1/1 "/>
</bind>
</comp>

<comp id="257" class="1004" name="or_ln1426_2_fu_257">
<pin_list>
<pin id="258" dir="0" index="0" bw="1" slack="0"/>
<pin id="259" dir="0" index="1" bw="1" slack="0"/>
<pin id="260" dir="1" index="2" bw="1" slack="4"/>
</pin_list>
<bind>
<opcode="or(24) " fcode="or"/>
<opset="or_ln1426_2/1 "/>
</bind>
</comp>

<comp id="263" class="1004" name="or_ln1426_3_fu_263">
<pin_list>
<pin id="264" dir="0" index="0" bw="1" slack="0"/>
<pin id="265" dir="0" index="1" bw="1" slack="0"/>
<pin id="266" dir="1" index="2" bw="1" slack="5"/>
</pin_list>
<bind>
<opcode="or(24) " fcode="or"/>
<opset="or_ln1426_3/1 "/>
</bind>
</comp>

<comp id="269" class="1004" name="or_ln1426_4_fu_269">
<pin_list>
<pin id="270" dir="0" index="0" bw="1" slack="0"/>
<pin id="271" dir="0" index="1" bw="1" slack="0"/>
<pin id="272" dir="1" index="2" bw="1" slack="6"/>
</pin_list>
<bind>
<opcode="or(24) " fcode="or"/>
<opset="or_ln1426_4/1 "/>
</bind>
</comp>

<comp id="275" class="1004" name="or_ln1426_5_fu_275">
<pin_list>
<pin id="276" dir="0" index="0" bw="1" slack="0"/>
<pin id="277" dir="0" index="1" bw="1" slack="0"/>
<pin id="278" dir="1" index="2" bw="1" slack="7"/>
</pin_list>
<bind>
<opcode="or(24) " fcode="or"/>
<opset="or_ln1426_5/1 "/>
</bind>
</comp>

<comp id="281" class="1004" name="or_ln1426_6_fu_281">
<pin_list>
<pin id="282" dir="0" index="0" bw="1" slack="0"/>
<pin id="283" dir="0" index="1" bw="1" slack="0"/>
<pin id="284" dir="1" index="2" bw="1" slack="8"/>
</pin_list>
<bind>
<opcode="or(24) " fcode="or"/>
<opset="or_ln1426_6/1 "/>
</bind>
</comp>

<comp id="287" class="1004" name="store_ln1398_store_fu_287">
<pin_list>
<pin id="288" dir="0" index="0" bw="9" slack="0"/>
<pin id="289" dir="0" index="1" bw="9" slack="0"/>
<pin id="290" dir="1" index="2" bw="0" slack="2147483647"/>
</pin_list>
<bind>
<opcode="store(28) " fcode="store"/>
<opset="store_ln1398/1 "/>
</bind>
</comp>

<comp id="292" class="1004" name="tmp_42_fu_292">
<pin_list>
<pin id="293" dir="0" index="0" bw="8" slack="0"/>
<pin id="294" dir="0" index="1" bw="64" slack="0"/>
<pin id="295" dir="0" index="2" bw="6" slack="0"/>
<pin id="296" dir="0" index="3" bw="6" slack="0"/>
<pin id="297" dir="1" index="4" bw="8" slack="0"/>
</pin_list>
<bind>
<opcode="partselect(1002) " fcode="partselect"/>
<opset="tmp_42/2 "/>
</bind>
</comp>

<comp id="302" class="1004" name="trunc_ln1427_fu_302">
<pin_list>
<pin id="303" dir="0" index="0" bw="64" slack="0"/>
<pin id="304" dir="1" index="1" bw="8" slack="0"/>
</pin_list>
<bind>
<opcode="trunc(33) " fcode="trunc"/>
<opset="trunc_ln1427/2 "/>
</bind>
</comp>

<comp id="306" class="1004" name="tmp_44_fu_306">
<pin_list>
<pin id="307" dir="0" index="0" bw="8" slack="0"/>
<pin id="308" dir="0" index="1" bw="64" slack="0"/>
<pin id="309" dir="0" index="2" bw="5" slack="0"/>
<pin id="310" dir="0" index="3" bw="5" slack="0"/>
<pin id="311" dir="1" index="4" bw="8" slack="0"/>
</pin_list>
<bind>
<opcode="partselect(1002) " fcode="partselect"/>
<opset="tmp_44/2 "/>
</bind>
</comp>

<comp id="316" class="1004" name="or_ln1427_3_fu_316">
<pin_list>
<pin id="317" dir="0" index="0" bw="24" slack="0"/>
<pin id="318" dir="0" index="1" bw="8" slack="0"/>
<pin id="319" dir="0" index="2" bw="8" slack="0"/>
<pin id="320" dir="0" index="3" bw="8" slack="0"/>
<pin id="321" dir="1" index="4" bw="24" slack="0"/>
</pin_list>
<bind>
<opcode="bitconcatenate(1004) " fcode="bitconcatenate"/>
<opset="or_ln1427_3/2 "/>
</bind>
</comp>

<comp id="327" class="1004" name="tmp_45_fu_327">
<pin_list>
<pin id="328" dir="0" index="0" bw="8" slack="0"/>
<pin id="329" dir="0" index="1" bw="64" slack="0"/>
<pin id="330" dir="0" index="2" bw="7" slack="0"/>
<pin id="331" dir="0" index="3" bw="7" slack="0"/>
<pin id="332" dir="1" index="4" bw="8" slack="1"/>
</pin_list>
<bind>
<opcode="partselect(1002) " fcode="partselect"/>
<opset="tmp_45/2 "/>
</bind>
</comp>

<comp id="337" class="1004" name="tmp_60_fu_337">
<pin_list>
<pin id="338" dir="0" index="0" bw="8" slack="0"/>
<pin id="339" dir="0" index="1" bw="64" slack="0"/>
<pin id="340" dir="0" index="2" bw="6" slack="0"/>
<pin id="341" dir="0" index="3" bw="6" slack="0"/>
<pin id="342" dir="1" index="4" bw="8" slack="1"/>
</pin_list>
<bind>
<opcode="partselect(1002) " fcode="partselect"/>
<opset="tmp_60/2 "/>
</bind>
</comp>

<comp id="347" class="1004" name="tmp_s_fu_347">
<pin_list>
<pin id="348" dir="0" index="0" bw="8" slack="0"/>
<pin id="349" dir="0" index="1" bw="64" slack="0"/>
<pin id="350" dir="0" index="2" bw="7" slack="0"/>
<pin id="351" dir="0" index="3" bw="7" slack="0"/>
<pin id="352" dir="1" index="4" bw="8" slack="1"/>
</pin_list>
<bind>
<opcode="partselect(1002) " fcode="partselect"/>
<opset="tmp_s/2 "/>
</bind>
</comp>

<comp id="357" class="1004" name="tmp_61_fu_357">
<pin_list>
<pin id="358" dir="0" index="0" bw="8" slack="0"/>
<pin id="359" dir="0" index="1" bw="64" slack="0"/>
<pin id="360" dir="0" index="2" bw="7" slack="0"/>
<pin id="361" dir="0" index="3" bw="7" slack="0"/>
<pin id="362" dir="1" index="4" bw="8" slack="2"/>
</pin_list>
<bind>
<opcode="partselect(1002) " fcode="partselect"/>
<opset="tmp_61/2 "/>
</bind>
</comp>

<comp id="367" class="1004" name="tmp_62_fu_367">
<pin_list>
<pin id="368" dir="0" index="0" bw="8" slack="0"/>
<pin id="369" dir="0" index="1" bw="64" slack="0"/>
<pin id="370" dir="0" index="2" bw="7" slack="0"/>
<pin id="371" dir="0" index="3" bw="7" slack="0"/>
<pin id="372" dir="1" index="4" bw="8" slack="2"/>
</pin_list>
<bind>
<opcode="partselect(1002) " fcode="partselect"/>
<opset="tmp_62/2 "/>
</bind>
</comp>

<comp id="377" class="1004" name="store_ln1394_store_fu_377">
<pin_list>
<pin id="378" dir="0" index="0" bw="64" slack="0"/>
<pin id="379" dir="0" index="1" bw="64" slack="2"/>
<pin id="380" dir="1" index="2" bw="0" slack="2147483647"/>
</pin_list>
<bind>
<opcode="store(28) " fcode="store"/>
<opset="store_ln1394/3 "/>
</bind>
</comp>

<comp id="382" class="1004" name="or_ln1427_7_fu_382">
<pin_list>
<pin id="383" dir="0" index="0" bw="24" slack="0"/>
<pin id="384" dir="0" index="1" bw="8" slack="1"/>
<pin id="385" dir="0" index="2" bw="8" slack="1"/>
<pin id="386" dir="0" index="3" bw="8" slack="1"/>
<pin id="387" dir="1" index="4" bw="24" slack="0"/>
</pin_list>
<bind>
<opcode="bitconcatenate(1004) " fcode="bitconcatenate"/>
<opset="or_ln1427_7/3 "/>
</bind>
</comp>

<comp id="390" class="1004" name="store_ln1394_store_fu_390">
<pin_list>
<pin id="391" dir="0" index="0" bw="64" slack="0"/>
<pin id="392" dir="0" index="1" bw="64" slack="3"/>
<pin id="393" dir="1" index="2" bw="0" slack="2147483647"/>
</pin_list>
<bind>
<opcode="store(28) " fcode="store"/>
<opset="store_ln1394/4 "/>
</bind>
</comp>

<comp id="395" class="1004" name="trunc_ln1420_fu_395">
<pin_list>
<pin id="396" dir="0" index="0" bw="64" slack="0"/>
<pin id="397" dir="1" index="1" bw="8" slack="0"/>
</pin_list>
<bind>
<opcode="trunc(33) " fcode="trunc"/>
<opset="trunc_ln1420/4 "/>
</bind>
</comp>

<comp id="399" class="1004" name="or_ln1427_s_fu_399">
<pin_list>
<pin id="400" dir="0" index="0" bw="24" slack="0"/>
<pin id="401" dir="0" index="1" bw="8" slack="2"/>
<pin id="402" dir="0" index="2" bw="8" slack="2"/>
<pin id="403" dir="0" index="3" bw="8" slack="0"/>
<pin id="404" dir="1" index="4" bw="24" slack="0"/>
</pin_list>
<bind>
<opcode="bitconcatenate(1004) " fcode="bitconcatenate"/>
<opset="or_ln1427_s/4 "/>
</bind>
</comp>

<comp id="408" class="1004" name="tmp_63_fu_408">
<pin_list>
<pin id="409" dir="0" index="0" bw="8" slack="0"/>
<pin id="410" dir="0" index="1" bw="64" slack="0"/>
<pin id="411" dir="0" index="2" bw="6" slack="0"/>
<pin id="412" dir="0" index="3" bw="6" slack="0"/>
<pin id="413" dir="1" index="4" bw="8" slack="0"/>
</pin_list>
<bind>
<opcode="partselect(1002) " fcode="partselect"/>
<opset="tmp_63/5 "/>
</bind>
</comp>

<comp id="418" class="1004" name="tmp_64_fu_418">
<pin_list>
<pin id="419" dir="0" index="0" bw="8" slack="0"/>
<pin id="420" dir="0" index="1" bw="64" slack="0"/>
<pin id="421" dir="0" index="2" bw="5" slack="0"/>
<pin id="422" dir="0" index="3" bw="5" slack="0"/>
<pin id="423" dir="1" index="4" bw="8" slack="0"/>
</pin_list>
<bind>
<opcode="partselect(1002) " fcode="partselect"/>
<opset="tmp_64/5 "/>
</bind>
</comp>

<comp id="428" class="1004" name="tmp_65_fu_428">
<pin_list>
<pin id="429" dir="0" index="0" bw="8" slack="0"/>
<pin id="430" dir="0" index="1" bw="64" slack="0"/>
<pin id="431" dir="0" index="2" bw="6" slack="0"/>
<pin id="432" dir="0" index="3" bw="6" slack="0"/>
<pin id="433" dir="1" index="4" bw="8" slack="0"/>
</pin_list>
<bind>
<opcode="partselect(1002) " fcode="partselect"/>
<opset="tmp_65/5 "/>
</bind>
</comp>

<comp id="438" class="1004" name="or_ln1427_9_fu_438">
<pin_list>
<pin id="439" dir="0" index="0" bw="24" slack="0"/>
<pin id="440" dir="0" index="1" bw="8" slack="0"/>
<pin id="441" dir="0" index="2" bw="8" slack="0"/>
<pin id="442" dir="0" index="3" bw="8" slack="0"/>
<pin id="443" dir="1" index="4" bw="24" slack="0"/>
</pin_list>
<bind>
<opcode="bitconcatenate(1004) " fcode="bitconcatenate"/>
<opset="or_ln1427_9/5 "/>
</bind>
</comp>

<comp id="449" class="1004" name="tmp_66_fu_449">
<pin_list>
<pin id="450" dir="0" index="0" bw="8" slack="0"/>
<pin id="451" dir="0" index="1" bw="64" slack="0"/>
<pin id="452" dir="0" index="2" bw="7" slack="0"/>
<pin id="453" dir="0" index="3" bw="7" slack="0"/>
<pin id="454" dir="1" index="4" bw="8" slack="0"/>
</pin_list>
<bind>
<opcode="partselect(1002) " fcode="partselect"/>
<opset="tmp_66/6 "/>
</bind>
</comp>

<comp id="459" class="1004" name="tmp_67_fu_459">
<pin_list>
<pin id="460" dir="0" index="0" bw="8" slack="0"/>
<pin id="461" dir="0" index="1" bw="64" slack="0"/>
<pin id="462" dir="0" index="2" bw="7" slack="0"/>
<pin id="463" dir="0" index="3" bw="7" slack="0"/>
<pin id="464" dir="1" index="4" bw="8" slack="0"/>
</pin_list>
<bind>
<opcode="partselect(1002) " fcode="partselect"/>
<opset="tmp_67/6 "/>
</bind>
</comp>

<comp id="469" class="1004" name="tmp_68_fu_469">
<pin_list>
<pin id="470" dir="0" index="0" bw="8" slack="0"/>
<pin id="471" dir="0" index="1" bw="64" slack="0"/>
<pin id="472" dir="0" index="2" bw="7" slack="0"/>
<pin id="473" dir="0" index="3" bw="7" slack="0"/>
<pin id="474" dir="1" index="4" bw="8" slack="0"/>
</pin_list>
<bind>
<opcode="partselect(1002) " fcode="partselect"/>
<opset="tmp_68/6 "/>
</bind>
</comp>

<comp id="479" class="1004" name="or_ln1427_1_fu_479">
<pin_list>
<pin id="480" dir="0" index="0" bw="24" slack="0"/>
<pin id="481" dir="0" index="1" bw="8" slack="0"/>
<pin id="482" dir="0" index="2" bw="8" slack="0"/>
<pin id="483" dir="0" index="3" bw="8" slack="0"/>
<pin id="484" dir="1" index="4" bw="24" slack="0"/>
</pin_list>
<bind>
<opcode="bitconcatenate(1004) " fcode="bitconcatenate"/>
<opset="or_ln1427_1/6 "/>
</bind>
</comp>

<comp id="490" class="1004" name="tmp_69_fu_490">
<pin_list>
<pin id="491" dir="0" index="0" bw="8" slack="0"/>
<pin id="492" dir="0" index="1" bw="64" slack="0"/>
<pin id="493" dir="0" index="2" bw="5" slack="0"/>
<pin id="494" dir="0" index="3" bw="5" slack="0"/>
<pin id="495" dir="1" index="4" bw="8" slack="0"/>
</pin_list>
<bind>
<opcode="partselect(1002) " fcode="partselect"/>
<opset="tmp_69/7 "/>
</bind>
</comp>

<comp id="500" class="1004" name="tmp_70_fu_500">
<pin_list>
<pin id="501" dir="0" index="0" bw="8" slack="0"/>
<pin id="502" dir="0" index="1" bw="64" slack="0"/>
<pin id="503" dir="0" index="2" bw="7" slack="0"/>
<pin id="504" dir="0" index="3" bw="7" slack="0"/>
<pin id="505" dir="1" index="4" bw="8" slack="0"/>
</pin_list>
<bind>
<opcode="partselect(1002) " fcode="partselect"/>
<opset="tmp_70/7 "/>
</bind>
</comp>

<comp id="510" class="1004" name="trunc_ln1427_1_fu_510">
<pin_list>
<pin id="511" dir="0" index="0" bw="64" slack="0"/>
<pin id="512" dir="1" index="1" bw="8" slack="0"/>
</pin_list>
<bind>
<opcode="trunc(33) " fcode="trunc"/>
<opset="trunc_ln1427_1/7 "/>
</bind>
</comp>

<comp id="514" class="1004" name="or_ln1427_2_fu_514">
<pin_list>
<pin id="515" dir="0" index="0" bw="24" slack="0"/>
<pin id="516" dir="0" index="1" bw="8" slack="0"/>
<pin id="517" dir="0" index="2" bw="8" slack="0"/>
<pin id="518" dir="0" index="3" bw="8" slack="0"/>
<pin id="519" dir="1" index="4" bw="24" slack="0"/>
</pin_list>
<bind>
<opcode="bitconcatenate(1004) " fcode="bitconcatenate"/>
<opset="or_ln1427_2/7 "/>
</bind>
</comp>

<comp id="525" class="1004" name="tmp_71_fu_525">
<pin_list>
<pin id="526" dir="0" index="0" bw="8" slack="0"/>
<pin id="527" dir="0" index="1" bw="64" slack="0"/>
<pin id="528" dir="0" index="2" bw="7" slack="0"/>
<pin id="529" dir="0" index="3" bw="7" slack="0"/>
<pin id="530" dir="1" index="4" bw="8" slack="0"/>
</pin_list>
<bind>
<opcode="partselect(1002) " fcode="partselect"/>
<opset="tmp_71/8 "/>
</bind>
</comp>

<comp id="535" class="1004" name="tmp_72_fu_535">
<pin_list>
<pin id="536" dir="0" index="0" bw="8" slack="0"/>
<pin id="537" dir="0" index="1" bw="64" slack="0"/>
<pin id="538" dir="0" index="2" bw="6" slack="0"/>
<pin id="539" dir="0" index="3" bw="6" slack="0"/>
<pin id="540" dir="1" index="4" bw="8" slack="0"/>
</pin_list>
<bind>
<opcode="partselect(1002) " fcode="partselect"/>
<opset="tmp_72/8 "/>
</bind>
</comp>

<comp id="545" class="1004" name="tmp_73_fu_545">
<pin_list>
<pin id="546" dir="0" index="0" bw="8" slack="0"/>
<pin id="547" dir="0" index="1" bw="64" slack="0"/>
<pin id="548" dir="0" index="2" bw="6" slack="0"/>
<pin id="549" dir="0" index="3" bw="6" slack="0"/>
<pin id="550" dir="1" index="4" bw="8" slack="0"/>
</pin_list>
<bind>
<opcode="partselect(1002) " fcode="partselect"/>
<opset="tmp_73/8 "/>
</bind>
</comp>

<comp id="555" class="1004" name="or_ln1427_4_fu_555">
<pin_list>
<pin id="556" dir="0" index="0" bw="24" slack="0"/>
<pin id="557" dir="0" index="1" bw="8" slack="0"/>
<pin id="558" dir="0" index="2" bw="8" slack="0"/>
<pin id="559" dir="0" index="3" bw="8" slack="0"/>
<pin id="560" dir="1" index="4" bw="24" slack="0"/>
</pin_list>
<bind>
<opcode="bitconcatenate(1004) " fcode="bitconcatenate"/>
<opset="or_ln1427_4/8 "/>
</bind>
</comp>

<comp id="566" class="1004" name="rd2_load_2_load_fu_566">
<pin_list>
<pin id="567" dir="0" index="0" bw="64" slack="8"/>
<pin id="568" dir="1" index="1" bw="64" slack="0"/>
</pin_list>
<bind>
<opcode="load(27) " fcode="load"/>
<opset="rd2_load_2/9 "/>
</bind>
</comp>

<comp id="569" class="1004" name="tmp_74_fu_569">
<pin_list>
<pin id="570" dir="0" index="0" bw="8" slack="0"/>
<pin id="571" dir="0" index="1" bw="64" slack="0"/>
<pin id="572" dir="0" index="2" bw="7" slack="0"/>
<pin id="573" dir="0" index="3" bw="7" slack="0"/>
<pin id="574" dir="1" index="4" bw="8" slack="0"/>
</pin_list>
<bind>
<opcode="partselect(1002) " fcode="partselect"/>
<opset="tmp_74/9 "/>
</bind>
</comp>

<comp id="579" class="1004" name="tmp_75_fu_579">
<pin_list>
<pin id="580" dir="0" index="0" bw="8" slack="0"/>
<pin id="581" dir="0" index="1" bw="64" slack="0"/>
<pin id="582" dir="0" index="2" bw="7" slack="0"/>
<pin id="583" dir="0" index="3" bw="7" slack="0"/>
<pin id="584" dir="1" index="4" bw="8" slack="0"/>
</pin_list>
<bind>
<opcode="partselect(1002) " fcode="partselect"/>
<opset="tmp_75/9 "/>
</bind>
</comp>

<comp id="589" class="1004" name="tmp_76_fu_589">
<pin_list>
<pin id="590" dir="0" index="0" bw="8" slack="0"/>
<pin id="591" dir="0" index="1" bw="64" slack="0"/>
<pin id="592" dir="0" index="2" bw="7" slack="0"/>
<pin id="593" dir="0" index="3" bw="7" slack="0"/>
<pin id="594" dir="1" index="4" bw="8" slack="0"/>
</pin_list>
<bind>
<opcode="partselect(1002) " fcode="partselect"/>
<opset="tmp_76/9 "/>
</bind>
</comp>

<comp id="599" class="1004" name="or_ln1427_5_fu_599">
<pin_list>
<pin id="600" dir="0" index="0" bw="24" slack="0"/>
<pin id="601" dir="0" index="1" bw="8" slack="0"/>
<pin id="602" dir="0" index="2" bw="8" slack="0"/>
<pin id="603" dir="0" index="3" bw="8" slack="0"/>
<pin id="604" dir="1" index="4" bw="24" slack="0"/>
</pin_list>
<bind>
<opcode="bitconcatenate(1004) " fcode="bitconcatenate"/>
<opset="or_ln1427_5/9 "/>
</bind>
</comp>

<comp id="610" class="1005" name="x_6_reg_610">
<pin_list>
<pin id="611" dir="0" index="0" bw="9" slack="0"/>
<pin id="612" dir="1" index="1" bw="9" slack="0"/>
</pin_list>
<bind>
<opset="x_6 "/>
</bind>
</comp>

<comp id="617" class="1005" name="rd1_reg_617">
<pin_list>
<pin id="618" dir="0" index="0" bw="64" slack="2"/>
<pin id="619" dir="1" index="1" bw="64" slack="2"/>
</pin_list>
<bind>
<opset="rd1 "/>
</bind>
</comp>

<comp id="623" class="1005" name="rd2_reg_623">
<pin_list>
<pin id="624" dir="0" index="0" bw="64" slack="3"/>
<pin id="625" dir="1" index="1" bw="64" slack="3"/>
</pin_list>
<bind>
<opset="rd2 "/>
</bind>
</comp>

<comp id="630" class="1005" name="icmp_ln1398_reg_630">
<pin_list>
<pin id="631" dir="0" index="0" bw="1" slack="1"/>
<pin id="632" dir="1" index="1" bw="1" slack="2147483647"/>
</pin_list>
<bind>
<opset="icmp_ln1398 "/>
</bind>
</comp>

<comp id="634" class="1005" name="or_ln1405_reg_634">
<pin_list>
<pin id="635" dir="0" index="0" bw="1" slack="2"/>
<pin id="636" dir="1" index="1" bw="1" slack="2147483647"/>
</pin_list>
<bind>
<opset="or_ln1405 "/>
</bind>
</comp>

<comp id="638" class="1005" name="or_ln1408_reg_638">
<pin_list>
<pin id="639" dir="0" index="0" bw="1" slack="3"/>
<pin id="640" dir="1" index="1" bw="1" slack="2147483647"/>
</pin_list>
<bind>
<opset="or_ln1408 "/>
</bind>
</comp>

<comp id="642" class="1005" name="or_ln1426_reg_642">
<pin_list>
<pin id="643" dir="0" index="0" bw="1" slack="1"/>
<pin id="644" dir="1" index="1" bw="1" slack="2147483647"/>
</pin_list>
<bind>
<opset="or_ln1426 "/>
</bind>
</comp>

<comp id="646" class="1005" name="or_ln1426_1_reg_646">
<pin_list>
<pin id="647" dir="0" index="0" bw="1" slack="1"/>
<pin id="648" dir="1" index="1" bw="1" slack="2147483647"/>
</pin_list>
<bind>
<opset="or_ln1426_1 "/>
</bind>
</comp>

<comp id="650" class="1005" name="or_ln1426_2_reg_650">
<pin_list>
<pin id="651" dir="0" index="0" bw="1" slack="4"/>
<pin id="652" dir="1" index="1" bw="1" slack="2147483647"/>
</pin_list>
<bind>
<opset="or_ln1426_2 "/>
</bind>
</comp>

<comp id="654" class="1005" name="or_ln1426_3_reg_654">
<pin_list>
<pin id="655" dir="0" index="0" bw="1" slack="5"/>
<pin id="656" dir="1" index="1" bw="1" slack="2147483647"/>
</pin_list>
<bind>
<opset="or_ln1426_3 "/>
</bind>
</comp>

<comp id="658" class="1005" name="or_ln1426_4_reg_658">
<pin_list>
<pin id="659" dir="0" index="0" bw="1" slack="6"/>
<pin id="660" dir="1" index="1" bw="1" slack="2147483647"/>
</pin_list>
<bind>
<opset="or_ln1426_4 "/>
</bind>
</comp>

<comp id="662" class="1005" name="or_ln1426_5_reg_662">
<pin_list>
<pin id="663" dir="0" index="0" bw="1" slack="7"/>
<pin id="664" dir="1" index="1" bw="1" slack="2147483647"/>
</pin_list>
<bind>
<opset="or_ln1426_5 "/>
</bind>
</comp>

<comp id="666" class="1005" name="or_ln1426_6_reg_666">
<pin_list>
<pin id="667" dir="0" index="0" bw="1" slack="8"/>
<pin id="668" dir="1" index="1" bw="1" slack="2147483647"/>
</pin_list>
<bind>
<opset="or_ln1426_6 "/>
</bind>
</comp>

<comp id="670" class="1005" name="tmp_45_reg_670">
<pin_list>
<pin id="671" dir="0" index="0" bw="8" slack="1"/>
<pin id="672" dir="1" index="1" bw="8" slack="1"/>
</pin_list>
<bind>
<opset="tmp_45 "/>
</bind>
</comp>

<comp id="675" class="1005" name="tmp_60_reg_675">
<pin_list>
<pin id="676" dir="0" index="0" bw="8" slack="1"/>
<pin id="677" dir="1" index="1" bw="8" slack="1"/>
</pin_list>
<bind>
<opset="tmp_60 "/>
</bind>
</comp>

<comp id="680" class="1005" name="tmp_s_reg_680">
<pin_list>
<pin id="681" dir="0" index="0" bw="8" slack="1"/>
<pin id="682" dir="1" index="1" bw="8" slack="1"/>
</pin_list>
<bind>
<opset="tmp_s "/>
</bind>
</comp>

<comp id="685" class="1005" name="tmp_61_reg_685">
<pin_list>
<pin id="686" dir="0" index="0" bw="8" slack="2"/>
<pin id="687" dir="1" index="1" bw="8" slack="2"/>
</pin_list>
<bind>
<opset="tmp_61 "/>
</bind>
</comp>

<comp id="690" class="1005" name="tmp_62_reg_690">
<pin_list>
<pin id="691" dir="0" index="0" bw="8" slack="2"/>
<pin id="692" dir="1" index="1" bw="8" slack="2"/>
</pin_list>
<bind>
<opset="tmp_62 "/>
</bind>
</comp>

</comp_list>

<net_list>
<net id="109"><net_src comp="26" pin="0"/><net_sink comp="106" pin=0"/></net>

<net id="113"><net_src comp="26" pin="0"/><net_sink comp="110" pin=0"/></net>

<net id="117"><net_src comp="26" pin="0"/><net_sink comp="114" pin=0"/></net>

<net id="122"><net_src comp="28" pin="0"/><net_sink comp="118" pin=0"/></net>

<net id="123"><net_src comp="24" pin="0"/><net_sink comp="118" pin=1"/></net>

<net id="128"><net_src comp="30" pin="0"/><net_sink comp="124" pin=0"/></net>

<net id="129"><net_src comp="22" pin="0"/><net_sink comp="124" pin=1"/></net>

<net id="134"><net_src comp="28" pin="0"/><net_sink comp="130" pin=0"/></net>

<net id="135"><net_src comp="18" pin="0"/><net_sink comp="130" pin=1"/></net>

<net id="140"><net_src comp="28" pin="0"/><net_sink comp="136" pin=0"/></net>

<net id="141"><net_src comp="16" pin="0"/><net_sink comp="136" pin=1"/></net>

<net id="146"><net_src comp="28" pin="0"/><net_sink comp="142" pin=0"/></net>

<net id="147"><net_src comp="12" pin="0"/><net_sink comp="142" pin=1"/></net>

<net id="152"><net_src comp="28" pin="0"/><net_sink comp="148" pin=0"/></net>

<net id="153"><net_src comp="10" pin="0"/><net_sink comp="148" pin=1"/></net>

<net id="158"><net_src comp="28" pin="0"/><net_sink comp="154" pin=0"/></net>

<net id="159"><net_src comp="8" pin="0"/><net_sink comp="154" pin=1"/></net>

<net id="164"><net_src comp="28" pin="0"/><net_sink comp="160" pin=0"/></net>

<net id="165"><net_src comp="6" pin="0"/><net_sink comp="160" pin=1"/></net>

<net id="170"><net_src comp="28" pin="0"/><net_sink comp="166" pin=0"/></net>

<net id="171"><net_src comp="4" pin="0"/><net_sink comp="166" pin=1"/></net>

<net id="176"><net_src comp="28" pin="0"/><net_sink comp="172" pin=0"/></net>

<net id="177"><net_src comp="2" pin="0"/><net_sink comp="172" pin=1"/></net>

<net id="182"><net_src comp="32" pin="0"/><net_sink comp="178" pin=0"/></net>

<net id="183"><net_src comp="0" pin="0"/><net_sink comp="178" pin=1"/></net>

<net id="188"><net_src comp="72" pin="0"/><net_sink comp="184" pin=0"/></net>

<net id="189"><net_src comp="20" pin="0"/><net_sink comp="184" pin=1"/></net>

<net id="195"><net_src comp="84" pin="0"/><net_sink comp="190" pin=0"/></net>

<net id="196"><net_src comp="14" pin="0"/><net_sink comp="190" pin=1"/></net>

<net id="207"><net_src comp="54" pin="0"/><net_sink comp="203" pin=0"/></net>

<net id="214"><net_src comp="208" pin="1"/><net_sink comp="211" pin=0"/></net>

<net id="219"><net_src comp="208" pin="1"/><net_sink comp="215" pin=0"/></net>

<net id="220"><net_src comp="178" pin="2"/><net_sink comp="215" pin=1"/></net>

<net id="225"><net_src comp="208" pin="1"/><net_sink comp="221" pin=0"/></net>

<net id="226"><net_src comp="62" pin="0"/><net_sink comp="221" pin=1"/></net>

<net id="231"><net_src comp="211" pin="1"/><net_sink comp="227" pin=0"/></net>

<net id="232"><net_src comp="124" pin="2"/><net_sink comp="227" pin=1"/></net>

<net id="237"><net_src comp="227" pin="2"/><net_sink comp="233" pin=0"/></net>

<net id="238"><net_src comp="118" pin="2"/><net_sink comp="233" pin=1"/></net>

<net id="243"><net_src comp="227" pin="2"/><net_sink comp="239" pin=0"/></net>

<net id="244"><net_src comp="130" pin="2"/><net_sink comp="239" pin=1"/></net>

<net id="249"><net_src comp="227" pin="2"/><net_sink comp="245" pin=0"/></net>

<net id="250"><net_src comp="136" pin="2"/><net_sink comp="245" pin=1"/></net>

<net id="255"><net_src comp="227" pin="2"/><net_sink comp="251" pin=0"/></net>

<net id="256"><net_src comp="142" pin="2"/><net_sink comp="251" pin=1"/></net>

<net id="261"><net_src comp="227" pin="2"/><net_sink comp="257" pin=0"/></net>

<net id="262"><net_src comp="148" pin="2"/><net_sink comp="257" pin=1"/></net>

<net id="267"><net_src comp="227" pin="2"/><net_sink comp="263" pin=0"/></net>

<net id="268"><net_src comp="154" pin="2"/><net_sink comp="263" pin=1"/></net>

<net id="273"><net_src comp="227" pin="2"/><net_sink comp="269" pin=0"/></net>

<net id="274"><net_src comp="160" pin="2"/><net_sink comp="269" pin=1"/></net>

<net id="279"><net_src comp="227" pin="2"/><net_sink comp="275" pin=0"/></net>

<net id="280"><net_src comp="166" pin="2"/><net_sink comp="275" pin=1"/></net>

<net id="285"><net_src comp="227" pin="2"/><net_sink comp="281" pin=0"/></net>

<net id="286"><net_src comp="172" pin="2"/><net_sink comp="281" pin=1"/></net>

<net id="291"><net_src comp="221" pin="2"/><net_sink comp="287" pin=0"/></net>

<net id="298"><net_src comp="74" pin="0"/><net_sink comp="292" pin=0"/></net>

<net id="299"><net_src comp="184" pin="2"/><net_sink comp="292" pin=1"/></net>

<net id="300"><net_src comp="76" pin="0"/><net_sink comp="292" pin=2"/></net>

<net id="301"><net_src comp="78" pin="0"/><net_sink comp="292" pin=3"/></net>

<net id="305"><net_src comp="184" pin="2"/><net_sink comp="302" pin=0"/></net>

<net id="312"><net_src comp="74" pin="0"/><net_sink comp="306" pin=0"/></net>

<net id="313"><net_src comp="184" pin="2"/><net_sink comp="306" pin=1"/></net>

<net id="314"><net_src comp="66" pin="0"/><net_sink comp="306" pin=2"/></net>

<net id="315"><net_src comp="80" pin="0"/><net_sink comp="306" pin=3"/></net>

<net id="322"><net_src comp="82" pin="0"/><net_sink comp="316" pin=0"/></net>

<net id="323"><net_src comp="302" pin="1"/><net_sink comp="316" pin=1"/></net>

<net id="324"><net_src comp="306" pin="4"/><net_sink comp="316" pin=2"/></net>

<net id="325"><net_src comp="292" pin="4"/><net_sink comp="316" pin=3"/></net>

<net id="326"><net_src comp="316" pin="4"/><net_sink comp="190" pin=2"/></net>

<net id="333"><net_src comp="74" pin="0"/><net_sink comp="327" pin=0"/></net>

<net id="334"><net_src comp="184" pin="2"/><net_sink comp="327" pin=1"/></net>

<net id="335"><net_src comp="86" pin="0"/><net_sink comp="327" pin=2"/></net>

<net id="336"><net_src comp="88" pin="0"/><net_sink comp="327" pin=3"/></net>

<net id="343"><net_src comp="74" pin="0"/><net_sink comp="337" pin=0"/></net>

<net id="344"><net_src comp="184" pin="2"/><net_sink comp="337" pin=1"/></net>

<net id="345"><net_src comp="90" pin="0"/><net_sink comp="337" pin=2"/></net>

<net id="346"><net_src comp="92" pin="0"/><net_sink comp="337" pin=3"/></net>

<net id="353"><net_src comp="74" pin="0"/><net_sink comp="347" pin=0"/></net>

<net id="354"><net_src comp="184" pin="2"/><net_sink comp="347" pin=1"/></net>

<net id="355"><net_src comp="94" pin="0"/><net_sink comp="347" pin=2"/></net>

<net id="356"><net_src comp="96" pin="0"/><net_sink comp="347" pin=3"/></net>

<net id="363"><net_src comp="74" pin="0"/><net_sink comp="357" pin=0"/></net>

<net id="364"><net_src comp="184" pin="2"/><net_sink comp="357" pin=1"/></net>

<net id="365"><net_src comp="98" pin="0"/><net_sink comp="357" pin=2"/></net>

<net id="366"><net_src comp="100" pin="0"/><net_sink comp="357" pin=3"/></net>

<net id="373"><net_src comp="74" pin="0"/><net_sink comp="367" pin=0"/></net>

<net id="374"><net_src comp="184" pin="2"/><net_sink comp="367" pin=1"/></net>

<net id="375"><net_src comp="102" pin="0"/><net_sink comp="367" pin=2"/></net>

<net id="376"><net_src comp="104" pin="0"/><net_sink comp="367" pin=3"/></net>

<net id="381"><net_src comp="184" pin="2"/><net_sink comp="377" pin=0"/></net>

<net id="388"><net_src comp="82" pin="0"/><net_sink comp="382" pin=0"/></net>

<net id="389"><net_src comp="382" pin="4"/><net_sink comp="190" pin=2"/></net>

<net id="394"><net_src comp="184" pin="2"/><net_sink comp="390" pin=0"/></net>

<net id="398"><net_src comp="197" pin="1"/><net_sink comp="395" pin=0"/></net>

<net id="405"><net_src comp="82" pin="0"/><net_sink comp="399" pin=0"/></net>

<net id="406"><net_src comp="395" pin="1"/><net_sink comp="399" pin=3"/></net>

<net id="407"><net_src comp="399" pin="4"/><net_sink comp="190" pin=2"/></net>

<net id="414"><net_src comp="74" pin="0"/><net_sink comp="408" pin=0"/></net>

<net id="415"><net_src comp="197" pin="1"/><net_sink comp="408" pin=1"/></net>

<net id="416"><net_src comp="90" pin="0"/><net_sink comp="408" pin=2"/></net>

<net id="417"><net_src comp="92" pin="0"/><net_sink comp="408" pin=3"/></net>

<net id="424"><net_src comp="74" pin="0"/><net_sink comp="418" pin=0"/></net>

<net id="425"><net_src comp="197" pin="1"/><net_sink comp="418" pin=1"/></net>

<net id="426"><net_src comp="66" pin="0"/><net_sink comp="418" pin=2"/></net>

<net id="427"><net_src comp="80" pin="0"/><net_sink comp="418" pin=3"/></net>

<net id="434"><net_src comp="74" pin="0"/><net_sink comp="428" pin=0"/></net>

<net id="435"><net_src comp="197" pin="1"/><net_sink comp="428" pin=1"/></net>

<net id="436"><net_src comp="76" pin="0"/><net_sink comp="428" pin=2"/></net>

<net id="437"><net_src comp="78" pin="0"/><net_sink comp="428" pin=3"/></net>

<net id="444"><net_src comp="82" pin="0"/><net_sink comp="438" pin=0"/></net>

<net id="445"><net_src comp="418" pin="4"/><net_sink comp="438" pin=1"/></net>

<net id="446"><net_src comp="428" pin="4"/><net_sink comp="438" pin=2"/></net>

<net id="447"><net_src comp="408" pin="4"/><net_sink comp="438" pin=3"/></net>

<net id="448"><net_src comp="438" pin="4"/><net_sink comp="190" pin=2"/></net>

<net id="455"><net_src comp="74" pin="0"/><net_sink comp="449" pin=0"/></net>

<net id="456"><net_src comp="197" pin="1"/><net_sink comp="449" pin=1"/></net>

<net id="457"><net_src comp="98" pin="0"/><net_sink comp="449" pin=2"/></net>

<net id="458"><net_src comp="100" pin="0"/><net_sink comp="449" pin=3"/></net>

<net id="465"><net_src comp="74" pin="0"/><net_sink comp="459" pin=0"/></net>

<net id="466"><net_src comp="197" pin="1"/><net_sink comp="459" pin=1"/></net>

<net id="467"><net_src comp="94" pin="0"/><net_sink comp="459" pin=2"/></net>

<net id="468"><net_src comp="96" pin="0"/><net_sink comp="459" pin=3"/></net>

<net id="475"><net_src comp="74" pin="0"/><net_sink comp="469" pin=0"/></net>

<net id="476"><net_src comp="197" pin="1"/><net_sink comp="469" pin=1"/></net>

<net id="477"><net_src comp="86" pin="0"/><net_sink comp="469" pin=2"/></net>

<net id="478"><net_src comp="88" pin="0"/><net_sink comp="469" pin=3"/></net>

<net id="485"><net_src comp="82" pin="0"/><net_sink comp="479" pin=0"/></net>

<net id="486"><net_src comp="459" pin="4"/><net_sink comp="479" pin=1"/></net>

<net id="487"><net_src comp="469" pin="4"/><net_sink comp="479" pin=2"/></net>

<net id="488"><net_src comp="449" pin="4"/><net_sink comp="479" pin=3"/></net>

<net id="489"><net_src comp="479" pin="4"/><net_sink comp="190" pin=2"/></net>

<net id="496"><net_src comp="74" pin="0"/><net_sink comp="490" pin=0"/></net>

<net id="497"><net_src comp="200" pin="1"/><net_sink comp="490" pin=1"/></net>

<net id="498"><net_src comp="66" pin="0"/><net_sink comp="490" pin=2"/></net>

<net id="499"><net_src comp="80" pin="0"/><net_sink comp="490" pin=3"/></net>

<net id="506"><net_src comp="74" pin="0"/><net_sink comp="500" pin=0"/></net>

<net id="507"><net_src comp="197" pin="1"/><net_sink comp="500" pin=1"/></net>

<net id="508"><net_src comp="102" pin="0"/><net_sink comp="500" pin=2"/></net>

<net id="509"><net_src comp="104" pin="0"/><net_sink comp="500" pin=3"/></net>

<net id="513"><net_src comp="200" pin="1"/><net_sink comp="510" pin=0"/></net>

<net id="520"><net_src comp="82" pin="0"/><net_sink comp="514" pin=0"/></net>

<net id="521"><net_src comp="500" pin="4"/><net_sink comp="514" pin=1"/></net>

<net id="522"><net_src comp="510" pin="1"/><net_sink comp="514" pin=2"/></net>

<net id="523"><net_src comp="490" pin="4"/><net_sink comp="514" pin=3"/></net>

<net id="524"><net_src comp="514" pin="4"/><net_sink comp="190" pin=2"/></net>

<net id="531"><net_src comp="74" pin="0"/><net_sink comp="525" pin=0"/></net>

<net id="532"><net_src comp="200" pin="1"/><net_sink comp="525" pin=1"/></net>

<net id="533"><net_src comp="94" pin="0"/><net_sink comp="525" pin=2"/></net>

<net id="534"><net_src comp="96" pin="0"/><net_sink comp="525" pin=3"/></net>

<net id="541"><net_src comp="74" pin="0"/><net_sink comp="535" pin=0"/></net>

<net id="542"><net_src comp="200" pin="1"/><net_sink comp="535" pin=1"/></net>

<net id="543"><net_src comp="76" pin="0"/><net_sink comp="535" pin=2"/></net>

<net id="544"><net_src comp="78" pin="0"/><net_sink comp="535" pin=3"/></net>

<net id="551"><net_src comp="74" pin="0"/><net_sink comp="545" pin=0"/></net>

<net id="552"><net_src comp="200" pin="1"/><net_sink comp="545" pin=1"/></net>

<net id="553"><net_src comp="90" pin="0"/><net_sink comp="545" pin=2"/></net>

<net id="554"><net_src comp="92" pin="0"/><net_sink comp="545" pin=3"/></net>

<net id="561"><net_src comp="82" pin="0"/><net_sink comp="555" pin=0"/></net>

<net id="562"><net_src comp="535" pin="4"/><net_sink comp="555" pin=1"/></net>

<net id="563"><net_src comp="545" pin="4"/><net_sink comp="555" pin=2"/></net>

<net id="564"><net_src comp="525" pin="4"/><net_sink comp="555" pin=3"/></net>

<net id="565"><net_src comp="555" pin="4"/><net_sink comp="190" pin=2"/></net>

<net id="575"><net_src comp="74" pin="0"/><net_sink comp="569" pin=0"/></net>

<net id="576"><net_src comp="566" pin="1"/><net_sink comp="569" pin=1"/></net>

<net id="577"><net_src comp="102" pin="0"/><net_sink comp="569" pin=2"/></net>

<net id="578"><net_src comp="104" pin="0"/><net_sink comp="569" pin=3"/></net>

<net id="585"><net_src comp="74" pin="0"/><net_sink comp="579" pin=0"/></net>

<net id="586"><net_src comp="566" pin="1"/><net_sink comp="579" pin=1"/></net>

<net id="587"><net_src comp="86" pin="0"/><net_sink comp="579" pin=2"/></net>

<net id="588"><net_src comp="88" pin="0"/><net_sink comp="579" pin=3"/></net>

<net id="595"><net_src comp="74" pin="0"/><net_sink comp="589" pin=0"/></net>

<net id="596"><net_src comp="566" pin="1"/><net_sink comp="589" pin=1"/></net>

<net id="597"><net_src comp="98" pin="0"/><net_sink comp="589" pin=2"/></net>

<net id="598"><net_src comp="100" pin="0"/><net_sink comp="589" pin=3"/></net>

<net id="605"><net_src comp="82" pin="0"/><net_sink comp="599" pin=0"/></net>

<net id="606"><net_src comp="579" pin="4"/><net_sink comp="599" pin=1"/></net>

<net id="607"><net_src comp="589" pin="4"/><net_sink comp="599" pin=2"/></net>

<net id="608"><net_src comp="569" pin="4"/><net_sink comp="599" pin=3"/></net>

<net id="609"><net_src comp="599" pin="4"/><net_sink comp="190" pin=2"/></net>

<net id="613"><net_src comp="106" pin="1"/><net_sink comp="610" pin=0"/></net>

<net id="614"><net_src comp="610" pin="1"/><net_sink comp="203" pin=1"/></net>

<net id="615"><net_src comp="610" pin="1"/><net_sink comp="208" pin=0"/></net>

<net id="616"><net_src comp="610" pin="1"/><net_sink comp="287" pin=1"/></net>

<net id="620"><net_src comp="110" pin="1"/><net_sink comp="617" pin=0"/></net>

<net id="621"><net_src comp="617" pin="1"/><net_sink comp="377" pin=1"/></net>

<net id="622"><net_src comp="617" pin="1"/><net_sink comp="197" pin=0"/></net>

<net id="626"><net_src comp="114" pin="1"/><net_sink comp="623" pin=0"/></net>

<net id="627"><net_src comp="623" pin="1"/><net_sink comp="390" pin=1"/></net>

<net id="628"><net_src comp="623" pin="1"/><net_sink comp="200" pin=0"/></net>

<net id="629"><net_src comp="623" pin="1"/><net_sink comp="566" pin=0"/></net>

<net id="633"><net_src comp="215" pin="2"/><net_sink comp="630" pin=0"/></net>

<net id="637"><net_src comp="233" pin="2"/><net_sink comp="634" pin=0"/></net>

<net id="641"><net_src comp="239" pin="2"/><net_sink comp="638" pin=0"/></net>

<net id="645"><net_src comp="245" pin="2"/><net_sink comp="642" pin=0"/></net>

<net id="649"><net_src comp="251" pin="2"/><net_sink comp="646" pin=0"/></net>

<net id="653"><net_src comp="257" pin="2"/><net_sink comp="650" pin=0"/></net>

<net id="657"><net_src comp="263" pin="2"/><net_sink comp="654" pin=0"/></net>

<net id="661"><net_src comp="269" pin="2"/><net_sink comp="658" pin=0"/></net>

<net id="665"><net_src comp="275" pin="2"/><net_sink comp="662" pin=0"/></net>

<net id="669"><net_src comp="281" pin="2"/><net_sink comp="666" pin=0"/></net>

<net id="673"><net_src comp="327" pin="4"/><net_sink comp="670" pin=0"/></net>

<net id="674"><net_src comp="670" pin="1"/><net_sink comp="382" pin=3"/></net>

<net id="678"><net_src comp="337" pin="4"/><net_sink comp="675" pin=0"/></net>

<net id="679"><net_src comp="675" pin="1"/><net_sink comp="382" pin=1"/></net>

<net id="683"><net_src comp="347" pin="4"/><net_sink comp="680" pin=0"/></net>

<net id="684"><net_src comp="680" pin="1"/><net_sink comp="382" pin=2"/></net>

<net id="688"><net_src comp="357" pin="4"/><net_sink comp="685" pin=0"/></net>

<net id="689"><net_src comp="685" pin="1"/><net_sink comp="399" pin=1"/></net>

<net id="693"><net_src comp="367" pin="4"/><net_sink comp="690" pin=0"/></net>

<net id="694"><net_src comp="690" pin="1"/><net_sink comp="399" pin=2"/></net>

</net_list>

</model> 
---------------- Datapath Model END ------------------

* FSMD analyzer results:
  - Output states:
	Port: img | {2 3 4 5 6 7 8 9 }
	Port: bytePlanes_plane0 | {}
 - Input state : 
	Port: Bytes2MultiPixStream_Pipeline_VITIS_LOOP_1398_20 : trunc_ln5 | {1 }
	Port: Bytes2MultiPixStream_Pipeline_VITIS_LOOP_1398_20 : icmp_ln1387 | {1 }
	Port: Bytes2MultiPixStream_Pipeline_VITIS_LOOP_1398_20 : icmp_ln1426_5 | {1 }
	Port: Bytes2MultiPixStream_Pipeline_VITIS_LOOP_1398_20 : icmp_ln1426_4 | {1 }
	Port: Bytes2MultiPixStream_Pipeline_VITIS_LOOP_1398_20 : icmp_ln1426_3 | {1 }
	Port: Bytes2MultiPixStream_Pipeline_VITIS_LOOP_1398_20 : icmp41 | {1 }
	Port: Bytes2MultiPixStream_Pipeline_VITIS_LOOP_1398_20 : icmp_ln1426_1 | {1 }
	Port: Bytes2MultiPixStream_Pipeline_VITIS_LOOP_1398_20 : img | {}
	Port: Bytes2MultiPixStream_Pipeline_VITIS_LOOP_1398_20 : icmp38 | {1 }
	Port: Bytes2MultiPixStream_Pipeline_VITIS_LOOP_1398_20 : icmp_ln1408 | {1 }
	Port: Bytes2MultiPixStream_Pipeline_VITIS_LOOP_1398_20 : bytePlanes_plane0 | {2 3 4 }
	Port: Bytes2MultiPixStream_Pipeline_VITIS_LOOP_1398_20 : add_ln1405 | {1 }
	Port: Bytes2MultiPixStream_Pipeline_VITIS_LOOP_1398_20 : icmp_ln1405 | {1 }
  - Chain level:
	State 1
		store_ln1398 : 1
		x : 1
		zext_ln1398 : 2
		icmp_ln1398 : 2
		x_11 : 2
		br_ln1398 : 3
		icmp_ln1405_1 : 3
		or_ln1405 : 4
		br_ln1405 : 4
		or_ln1408 : 4
		br_ln1408 : 4
		or_ln1426 : 4
		br_ln1426 : 4
		or_ln1426_1 : 4
		br_ln1426 : 4
		or_ln1426_2 : 4
		br_ln1426 : 4
		or_ln1426_3 : 4
		br_ln1426 : 4
		or_ln1426_4 : 4
		br_ln1426 : 4
		or_ln1426_5 : 4
		br_ln1426 : 4
		or_ln1426_6 : 4
		br_ln1426 : 4
		store_ln1398 : 3
	State 2
		or_ln1427_3 : 1
		write_ln1427 : 2
	State 3
		write_ln1427 : 1
	State 4
		trunc_ln1420 : 1
		or_ln1427_s : 2
		write_ln1427 : 3
	State 5
		tmp_63 : 1
		tmp_64 : 1
		tmp_65 : 1
		or_ln1427_9 : 2
		write_ln1427 : 3
	State 6
		tmp_66 : 1
		tmp_67 : 1
		tmp_68 : 1
		or_ln1427_1 : 2
		write_ln1427 : 3
	State 7
		tmp_69 : 1
		tmp_70 : 1
		trunc_ln1427_1 : 1
		or_ln1427_2 : 2
		write_ln1427 : 3
	State 8
		tmp_71 : 1
		tmp_72 : 1
		tmp_73 : 1
		or_ln1427_4 : 2
		write_ln1427 : 3
	State 9
		tmp_74 : 1
		tmp_75 : 1
		tmp_76 : 1
		or_ln1427_5 : 2
		write_ln1427 : 3


============================================================
+ Verbose Summary: Datapath Resource usage 
============================================================

* Functional unit list:
|----------|--------------------------------|---------|---------|
| Operation|         Functional Unit        |    FF   |   LUT   |
|----------|--------------------------------|---------|---------|
|   icmp   |       icmp_ln1398_fu_215       |    0    |    9    |
|          |      icmp_ln1405_1_fu_227      |    0    |    10   |
|----------|--------------------------------|---------|---------|
|    add   |           x_11_fu_221          |    0    |    9    |
|----------|--------------------------------|---------|---------|
|          |        or_ln1405_fu_233        |    0    |    1    |
|          |        or_ln1408_fu_239        |    0    |    1    |
|          |        or_ln1426_fu_245        |    0    |    1    |
|          |       or_ln1426_1_fu_251       |    0    |    1    |
|    or    |       or_ln1426_2_fu_257       |    0    |    1    |
|          |       or_ln1426_3_fu_263       |    0    |    1    |
|          |       or_ln1426_4_fu_269       |    0    |    1    |
|          |       or_ln1426_5_fu_275       |    0    |    1    |
|          |       or_ln1426_6_fu_281       |    0    |    1    |
|----------|--------------------------------|---------|---------|
|          |  icmp_ln1405_read_read_fu_118  |    0    |    0    |
|          |   add_ln1405_read_read_fu_124  |    0    |    0    |
|          |  icmp_ln1408_read_read_fu_130  |    0    |    0    |
|          |     icmp38_read_read_fu_136    |    0    |    0    |
|          | icmp_ln1426_1_read_read_fu_142 |    0    |    0    |
|   read   |     icmp41_read_read_fu_148    |    0    |    0    |
|          | icmp_ln1426_3_read_read_fu_154 |    0    |    0    |
|          | icmp_ln1426_4_read_read_fu_160 |    0    |    0    |
|          | icmp_ln1426_5_read_read_fu_166 |    0    |    0    |
|          |  icmp_ln1387_read_read_fu_172  |    0    |    0    |
|          |   trunc_ln5_read_read_fu_178   |    0    |    0    |
|          |         grp_read_fu_184        |    0    |    0    |
|----------|--------------------------------|---------|---------|
|   write  |        grp_write_fu_190        |    0    |    0    |
|----------|--------------------------------|---------|---------|
|   zext   |       zext_ln1398_fu_211       |    0    |    0    |
|----------|--------------------------------|---------|---------|
|          |          tmp_42_fu_292         |    0    |    0    |
|          |          tmp_44_fu_306         |    0    |    0    |
|          |          tmp_45_fu_327         |    0    |    0    |
|          |          tmp_60_fu_337         |    0    |    0    |
|          |          tmp_s_fu_347          |    0    |    0    |
|          |          tmp_61_fu_357         |    0    |    0    |
|          |          tmp_62_fu_367         |    0    |    0    |
|          |          tmp_63_fu_408         |    0    |    0    |
|          |          tmp_64_fu_418         |    0    |    0    |
|          |          tmp_65_fu_428         |    0    |    0    |
|partselect|          tmp_66_fu_449         |    0    |    0    |
|          |          tmp_67_fu_459         |    0    |    0    |
|          |          tmp_68_fu_469         |    0    |    0    |
|          |          tmp_69_fu_490         |    0    |    0    |
|          |          tmp_70_fu_500         |    0    |    0    |
|          |          tmp_71_fu_525         |    0    |    0    |
|          |          tmp_72_fu_535         |    0    |    0    |
|          |          tmp_73_fu_545         |    0    |    0    |
|          |          tmp_74_fu_569         |    0    |    0    |
|          |          tmp_75_fu_579         |    0    |    0    |
|          |          tmp_76_fu_589         |    0    |    0    |
|----------|--------------------------------|---------|---------|
|          |       trunc_ln1427_fu_302      |    0    |    0    |
|   trunc  |       trunc_ln1420_fu_395      |    0    |    0    |
|          |      trunc_ln1427_1_fu_510     |    0    |    0    |
|----------|--------------------------------|---------|---------|
|          |       or_ln1427_3_fu_316       |    0    |    0    |
|          |       or_ln1427_7_fu_382       |    0    |    0    |
|          |       or_ln1427_s_fu_399       |    0    |    0    |
|bitconcatenate|       or_ln1427_9_fu_438       |    0    |    0    |
|          |       or_ln1427_1_fu_479       |    0    |    0    |
|          |       or_ln1427_2_fu_514       |    0    |    0    |
|          |       or_ln1427_4_fu_555       |    0    |    0    |
|          |       or_ln1427_5_fu_599       |    0    |    0    |
|----------|--------------------------------|---------|---------|
|   Total  |                                |    0    |    37   |
|----------|--------------------------------|---------|---------|

Memories:
N/A

* Register list:
+-------------------+--------+
|                   |   FF   |
+-------------------+--------+
|icmp_ln1398_reg_630|    1   |
| or_ln1405_reg_634 |    1   |
| or_ln1408_reg_638 |    1   |
|or_ln1426_1_reg_646|    1   |
|or_ln1426_2_reg_650|    1   |
|or_ln1426_3_reg_654|    1   |
|or_ln1426_4_reg_658|    1   |
|or_ln1426_5_reg_662|    1   |
|or_ln1426_6_reg_666|    1   |
| or_ln1426_reg_642 |    1   |
|    rd1_reg_617    |   64   |
|    rd2_reg_623    |   64   |
|   tmp_45_reg_670  |    8   |
|   tmp_60_reg_675  |    8   |
|   tmp_61_reg_685  |    8   |
|   tmp_62_reg_690  |    8   |
|   tmp_s_reg_680   |    8   |
|    x_6_reg_610    |    9   |
+-------------------+--------+
|       Total       |   187  |
+-------------------+--------+

* Multiplexer (MUX) list: 
|------------------|------|------|------|--------||---------||---------||---------|
|       Comp       |  Pin | Size |  BW  | S x BW ||  Delay  ||    FF   ||   LUT   |
|------------------|------|------|------|--------||---------||---------||---------|
| grp_write_fu_190 |  p2  |   8  |  24  |   192  ||    0    ||    33   |
|------------------|------|------|------|--------||---------||---------||---------|
|       Total      |      |      |      |   192  || 1.46043 ||    0    ||    33   |
|------------------|------|------|------|--------||---------||---------||---------|



* Summary:
+-----------+--------+--------+--------+
|           |  Delay |   FF   |   LUT  |
+-----------+--------+--------+--------+
|  Function |    -   |    0   |   37   |
|   Memory  |    -   |    -   |    -   |
|Multiplexer|    1   |    0   |   33   |
|  Register |    -   |   187  |    -   |
+-----------+--------+--------+--------+
|   Total   |    1   |   187  |   70   |
+-----------+--------+--------+--------+
