remark: hdmi_mixer.gen/sources_1/bd/design_1/ip/design_1_v_frmbuf_wr_0_0/src/hls/hls_axi_io.h:85:5: Inlining function 'void hls::AXIGetBitFields<24, ap_uint<8> >(ap_uint<24>, int, int, ap_uint<8>&)' into 'void hls::AXIGetBitFields<24, ap_uint<8> >(hls::axis<ap_uint<24>, 1ul, 1ul, 1ul, (unsigned char)56, false>, int, int, ap_uint<8>&)'
remark: prj/sol/.autopilot/db/v_frmbuf_wr.cpp:296:18: Inlining function 'hls::Scalar<3, ap_uint<8> >::Scalar()' into 'AXIvideo2MultiPixStream(hls::stream<hls::axis<ap_uint<24>, 1ul, 1ul, 1ul, (unsigned char)56, false>, 0>&, hls::stream<hls::Scalar<3, ap_uint<8> >, 0>&, unsigned short&, unsigned short&, unsigned char&)'
remark: prj/sol/.autopilot/db/v_frmbuf_wr.cpp:299:13: unsigned short reg<unsigned short>(unsigned short) not inlined into AXIvideo2MultiPixStream(hls::stream<hls::axis<ap_uint<24>, 1ul, 1ul, 1ul, (unsigned char)56, false>, 0>&, hls::stream<hls::Scalar<3, ap_uint<8> >, 0>&, unsigned short&, unsigned short&, unsigned char&) because it should never be inlined (cost=never)
remark: prj/sol/.autopilot/db/v_frmbuf_wr.cpp:360:6: Inlining function 'void hls::AXIGetBitFields<24, ap_uint<8> >(hls::axis<ap_uint<24>, 1ul, 1ul, 1ul, (unsigned char)56, false>, int, int, ap_uint<8>&)' into 'AXIvideo2MultiPixStream(hls::stream<hls::axis<ap_uint<24>, 1ul, 1ul, 1ul, (unsigned char)56, false>, 0>&, hls::stream<hls::Scalar<3, ap_uint<8> >, 0>&, unsigned short&, unsigned short&, unsigned char&)'
remark: prj/sol/.autopilot/db/v_frmbuf_wr.cpp:431:18: Inlining function 'hls::Scalar<3, ap_uint<8> >::Scalar()' into 'MultiPixStream2Bytes(hls::stream<hls::Scalar<3, ap_uint<8> >, 0>&, STREAM_PLANES&, unsigned short&, unsigned short&, unsigned short&, unsigned short&)'
remark: prj/sol/.autopilot/db/v_frmbuf_wr.cpp:126:2: AXIvideo2MultiPixStream(hls::stream<hls::axis<ap_uint<24>, 1ul, 1ul, 1ul, (unsigned char)56, false>, 0>&, hls::stream<hls::Scalar<3, ap_uint<8> >, 0>&, unsigned short&, unsigned short&, unsigned char&) not inlined into FrmbufWrHlsDataFlow(hls::stream<hls::axis<ap_uint<24>, 1ul, 1ul, 1ul, (unsigned char)56, false>, 0>&, HW_STRUCT_REG&, unsigned short&, unsigned char&, unsigned short&, unsigned short&, unsigned short&, unsigned short&) because it should never be inlined (cost=never)
remark: prj/sol/.autopilot/db/v_frmbuf_wr.cpp:139:2: MultiPixStream2Bytes(hls::stream<hls::Scalar<3, ap_uint<8> >, 0>&, STREAM_PLANES&, unsigned short&, unsigned short&, unsigned short&, unsigned short&) not inlined into FrmbufWrHlsDataFlow(hls::stream<hls::axis<ap_uint<24>, 1ul, 1ul, 1ul, (unsigned char)56, false>, 0>&, HW_STRUCT_REG&, unsigned short&, unsigned char&, unsigned short&, unsigned short&, unsigned short&, unsigned short&) because it should never be inlined (cost=never)
remark: prj/sol/.autopilot/db/v_frmbuf_wr.cpp:141:2: Bytes2AXIMMvideo(STREAM_PLANES&, ap_uint<64>*&, ap_uint<64>*&, ap_uint<64>*&, unsigned short&, unsigned short&, unsigned short&, unsigned short&) not inlined into FrmbufWrHlsDataFlow(hls::stream<hls::axis<ap_uint<24>, 1ul, 1ul, 1ul, (unsigned char)56, false>, 0>&, HW_STRUCT_REG&, unsigned short&, unsigned char&, unsigned short&, unsigned short&, unsigned short&, unsigned short&) because it should never be inlined (cost=never)
remark: prj/sol/.autopilot/db/v_frmbuf_wr.cpp:257:2: FrmbufWrHlsDataFlow(hls::stream<hls::axis<ap_uint<24>, 1ul, 1ul, 1ul, (unsigned char)56, false>, 0>&, HW_STRUCT_REG&, unsigned short&, unsigned char&, unsigned short&, unsigned short&, unsigned short&, unsigned short&) not inlined into v_frmbuf_wr(unsigned short, unsigned short, unsigned short, unsigned short, ap_uint<64>*, ap_uint<64>*, ap_uint<64>*, hls::stream<hls::axis<ap_uint<24>, 1ul, 1ul, 1ul, (unsigned char)56, false>, 0>&) because it should never be inlined (cost=never)
remark: hdmi_mixer.gen/sources_1/bd/design_1/ip/design_1_v_frmbuf_wr_0_0/src/hls/hls_video_core.h:198:1: Adding 'pix91' into disaggregation list because there's array-partition pragma applied on the struct field
remark: hdmi_mixer.gen/sources_1/bd/design_1/ip/design_1_v_frmbuf_wr_0_0/src/hls/hls_video_core.h:198:1: Adding 'pix' into disaggregation list because there's array-partition pragma applied on the struct field
remark: hdmi_mixer.gen/sources_1/bd/design_1/ip/design_1_v_frmbuf_wr_0_0/src/hls/hls_video_core.h:198:1: Adding 'pix' into disaggregation list because there's array-partition pragma applied on the struct field
remark: prj/sol/.autopilot/db/v_frmbuf_wr.cpp:119:1: Adding 'bytePlanes' into disaggregation list because there's stream pragma applied on the struct field
remark: prj/sol/.autopilot/db/v_frmbuf_wr.cpp:115:1: Adding 'bytePlanes' into disaggregation list because there's stream pragma applied on the struct field
remark: prj/sol/.autopilot/db/v_frmbuf_wr.cpp:111:1: Adding 'bytePlanes' into disaggregation list because there's stream pragma applied on the struct field
remark: hdmi_mixer.gen/sources_1/bd/design_1/ip/design_1_v_frmbuf_wr_0_0/src/hls/hls_video_core.h:198:1: Adding 'pix91' into disaggregation list because there's array-partition pragma applied on the struct field
remark: hdmi_mixer.gen/sources_1/bd/design_1/ip/design_1_v_frmbuf_wr_0_0/src/hls/hls_video_core.h:198:1: Adding 'pix' into disaggregation list because there's array-partition pragma applied on the struct field
remark: hdmi_mixer.gen/sources_1/bd/design_1/ip/design_1_v_frmbuf_wr_0_0/src/hls/hls_video_core.h:198:1: Adding 'pix' into disaggregation list because there's array-partition pragma applied on the struct field
remark: prj/sol/.autopilot/db/v_frmbuf_wr.cpp:119:1: Adding 'bytePlanes' into disaggregation list because there's stream pragma applied on the struct field
remark: prj/sol/.autopilot/db/v_frmbuf_wr.cpp:115:1: Adding 'bytePlanes' into disaggregation list because there's stream pragma applied on the struct field
remark: prj/sol/.autopilot/db/v_frmbuf_wr.cpp:111:1: Adding 'bytePlanes' into disaggregation list because there's stream pragma applied on the struct field
remark: prj/sol/.autopilot/db/v_frmbuf_wr.cpp:296:18: Disaggregating variable 'pix'
remark: prj/sol/.autopilot/db/v_frmbuf_wr.cpp:589:19: Disaggregating variable 'pix91'
remark: prj/sol/.autopilot/db/v_frmbuf_wr.cpp:431:18: Disaggregating variable 'pix'
remark: prj/sol/.autopilot/db/v_frmbuf_wr.cpp:104:16: Disaggregating variable 'bytePlanes'
remark: prj/sol/.autopilot/db/v_frmbuf_wr.cpp:514:23: Loop 'VITIS_LOOP_514_2' is marked as complete unroll implied by the pipeline pragma
remark: prj/sol/.autopilot/db/v_frmbuf_wr.cpp:518:24: Loop 'VITIS_LOOP_518_3' is marked as complete unroll implied by the pipeline pragma
remark: prj/sol/.autopilot/db/v_frmbuf_wr.cpp:608:23: Loop 'VITIS_LOOP_608_5' is marked as complete unroll implied by the pipeline pragma
remark: prj/sol/.autopilot/db/v_frmbuf_wr.cpp:615:24: Loop 'VITIS_LOOP_615_6' is marked as complete unroll implied by the pipeline pragma
remark: prj/sol/.autopilot/db/v_frmbuf_wr.cpp:700:23: Loop 'VITIS_LOOP_700_8' is marked as complete unroll implied by the pipeline pragma
remark: prj/sol/.autopilot/db/v_frmbuf_wr.cpp:704:24: Loop 'VITIS_LOOP_704_9' is marked as complete unroll implied by the pipeline pragma
remark: prj/sol/.autopilot/db/v_frmbuf_wr.cpp:706:26: Loop 'VITIS_LOOP_706_10' is marked as complete unroll implied by the pipeline pragma
remark: prj/sol/.autopilot/db/v_frmbuf_wr.cpp:742:24: Loop 'VITIS_LOOP_742_12' is marked as complete unroll implied by the pipeline pragma
remark: prj/sol/.autopilot/db/v_frmbuf_wr.cpp:746:25: Loop 'VITIS_LOOP_746_13' is marked as complete unroll implied by the pipeline pragma
remark: prj/sol/.autopilot/db/v_frmbuf_wr.cpp:824:24: Loop 'VITIS_LOOP_824_15' is marked as complete unroll implied by the pipeline pragma
remark: prj/sol/.autopilot/db/v_frmbuf_wr.cpp:828:25: Loop 'VITIS_LOOP_828_16' is marked as complete unroll implied by the pipeline pragma
remark: prj/sol/.autopilot/db/v_frmbuf_wr.cpp:830:26: Loop 'VITIS_LOOP_830_17' is marked as complete unroll implied by the pipeline pragma
remark: prj/sol/.autopilot/db/v_frmbuf_wr.cpp:866:24: Loop 'VITIS_LOOP_866_19' is marked as complete unroll implied by the pipeline pragma
remark: prj/sol/.autopilot/db/v_frmbuf_wr.cpp:870:25: Loop 'VITIS_LOOP_870_20' is marked as complete unroll implied by the pipeline pragma
remark: prj/sol/.autopilot/db/v_frmbuf_wr.cpp:907:24: Loop 'VITIS_LOOP_907_22' is marked as complete unroll implied by the pipeline pragma
remark: prj/sol/.autopilot/db/v_frmbuf_wr.cpp:911:25: Loop 'VITIS_LOOP_911_23' is marked as complete unroll implied by the pipeline pragma
remark: prj/sol/.autopilot/db/v_frmbuf_wr.cpp:1093:25: Loop 'VITIS_LOOP_1093_25' is marked as complete unroll implied by the pipeline pragma
remark: prj/sol/.autopilot/db/v_frmbuf_wr.cpp:1097:26: Loop 'VITIS_LOOP_1097_26' is marked as complete unroll implied by the pipeline pragma
remark: prj/sol/.autopilot/db/v_frmbuf_wr.cpp:1099:27: Loop 'VITIS_LOOP_1099_27' is marked as complete unroll implied by the pipeline pragma
remark: prj/sol/.autopilot/db/v_frmbuf_wr.cpp:1108:25: Loop 'VITIS_LOOP_1108_28' is marked as complete unroll implied by the pipeline pragma
remark: prj/sol/.autopilot/db/v_frmbuf_wr.cpp:1336:25: Loop 'VITIS_LOOP_1336_30' is marked as complete unroll implied by the pipeline pragma
remark: prj/sol/.autopilot/db/v_frmbuf_wr.cpp:1340:26: Loop 'VITIS_LOOP_1340_31' is marked as complete unroll implied by the pipeline pragma
remark: prj/sol/.autopilot/db/v_frmbuf_wr.cpp:1342:27: Loop 'VITIS_LOOP_1342_32' is marked as complete unroll implied by the pipeline pragma
remark: prj/sol/.autopilot/db/v_frmbuf_wr.cpp:1351:25: Loop 'VITIS_LOOP_1351_33' is marked as complete unroll implied by the pipeline pragma
remark: prj/sol/.autopilot/db/v_frmbuf_wr.cpp:1383:25: Loop 'VITIS_LOOP_1383_35' is marked as complete unroll implied by the pipeline pragma
remark: prj/sol/.autopilot/db/v_frmbuf_wr.cpp:1387:26: Loop 'VITIS_LOOP_1387_36' is marked as complete unroll implied by the pipeline pragma
remark: prj/sol/.autopilot/db/v_frmbuf_wr.cpp:350:22: Loop 'VITIS_LOOP_350_1' is marked as complete unroll implied by the pipeline pragma
remark: prj/sol/.autopilot/db/v_frmbuf_wr.cpp:352:23: Loop 'VITIS_LOOP_352_2' is marked as complete unroll implied by the pipeline pragma
remark: prj/sol/.autopilot/db/v_frmbuf_wr.cpp:430:0: Unrolling loop 'VITIS_LOOP_514_2' (prj/sol/.autopilot/db/v_frmbuf_wr.cpp:514:23) in function 'MultiPixStream2Bytes' completely with a factor of 8
remark: prj/sol/.autopilot/db/v_frmbuf_wr.cpp:430:0: Unrolling loop 'VITIS_LOOP_518_3' (prj/sol/.autopilot/db/v_frmbuf_wr.cpp:518:24) in function 'MultiPixStream2Bytes' completely with a factor of 1
remark: prj/sol/.autopilot/db/v_frmbuf_wr.cpp:430:0: Unrolling loop 'VITIS_LOOP_518_3' (prj/sol/.autopilot/db/v_frmbuf_wr.cpp:518:24) in function 'MultiPixStream2Bytes' completely with a factor of 1
remark: prj/sol/.autopilot/db/v_frmbuf_wr.cpp:430:0: Unrolling loop 'VITIS_LOOP_518_3' (prj/sol/.autopilot/db/v_frmbuf_wr.cpp:518:24) in function 'MultiPixStream2Bytes' completely with a factor of 1
remark: prj/sol/.autopilot/db/v_frmbuf_wr.cpp:430:0: Unrolling loop 'VITIS_LOOP_518_3' (prj/sol/.autopilot/db/v_frmbuf_wr.cpp:518:24) in function 'MultiPixStream2Bytes' completely with a factor of 1
remark: prj/sol/.autopilot/db/v_frmbuf_wr.cpp:430:0: Unrolling loop 'VITIS_LOOP_518_3' (prj/sol/.autopilot/db/v_frmbuf_wr.cpp:518:24) in function 'MultiPixStream2Bytes' completely with a factor of 1
remark: prj/sol/.autopilot/db/v_frmbuf_wr.cpp:430:0: Unrolling loop 'VITIS_LOOP_518_3' (prj/sol/.autopilot/db/v_frmbuf_wr.cpp:518:24) in function 'MultiPixStream2Bytes' completely with a factor of 1
remark: prj/sol/.autopilot/db/v_frmbuf_wr.cpp:430:0: Unrolling loop 'VITIS_LOOP_518_3' (prj/sol/.autopilot/db/v_frmbuf_wr.cpp:518:24) in function 'MultiPixStream2Bytes' completely with a factor of 1
remark: prj/sol/.autopilot/db/v_frmbuf_wr.cpp:430:0: Unrolling loop 'VITIS_LOOP_518_3' (prj/sol/.autopilot/db/v_frmbuf_wr.cpp:518:24) in function 'MultiPixStream2Bytes' completely with a factor of 1
remark: prj/sol/.autopilot/db/v_frmbuf_wr.cpp:430:0: Unrolling loop 'VITIS_LOOP_608_5' (prj/sol/.autopilot/db/v_frmbuf_wr.cpp:608:23) in function 'MultiPixStream2Bytes' completely with a factor of 8
remark: prj/sol/.autopilot/db/v_frmbuf_wr.cpp:430:0: Unrolling loop 'VITIS_LOOP_615_6' (prj/sol/.autopilot/db/v_frmbuf_wr.cpp:615:24) in function 'MultiPixStream2Bytes' completely with a factor of 1
remark: prj/sol/.autopilot/db/v_frmbuf_wr.cpp:430:0: Unrolling loop 'VITIS_LOOP_615_6' (prj/sol/.autopilot/db/v_frmbuf_wr.cpp:615:24) in function 'MultiPixStream2Bytes' completely with a factor of 1
remark: prj/sol/.autopilot/db/v_frmbuf_wr.cpp:430:0: Unrolling loop 'VITIS_LOOP_615_6' (prj/sol/.autopilot/db/v_frmbuf_wr.cpp:615:24) in function 'MultiPixStream2Bytes' completely with a factor of 1
remark: prj/sol/.autopilot/db/v_frmbuf_wr.cpp:430:0: Unrolling loop 'VITIS_LOOP_615_6' (prj/sol/.autopilot/db/v_frmbuf_wr.cpp:615:24) in function 'MultiPixStream2Bytes' completely with a factor of 1
remark: prj/sol/.autopilot/db/v_frmbuf_wr.cpp:430:0: Unrolling loop 'VITIS_LOOP_615_6' (prj/sol/.autopilot/db/v_frmbuf_wr.cpp:615:24) in function 'MultiPixStream2Bytes' completely with a factor of 1
remark: prj/sol/.autopilot/db/v_frmbuf_wr.cpp:430:0: Unrolling loop 'VITIS_LOOP_615_6' (prj/sol/.autopilot/db/v_frmbuf_wr.cpp:615:24) in function 'MultiPixStream2Bytes' completely with a factor of 1
remark: prj/sol/.autopilot/db/v_frmbuf_wr.cpp:430:0: Unrolling loop 'VITIS_LOOP_615_6' (prj/sol/.autopilot/db/v_frmbuf_wr.cpp:615:24) in function 'MultiPixStream2Bytes' completely with a factor of 1
remark: prj/sol/.autopilot/db/v_frmbuf_wr.cpp:430:0: Unrolling loop 'VITIS_LOOP_615_6' (prj/sol/.autopilot/db/v_frmbuf_wr.cpp:615:24) in function 'MultiPixStream2Bytes' completely with a factor of 1
remark: prj/sol/.autopilot/db/v_frmbuf_wr.cpp:430:0: Unrolling loop 'VITIS_LOOP_700_8' (prj/sol/.autopilot/db/v_frmbuf_wr.cpp:700:23) in function 'MultiPixStream2Bytes' completely with a factor of 2
remark: prj/sol/.autopilot/db/v_frmbuf_wr.cpp:430:0: Unrolling loop 'VITIS_LOOP_704_9' (prj/sol/.autopilot/db/v_frmbuf_wr.cpp:704:24) in function 'MultiPixStream2Bytes' completely with a factor of 1
remark: prj/sol/.autopilot/db/v_frmbuf_wr.cpp:430:0: Unrolling loop 'VITIS_LOOP_706_10' (prj/sol/.autopilot/db/v_frmbuf_wr.cpp:706:26) in function 'MultiPixStream2Bytes' completely with a factor of 3
remark: prj/sol/.autopilot/db/v_frmbuf_wr.cpp:430:0: Unrolling loop 'VITIS_LOOP_704_9' (prj/sol/.autopilot/db/v_frmbuf_wr.cpp:704:24) in function 'MultiPixStream2Bytes' completely with a factor of 1
remark: prj/sol/.autopilot/db/v_frmbuf_wr.cpp:430:0: Unrolling loop 'VITIS_LOOP_706_10' (prj/sol/.autopilot/db/v_frmbuf_wr.cpp:706:26) in function 'MultiPixStream2Bytes' completely with a factor of 3
remark: prj/sol/.autopilot/db/v_frmbuf_wr.cpp:430:0: Unrolling loop 'VITIS_LOOP_742_12' (prj/sol/.autopilot/db/v_frmbuf_wr.cpp:742:24) in function 'MultiPixStream2Bytes' completely with a factor of 2
remark: prj/sol/.autopilot/db/v_frmbuf_wr.cpp:430:0: Unrolling loop 'VITIS_LOOP_746_13' (prj/sol/.autopilot/db/v_frmbuf_wr.cpp:746:25) in function 'MultiPixStream2Bytes' completely with a factor of 1
remark: prj/sol/.autopilot/db/v_frmbuf_wr.cpp:430:0: Unrolling loop 'VITIS_LOOP_746_13' (prj/sol/.autopilot/db/v_frmbuf_wr.cpp:746:25) in function 'MultiPixStream2Bytes' completely with a factor of 1
remark: prj/sol/.autopilot/db/v_frmbuf_wr.cpp:430:0: Unrolling loop 'VITIS_LOOP_824_15' (prj/sol/.autopilot/db/v_frmbuf_wr.cpp:824:24) in function 'MultiPixStream2Bytes' completely with a factor of 4
remark: prj/sol/.autopilot/db/v_frmbuf_wr.cpp:430:0: Unrolling loop 'VITIS_LOOP_828_16' (prj/sol/.autopilot/db/v_frmbuf_wr.cpp:828:25) in function 'MultiPixStream2Bytes' completely with a factor of 1
remark: prj/sol/.autopilot/db/v_frmbuf_wr.cpp:430:0: Unrolling loop 'VITIS_LOOP_830_17' (prj/sol/.autopilot/db/v_frmbuf_wr.cpp:830:26) in function 'MultiPixStream2Bytes' completely with a factor of 2
remark: prj/sol/.autopilot/db/v_frmbuf_wr.cpp:430:0: Unrolling loop 'VITIS_LOOP_828_16' (prj/sol/.autopilot/db/v_frmbuf_wr.cpp:828:25) in function 'MultiPixStream2Bytes' completely with a factor of 1
remark: prj/sol/.autopilot/db/v_frmbuf_wr.cpp:430:0: Unrolling loop 'VITIS_LOOP_830_17' (prj/sol/.autopilot/db/v_frmbuf_wr.cpp:830:26) in function 'MultiPixStream2Bytes' completely with a factor of 2
remark: prj/sol/.autopilot/db/v_frmbuf_wr.cpp:430:0: Unrolling loop 'VITIS_LOOP_828_16' (prj/sol/.autopilot/db/v_frmbuf_wr.cpp:828:25) in function 'MultiPixStream2Bytes' completely with a factor of 1
remark: prj/sol/.autopilot/db/v_frmbuf_wr.cpp:430:0: Unrolling loop 'VITIS_LOOP_830_17' (prj/sol/.autopilot/db/v_frmbuf_wr.cpp:830:26) in function 'MultiPixStream2Bytes' completely with a factor of 2
remark: prj/sol/.autopilot/db/v_frmbuf_wr.cpp:430:0: Unrolling loop 'VITIS_LOOP_828_16' (prj/sol/.autopilot/db/v_frmbuf_wr.cpp:828:25) in function 'MultiPixStream2Bytes' completely with a factor of 1
remark: prj/sol/.autopilot/db/v_frmbuf_wr.cpp:430:0: Unrolling loop 'VITIS_LOOP_830_17' (prj/sol/.autopilot/db/v_frmbuf_wr.cpp:830:26) in function 'MultiPixStream2Bytes' completely with a factor of 2
remark: prj/sol/.autopilot/db/v_frmbuf_wr.cpp:430:0: Unrolling loop 'VITIS_LOOP_866_19' (prj/sol/.autopilot/db/v_frmbuf_wr.cpp:866:24) in function 'MultiPixStream2Bytes' completely with a factor of 4
remark: prj/sol/.autopilot/db/v_frmbuf_wr.cpp:430:0: Unrolling loop 'VITIS_LOOP_870_20' (prj/sol/.autopilot/db/v_frmbuf_wr.cpp:870:25) in function 'MultiPixStream2Bytes' completely with a factor of 1
remark: prj/sol/.autopilot/db/v_frmbuf_wr.cpp:430:0: Unrolling loop 'VITIS_LOOP_870_20' (prj/sol/.autopilot/db/v_frmbuf_wr.cpp:870:25) in function 'MultiPixStream2Bytes' completely with a factor of 1
remark: prj/sol/.autopilot/db/v_frmbuf_wr.cpp:430:0: Unrolling loop 'VITIS_LOOP_870_20' (prj/sol/.autopilot/db/v_frmbuf_wr.cpp:870:25) in function 'MultiPixStream2Bytes' completely with a factor of 1
remark: prj/sol/.autopilot/db/v_frmbuf_wr.cpp:430:0: Unrolling loop 'VITIS_LOOP_870_20' (prj/sol/.autopilot/db/v_frmbuf_wr.cpp:870:25) in function 'MultiPixStream2Bytes' completely with a factor of 1
remark: prj/sol/.autopilot/db/v_frmbuf_wr.cpp:430:0: Unrolling loop 'VITIS_LOOP_907_22' (prj/sol/.autopilot/db/v_frmbuf_wr.cpp:907:24) in function 'MultiPixStream2Bytes' completely with a factor of 8
remark: prj/sol/.autopilot/db/v_frmbuf_wr.cpp:430:0: Unrolling loop 'VITIS_LOOP_911_23' (prj/sol/.autopilot/db/v_frmbuf_wr.cpp:911:25) in function 'MultiPixStream2Bytes' completely with a factor of 1
remark: prj/sol/.autopilot/db/v_frmbuf_wr.cpp:430:0: Unrolling loop 'VITIS_LOOP_911_23' (prj/sol/.autopilot/db/v_frmbuf_wr.cpp:911:25) in function 'MultiPixStream2Bytes' completely with a factor of 1
remark: prj/sol/.autopilot/db/v_frmbuf_wr.cpp:430:0: Unrolling loop 'VITIS_LOOP_911_23' (prj/sol/.autopilot/db/v_frmbuf_wr.cpp:911:25) in function 'MultiPixStream2Bytes' completely with a factor of 1
remark: prj/sol/.autopilot/db/v_frmbuf_wr.cpp:430:0: Unrolling loop 'VITIS_LOOP_911_23' (prj/sol/.autopilot/db/v_frmbuf_wr.cpp:911:25) in function 'MultiPixStream2Bytes' completely with a factor of 1
remark: prj/sol/.autopilot/db/v_frmbuf_wr.cpp:430:0: Unrolling loop 'VITIS_LOOP_911_23' (prj/sol/.autopilot/db/v_frmbuf_wr.cpp:911:25) in function 'MultiPixStream2Bytes' completely with a factor of 1
remark: prj/sol/.autopilot/db/v_frmbuf_wr.cpp:430:0: Unrolling loop 'VITIS_LOOP_911_23' (prj/sol/.autopilot/db/v_frmbuf_wr.cpp:911:25) in function 'MultiPixStream2Bytes' completely with a factor of 1
remark: prj/sol/.autopilot/db/v_frmbuf_wr.cpp:430:0: Unrolling loop 'VITIS_LOOP_911_23' (prj/sol/.autopilot/db/v_frmbuf_wr.cpp:911:25) in function 'MultiPixStream2Bytes' completely with a factor of 1
remark: prj/sol/.autopilot/db/v_frmbuf_wr.cpp:430:0: Unrolling loop 'VITIS_LOOP_911_23' (prj/sol/.autopilot/db/v_frmbuf_wr.cpp:911:25) in function 'MultiPixStream2Bytes' completely with a factor of 1
remark: prj/sol/.autopilot/db/v_frmbuf_wr.cpp:430:0: Unrolling loop 'VITIS_LOOP_1093_25' (prj/sol/.autopilot/db/v_frmbuf_wr.cpp:1093:25) in function 'MultiPixStream2Bytes' completely with a factor of 8
remark: prj/sol/.autopilot/db/v_frmbuf_wr.cpp:430:0: Unrolling loop 'VITIS_LOOP_1097_26' (prj/sol/.autopilot/db/v_frmbuf_wr.cpp:1097:26) in function 'MultiPixStream2Bytes' completely with a factor of 1
remark: prj/sol/.autopilot/db/v_frmbuf_wr.cpp:430:0: Unrolling loop 'VITIS_LOOP_1099_27' (prj/sol/.autopilot/db/v_frmbuf_wr.cpp:1099:27) in function 'MultiPixStream2Bytes' completely with a factor of 3
remark: prj/sol/.autopilot/db/v_frmbuf_wr.cpp:430:0: Unrolling loop 'VITIS_LOOP_1097_26' (prj/sol/.autopilot/db/v_frmbuf_wr.cpp:1097:26) in function 'MultiPixStream2Bytes' completely with a factor of 1
remark: prj/sol/.autopilot/db/v_frmbuf_wr.cpp:430:0: Unrolling loop 'VITIS_LOOP_1099_27' (prj/sol/.autopilot/db/v_frmbuf_wr.cpp:1099:27) in function 'MultiPixStream2Bytes' completely with a factor of 3
remark: prj/sol/.autopilot/db/v_frmbuf_wr.cpp:430:0: Unrolling loop 'VITIS_LOOP_1097_26' (prj/sol/.autopilot/db/v_frmbuf_wr.cpp:1097:26) in function 'MultiPixStream2Bytes' completely with a factor of 1
remark: prj/sol/.autopilot/db/v_frmbuf_wr.cpp:430:0: Unrolling loop 'VITIS_LOOP_1099_27' (prj/sol/.autopilot/db/v_frmbuf_wr.cpp:1099:27) in function 'MultiPixStream2Bytes' completely with a factor of 3
remark: prj/sol/.autopilot/db/v_frmbuf_wr.cpp:430:0: Unrolling loop 'VITIS_LOOP_1097_26' (prj/sol/.autopilot/db/v_frmbuf_wr.cpp:1097:26) in function 'MultiPixStream2Bytes' completely with a factor of 1
remark: prj/sol/.autopilot/db/v_frmbuf_wr.cpp:430:0: Unrolling loop 'VITIS_LOOP_1099_27' (prj/sol/.autopilot/db/v_frmbuf_wr.cpp:1099:27) in function 'MultiPixStream2Bytes' completely with a factor of 3
remark: prj/sol/.autopilot/db/v_frmbuf_wr.cpp:430:0: Unrolling loop 'VITIS_LOOP_1097_26' (prj/sol/.autopilot/db/v_frmbuf_wr.cpp:1097:26) in function 'MultiPixStream2Bytes' completely with a factor of 1
remark: prj/sol/.autopilot/db/v_frmbuf_wr.cpp:430:0: Unrolling loop 'VITIS_LOOP_1099_27' (prj/sol/.autopilot/db/v_frmbuf_wr.cpp:1099:27) in function 'MultiPixStream2Bytes' completely with a factor of 3
remark: prj/sol/.autopilot/db/v_frmbuf_wr.cpp:430:0: Unrolling loop 'VITIS_LOOP_1097_26' (prj/sol/.autopilot/db/v_frmbuf_wr.cpp:1097:26) in function 'MultiPixStream2Bytes' completely with a factor of 1
remark: prj/sol/.autopilot/db/v_frmbuf_wr.cpp:430:0: Unrolling loop 'VITIS_LOOP_1099_27' (prj/sol/.autopilot/db/v_frmbuf_wr.cpp:1099:27) in function 'MultiPixStream2Bytes' completely with a factor of 3
remark: prj/sol/.autopilot/db/v_frmbuf_wr.cpp:430:0: Unrolling loop 'VITIS_LOOP_1097_26' (prj/sol/.autopilot/db/v_frmbuf_wr.cpp:1097:26) in function 'MultiPixStream2Bytes' completely with a factor of 1
remark: prj/sol/.autopilot/db/v_frmbuf_wr.cpp:430:0: Unrolling loop 'VITIS_LOOP_1099_27' (prj/sol/.autopilot/db/v_frmbuf_wr.cpp:1099:27) in function 'MultiPixStream2Bytes' completely with a factor of 3
remark: prj/sol/.autopilot/db/v_frmbuf_wr.cpp:430:0: Unrolling loop 'VITIS_LOOP_1097_26' (prj/sol/.autopilot/db/v_frmbuf_wr.cpp:1097:26) in function 'MultiPixStream2Bytes' completely with a factor of 1
remark: prj/sol/.autopilot/db/v_frmbuf_wr.cpp:430:0: Unrolling loop 'VITIS_LOOP_1099_27' (prj/sol/.autopilot/db/v_frmbuf_wr.cpp:1099:27) in function 'MultiPixStream2Bytes' completely with a factor of 3
remark: prj/sol/.autopilot/db/v_frmbuf_wr.cpp:430:0: Unrolling loop 'VITIS_LOOP_1108_28' (prj/sol/.autopilot/db/v_frmbuf_wr.cpp:1108:25) in function 'MultiPixStream2Bytes' completely with a factor of 3
remark: prj/sol/.autopilot/db/v_frmbuf_wr.cpp:430:0: Unrolling loop 'VITIS_LOOP_1336_30' (prj/sol/.autopilot/db/v_frmbuf_wr.cpp:1336:25) in function 'MultiPixStream2Bytes' completely with a factor of 8
remark: prj/sol/.autopilot/db/v_frmbuf_wr.cpp:430:0: Unrolling loop 'VITIS_LOOP_1340_31' (prj/sol/.autopilot/db/v_frmbuf_wr.cpp:1340:26) in function 'MultiPixStream2Bytes' completely with a factor of 1
remark: prj/sol/.autopilot/db/v_frmbuf_wr.cpp:430:0: Unrolling loop 'VITIS_LOOP_1342_32' (prj/sol/.autopilot/db/v_frmbuf_wr.cpp:1342:27) in function 'MultiPixStream2Bytes' completely with a factor of 3
remark: prj/sol/.autopilot/db/v_frmbuf_wr.cpp:430:0: Unrolling loop 'VITIS_LOOP_1340_31' (prj/sol/.autopilot/db/v_frmbuf_wr.cpp:1340:26) in function 'MultiPixStream2Bytes' completely with a factor of 1
remark: prj/sol/.autopilot/db/v_frmbuf_wr.cpp:430:0: Unrolling loop 'VITIS_LOOP_1342_32' (prj/sol/.autopilot/db/v_frmbuf_wr.cpp:1342:27) in function 'MultiPixStream2Bytes' completely with a factor of 3
remark: prj/sol/.autopilot/db/v_frmbuf_wr.cpp:430:0: Unrolling loop 'VITIS_LOOP_1340_31' (prj/sol/.autopilot/db/v_frmbuf_wr.cpp:1340:26) in function 'MultiPixStream2Bytes' completely with a factor of 1
remark: prj/sol/.autopilot/db/v_frmbuf_wr.cpp:430:0: Unrolling loop 'VITIS_LOOP_1342_32' (prj/sol/.autopilot/db/v_frmbuf_wr.cpp:1342:27) in function 'MultiPixStream2Bytes' completely with a factor of 3
remark: prj/sol/.autopilot/db/v_frmbuf_wr.cpp:430:0: Unrolling loop 'VITIS_LOOP_1340_31' (prj/sol/.autopilot/db/v_frmbuf_wr.cpp:1340:26) in function 'MultiPixStream2Bytes' completely with a factor of 1
remark: prj/sol/.autopilot/db/v_frmbuf_wr.cpp:430:0: Unrolling loop 'VITIS_LOOP_1342_32' (prj/sol/.autopilot/db/v_frmbuf_wr.cpp:1342:27) in function 'MultiPixStream2Bytes' completely with a factor of 3
remark: prj/sol/.autopilot/db/v_frmbuf_wr.cpp:430:0: Unrolling loop 'VITIS_LOOP_1340_31' (prj/sol/.autopilot/db/v_frmbuf_wr.cpp:1340:26) in function 'MultiPixStream2Bytes' completely with a factor of 1
remark: prj/sol/.autopilot/db/v_frmbuf_wr.cpp:430:0: Unrolling loop 'VITIS_LOOP_1342_32' (prj/sol/.autopilot/db/v_frmbuf_wr.cpp:1342:27) in function 'MultiPixStream2Bytes' completely with a factor of 3
remark: prj/sol/.autopilot/db/v_frmbuf_wr.cpp:430:0: Unrolling loop 'VITIS_LOOP_1340_31' (prj/sol/.autopilot/db/v_frmbuf_wr.cpp:1340:26) in function 'MultiPixStream2Bytes' completely with a factor of 1
remark: prj/sol/.autopilot/db/v_frmbuf_wr.cpp:430:0: Unrolling loop 'VITIS_LOOP_1342_32' (prj/sol/.autopilot/db/v_frmbuf_wr.cpp:1342:27) in function 'MultiPixStream2Bytes' completely with a factor of 3
remark: prj/sol/.autopilot/db/v_frmbuf_wr.cpp:430:0: Unrolling loop 'VITIS_LOOP_1340_31' (prj/sol/.autopilot/db/v_frmbuf_wr.cpp:1340:26) in function 'MultiPixStream2Bytes' completely with a factor of 1
remark: prj/sol/.autopilot/db/v_frmbuf_wr.cpp:430:0: Unrolling loop 'VITIS_LOOP_1342_32' (prj/sol/.autopilot/db/v_frmbuf_wr.cpp:1342:27) in function 'MultiPixStream2Bytes' completely with a factor of 3
remark: prj/sol/.autopilot/db/v_frmbuf_wr.cpp:430:0: Unrolling loop 'VITIS_LOOP_1340_31' (prj/sol/.autopilot/db/v_frmbuf_wr.cpp:1340:26) in function 'MultiPixStream2Bytes' completely with a factor of 1
remark: prj/sol/.autopilot/db/v_frmbuf_wr.cpp:430:0: Unrolling loop 'VITIS_LOOP_1342_32' (prj/sol/.autopilot/db/v_frmbuf_wr.cpp:1342:27) in function 'MultiPixStream2Bytes' completely with a factor of 3
remark: prj/sol/.autopilot/db/v_frmbuf_wr.cpp:430:0: Unrolling loop 'VITIS_LOOP_1351_33' (prj/sol/.autopilot/db/v_frmbuf_wr.cpp:1351:25) in function 'MultiPixStream2Bytes' completely with a factor of 3
remark: prj/sol/.autopilot/db/v_frmbuf_wr.cpp:430:0: Unrolling loop 'VITIS_LOOP_1383_35' (prj/sol/.autopilot/db/v_frmbuf_wr.cpp:1383:25) in function 'MultiPixStream2Bytes' completely with a factor of 8
remark: prj/sol/.autopilot/db/v_frmbuf_wr.cpp:430:0: Unrolling loop 'VITIS_LOOP_1387_36' (prj/sol/.autopilot/db/v_frmbuf_wr.cpp:1387:26) in function 'MultiPixStream2Bytes' completely with a factor of 1
remark: prj/sol/.autopilot/db/v_frmbuf_wr.cpp:430:0: Unrolling loop 'VITIS_LOOP_1387_36' (prj/sol/.autopilot/db/v_frmbuf_wr.cpp:1387:26) in function 'MultiPixStream2Bytes' completely with a factor of 1
remark: prj/sol/.autopilot/db/v_frmbuf_wr.cpp:430:0: Unrolling loop 'VITIS_LOOP_1387_36' (prj/sol/.autopilot/db/v_frmbuf_wr.cpp:1387:26) in function 'MultiPixStream2Bytes' completely with a factor of 1
remark: prj/sol/.autopilot/db/v_frmbuf_wr.cpp:430:0: Unrolling loop 'VITIS_LOOP_1387_36' (prj/sol/.autopilot/db/v_frmbuf_wr.cpp:1387:26) in function 'MultiPixStream2Bytes' completely with a factor of 1
remark: prj/sol/.autopilot/db/v_frmbuf_wr.cpp:430:0: Unrolling loop 'VITIS_LOOP_1387_36' (prj/sol/.autopilot/db/v_frmbuf_wr.cpp:1387:26) in function 'MultiPixStream2Bytes' completely with a factor of 1
remark: prj/sol/.autopilot/db/v_frmbuf_wr.cpp:430:0: Unrolling loop 'VITIS_LOOP_1387_36' (prj/sol/.autopilot/db/v_frmbuf_wr.cpp:1387:26) in function 'MultiPixStream2Bytes' completely with a factor of 1
remark: prj/sol/.autopilot/db/v_frmbuf_wr.cpp:430:0: Unrolling loop 'VITIS_LOOP_1387_36' (prj/sol/.autopilot/db/v_frmbuf_wr.cpp:1387:26) in function 'MultiPixStream2Bytes' completely with a factor of 1
remark: prj/sol/.autopilot/db/v_frmbuf_wr.cpp:430:0: Unrolling loop 'VITIS_LOOP_1387_36' (prj/sol/.autopilot/db/v_frmbuf_wr.cpp:1387:26) in function 'MultiPixStream2Bytes' completely with a factor of 1
remark: prj/sol/.autopilot/db/v_frmbuf_wr.cpp:290:0: Unrolling loop 'VITIS_LOOP_350_1' (prj/sol/.autopilot/db/v_frmbuf_wr.cpp:350:22) in function 'AXIvideo2MultiPixStream' completely with a factor of 1
remark: prj/sol/.autopilot/db/v_frmbuf_wr.cpp:290:0: Unrolling loop 'VITIS_LOOP_352_2' (prj/sol/.autopilot/db/v_frmbuf_wr.cpp:352:23) in function 'AXIvideo2MultiPixStream' completely with a factor of 3
remark: prj/sol/.autopilot/db/v_frmbuf_wr.cpp:299:13: unsigned short reg<unsigned short>(unsigned short) not inlined into AXIvideo2MultiPixStream(hls::stream<hls::axis<ap_uint<24>, 1ul, 1ul, 1ul, (unsigned char)56, false>, 0>&, hls::stream<hls::Scalar<3, ap_uint<8> >, 0>&, unsigned short&, unsigned short&, unsigned char&) because it should never be inlined (cost=never)
remark: prj/sol/.autopilot/db/v_frmbuf_wr.cpp:126:2: AXIvideo2MultiPixStream(hls::stream<hls::axis<ap_uint<24>, 1ul, 1ul, 1ul, (unsigned char)56, false>, 0>&, hls::stream<hls::Scalar<3, ap_uint<8> >, 0>&, unsigned short&, unsigned short&, unsigned char&) not inlined into FrmbufWrHlsDataFlow(hls::stream<hls::axis<ap_uint<24>, 1ul, 1ul, 1ul, (unsigned char)56, false>, 0>&, HW_STRUCT_REG&, unsigned short&, unsigned char&, unsigned short&, unsigned short&, unsigned short&, unsigned short&) because it should never be inlined (cost=never)
remark: prj/sol/.autopilot/db/v_frmbuf_wr.cpp:139:2: MultiPixStream2Bytes(hls::stream<hls::Scalar<3, ap_uint<8> >, 0>&, STREAM_PLANES&, unsigned short&, unsigned short&, unsigned short&, unsigned short&) not inlined into FrmbufWrHlsDataFlow(hls::stream<hls::axis<ap_uint<24>, 1ul, 1ul, 1ul, (unsigned char)56, false>, 0>&, HW_STRUCT_REG&, unsigned short&, unsigned char&, unsigned short&, unsigned short&, unsigned short&, unsigned short&) because it should never be inlined (cost=never)
remark: prj/sol/.autopilot/db/v_frmbuf_wr.cpp:141:2: Bytes2AXIMMvideo(STREAM_PLANES&, ap_uint<64>*&, ap_uint<64>*&, ap_uint<64>*&, unsigned short&, unsigned short&, unsigned short&, unsigned short&) not inlined into FrmbufWrHlsDataFlow(hls::stream<hls::axis<ap_uint<24>, 1ul, 1ul, 1ul, (unsigned char)56, false>, 0>&, HW_STRUCT_REG&, unsigned short&, unsigned char&, unsigned short&, unsigned short&, unsigned short&, unsigned short&) because it should never be inlined (cost=never)
remark: prj/sol/.autopilot/db/v_frmbuf_wr.cpp:257:2: FrmbufWrHlsDataFlow(hls::stream<hls::axis<ap_uint<24>, 1ul, 1ul, 1ul, (unsigned char)56, false>, 0>&, HW_STRUCT_REG&, unsigned short&, unsigned char&, unsigned short&, unsigned short&, unsigned short&, unsigned short&) not inlined into v_frmbuf_wr(unsigned short, unsigned short, unsigned short, unsigned short, ap_uint<64>*, ap_uint<64>*, ap_uint<64>*, hls::stream<hls::axis<ap_uint<24>, 1ul, 1ul, 1ul, (unsigned char)56, false>, 0>&) because it should never be inlined (cost=never)
remark: <unknown>:0:0: v_frmbuf_wr(unsigned short, unsigned short, unsigned short, unsigned short, ap_uint<64>*, ap_uint<64>*, ap_uint<64>*, hls::stream<hls::axis<ap_uint<24>, 1ul, 1ul, 1ul, (unsigned char)56, false>, 0>&) not inlined into apatb_v_frmbuf_wr_ir because it should never be inlined (cost=never)
warning: prj/sol/.autopilot/db/v_frmbuf_wr.cpp:98:0: Skipping array undecay on variable length array 'HwReg_frm_buffer'.
warning: prj/sol/.autopilot/db/v_frmbuf_wr.cpp:98:0: Skipping array undecay on variable length array 'HwReg_frm_buffer2'.
warning: prj/sol/.autopilot/db/v_frmbuf_wr.cpp:98:0: Skipping array undecay on variable length array 'HwReg_frm_buffer3'.
remark: prj/sol/.autopilot/db/v_frmbuf_wr.cpp:431:18: Applying array_partition to 'pix': Complete partitioning on dimension 1.
remark: prj/sol/.autopilot/db/v_frmbuf_wr.cpp:100:18: Aggregating fifo (hls::stream) variable 'img' with compact=bit mode in 24-bits
remark: prj/sol/.autopilot/db/v_frmbuf_wr.cpp:310:2: Could not analyze the loop bounds _XLX_SEP_ loop_wait_for_start prj/sol/.autopilot/db/v_frmbuf_wr.cpp:310:2 AXIvideo2MultiPixStream(hls::stream<hls::axis<ap_uint<24>, 1ul, 1ul, 1ul, (unsigned char)56, false>, 0>&, hls::stream<hls::Scalar<3, ap_uint<8> >, 0>&, unsigned short&, unsigned short&, unsigned char&) 
remark: prj/sol/.autopilot/db/v_frmbuf_wr.cpp:407:3: Could not analyze the loop bounds _XLX_SEP_ loop_wait_for_eol prj/sol/.autopilot/db/v_frmbuf_wr.cpp:407:3 AXIvideo2MultiPixStream(hls::stream<hls::axis<ap_uint<24>, 1ul, 1ul, 1ul, (unsigned char)56, false>, 0>&, hls::stream<hls::Scalar<3, ap_uint<8> >, 0>&, unsigned short&, unsigned short&, unsigned char&) 
remark: prj/sol/.autopilot/db/v_frmbuf_wr.cpp:1748:23: Sequential write of variable length has been inferred _XLX_SEP_ scevgepseqdstImg mm_video VITIS_LOOP_1748_7 prj/sol/.autopilot/db/v_frmbuf_wr.cpp:1748:23 Bytes2AXIMMvideo(STREAM_PLANES&, ap_uint<64>*&, ap_uint<64>*&, ap_uint<64>*&, unsigned short&, unsigned short&, unsigned short&, unsigned short&)  _XLX_SEP_ storewritefor.inc129.store.7
remark: prj/sol/.autopilot/db/v_frmbuf_wr.cpp:1758:24: Sequential write of variable length has been inferred _XLX_SEP_ scevgep9seqdstImg2 mm_video VITIS_LOOP_1758_8 prj/sol/.autopilot/db/v_frmbuf_wr.cpp:1758:24 Bytes2AXIMMvideo(STREAM_PLANES&, ap_uint<64>*&, ap_uint<64>*&, ap_uint<64>*&, unsigned short&, unsigned short&, unsigned short&, unsigned short&)  _XLX_SEP_ storewritefor.inc204.store.7
remark: prj/sol/.autopilot/db/v_frmbuf_wr.cpp:1652:23: Sequential write of variable length has been inferred _XLX_SEP_ scevgep10seqdstImg mm_video VITIS_LOOP_1652_1 prj/sol/.autopilot/db/v_frmbuf_wr.cpp:1652:23 Bytes2AXIMMvideo(STREAM_PLANES&, ap_uint<64>*&, ap_uint<64>*&, ap_uint<64>*&, unsigned short&, unsigned short&, unsigned short&, unsigned short&)  _XLX_SEP_ storewritefor.inc.store.7
remark: prj/sol/.autopilot/db/v_frmbuf_wr.cpp:1658:23: Sequential write of variable length has been inferred _XLX_SEP_ scevgep11seqdstImg2 mm_video VITIS_LOOP_1658_2 prj/sol/.autopilot/db/v_frmbuf_wr.cpp:1658:23 Bytes2AXIMMvideo(STREAM_PLANES&, ap_uint<64>*&, ap_uint<64>*&, ap_uint<64>*&, unsigned short&, unsigned short&, unsigned short&, unsigned short&)  _XLX_SEP_ storewritefor.inc22.store.7
remark: prj/sol/.autopilot/db/v_frmbuf_wr.cpp:1664:23: Sequential write of variable length has been inferred _XLX_SEP_ scevgep12seqdstImg3 mm_video VITIS_LOOP_1664_3 prj/sol/.autopilot/db/v_frmbuf_wr.cpp:1664:23 Bytes2AXIMMvideo(STREAM_PLANES&, ap_uint<64>*&, ap_uint<64>*&, ap_uint<64>*&, unsigned short&, unsigned short&, unsigned short&, unsigned short&)  _XLX_SEP_ storewritefor.inc33.store.7
remark: prj/sol/.autopilot/db/v_frmbuf_wr.cpp:1699:23: Sequential write of variable length has been inferred _XLX_SEP_ scevgep13seqdstImg mm_video VITIS_LOOP_1699_4 prj/sol/.autopilot/db/v_frmbuf_wr.cpp:1699:23 Bytes2AXIMMvideo(STREAM_PLANES&, ap_uint<64>*&, ap_uint<64>*&, ap_uint<64>*&, unsigned short&, unsigned short&, unsigned short&, unsigned short&)  _XLX_SEP_ storewritefor.inc66.store.7
remark: prj/sol/.autopilot/db/v_frmbuf_wr.cpp:1709:24: Sequential write of variable length has been inferred _XLX_SEP_ scevgep14seqdstImg2 mm_video VITIS_LOOP_1709_5 prj/sol/.autopilot/db/v_frmbuf_wr.cpp:1709:24 Bytes2AXIMMvideo(STREAM_PLANES&, ap_uint<64>*&, ap_uint<64>*&, ap_uint<64>*&, unsigned short&, unsigned short&, unsigned short&, unsigned short&)  _XLX_SEP_ storewritefor.inc84.store.7
remark: prj/sol/.autopilot/db/v_frmbuf_wr.cpp:1715:24: Sequential write of variable length has been inferred _XLX_SEP_ scevgep15seqdstImg3 mm_video VITIS_LOOP_1715_6 prj/sol/.autopilot/db/v_frmbuf_wr.cpp:1715:24 Bytes2AXIMMvideo(STREAM_PLANES&, ap_uint<64>*&, ap_uint<64>*&, ap_uint<64>*&, unsigned short&, unsigned short&, unsigned short&, unsigned short&)  _XLX_SEP_ storewritefor.inc98.store.7
remark: prj/sol/.autopilot/db/v_frmbuf_wr.cpp:1748:23: Stride is incompatible _XLX_SEP_ callwritescevgepseqdstImg mm_video loop_Bytes2AXIMMvideo_2planes prj/sol/.autopilot/db/v_frmbuf_wr.cpp:1743:3 Bytes2AXIMMvideo(STREAM_PLANES&, ap_uint<64>*&, ap_uint<64>*&, ap_uint<64>*&, unsigned short&, unsigned short&, unsigned short&, unsigned short&) 
remark: prj/sol/.autopilot/db/v_frmbuf_wr.cpp:1758:24: Access call is in the conditional branch _XLX_SEP_ callwritescevgep9seqdstImg2 mm_video loop_Bytes2AXIMMvideo_2planes prj/sol/.autopilot/db/v_frmbuf_wr.cpp:1743:3 Bytes2AXIMMvideo(STREAM_PLANES&, ap_uint<64>*&, ap_uint<64>*&, ap_uint<64>*&, unsigned short&, unsigned short&, unsigned short&, unsigned short&) 
remark: prj/sol/.autopilot/db/v_frmbuf_wr.cpp:1652:23: Stride is incompatible _XLX_SEP_ callwritescevgep10seqdstImg mm_video loop_Bytes2AXIMMvideo_Y_U_V_planes prj/sol/.autopilot/db/v_frmbuf_wr.cpp:1647:3 Bytes2AXIMMvideo(STREAM_PLANES&, ap_uint<64>*&, ap_uint<64>*&, ap_uint<64>*&, unsigned short&, unsigned short&, unsigned short&, unsigned short&) 
remark: prj/sol/.autopilot/db/v_frmbuf_wr.cpp:1658:23: Stride is incompatible _XLX_SEP_ callwritescevgep11seqdstImg2 mm_video loop_Bytes2AXIMMvideo_Y_U_V_planes prj/sol/.autopilot/db/v_frmbuf_wr.cpp:1647:3 Bytes2AXIMMvideo(STREAM_PLANES&, ap_uint<64>*&, ap_uint<64>*&, ap_uint<64>*&, unsigned short&, unsigned short&, unsigned short&, unsigned short&) 
remark: prj/sol/.autopilot/db/v_frmbuf_wr.cpp:1664:23: Stride is incompatible _XLX_SEP_ callwritescevgep12seqdstImg3 mm_video loop_Bytes2AXIMMvideo_Y_U_V_planes prj/sol/.autopilot/db/v_frmbuf_wr.cpp:1647:3 Bytes2AXIMMvideo(STREAM_PLANES&, ap_uint<64>*&, ap_uint<64>*&, ap_uint<64>*&, unsigned short&, unsigned short&, unsigned short&, unsigned short&) 
remark: prj/sol/.autopilot/db/v_frmbuf_wr.cpp:1699:23: Stride is incompatible _XLX_SEP_ callwritescevgep13seqdstImg mm_video loop_Bytes2AXIMMvideo_Y_U_V8_420_planes prj/sol/.autopilot/db/v_frmbuf_wr.cpp:1694:3 Bytes2AXIMMvideo(STREAM_PLANES&, ap_uint<64>*&, ap_uint<64>*&, ap_uint<64>*&, unsigned short&, unsigned short&, unsigned short&, unsigned short&) 
remark: prj/sol/.autopilot/db/v_frmbuf_wr.cpp:1709:24: Could not analyze pattern _XLX_SEP_ callwritescevgep14seqdstImg2 mm_video loop_Bytes2AXIMMvideo_Y_U_V8_420_planes prj/sol/.autopilot/db/v_frmbuf_wr.cpp:1694:3 Bytes2AXIMMvideo(STREAM_PLANES&, ap_uint<64>*&, ap_uint<64>*&, ap_uint<64>*&, unsigned short&, unsigned short&, unsigned short&, unsigned short&) 
remark: prj/sol/.autopilot/db/v_frmbuf_wr.cpp:1715:24: Could not analyze pattern _XLX_SEP_ callwritescevgep15seqdstImg3 mm_video loop_Bytes2AXIMMvideo_Y_U_V8_420_planes prj/sol/.autopilot/db/v_frmbuf_wr.cpp:1694:3 Bytes2AXIMMvideo(STREAM_PLANES&, ap_uint<64>*&, ap_uint<64>*&, ap_uint<64>*&, unsigned short&, unsigned short&, unsigned short&, unsigned short&) 
remark: prj/sol/.autopilot/db/v_frmbuf_wr.cpp:1758:24: Could not widen since type i64 size is greater than or equal to the max_widen_bitwidth threshold of 0 _XLX_SEP_ callwritescevgep9seqdstImg2 mm_video VITIS_LOOP_1758_8 prj/sol/.autopilot/db/v_frmbuf_wr.cpp:1758:24 Bytes2AXIMMvideo(STREAM_PLANES&, ap_uint<64>*&, ap_uint<64>*&, ap_uint<64>*&, unsigned short&, unsigned short&, unsigned short&, unsigned short&) 
remark: prj/sol/.autopilot/db/v_frmbuf_wr.cpp:1748:23: Could not widen since type i64 size is greater than or equal to the max_widen_bitwidth threshold of 0 _XLX_SEP_ callwritescevgepseqdstImg mm_video VITIS_LOOP_1748_7 prj/sol/.autopilot/db/v_frmbuf_wr.cpp:1748:23 Bytes2AXIMMvideo(STREAM_PLANES&, ap_uint<64>*&, ap_uint<64>*&, ap_uint<64>*&, unsigned short&, unsigned short&, unsigned short&, unsigned short&) 
remark: prj/sol/.autopilot/db/v_frmbuf_wr.cpp:1664:23: Could not widen since type i64 size is greater than or equal to the max_widen_bitwidth threshold of 0 _XLX_SEP_ callwritescevgep12seqdstImg3 mm_video VITIS_LOOP_1664_3 prj/sol/.autopilot/db/v_frmbuf_wr.cpp:1664:23 Bytes2AXIMMvideo(STREAM_PLANES&, ap_uint<64>*&, ap_uint<64>*&, ap_uint<64>*&, unsigned short&, unsigned short&, unsigned short&, unsigned short&) 
remark: prj/sol/.autopilot/db/v_frmbuf_wr.cpp:1658:23: Could not widen since type i64 size is greater than or equal to the max_widen_bitwidth threshold of 0 _XLX_SEP_ callwritescevgep11seqdstImg2 mm_video VITIS_LOOP_1658_2 prj/sol/.autopilot/db/v_frmbuf_wr.cpp:1658:23 Bytes2AXIMMvideo(STREAM_PLANES&, ap_uint<64>*&, ap_uint<64>*&, ap_uint<64>*&, unsigned short&, unsigned short&, unsigned short&, unsigned short&) 
remark: prj/sol/.autopilot/db/v_frmbuf_wr.cpp:1652:23: Could not widen since type i64 size is greater than or equal to the max_widen_bitwidth threshold of 0 _XLX_SEP_ callwritescevgep10seqdstImg mm_video VITIS_LOOP_1652_1 prj/sol/.autopilot/db/v_frmbuf_wr.cpp:1652:23 Bytes2AXIMMvideo(STREAM_PLANES&, ap_uint<64>*&, ap_uint<64>*&, ap_uint<64>*&, unsigned short&, unsigned short&, unsigned short&, unsigned short&) 
remark: prj/sol/.autopilot/db/v_frmbuf_wr.cpp:1715:24: Could not widen since type i64 size is greater than or equal to the max_widen_bitwidth threshold of 0 _XLX_SEP_ callwritescevgep15seqdstImg3 mm_video VITIS_LOOP_1715_6 prj/sol/.autopilot/db/v_frmbuf_wr.cpp:1715:24 Bytes2AXIMMvideo(STREAM_PLANES&, ap_uint<64>*&, ap_uint<64>*&, ap_uint<64>*&, unsigned short&, unsigned short&, unsigned short&, unsigned short&) 
remark: prj/sol/.autopilot/db/v_frmbuf_wr.cpp:1709:24: Could not widen since type i64 size is greater than or equal to the max_widen_bitwidth threshold of 0 _XLX_SEP_ callwritescevgep14seqdstImg2 mm_video VITIS_LOOP_1709_5 prj/sol/.autopilot/db/v_frmbuf_wr.cpp:1709:24 Bytes2AXIMMvideo(STREAM_PLANES&, ap_uint<64>*&, ap_uint<64>*&, ap_uint<64>*&, unsigned short&, unsigned short&, unsigned short&, unsigned short&) 
remark: prj/sol/.autopilot/db/v_frmbuf_wr.cpp:1699:23: Could not widen since type i64 size is greater than or equal to the max_widen_bitwidth threshold of 0 _XLX_SEP_ callwritescevgep13seqdstImg mm_video VITIS_LOOP_1699_4 prj/sol/.autopilot/db/v_frmbuf_wr.cpp:1699:23 Bytes2AXIMMvideo(STREAM_PLANES&, ap_uint<64>*&, ap_uint<64>*&, ap_uint<64>*&, unsigned short&, unsigned short&, unsigned short&, unsigned short&) 
warning: prj/sol/.autopilot/db/v_frmbuf_wr.cpp:407:3: Could not analyze occurrence information within 'loop_wait_for_eol'(prj/sol/.autopilot/db/v_frmbuf_wr.cpp:407:3) . Requires loop in simplify form and with single exit.
warning: prj/sol/.autopilot/db/v_frmbuf_wr.cpp:310:2: Could not analyze occurrence information within 'loop_wait_for_start'(prj/sol/.autopilot/db/v_frmbuf_wr.cpp:310:2) . Requires loop in simplify form and with single exit.
warning: prj/sol/.autopilot/db/v_frmbuf_wr.cpp:517:16: Could not analyze occurrence information for 'if.then21' living in 'VITIS_LOOP_511_1'(prj/sol/.autopilot/db/v_frmbuf_wr.cpp:511:22) .
warning: prj/sol/.autopilot/db/v_frmbuf_wr.cpp:517:16: Could not analyze occurrence information for 'if.then21.1' living in 'VITIS_LOOP_511_1'(prj/sol/.autopilot/db/v_frmbuf_wr.cpp:511:22) .
warning: prj/sol/.autopilot/db/v_frmbuf_wr.cpp:517:16: Could not analyze occurrence information for 'if.then21.2' living in 'VITIS_LOOP_511_1'(prj/sol/.autopilot/db/v_frmbuf_wr.cpp:511:22) .
warning: prj/sol/.autopilot/db/v_frmbuf_wr.cpp:517:16: Could not analyze occurrence information for 'if.then21.3' living in 'VITIS_LOOP_511_1'(prj/sol/.autopilot/db/v_frmbuf_wr.cpp:511:22) .
warning: prj/sol/.autopilot/db/v_frmbuf_wr.cpp:517:16: Could not analyze occurrence information for 'if.then21.4' living in 'VITIS_LOOP_511_1'(prj/sol/.autopilot/db/v_frmbuf_wr.cpp:511:22) .
warning: prj/sol/.autopilot/db/v_frmbuf_wr.cpp:517:16: Could not analyze occurrence information for 'if.then21.5' living in 'VITIS_LOOP_511_1'(prj/sol/.autopilot/db/v_frmbuf_wr.cpp:511:22) .
warning: prj/sol/.autopilot/db/v_frmbuf_wr.cpp:517:16: Could not analyze occurrence information for 'if.then21.6' living in 'VITIS_LOOP_511_1'(prj/sol/.autopilot/db/v_frmbuf_wr.cpp:511:22) .
warning: prj/sol/.autopilot/db/v_frmbuf_wr.cpp:517:16: Could not analyze occurrence information for 'if.then21.7' living in 'VITIS_LOOP_511_1'(prj/sol/.autopilot/db/v_frmbuf_wr.cpp:511:22) .
warning: prj/sol/.autopilot/db/v_frmbuf_wr.cpp:613:16: Could not analyze occurrence information for 'if.then127' living in 'VITIS_LOOP_605_4'(prj/sol/.autopilot/db/v_frmbuf_wr.cpp:605:22) .
warning: prj/sol/.autopilot/db/v_frmbuf_wr.cpp:613:16: Could not analyze occurrence information for 'if.then127.1' living in 'VITIS_LOOP_605_4'(prj/sol/.autopilot/db/v_frmbuf_wr.cpp:605:22) .
warning: prj/sol/.autopilot/db/v_frmbuf_wr.cpp:613:16: Could not analyze occurrence information for 'if.then127.2' living in 'VITIS_LOOP_605_4'(prj/sol/.autopilot/db/v_frmbuf_wr.cpp:605:22) .
warning: prj/sol/.autopilot/db/v_frmbuf_wr.cpp:613:16: Could not analyze occurrence information for 'if.then127.3' living in 'VITIS_LOOP_605_4'(prj/sol/.autopilot/db/v_frmbuf_wr.cpp:605:22) .
warning: prj/sol/.autopilot/db/v_frmbuf_wr.cpp:613:16: Could not analyze occurrence information for 'if.then127.4' living in 'VITIS_LOOP_605_4'(prj/sol/.autopilot/db/v_frmbuf_wr.cpp:605:22) .
warning: prj/sol/.autopilot/db/v_frmbuf_wr.cpp:613:16: Could not analyze occurrence information for 'if.then127.5' living in 'VITIS_LOOP_605_4'(prj/sol/.autopilot/db/v_frmbuf_wr.cpp:605:22) .
warning: prj/sol/.autopilot/db/v_frmbuf_wr.cpp:613:16: Could not analyze occurrence information for 'if.then127.6' living in 'VITIS_LOOP_605_4'(prj/sol/.autopilot/db/v_frmbuf_wr.cpp:605:22) .
warning: prj/sol/.autopilot/db/v_frmbuf_wr.cpp:613:16: Could not analyze occurrence information for 'if.then127.7' living in 'VITIS_LOOP_605_4'(prj/sol/.autopilot/db/v_frmbuf_wr.cpp:605:22) .
warning: prj/sol/.autopilot/db/v_frmbuf_wr.cpp:703:16: Could not analyze occurrence information for 'if.then257' living in 'VITIS_LOOP_697_7'(prj/sol/.autopilot/db/v_frmbuf_wr.cpp:697:22) .
warning: prj/sol/.autopilot/db/v_frmbuf_wr.cpp:703:16: Could not analyze occurrence information for 'if.then257.1' living in 'VITIS_LOOP_697_7'(prj/sol/.autopilot/db/v_frmbuf_wr.cpp:697:22) .
warning: prj/sol/.autopilot/db/v_frmbuf_wr.cpp:745:16: Could not analyze occurrence information for 'if.then347' living in 'VITIS_LOOP_739_11'(prj/sol/.autopilot/db/v_frmbuf_wr.cpp:739:23) .
warning: prj/sol/.autopilot/db/v_frmbuf_wr.cpp:745:16: Could not analyze occurrence information for 'if.then347.1' living in 'VITIS_LOOP_739_11'(prj/sol/.autopilot/db/v_frmbuf_wr.cpp:739:23) .
warning: prj/sol/.autopilot/db/v_frmbuf_wr.cpp:827:16: Could not analyze occurrence information for 'if.then449' living in 'VITIS_LOOP_821_14'(prj/sol/.autopilot/db/v_frmbuf_wr.cpp:821:23) .
warning: prj/sol/.autopilot/db/v_frmbuf_wr.cpp:827:16: Could not analyze occurrence information for 'if.then449.1' living in 'VITIS_LOOP_821_14'(prj/sol/.autopilot/db/v_frmbuf_wr.cpp:821:23) .
warning: prj/sol/.autopilot/db/v_frmbuf_wr.cpp:827:16: Could not analyze occurrence information for 'if.then449.2' living in 'VITIS_LOOP_821_14'(prj/sol/.autopilot/db/v_frmbuf_wr.cpp:821:23) .
warning: prj/sol/.autopilot/db/v_frmbuf_wr.cpp:827:16: Could not analyze occurrence information for 'if.then449.3' living in 'VITIS_LOOP_821_14'(prj/sol/.autopilot/db/v_frmbuf_wr.cpp:821:23) .
warning: prj/sol/.autopilot/db/v_frmbuf_wr.cpp:869:16: Could not analyze occurrence information for 'if.then541' living in 'VITIS_LOOP_863_18'(prj/sol/.autopilot/db/v_frmbuf_wr.cpp:863:23) .
warning: prj/sol/.autopilot/db/v_frmbuf_wr.cpp:869:16: Could not analyze occurrence information for 'if.then541.1' living in 'VITIS_LOOP_863_18'(prj/sol/.autopilot/db/v_frmbuf_wr.cpp:863:23) .
warning: prj/sol/.autopilot/db/v_frmbuf_wr.cpp:869:16: Could not analyze occurrence information for 'if.then541.2' living in 'VITIS_LOOP_863_18'(prj/sol/.autopilot/db/v_frmbuf_wr.cpp:863:23) .
warning: prj/sol/.autopilot/db/v_frmbuf_wr.cpp:869:16: Could not analyze occurrence information for 'if.then541.3' living in 'VITIS_LOOP_863_18'(prj/sol/.autopilot/db/v_frmbuf_wr.cpp:863:23) .
warning: prj/sol/.autopilot/db/v_frmbuf_wr.cpp:910:16: Could not analyze occurrence information for 'if.then633' living in 'VITIS_LOOP_904_21'(prj/sol/.autopilot/db/v_frmbuf_wr.cpp:904:23) .
warning: prj/sol/.autopilot/db/v_frmbuf_wr.cpp:910:16: Could not analyze occurrence information for 'if.then633.1' living in 'VITIS_LOOP_904_21'(prj/sol/.autopilot/db/v_frmbuf_wr.cpp:904:23) .
warning: prj/sol/.autopilot/db/v_frmbuf_wr.cpp:910:16: Could not analyze occurrence information for 'if.then633.2' living in 'VITIS_LOOP_904_21'(prj/sol/.autopilot/db/v_frmbuf_wr.cpp:904:23) .
warning: prj/sol/.autopilot/db/v_frmbuf_wr.cpp:910:16: Could not analyze occurrence information for 'if.then633.3' living in 'VITIS_LOOP_904_21'(prj/sol/.autopilot/db/v_frmbuf_wr.cpp:904:23) .
warning: prj/sol/.autopilot/db/v_frmbuf_wr.cpp:910:16: Could not analyze occurrence information for 'if.then633.4' living in 'VITIS_LOOP_904_21'(prj/sol/.autopilot/db/v_frmbuf_wr.cpp:904:23) .
warning: prj/sol/.autopilot/db/v_frmbuf_wr.cpp:910:16: Could not analyze occurrence information for 'if.then633.5' living in 'VITIS_LOOP_904_21'(prj/sol/.autopilot/db/v_frmbuf_wr.cpp:904:23) .
warning: prj/sol/.autopilot/db/v_frmbuf_wr.cpp:910:16: Could not analyze occurrence information for 'if.then633.6' living in 'VITIS_LOOP_904_21'(prj/sol/.autopilot/db/v_frmbuf_wr.cpp:904:23) .
warning: prj/sol/.autopilot/db/v_frmbuf_wr.cpp:910:16: Could not analyze occurrence information for 'if.then633.7' living in 'VITIS_LOOP_904_21'(prj/sol/.autopilot/db/v_frmbuf_wr.cpp:904:23) .
warning: prj/sol/.autopilot/db/v_frmbuf_wr.cpp:1096:16: Could not analyze occurrence information for 'if.then787' living in 'VITIS_LOOP_1090_24'(prj/sol/.autopilot/db/v_frmbuf_wr.cpp:1090:24) .
warning: prj/sol/.autopilot/db/v_frmbuf_wr.cpp:1096:16: Could not analyze occurrence information for 'if.then787.1' living in 'VITIS_LOOP_1090_24'(prj/sol/.autopilot/db/v_frmbuf_wr.cpp:1090:24) .
warning: prj/sol/.autopilot/db/v_frmbuf_wr.cpp:1096:16: Could not analyze occurrence information for 'if.then787.2' living in 'VITIS_LOOP_1090_24'(prj/sol/.autopilot/db/v_frmbuf_wr.cpp:1090:24) .
warning: prj/sol/.autopilot/db/v_frmbuf_wr.cpp:1096:16: Could not analyze occurrence information for 'if.then787.3' living in 'VITIS_LOOP_1090_24'(prj/sol/.autopilot/db/v_frmbuf_wr.cpp:1090:24) .
warning: prj/sol/.autopilot/db/v_frmbuf_wr.cpp:1096:16: Could not analyze occurrence information for 'if.then787.4' living in 'VITIS_LOOP_1090_24'(prj/sol/.autopilot/db/v_frmbuf_wr.cpp:1090:24) .
warning: prj/sol/.autopilot/db/v_frmbuf_wr.cpp:1096:16: Could not analyze occurrence information for 'if.then787.5' living in 'VITIS_LOOP_1090_24'(prj/sol/.autopilot/db/v_frmbuf_wr.cpp:1090:24) .
warning: prj/sol/.autopilot/db/v_frmbuf_wr.cpp:1096:16: Could not analyze occurrence information for 'if.then787.6' living in 'VITIS_LOOP_1090_24'(prj/sol/.autopilot/db/v_frmbuf_wr.cpp:1090:24) .
warning: prj/sol/.autopilot/db/v_frmbuf_wr.cpp:1096:16: Could not analyze occurrence information for 'if.then787.7' living in 'VITIS_LOOP_1090_24'(prj/sol/.autopilot/db/v_frmbuf_wr.cpp:1090:24) .
warning: prj/sol/.autopilot/db/v_frmbuf_wr.cpp:1339:16: Could not analyze occurrence information for 'if.then935' living in 'VITIS_LOOP_1333_29'(prj/sol/.autopilot/db/v_frmbuf_wr.cpp:1333:24) .
warning: prj/sol/.autopilot/db/v_frmbuf_wr.cpp:1339:16: Could not analyze occurrence information for 'if.then935.1' living in 'VITIS_LOOP_1333_29'(prj/sol/.autopilot/db/v_frmbuf_wr.cpp:1333:24) .
warning: prj/sol/.autopilot/db/v_frmbuf_wr.cpp:1339:16: Could not analyze occurrence information for 'if.then935.2' living in 'VITIS_LOOP_1333_29'(prj/sol/.autopilot/db/v_frmbuf_wr.cpp:1333:24) .
warning: prj/sol/.autopilot/db/v_frmbuf_wr.cpp:1339:16: Could not analyze occurrence information for 'if.then935.3' living in 'VITIS_LOOP_1333_29'(prj/sol/.autopilot/db/v_frmbuf_wr.cpp:1333:24) .
warning: prj/sol/.autopilot/db/v_frmbuf_wr.cpp:1339:16: Could not analyze occurrence information for 'if.then935.4' living in 'VITIS_LOOP_1333_29'(prj/sol/.autopilot/db/v_frmbuf_wr.cpp:1333:24) .
warning: prj/sol/.autopilot/db/v_frmbuf_wr.cpp:1339:16: Could not analyze occurrence information for 'if.then935.5' living in 'VITIS_LOOP_1333_29'(prj/sol/.autopilot/db/v_frmbuf_wr.cpp:1333:24) .
warning: prj/sol/.autopilot/db/v_frmbuf_wr.cpp:1339:16: Could not analyze occurrence information for 'if.then935.6' living in 'VITIS_LOOP_1333_29'(prj/sol/.autopilot/db/v_frmbuf_wr.cpp:1333:24) .
warning: prj/sol/.autopilot/db/v_frmbuf_wr.cpp:1339:16: Could not analyze occurrence information for 'if.then935.7' living in 'VITIS_LOOP_1333_29'(prj/sol/.autopilot/db/v_frmbuf_wr.cpp:1333:24) .
warning: prj/sol/.autopilot/db/v_frmbuf_wr.cpp:1386:16: Could not analyze occurrence information for 'if.then1047' living in 'VITIS_LOOP_1380_34'(prj/sol/.autopilot/db/v_frmbuf_wr.cpp:1380:24) .
warning: prj/sol/.autopilot/db/v_frmbuf_wr.cpp:1386:16: Could not analyze occurrence information for 'if.then1047.1' living in 'VITIS_LOOP_1380_34'(prj/sol/.autopilot/db/v_frmbuf_wr.cpp:1380:24) .
warning: prj/sol/.autopilot/db/v_frmbuf_wr.cpp:1386:16: Could not analyze occurrence information for 'if.then1047.2' living in 'VITIS_LOOP_1380_34'(prj/sol/.autopilot/db/v_frmbuf_wr.cpp:1380:24) .
warning: prj/sol/.autopilot/db/v_frmbuf_wr.cpp:1386:16: Could not analyze occurrence information for 'if.then1047.3' living in 'VITIS_LOOP_1380_34'(prj/sol/.autopilot/db/v_frmbuf_wr.cpp:1380:24) .
warning: prj/sol/.autopilot/db/v_frmbuf_wr.cpp:1386:16: Could not analyze occurrence information for 'if.then1047.4' living in 'VITIS_LOOP_1380_34'(prj/sol/.autopilot/db/v_frmbuf_wr.cpp:1380:24) .
warning: prj/sol/.autopilot/db/v_frmbuf_wr.cpp:1386:16: Could not analyze occurrence information for 'if.then1047.5' living in 'VITIS_LOOP_1380_34'(prj/sol/.autopilot/db/v_frmbuf_wr.cpp:1380:24) .
warning: prj/sol/.autopilot/db/v_frmbuf_wr.cpp:1386:16: Could not analyze occurrence information for 'if.then1047.6' living in 'VITIS_LOOP_1380_34'(prj/sol/.autopilot/db/v_frmbuf_wr.cpp:1380:24) .
warning: prj/sol/.autopilot/db/v_frmbuf_wr.cpp:1386:16: Could not analyze occurrence information for 'if.then1047.7' living in 'VITIS_LOOP_1380_34'(prj/sol/.autopilot/db/v_frmbuf_wr.cpp:1380:24) .
remark: prj/sol/.autopilot/db/v_frmbuf_wr.cpp:1652:23: Multiple burst writes of variable length and bit width 64 has been inferred. These burst requests might be further partitioned into multiple requests during RTL generation, based on max_read_burst_length or max_write_burst_length settings. _XLX_SEP_ seq3 mm_video VITIS_LOOP_1652_1 prj/sol/.autopilot/db/v_frmbuf_wr.cpp:1652:23 Bytes2AXIMMvideo(STREAM_PLANES&, ap_uint<64>*&, ap_uint<64>*&, ap_uint<64>*&, unsigned short&, unsigned short&, unsigned short&, unsigned short&) (.1) 
remark: prj/sol/.autopilot/db/v_frmbuf_wr.cpp:1652:23: Multiple burst writes of variable length and bit width 64 in loop 'VITIS_LOOP_1652_1'(prj/sol/.autopilot/db/v_frmbuf_wr.cpp:1652:23) has been inferred on bundle 'mm_video'. These burst requests might be further partitioned into multiple requests during RTL generation, based on max_read_burst_length or max_write_burst_length settings.
remark: prj/sol/.autopilot/db/v_frmbuf_wr.cpp:1658:23: Multiple burst writes of variable length and bit width 64 has been inferred. These burst requests might be further partitioned into multiple requests during RTL generation, based on max_read_burst_length or max_write_burst_length settings. _XLX_SEP_ seq4 mm_video VITIS_LOOP_1658_2 prj/sol/.autopilot/db/v_frmbuf_wr.cpp:1658:23 Bytes2AXIMMvideo(STREAM_PLANES&, ap_uint<64>*&, ap_uint<64>*&, ap_uint<64>*&, unsigned short&, unsigned short&, unsigned short&, unsigned short&) (.1) 
remark: prj/sol/.autopilot/db/v_frmbuf_wr.cpp:1658:23: Multiple burst writes of variable length and bit width 64 in loop 'VITIS_LOOP_1658_2'(prj/sol/.autopilot/db/v_frmbuf_wr.cpp:1658:23) has been inferred on bundle 'mm_video'. These burst requests might be further partitioned into multiple requests during RTL generation, based on max_read_burst_length or max_write_burst_length settings.
remark: prj/sol/.autopilot/db/v_frmbuf_wr.cpp:1664:23: Multiple burst writes of variable length and bit width 64 has been inferred. These burst requests might be further partitioned into multiple requests during RTL generation, based on max_read_burst_length or max_write_burst_length settings. _XLX_SEP_ seq5 mm_video VITIS_LOOP_1664_3 prj/sol/.autopilot/db/v_frmbuf_wr.cpp:1664:23 Bytes2AXIMMvideo(STREAM_PLANES&, ap_uint<64>*&, ap_uint<64>*&, ap_uint<64>*&, unsigned short&, unsigned short&, unsigned short&, unsigned short&) (.1) 
remark: prj/sol/.autopilot/db/v_frmbuf_wr.cpp:1664:23: Multiple burst writes of variable length and bit width 64 in loop 'VITIS_LOOP_1664_3'(prj/sol/.autopilot/db/v_frmbuf_wr.cpp:1664:23) has been inferred on bundle 'mm_video'. These burst requests might be further partitioned into multiple requests during RTL generation, based on max_read_burst_length or max_write_burst_length settings.
remark: prj/sol/.autopilot/db/v_frmbuf_wr.cpp:1699:23: Multiple burst writes of variable length and bit width 64 has been inferred. These burst requests might be further partitioned into multiple requests during RTL generation, based on max_read_burst_length or max_write_burst_length settings. _XLX_SEP_ seq mm_video VITIS_LOOP_1699_4 prj/sol/.autopilot/db/v_frmbuf_wr.cpp:1699:23 Bytes2AXIMMvideo(STREAM_PLANES&, ap_uint<64>*&, ap_uint<64>*&, ap_uint<64>*&, unsigned short&, unsigned short&, unsigned short&, unsigned short&) (.1) 
remark: prj/sol/.autopilot/db/v_frmbuf_wr.cpp:1699:23: Multiple burst writes of variable length and bit width 64 in loop 'VITIS_LOOP_1699_4'(prj/sol/.autopilot/db/v_frmbuf_wr.cpp:1699:23) has been inferred on bundle 'mm_video'. These burst requests might be further partitioned into multiple requests during RTL generation, based on max_read_burst_length or max_write_burst_length settings.
remark: prj/sol/.autopilot/db/v_frmbuf_wr.cpp:1709:24: Multiple burst writes of variable length and bit width 64 has been inferred. These burst requests might be further partitioned into multiple requests during RTL generation, based on max_read_burst_length or max_write_burst_length settings. _XLX_SEP_ seq1 mm_video VITIS_LOOP_1709_5 prj/sol/.autopilot/db/v_frmbuf_wr.cpp:1709:24 Bytes2AXIMMvideo(STREAM_PLANES&, ap_uint<64>*&, ap_uint<64>*&, ap_uint<64>*&, unsigned short&, unsigned short&, unsigned short&, unsigned short&) (.1) 
remark: prj/sol/.autopilot/db/v_frmbuf_wr.cpp:1709:24: Multiple burst writes of variable length and bit width 64 in loop 'VITIS_LOOP_1709_5'(prj/sol/.autopilot/db/v_frmbuf_wr.cpp:1709:24) has been inferred on bundle 'mm_video'. These burst requests might be further partitioned into multiple requests during RTL generation, based on max_read_burst_length or max_write_burst_length settings.
remark: prj/sol/.autopilot/db/v_frmbuf_wr.cpp:1715:24: Multiple burst writes of variable length and bit width 64 has been inferred. These burst requests might be further partitioned into multiple requests during RTL generation, based on max_read_burst_length or max_write_burst_length settings. _XLX_SEP_ seq2 mm_video VITIS_LOOP_1715_6 prj/sol/.autopilot/db/v_frmbuf_wr.cpp:1715:24 Bytes2AXIMMvideo(STREAM_PLANES&, ap_uint<64>*&, ap_uint<64>*&, ap_uint<64>*&, unsigned short&, unsigned short&, unsigned short&, unsigned short&) (.1) 
remark: prj/sol/.autopilot/db/v_frmbuf_wr.cpp:1715:24: Multiple burst writes of variable length and bit width 64 in loop 'VITIS_LOOP_1715_6'(prj/sol/.autopilot/db/v_frmbuf_wr.cpp:1715:24) has been inferred on bundle 'mm_video'. These burst requests might be further partitioned into multiple requests during RTL generation, based on max_read_burst_length or max_write_burst_length settings.
remark: prj/sol/.autopilot/db/v_frmbuf_wr.cpp:1748:23: Multiple burst writes of variable length and bit width 64 has been inferred. These burst requests might be further partitioned into multiple requests during RTL generation, based on max_read_burst_length or max_write_burst_length settings. _XLX_SEP_ seq6 mm_video VITIS_LOOP_1748_7 prj/sol/.autopilot/db/v_frmbuf_wr.cpp:1748:23 Bytes2AXIMMvideo(STREAM_PLANES&, ap_uint<64>*&, ap_uint<64>*&, ap_uint<64>*&, unsigned short&, unsigned short&, unsigned short&, unsigned short&) (.1) 
remark: prj/sol/.autopilot/db/v_frmbuf_wr.cpp:1748:23: Multiple burst writes of variable length and bit width 64 in loop 'VITIS_LOOP_1748_7'(prj/sol/.autopilot/db/v_frmbuf_wr.cpp:1748:23) has been inferred on bundle 'mm_video'. These burst requests might be further partitioned into multiple requests during RTL generation, based on max_read_burst_length or max_write_burst_length settings.
remark: prj/sol/.autopilot/db/v_frmbuf_wr.cpp:1758:24: Multiple burst writes of variable length and bit width 64 has been inferred. These burst requests might be further partitioned into multiple requests during RTL generation, based on max_read_burst_length or max_write_burst_length settings. _XLX_SEP_ seq7 mm_video VITIS_LOOP_1758_8 prj/sol/.autopilot/db/v_frmbuf_wr.cpp:1758:24 Bytes2AXIMMvideo(STREAM_PLANES&, ap_uint<64>*&, ap_uint<64>*&, ap_uint<64>*&, unsigned short&, unsigned short&, unsigned short&, unsigned short&) (.1) 
remark: prj/sol/.autopilot/db/v_frmbuf_wr.cpp:1758:24: Multiple burst writes of variable length and bit width 64 in loop 'VITIS_LOOP_1758_8'(prj/sol/.autopilot/db/v_frmbuf_wr.cpp:1758:24) has been inferred on bundle 'mm_video'. These burst requests might be further partitioned into multiple requests during RTL generation, based on max_read_burst_length or max_write_burst_length settings.
remark: prj/sol/.autopilot/db/v_frmbuf_wr.cpp:299:13: unsigned short reg<unsigned short>(unsigned short) not inlined into AXIvideo2MultiPixStream(hls::stream<hls::axis<ap_uint<24>, 1ul, 1ul, 1ul, (unsigned char)56, false>, 0>&, hls::stream<hls::Scalar<3, ap_uint<8> >, 0>&, unsigned short&, unsigned short&, unsigned char&) because it should never be inlined (cost=never)
remark: prj/sol/.autopilot/db/v_frmbuf_wr.cpp:126:2: AXIvideo2MultiPixStream(hls::stream<hls::axis<ap_uint<24>, 1ul, 1ul, 1ul, (unsigned char)56, false>, 0>&, hls::stream<hls::Scalar<3, ap_uint<8> >, 0>&, unsigned short&, unsigned short&, unsigned char&) not inlined into FrmbufWrHlsDataFlow(hls::stream<hls::axis<ap_uint<24>, 1ul, 1ul, 1ul, (unsigned char)56, false>, 0>&, HW_STRUCT_REG&, unsigned short&, unsigned char&, unsigned short&, unsigned short&, unsigned short&, unsigned short&) (.1) because it should never be inlined (cost=never)
remark: prj/sol/.autopilot/db/v_frmbuf_wr.cpp:139:2: MultiPixStream2Bytes(hls::stream<hls::Scalar<3, ap_uint<8> >, 0>&, STREAM_PLANES&, unsigned short&, unsigned short&, unsigned short&, unsigned short&) not inlined into FrmbufWrHlsDataFlow(hls::stream<hls::axis<ap_uint<24>, 1ul, 1ul, 1ul, (unsigned char)56, false>, 0>&, HW_STRUCT_REG&, unsigned short&, unsigned char&, unsigned short&, unsigned short&, unsigned short&, unsigned short&) (.1) because it should never be inlined (cost=never)
remark: prj/sol/.autopilot/db/v_frmbuf_wr.cpp:141:2: Bytes2AXIMMvideo(STREAM_PLANES&, ap_uint<64>*&, ap_uint<64>*&, ap_uint<64>*&, unsigned short&, unsigned short&, unsigned short&, unsigned short&) (.1) not inlined into FrmbufWrHlsDataFlow(hls::stream<hls::axis<ap_uint<24>, 1ul, 1ul, 1ul, (unsigned char)56, false>, 0>&, HW_STRUCT_REG&, unsigned short&, unsigned char&, unsigned short&, unsigned short&, unsigned short&, unsigned short&) (.1) because it should never be inlined (cost=never)
remark: prj/sol/.autopilot/db/v_frmbuf_wr.cpp:257:2: FrmbufWrHlsDataFlow(hls::stream<hls::axis<ap_uint<24>, 1ul, 1ul, 1ul, (unsigned char)56, false>, 0>&, HW_STRUCT_REG&, unsigned short&, unsigned char&, unsigned short&, unsigned short&, unsigned short&, unsigned short&) (.1) not inlined into v_frmbuf_wr(unsigned short, unsigned short, unsigned short, unsigned short, ap_uint<64>*, ap_uint<64>*, ap_uint<64>*, hls::stream<hls::axis<ap_uint<24>, 1ul, 1ul, 1ul, (unsigned char)56, false>, 0>&) because it should never be inlined (cost=never)
===-------------------------------------------------------------------------===
                         Miscellaneous Ungrouped Timers
===-------------------------------------------------------------------------===

   ---User Time---   --System Time--   --User+System--   ---Wall Time---  --- Name ---
   1.4004 (100.0%)   0.1351 (100.0%)   1.5355 (100.0%)   1.5356 (100.0%)  Code Generation Time
   1.4004 (100.0%)   0.1351 (100.0%)   1.5355 (100.0%)   1.5356 (100.0%)  Total

===-------------------------------------------------------------------------===
                      ... Pass execution timing report ...
===-------------------------------------------------------------------------===
  Total Execution Time: 1.4967 seconds (1.4952 wall clock)

   ---User Time---   --System Time--   --User+System--   ---Wall Time---  --- Name ---
   0.0573 (  4.2%)   0.0270 ( 20.4%)   0.0843 (  5.6%)   0.0843 (  5.6%)  Build loop flatten cost model
   0.0191 (  1.4%)   0.0179 ( 13.6%)   0.0370 (  2.5%)   0.0370 (  2.5%)  Auto automatic array partition analysis
   0.0325 (  2.4%)   0.0038 (  2.9%)   0.0363 (  2.4%)   0.0363 (  2.4%)  PredicateAnalyzer - Predidate Analysis
   0.0096 (  0.7%)   0.0199 ( 15.1%)   0.0295 (  2.0%)   0.0295 (  2.0%)  Auto automatic array partition analysis
   0.0236 (  1.7%)   0.0030 (  2.3%)   0.0266 (  1.8%)   0.0266 (  1.8%)  Reflow pragma unroll loops
   0.0225 (  1.6%)   0.0001 (  0.1%)   0.0226 (  1.5%)   0.0226 (  1.5%)  Automatic array partition transformation
   0.0220 (  1.6%)   0.0000 (  0.0%)   0.0220 (  1.5%)   0.0220 (  1.5%)  Lower HLS related loops
   0.0198 (  1.5%)   0.0000 (  0.0%)   0.0198 (  1.3%)   0.0198 (  1.3%)  Generate HLS compatible IR
   0.0136 (  1.0%)   0.0030 (  2.3%)   0.0166 (  1.1%)   0.0166 (  1.1%)  Auto automatic array partition analysis
   0.0132 (  1.0%)   0.0030 (  2.3%)   0.0162 (  1.1%)   0.0162 (  1.1%)  Range Analysis Pass
   0.0144 (  1.1%)   0.0010 (  0.7%)   0.0153 (  1.0%)   0.0153 (  1.0%)  Range Analysis Pass
   0.0103 (  0.8%)   0.0049 (  3.7%)   0.0152 (  1.0%)   0.0152 (  1.0%)  Auto automatic array partition analysis
   0.0152 (  1.1%)   0.0000 (  0.0%)   0.0152 (  1.0%)   0.0152 (  1.0%)  Range Analysis Pass
   0.0117 (  0.9%)   0.0009 (  0.7%)   0.0126 (  0.8%)   0.0126 (  0.8%)  Automatically infer occurrence information
   0.0122 (  0.9%)   0.0000 (  0.0%)   0.0122 (  0.8%)   0.0122 (  0.8%)  Range Analysis Pass
   0.0117 (  0.9%)   0.0000 (  0.0%)   0.0118 (  0.8%)   0.0118 (  0.8%)  Range Analysis Pass
   0.0117 (  0.9%)   0.0000 (  0.0%)   0.0117 (  0.8%)   0.0117 (  0.8%)  Object Decomposition
   0.0117 (  0.9%)   0.0000 (  0.0%)   0.0117 (  0.8%)   0.0117 (  0.8%)  Detach IR Wrapper
   0.0116 (  0.8%)   0.0000 (  0.0%)   0.0116 (  0.8%)   0.0116 (  0.8%)  Lower intermediate type generated by HLSGen
   0.0114 (  0.8%)   0.0000 (  0.0%)   0.0115 (  0.8%)   0.0115 (  0.8%)  Range Analysis Pass
   0.0110 (  0.8%)   0.0004 (  0.3%)   0.0113 (  0.8%)   0.0113 (  0.8%)  Range Analysis Pass
   0.0092 (  0.7%)   0.0020 (  1.5%)   0.0112 (  0.7%)   0.0112 (  0.7%)  Range Analysis Pass
   0.0109 (  0.8%)   0.0000 (  0.0%)   0.0109 (  0.7%)   0.0109 (  0.7%)  Range Analysis Pass
   0.0102 (  0.7%)   0.0000 (  0.0%)   0.0102 (  0.7%)   0.0102 (  0.7%)  Inliner for always_inline functions
   0.0095 (  0.7%)   0.0000 (  0.0%)   0.0095 (  0.6%)   0.0095 (  0.6%)  Loop Invariant Code Motion
   0.0093 (  0.7%)   0.0000 (  0.0%)   0.0093 (  0.6%)   0.0093 (  0.6%)  Loop Invariant Code Motion
   0.0087 (  0.6%)   0.0000 (  0.0%)   0.0087 (  0.6%)   0.0087 (  0.6%)  Loop Invariant Code Motion
   0.0086 (  0.6%)   0.0000 (  0.0%)   0.0086 (  0.6%)   0.0086 (  0.6%)  Loop Invariant Code Motion
   0.0085 (  0.6%)   0.0001 (  0.0%)   0.0086 (  0.6%)   0.0086 (  0.6%)  Loop Invariant Code Motion
   0.0081 (  0.6%)   0.0000 (  0.0%)   0.0081 (  0.5%)   0.0081 (  0.5%)  Global Value Numbering
   0.0078 (  0.6%)   0.0000 (  0.0%)   0.0078 (  0.5%)   0.0078 (  0.5%)  Loop Invariant Code Motion
   0.0070 (  0.5%)   0.0000 (  0.0%)   0.0070 (  0.5%)   0.0070 (  0.5%)  Induction Variable Simplification
   0.0067 (  0.5%)   0.0000 (  0.0%)   0.0067 (  0.4%)   0.0067 (  0.4%)  AutoDepPragmaInfer - Auto Dependence Pragma Infer
   0.0058 (  0.4%)   0.0008 (  0.6%)   0.0066 (  0.4%)   0.0066 (  0.4%)  Loop Invariant Code Motion
   0.0065 (  0.5%)   0.0000 (  0.0%)   0.0065 (  0.4%)   0.0065 (  0.4%)  Induction Variable Simplification
   0.0064 (  0.5%)   0.0000 (  0.0%)   0.0064 (  0.4%)   0.0063 (  0.4%)  Induction Variable Simplification
   0.0053 (  0.4%)   0.0008 (  0.6%)   0.0062 (  0.4%)   0.0061 (  0.4%)  Induction Variable Simplification
   0.0058 (  0.4%)   0.0000 (  0.0%)   0.0058 (  0.4%)   0.0058 (  0.4%)  Loop Invariant Code Motion
   0.0055 (  0.4%)   0.0000 (  0.0%)   0.0055 (  0.4%)   0.0054 (  0.4%)  Induction Variable Simplification
   0.0043 (  0.3%)   0.0010 (  0.8%)   0.0053 (  0.4%)   0.0053 (  0.4%)   automatic function inline driven by performance to break up circuit dependence
   0.0050 (  0.4%)   0.0000 (  0.0%)   0.0050 (  0.3%)   0.0050 (  0.3%)  Loop Invariant Code Motion
   0.0039 (  0.3%)   0.0007 (  0.5%)   0.0045 (  0.3%)   0.0045 (  0.3%)  Global Value Numbering
   0.0043 (  0.3%)   0.0000 (  0.0%)   0.0043 (  0.3%)   0.0043 (  0.3%)  Analyze sequential accesses
   0.0043 (  0.3%)   0.0000 (  0.0%)   0.0043 (  0.3%)   0.0043 (  0.3%)  Induction Variable Simplification
   0.0033 (  0.2%)   0.0009 (  0.7%)   0.0042 (  0.3%)   0.0042 (  0.3%)  SeqAccessesInference - Infer Sequential accesses for HLS C/C++
   0.0042 (  0.3%)   0.0000 (  0.0%)   0.0042 (  0.3%)   0.0042 (  0.3%)  Undecay arrays
   0.0038 (  0.3%)   0.0001 (  0.1%)   0.0040 (  0.3%)   0.0040 (  0.3%)  Induction Variable Simplification
   0.0038 (  0.3%)   0.0000 (  0.0%)   0.0038 (  0.3%)   0.0038 (  0.3%)  Rotate Loops
   0.0038 (  0.3%)   0.0000 (  0.0%)   0.0038 (  0.3%)   0.0038 (  0.3%)  Bitcode for HLS
   0.0038 (  0.3%)   0.0000 (  0.0%)   0.0038 (  0.3%)   0.0037 (  0.3%)  Combine redundant instructions
   0.0037 (  0.3%)   0.0000 (  0.0%)   0.0037 (  0.2%)   0.0037 (  0.2%)  Infer complete unroll based on pipeline pragma
   0.0035 (  0.3%)   0.0001 (  0.1%)   0.0036 (  0.2%)   0.0036 (  0.2%)  Global Value Numbering
   0.0035 (  0.3%)   0.0001 (  0.1%)   0.0035 (  0.2%)   0.0035 (  0.2%)  Global Value Numbering
   0.0034 (  0.3%)   0.0000 (  0.0%)   0.0034 (  0.2%)   0.0034 (  0.2%)  Combine redundant instructions
   0.0033 (  0.2%)   0.0000 (  0.0%)   0.0033 (  0.2%)   0.0033 (  0.2%)  Combine redundant instructions
   0.0032 (  0.2%)   0.0001 (  0.0%)   0.0033 (  0.2%)   0.0033 (  0.2%)  AlignMemory - Align memory accesses
   0.0031 (  0.2%)   0.0001 (  0.1%)   0.0032 (  0.2%)   0.0032 (  0.2%)  Deduce function attributes
   0.0031 (  0.2%)   0.0000 (  0.0%)   0.0031 (  0.2%)   0.0031 (  0.2%)  Deduce function attributes
   0.0031 (  0.2%)   0.0000 (  0.0%)   0.0031 (  0.2%)   0.0031 (  0.2%)  Global Value Numbering
   0.0031 (  0.2%)   0.0000 (  0.0%)   0.0031 (  0.2%)   0.0031 (  0.2%)  Global Value Numbering
   0.0030 (  0.2%)   0.0000 (  0.0%)   0.0030 (  0.2%)   0.0030 (  0.2%)  Value Propagation
   0.0030 (  0.2%)   0.0000 (  0.0%)   0.0030 (  0.2%)   0.0030 (  0.2%)  ArrayPartition - Partition Arrays into Banks
   0.0029 (  0.2%)   0.0000 (  0.0%)   0.0029 (  0.2%)   0.0029 (  0.2%)  Inliner for always_inline functions
   0.0028 (  0.2%)   0.0000 (  0.0%)   0.0028 (  0.2%)   0.0028 (  0.2%)  Automatic data reuse optimization
   0.0025 (  0.2%)   0.0003 (  0.2%)   0.0028 (  0.2%)   0.0028 (  0.2%)  Generate IR Wrapper
   0.0028 (  0.2%)   0.0000 (  0.0%)   0.0028 (  0.2%)   0.0028 (  0.2%)  Collect complexity metrics for FE reflow
   0.0028 (  0.2%)   0.0000 (  0.0%)   0.0028 (  0.2%)   0.0028 (  0.2%)  MemSSAOpt - Memory SSA based optimizations
   0.0028 (  0.2%)   0.0000 (  0.0%)   0.0028 (  0.2%)   0.0028 (  0.2%)  Reflow pragma unroll loops
   0.0024 (  0.2%)   0.0003 (  0.2%)   0.0028 (  0.2%)   0.0027 (  0.2%)  Global Value Numbering
   0.0027 (  0.2%)   0.0000 (  0.0%)   0.0027 (  0.2%)   0.0027 (  0.2%)  Global Value Numbering
   0.0027 (  0.2%)   0.0000 (  0.0%)   0.0027 (  0.2%)   0.0027 (  0.2%)  Simplify the CFG
   0.0027 (  0.2%)   0.0000 (  0.0%)   0.0027 (  0.2%)   0.0027 (  0.2%)  Induction Variable Simplification
   0.0027 (  0.2%)   0.0000 (  0.0%)   0.0027 (  0.2%)   0.0027 (  0.2%)  ProduceBurstMessages - Produce Burst Messages
   0.0026 (  0.2%)   0.0001 (  0.0%)   0.0027 (  0.2%)   0.0027 (  0.2%)  Global Value Numbering
   0.0026 (  0.2%)   0.0000 (  0.0%)   0.0026 (  0.2%)   0.0026 (  0.2%)  Memory Summary
   0.0025 (  0.2%)   0.0001 (  0.1%)   0.0026 (  0.2%)   0.0026 (  0.2%)  Global Value Numbering
   0.0026 (  0.2%)   0.0000 (  0.0%)   0.0026 (  0.2%)   0.0026 (  0.2%)  LegacyShiftRegisterRecognize - Recognize shift registers and memory
   0.0022 (  0.2%)   0.0004 (  0.3%)   0.0025 (  0.2%)   0.0025 (  0.2%)  Synthesis checker
   0.0016 (  0.1%)   0.0009 (  0.7%)   0.0025 (  0.2%)   0.0025 (  0.2%)  Synthesis checker
   0.0024 (  0.2%)   0.0001 (  0.1%)   0.0024 (  0.2%)   0.0024 (  0.2%)  Reflow pragma unroll loops
   0.0021 (  0.2%)   0.0003 (  0.2%)   0.0024 (  0.2%)   0.0024 (  0.2%)  Global Value Numbering
   0.0024 (  0.2%)   0.0000 (  0.0%)   0.0024 (  0.2%)   0.0024 (  0.2%)  Global Value Numbering
   0.0024 (  0.2%)   0.0000 (  0.0%)   0.0024 (  0.2%)   0.0024 (  0.2%)  LoopFlattenMark - Mark nested loops flattenable recursively
   0.0024 (  0.2%)   0.0000 (  0.0%)   0.0024 (  0.2%)   0.0024 (  0.2%)  AlignMemory - Align memory accesses
   0.0024 (  0.2%)   0.0000 (  0.0%)   0.0024 (  0.2%)   0.0024 (  0.2%)  Global Value Numbering
   0.0023 (  0.2%)   0.0000 (  0.0%)   0.0023 (  0.2%)   0.0023 (  0.2%)  Loop Load Elimination
   0.0023 (  0.2%)   0.0000 (  0.0%)   0.0023 (  0.2%)   0.0023 (  0.2%)  LoopFlattenMark - Mark nested loops flattenable recursively
   0.0023 (  0.2%)   0.0000 (  0.0%)   0.0023 (  0.2%)   0.0023 (  0.2%)  Global Value Numbering
   0.0016 (  0.1%)   0.0007 (  0.5%)   0.0023 (  0.2%)   0.0023 (  0.2%)  Pragma preprocessing after clang
   0.0023 (  0.2%)   0.0000 (  0.0%)   0.0023 (  0.2%)   0.0023 (  0.2%)  Array out of bound check
   0.0023 (  0.2%)   0.0000 (  0.0%)   0.0023 (  0.2%)   0.0023 (  0.2%)  Global Value Numbering
   0.0022 (  0.2%)   0.0001 (  0.1%)   0.0023 (  0.2%)   0.0023 (  0.2%)  Global Value Numbering
   0.0023 (  0.2%)   0.0000 (  0.0%)   0.0023 (  0.2%)   0.0023 (  0.2%)  Deduce function attributes
   0.0022 (  0.2%)   0.0000 (  0.0%)   0.0022 (  0.1%)   0.0022 (  0.1%)  Global Value Numbering
   0.0020 (  0.1%)   0.0002 (  0.1%)   0.0022 (  0.1%)   0.0022 (  0.1%)  Global Value Numbering
   0.0022 (  0.2%)   0.0000 (  0.0%)   0.0022 (  0.1%)   0.0022 (  0.1%)  AlignMemory - Align memory accesses
   0.0017 (  0.1%)   0.0006 (  0.4%)   0.0022 (  0.1%)   0.0022 (  0.1%)  AlignMemory - Align memory accesses
   0.0022 (  0.2%)   0.0000 (  0.0%)   0.0022 (  0.1%)   0.0022 (  0.1%)  Global Value Numbering
   0.0022 (  0.2%)   0.0000 (  0.0%)   0.0022 (  0.1%)   0.0022 (  0.1%)  AlignMemory - Align memory accesses
   0.0022 (  0.2%)   0.0000 (  0.0%)   0.0022 (  0.1%)   0.0022 (  0.1%)  Special handling of axis with side-channels
   0.0022 (  0.2%)   0.0001 (  0.0%)   0.0022 (  0.1%)   0.0022 (  0.1%)  Global Value Numbering
   0.0022 (  0.2%)   0.0000 (  0.0%)   0.0022 (  0.1%)   0.0022 (  0.1%)  Global Value Numbering
   0.0022 (  0.2%)   0.0000 (  0.0%)   0.0022 (  0.1%)   0.0022 (  0.1%)  Global Value Numbering
   0.0021 (  0.2%)   0.0001 (  0.1%)   0.0021 (  0.1%)   0.0021 (  0.1%)  Global Value Numbering
   0.0021 (  0.2%)   0.0000 (  0.0%)   0.0021 (  0.1%)   0.0021 (  0.1%)  Jump Threading
   0.0021 (  0.2%)   0.0000 (  0.0%)   0.0021 (  0.1%)   0.0021 (  0.1%)  AlignMemory - Align memory accesses
   0.0020 (  0.1%)   0.0001 (  0.1%)   0.0021 (  0.1%)   0.0021 (  0.1%)  Merge accesses
   0.0021 (  0.2%)   0.0000 (  0.0%)   0.0021 (  0.1%)   0.0021 (  0.1%)  Infer loop trip count
   0.0021 (  0.2%)   0.0000 (  0.0%)   0.0021 (  0.1%)   0.0021 (  0.1%)  Memory Summary
   0.0019 (  0.1%)   0.0001 (  0.1%)   0.0021 (  0.1%)   0.0021 (  0.1%)  Global Value Numbering
   0.0020 (  0.1%)   0.0000 (  0.0%)   0.0020 (  0.1%)   0.0020 (  0.1%)  ROM inference pass
   0.0020 (  0.1%)   0.0000 (  0.0%)   0.0020 (  0.1%)   0.0020 (  0.1%)  Early GVN Hoisting of Expressions
   0.0020 (  0.1%)   0.0000 (  0.0%)   0.0020 (  0.1%)   0.0020 (  0.1%)  Deduce function attributes
   0.0020 (  0.1%)   0.0000 (  0.0%)   0.0020 (  0.1%)   0.0020 (  0.1%)  Reflow pipeline loop automatically
   0.0020 (  0.1%)   0.0000 (  0.0%)   0.0020 (  0.1%)   0.0020 (  0.1%)  Reflow pragma unroll loops
   0.0019 (  0.1%)   0.0001 (  0.1%)   0.0020 (  0.1%)   0.0020 (  0.1%)  Combine redundant instructions
   0.0019 (  0.1%)   0.0000 (  0.0%)   0.0020 (  0.1%)   0.0020 (  0.1%)  Global Value Numbering
   0.0017 (  0.1%)   0.0003 (  0.2%)   0.0020 (  0.1%)   0.0020 (  0.1%)  Combine redundant instructions
   0.0019 (  0.1%)   0.0000 (  0.0%)   0.0019 (  0.1%)   0.0019 (  0.1%)  Memory Summary
   0.0019 (  0.1%)   0.0000 (  0.0%)   0.0019 (  0.1%)   0.0019 (  0.1%)  AlignMemory - Align memory accesses
   0.0019 (  0.1%)   0.0000 (  0.0%)   0.0019 (  0.1%)   0.0019 (  0.1%)  LegacyShiftRegisterRecognize - Recognize shift registers and memory
   0.0019 (  0.1%)   0.0000 (  0.0%)   0.0019 (  0.1%)   0.0019 (  0.1%)  Collect complexity metrics for FE reflow
   0.0019 (  0.1%)   0.0000 (  0.0%)   0.0019 (  0.1%)   0.0019 (  0.1%)  Global Value Numbering
   0.0019 (  0.1%)   0.0000 (  0.0%)   0.0019 (  0.1%)   0.0019 (  0.1%)  LoopFlattenMark - Mark nested loops flattenable recursively
   0.0019 (  0.1%)   0.0000 (  0.0%)   0.0019 (  0.1%)   0.0019 (  0.1%)  AlignMemory - Align memory accesses
   0.0019 (  0.1%)   0.0000 (  0.0%)   0.0019 (  0.1%)   0.0019 (  0.1%)  Early GVN Hoisting of Expressions
   0.0017 (  0.1%)   0.0002 (  0.1%)   0.0019 (  0.1%)   0.0019 (  0.1%)  Value Propagation
   0.0013 (  0.1%)   0.0006 (  0.4%)   0.0019 (  0.1%)   0.0019 (  0.1%)  LoopFlattenMark - Mark nested loops flattenable recursively
   0.0019 (  0.1%)   0.0000 (  0.0%)   0.0019 (  0.1%)   0.0019 (  0.1%)  Collect complexity metrics for FE reflow
   0.0019 (  0.1%)   0.0000 (  0.0%)   0.0019 (  0.1%)   0.0019 (  0.1%)  Early GVN Hoisting of Expressions
   0.0018 (  0.1%)   0.0000 (  0.0%)   0.0019 (  0.1%)   0.0019 (  0.1%)  Global Value Numbering
   0.0019 (  0.1%)   0.0000 (  0.0%)   0.0019 (  0.1%)   0.0019 (  0.1%)  Array out of bound check
   0.0019 (  0.1%)   0.0000 (  0.0%)   0.0019 (  0.1%)   0.0018 (  0.1%)  WidenBurst - Widen bursts
   0.0018 (  0.1%)   0.0000 (  0.0%)   0.0018 (  0.1%)   0.0018 (  0.1%)  Global Value Numbering
   0.0018 (  0.1%)   0.0000 (  0.0%)   0.0018 (  0.1%)   0.0018 (  0.1%)  LoopFlattenMark - Mark nested loops flattenable recursively
   0.0018 (  0.1%)   0.0000 (  0.0%)   0.0018 (  0.1%)   0.0018 (  0.1%)  Collect complexity metrics for FE reflow
   0.0018 (  0.1%)   0.0000 (  0.0%)   0.0018 (  0.1%)   0.0018 (  0.1%)  Global Value Numbering
   0.0018 (  0.1%)   0.0000 (  0.0%)   0.0018 (  0.1%)   0.0018 (  0.1%)  Lower HLS related attributes
   0.0018 (  0.1%)   0.0000 (  0.0%)   0.0018 (  0.1%)   0.0018 (  0.1%)  Global Value Numbering
   0.0017 (  0.1%)   0.0000 (  0.0%)   0.0017 (  0.1%)   0.0017 (  0.1%)  Memory Summary
   0.0009 (  0.1%)   0.0008 (  0.6%)   0.0017 (  0.1%)   0.0017 (  0.1%)  Collect complexity metrics for FE reflow
   0.0017 (  0.1%)   0.0000 (  0.0%)   0.0017 (  0.1%)   0.0017 (  0.1%)  Reflow pragma unroll loops
   0.0017 (  0.1%)   0.0000 (  0.0%)   0.0017 (  0.1%)   0.0017 (  0.1%)  Combine redundant instructions
   0.0017 (  0.1%)   0.0000 (  0.0%)   0.0017 (  0.1%)   0.0017 (  0.1%)  Collect complexity metrics for FE reflow
   0.0017 (  0.1%)   0.0000 (  0.0%)   0.0017 (  0.1%)   0.0017 (  0.1%)  Combine redundant instructions
   0.0017 (  0.1%)   0.0000 (  0.0%)   0.0017 (  0.1%)   0.0017 (  0.1%)  Value Propagation
   0.0017 (  0.1%)   0.0000 (  0.0%)   0.0017 (  0.1%)   0.0017 (  0.1%)  Recursively inline barriers caller to kernel
   0.0017 (  0.1%)   0.0000 (  0.0%)   0.0017 (  0.1%)   0.0017 (  0.1%)  LoopFlattenMark - Mark nested loops flattenable recursively
   0.0017 (  0.1%)   0.0000 (  0.0%)   0.0017 (  0.1%)   0.0017 (  0.1%)  Value Propagation
   0.0016 (  0.1%)   0.0001 (  0.1%)   0.0017 (  0.1%)   0.0017 (  0.1%)  Global Value Numbering
   0.0017 (  0.1%)   0.0000 (  0.0%)   0.0017 (  0.1%)   0.0017 (  0.1%)  Array out of bound check
   0.0017 (  0.1%)   0.0000 (  0.0%)   0.0017 (  0.1%)   0.0017 (  0.1%)  Global Value Numbering
   0.0017 (  0.1%)   0.0000 (  0.0%)   0.0017 (  0.1%)   0.0017 (  0.1%)  Early GVN Hoisting of Expressions
   0.0016 (  0.1%)   0.0000 (  0.0%)   0.0016 (  0.1%)   0.0016 (  0.1%)  Global Value Numbering
   0.0016 (  0.1%)   0.0000 (  0.0%)   0.0016 (  0.1%)   0.0016 (  0.1%)  Collect complexity metrics for FE reflow
   0.0016 (  0.1%)   0.0000 (  0.0%)   0.0016 (  0.1%)   0.0016 (  0.1%)  AlignMemory - Align memory accesses
   0.0016 (  0.1%)   0.0000 (  0.0%)   0.0016 (  0.1%)   0.0016 (  0.1%)  Collect complexity metrics for FE reflow
   0.0016 (  0.1%)   0.0000 (  0.0%)   0.0016 (  0.1%)   0.0016 (  0.1%)  Collect complexity metrics for FE reflow
   0.0016 (  0.1%)   0.0000 (  0.0%)   0.0016 (  0.1%)   0.0016 (  0.1%)  Collect complexity metrics for FE reflow
   0.0014 (  0.1%)   0.0002 (  0.1%)   0.0016 (  0.1%)   0.0016 (  0.1%)  Early GVN Hoisting of Expressions
   0.0016 (  0.1%)   0.0000 (  0.0%)   0.0016 (  0.1%)   0.0016 (  0.1%)  Global Value Numbering
   0.0016 (  0.1%)   0.0000 (  0.0%)   0.0016 (  0.1%)   0.0016 (  0.1%)  Collect complexity metrics for FE reflow
   0.0015 (  0.1%)   0.0001 (  0.1%)   0.0016 (  0.1%)   0.0016 (  0.1%)  Value Propagation
   0.0016 (  0.1%)   0.0000 (  0.0%)   0.0016 (  0.1%)   0.0016 (  0.1%)  Early GVN Hoisting of Expressions
   0.0016 (  0.1%)   0.0000 (  0.0%)   0.0016 (  0.1%)   0.0016 (  0.1%)  Value Propagation
   0.0016 (  0.1%)   0.0000 (  0.0%)   0.0016 (  0.1%)   0.0016 (  0.1%)  Global Value Numbering
   0.0015 (  0.1%)   0.0001 (  0.0%)   0.0016 (  0.1%)   0.0016 (  0.1%)  Global Value Numbering
   0.0016 (  0.1%)   0.0000 (  0.0%)   0.0016 (  0.1%)   0.0016 (  0.1%)  Array out of bound check
   0.0015 (  0.1%)   0.0000 (  0.0%)   0.0015 (  0.1%)   0.0015 (  0.1%)  Value Propagation
   0.0006 (  0.0%)   0.0009 (  0.7%)   0.0015 (  0.1%)   0.0015 (  0.1%)  Collect complexity metrics for FE reflow
   0.0015 (  0.1%)   0.0000 (  0.0%)   0.0015 (  0.1%)   0.0015 (  0.1%)  Value Propagation
   0.0015 (  0.1%)   0.0001 (  0.1%)   0.0015 (  0.1%)   0.0015 (  0.1%)  Global Value Numbering
   0.0015 (  0.1%)   0.0000 (  0.0%)   0.0015 (  0.1%)   0.0015 (  0.1%)  ROM inference pass
   0.0014 (  0.1%)   0.0001 (  0.0%)   0.0015 (  0.1%)   0.0015 (  0.1%)  Value Propagation
   0.0014 (  0.1%)   0.0001 (  0.1%)   0.0015 (  0.1%)   0.0015 (  0.1%)  Promote 'by reference' arguments to scalars
   0.0014 (  0.1%)   0.0001 (  0.0%)   0.0015 (  0.1%)   0.0015 (  0.1%)  Memory SSA
   0.0015 (  0.1%)   0.0000 (  0.0%)   0.0015 (  0.1%)   0.0015 (  0.1%)  Early GVN Hoisting of Expressions
   0.0010 (  0.1%)   0.0005 (  0.4%)   0.0015 (  0.1%)   0.0015 (  0.1%)  Collect complexity metrics for FE reflow
   0.0015 (  0.1%)   0.0000 (  0.0%)   0.0015 (  0.1%)   0.0015 (  0.1%)  Early GVN Hoisting of Expressions
   0.0015 (  0.1%)   0.0000 (  0.0%)   0.0015 (  0.1%)   0.0015 (  0.1%)  Global Value Numbering
   0.0015 (  0.1%)   0.0000 (  0.0%)   0.0015 (  0.1%)   0.0014 (  0.1%)  Combine redundant instructions
   0.0014 (  0.1%)   0.0000 (  0.0%)   0.0014 (  0.1%)   0.0014 (  0.1%)  Value Propagation
   0.0014 (  0.1%)   0.0000 (  0.0%)   0.0014 (  0.1%)   0.0014 (  0.1%)  Jump Threading
   0.0014 (  0.1%)   0.0000 (  0.0%)   0.0014 (  0.1%)   0.0014 (  0.1%)  Value Propagation
   0.0014 (  0.1%)   0.0000 (  0.0%)   0.0014 (  0.1%)   0.0014 (  0.1%)  Collect complexity metrics for FE reflow
   0.0014 (  0.1%)   0.0000 (  0.0%)   0.0014 (  0.1%)   0.0014 (  0.1%)  Early GVN Hoisting of Expressions
   0.0014 (  0.1%)   0.0000 (  0.0%)   0.0014 (  0.1%)   0.0014 (  0.1%)  Merge accesses
   0.0014 (  0.1%)   0.0000 (  0.0%)   0.0014 (  0.1%)   0.0014 (  0.1%)  Memory SSA
   0.0014 (  0.1%)   0.0000 (  0.0%)   0.0014 (  0.1%)   0.0014 (  0.1%)  Merge accesses in the same region
   0.0013 (  0.1%)   0.0001 (  0.0%)   0.0014 (  0.1%)   0.0014 (  0.1%)  Value Propagation
   0.0014 (  0.1%)   0.0000 (  0.0%)   0.0014 (  0.1%)   0.0014 (  0.1%)  Value Propagation
   0.0014 (  0.1%)   0.0000 (  0.0%)   0.0014 (  0.1%)   0.0014 (  0.1%)  AnnotateNoAlias - Annotate NoAlias Attribute on Arguments
   0.0014 (  0.1%)   0.0000 (  0.0%)   0.0014 (  0.1%)   0.0014 (  0.1%)  Collect complexity metrics for FE reflow
   0.0014 (  0.1%)   0.0000 (  0.0%)   0.0014 (  0.1%)   0.0014 (  0.1%)  Collect complexity metrics for FE reflow
   0.0014 (  0.1%)   0.0000 (  0.0%)   0.0014 (  0.1%)   0.0014 (  0.1%)  Combine redundant instructions
   0.0013 (  0.1%)   0.0000 (  0.0%)   0.0014 (  0.1%)   0.0014 (  0.1%)  do loop unroll according tripcount threshold config
   0.0013 (  0.1%)   0.0000 (  0.0%)   0.0014 (  0.1%)   0.0014 (  0.1%)  Combine redundant instructions
   0.0013 (  0.1%)   0.0000 (  0.0%)   0.0013 (  0.1%)   0.0013 (  0.1%)  Memory SSA
   0.0013 (  0.1%)   0.0000 (  0.0%)   0.0013 (  0.1%)   0.0013 (  0.1%)  Interprocedural Sparse Conditional Constant Propagation
   0.0013 (  0.1%)   0.0000 (  0.0%)   0.0013 (  0.1%)   0.0013 (  0.1%)  Collect complexity metrics for FE reflow
   0.0011 (  0.1%)   0.0002 (  0.2%)   0.0013 (  0.1%)   0.0013 (  0.1%)  Combine redundant instructions
   0.0013 (  0.1%)   0.0000 (  0.0%)   0.0013 (  0.1%)   0.0013 (  0.1%)  Global Value Numbering
   0.0013 (  0.1%)   0.0000 (  0.0%)   0.0013 (  0.1%)   0.0013 (  0.1%)  Global Value Numbering
   0.0013 (  0.1%)   0.0000 (  0.0%)   0.0013 (  0.1%)   0.0013 (  0.1%)  Value Propagation
   0.0013 (  0.1%)   0.0000 (  0.0%)   0.0013 (  0.1%)   0.0013 (  0.1%)  Array out of bound check
   0.0013 (  0.1%)   0.0000 (  0.0%)   0.0013 (  0.1%)   0.0013 (  0.1%)  Value Propagation
   0.0013 (  0.1%)   0.0000 (  0.0%)   0.0013 (  0.1%)   0.0013 (  0.1%)  Global Value Numbering
   0.0013 (  0.1%)   0.0000 (  0.0%)   0.0013 (  0.1%)   0.0013 (  0.1%)  Interprocedural Sparse Conditional Constant Propagation
   0.0013 (  0.1%)   0.0000 (  0.0%)   0.0013 (  0.1%)   0.0013 (  0.1%)  Memory SSA
   0.0013 (  0.1%)   0.0000 (  0.0%)   0.0013 (  0.1%)   0.0013 (  0.1%)  Automatic inliner in reflow
   0.0013 (  0.1%)   0.0000 (  0.0%)   0.0013 (  0.1%)   0.0013 (  0.1%)  Merge accesses
   0.0012 (  0.1%)   0.0001 (  0.0%)   0.0013 (  0.1%)   0.0013 (  0.1%)  Value Propagation
   0.0013 (  0.1%)   0.0000 (  0.0%)   0.0013 (  0.1%)   0.0013 (  0.1%)  Memory SSA
   0.0012 (  0.1%)   0.0000 (  0.0%)   0.0013 (  0.1%)   0.0013 (  0.1%)  Value Propagation
   0.0012 (  0.1%)   0.0001 (  0.1%)   0.0013 (  0.1%)   0.0012 (  0.1%)  Combine redundant instructions
   0.0012 (  0.1%)   0.0000 (  0.0%)   0.0013 (  0.1%)   0.0012 (  0.1%)  Value Propagation
   0.0011 (  0.1%)   0.0001 (  0.1%)   0.0012 (  0.1%)   0.0012 (  0.1%)  Value Propagation
   0.0012 (  0.1%)   0.0000 (  0.0%)   0.0012 (  0.1%)   0.0012 (  0.1%)  Memory SSA
   0.0012 (  0.1%)   0.0000 (  0.0%)   0.0012 (  0.1%)   0.0012 (  0.1%)  Combine redundant instructions
   0.0012 (  0.1%)   0.0000 (  0.0%)   0.0012 (  0.1%)   0.0012 (  0.1%)  Aggressive Dead Code Elimination
   0.0012 (  0.1%)   0.0000 (  0.0%)   0.0012 (  0.1%)   0.0012 (  0.1%)  Jump Threading
   0.0012 (  0.1%)   0.0000 (  0.0%)   0.0012 (  0.1%)   0.0012 (  0.1%)  Memory SSA
   0.0012 (  0.1%)   0.0000 (  0.0%)   0.0012 (  0.1%)   0.0012 (  0.1%)  Array out of bound check
   0.0012 (  0.1%)   0.0000 (  0.0%)   0.0012 (  0.1%)   0.0012 (  0.1%)  Value Propagation
   0.0012 (  0.1%)   0.0000 (  0.0%)   0.0012 (  0.1%)   0.0012 (  0.1%)  Value Propagation
   0.0012 (  0.1%)   0.0000 (  0.0%)   0.0012 (  0.1%)   0.0012 (  0.1%)  Combine redundant instructions
   0.0011 (  0.1%)   0.0001 (  0.1%)   0.0012 (  0.1%)   0.0012 (  0.1%)  Simplify the CFG
   0.0012 (  0.1%)   0.0000 (  0.0%)   0.0012 (  0.1%)   0.0012 (  0.1%)  Early GVN Hoisting of Expressions
   0.0012 (  0.1%)   0.0000 (  0.0%)   0.0012 (  0.1%)   0.0012 (  0.1%)  Simplify the CFG
   0.0012 (  0.1%)   0.0000 (  0.0%)   0.0012 (  0.1%)   0.0012 (  0.1%)  Localize variables
   0.0003 (  0.0%)   0.0009 (  0.7%)   0.0012 (  0.1%)   0.0011 (  0.1%)  Simplify the CFG
   0.0011 (  0.1%)   0.0000 (  0.0%)   0.0011 (  0.1%)   0.0011 (  0.1%)  Array out of bound check
   0.0011 (  0.1%)   0.0000 (  0.0%)   0.0011 (  0.1%)   0.0011 (  0.1%)  Localize variables
   0.0011 (  0.1%)   0.0000 (  0.0%)   0.0011 (  0.1%)   0.0011 (  0.1%)  Merge accesses in the same region
   0.0011 (  0.1%)   0.0000 (  0.0%)   0.0011 (  0.1%)   0.0011 (  0.1%)  Combine redundant instructions
   0.0005 (  0.0%)   0.0006 (  0.5%)   0.0011 (  0.1%)   0.0011 (  0.1%)  AnnotateNoAlias - Annotate NoAlias Attribute on Arguments
   0.0011 (  0.1%)   0.0000 (  0.0%)   0.0011 (  0.1%)   0.0011 (  0.1%)  Combine redundant instructions
   0.0011 (  0.1%)   0.0000 (  0.0%)   0.0011 (  0.1%)   0.0011 (  0.1%)  Combine redundant instructions
   0.0011 (  0.1%)   0.0000 (  0.0%)   0.0011 (  0.1%)   0.0011 (  0.1%)  Combine redundant instructions
   0.0011 (  0.1%)   0.0000 (  0.0%)   0.0011 (  0.1%)   0.0011 (  0.1%)  Extract cfgs in dataflow
   0.0011 (  0.1%)   0.0000 (  0.0%)   0.0011 (  0.1%)   0.0011 (  0.1%)  Interprocedural Sparse Conditional Constant Propagation
   0.0010 (  0.1%)   0.0000 (  0.0%)   0.0011 (  0.1%)   0.0011 (  0.1%)  Aggressive Dead Code Elimination
   0.0011 (  0.1%)   0.0000 (  0.0%)   0.0011 (  0.1%)   0.0011 (  0.1%)  Memory SSA
   0.0011 (  0.1%)   0.0000 (  0.0%)   0.0011 (  0.1%)   0.0011 (  0.1%)  Memory Summary
   0.0010 (  0.1%)   0.0001 (  0.1%)   0.0011 (  0.1%)   0.0011 (  0.1%)  Aggressive Dead Code Elimination
   0.0011 (  0.1%)   0.0000 (  0.0%)   0.0011 (  0.1%)   0.0011 (  0.1%)  Aggressive Dead Code Elimination
   0.0011 (  0.1%)   0.0000 (  0.0%)   0.0011 (  0.1%)   0.0011 (  0.1%)  Aggressive Dead Code Elimination
   0.0010 (  0.1%)   0.0001 (  0.0%)   0.0011 (  0.1%)   0.0011 (  0.1%)  Aggressive Dead Code Elimination
   0.0010 (  0.1%)   0.0001 (  0.1%)   0.0011 (  0.1%)   0.0011 (  0.1%)  Memory SSA
   0.0011 (  0.1%)   0.0000 (  0.0%)   0.0011 (  0.1%)   0.0010 (  0.1%)  Combine redundant instructions
   0.0011 (  0.1%)   0.0000 (  0.0%)   0.0011 (  0.1%)   0.0010 (  0.1%)  Simplify the CFG
   0.0010 (  0.1%)   0.0000 (  0.0%)   0.0010 (  0.1%)   0.0010 (  0.1%)  Localize variables
   0.0010 (  0.1%)   0.0000 (  0.0%)   0.0010 (  0.1%)   0.0010 (  0.1%)  Aggressive Dead Code Elimination
   0.0010 (  0.1%)   0.0000 (  0.0%)   0.0010 (  0.1%)   0.0010 (  0.1%)  Memory SSA
   0.0009 (  0.1%)   0.0001 (  0.1%)   0.0010 (  0.1%)   0.0010 (  0.1%)  Produce message if basic block has too many instructions
   0.0010 (  0.1%)   0.0000 (  0.0%)   0.0010 (  0.1%)   0.0010 (  0.1%)  Memory SSA
   0.0010 (  0.1%)   0.0000 (  0.0%)   0.0010 (  0.1%)   0.0010 (  0.1%)  Aggressive Dead Code Elimination
   0.0010 (  0.1%)   0.0000 (  0.0%)   0.0010 (  0.1%)   0.0010 (  0.1%)  Aggressive Dead Code Elimination
   0.0010 (  0.1%)   0.0000 (  0.0%)   0.0010 (  0.1%)   0.0010 (  0.1%)  Dead Store Elimination
   0.0010 (  0.1%)   0.0000 (  0.0%)   0.0010 (  0.1%)   0.0010 (  0.1%)  Aggressive Dead Code Elimination
   0.0009 (  0.1%)   0.0000 (  0.0%)   0.0010 (  0.1%)   0.0010 (  0.1%)  Aggressive Dead Code Elimination
   0.0009 (  0.1%)   0.0000 (  0.0%)   0.0010 (  0.1%)   0.0010 (  0.1%)  Aggressive Dead Code Elimination
   0.0009 (  0.1%)   0.0001 (  0.0%)   0.0010 (  0.1%)   0.0010 (  0.1%)  Aggressive Dead Code Elimination
   0.0008 (  0.1%)   0.0002 (  0.1%)   0.0010 (  0.1%)   0.0010 (  0.1%)  Memory SSA
   0.0010 (  0.1%)   0.0000 (  0.0%)   0.0010 (  0.1%)   0.0010 (  0.1%)  AnnotateNoAlias - Annotate NoAlias Attribute on Arguments
   0.0009 (  0.1%)   0.0000 (  0.0%)   0.0010 (  0.1%)   0.0010 (  0.1%)  Post-Dominator Tree Construction
   0.0009 (  0.1%)   0.0001 (  0.0%)   0.0009 (  0.1%)   0.0009 (  0.1%)  Combine redundant instructions
   0.0009 (  0.1%)   0.0000 (  0.0%)   0.0009 (  0.1%)   0.0009 (  0.1%)  dump pragma info via xml format
   0.0009 (  0.1%)   0.0000 (  0.0%)   0.0009 (  0.1%)   0.0009 (  0.1%)  Struct object aggregation
   0.0008 (  0.1%)   0.0001 (  0.1%)   0.0009 (  0.1%)   0.0009 (  0.1%)  Combine redundant instructions
   0.0009 (  0.1%)   0.0000 (  0.0%)   0.0009 (  0.1%)   0.0009 (  0.1%)  Combine redundant instructions
   0.0009 (  0.1%)   0.0000 (  0.0%)   0.0009 (  0.1%)   0.0009 (  0.1%)  Simplify the CFG
   0.0007 (  0.1%)   0.0002 (  0.1%)   0.0009 (  0.1%)   0.0009 (  0.1%)  Dominator Tree Construction
   0.0009 (  0.1%)   0.0000 (  0.0%)   0.0009 (  0.1%)   0.0009 (  0.1%)  Simplify the CFG
   0.0006 (  0.0%)   0.0003 (  0.2%)   0.0009 (  0.1%)   0.0009 (  0.1%)  Combine redundant instructions
   0.0009 (  0.1%)   0.0000 (  0.0%)   0.0009 (  0.1%)   0.0009 (  0.1%)  Combine redundant instructions
   0.0009 (  0.1%)   0.0000 (  0.0%)   0.0009 (  0.1%)   0.0009 (  0.1%)  Memory SSA
   0.0009 (  0.1%)   0.0000 (  0.0%)   0.0009 (  0.1%)   0.0009 (  0.1%)  Aggressive Dead Code Elimination
   0.0009 (  0.1%)   0.0000 (  0.0%)   0.0009 (  0.1%)   0.0009 (  0.1%)  Memory SSA
   0.0009 (  0.1%)   0.0000 (  0.0%)   0.0009 (  0.1%)   0.0009 (  0.1%)  Print module to file
   0.0008 (  0.1%)   0.0000 (  0.0%)   0.0009 (  0.1%)   0.0009 (  0.1%)  Aggressive Dead Code Elimination
   0.0009 (  0.1%)   0.0000 (  0.0%)   0.0009 (  0.1%)   0.0009 (  0.1%)  Aggressive Dead Code Elimination
   0.0009 (  0.1%)   0.0000 (  0.0%)   0.0009 (  0.1%)   0.0009 (  0.1%)  Combine redundant instructions
   0.0009 (  0.1%)   0.0000 (  0.0%)   0.0009 (  0.1%)   0.0009 (  0.1%)  Aggressive Dead Code Elimination
   0.0009 (  0.1%)   0.0000 (  0.0%)   0.0009 (  0.1%)   0.0009 (  0.1%)  Remove redundant instructions
   0.0006 (  0.0%)   0.0003 (  0.2%)   0.0009 (  0.1%)   0.0009 (  0.1%)  Function Alias Analysis Results
   0.0009 (  0.1%)   0.0000 (  0.0%)   0.0009 (  0.1%)   0.0009 (  0.1%)  Aggressive Dead Code Elimination
   0.0007 (  0.1%)   0.0002 (  0.1%)   0.0009 (  0.1%)   0.0009 (  0.1%)  Function Alias Analysis Results
   0.0008 (  0.1%)   0.0001 (  0.1%)   0.0009 (  0.1%)   0.0009 (  0.1%)  Aggressive Dead Code Elimination
   0.0008 (  0.1%)   0.0000 (  0.0%)   0.0009 (  0.1%)   0.0009 (  0.1%)  Dominator Tree Construction
   0.0008 (  0.1%)   0.0000 (  0.0%)   0.0009 (  0.1%)   0.0009 (  0.1%)  Aggressive Dead Code Elimination
   0.0007 (  0.0%)   0.0002 (  0.1%)   0.0009 (  0.1%)   0.0009 (  0.1%)  Post-Dominator Tree Construction
   0.0009 (  0.1%)   0.0000 (  0.0%)   0.0009 (  0.1%)   0.0009 (  0.1%)  Simplify the CFG
   0.0008 (  0.1%)   0.0000 (  0.0%)   0.0009 (  0.1%)   0.0009 (  0.1%)  Promote Memory to Register
   0.0007 (  0.0%)   0.0002 (  0.1%)   0.0009 (  0.1%)   0.0009 (  0.1%)  Detect single entry single exit regions
   0.0009 (  0.1%)   0.0000 (  0.0%)   0.0009 (  0.1%)   0.0009 (  0.1%)  Aggressive Dead Code Elimination
   0.0009 (  0.1%)   0.0000 (  0.0%)   0.0009 (  0.1%)   0.0009 (  0.1%)  Aggressive Dead Code Elimination
   0.0008 (  0.1%)   0.0000 (  0.0%)   0.0008 (  0.1%)   0.0009 (  0.1%)  Dominator Tree Construction
   0.0008 (  0.1%)   0.0000 (  0.0%)   0.0008 (  0.1%)   0.0008 (  0.1%)  Promote Memory to Register
   0.0008 (  0.1%)   0.0000 (  0.0%)   0.0008 (  0.1%)   0.0008 (  0.1%)  Aggressive Dead Code Elimination
   0.0004 (  0.0%)   0.0004 (  0.3%)   0.0008 (  0.1%)   0.0008 (  0.1%)  Combine redundant instructions
   0.0008 (  0.1%)   0.0000 (  0.0%)   0.0008 (  0.1%)   0.0008 (  0.1%)  Memory SSA
   0.0008 (  0.1%)   0.0000 (  0.0%)   0.0008 (  0.1%)   0.0008 (  0.1%)  Aggressive Dead Code Elimination
   0.0008 (  0.1%)   0.0000 (  0.0%)   0.0008 (  0.1%)   0.0008 (  0.1%)  Infer complete unroll based on pipeline pragma
   0.0007 (  0.1%)   0.0001 (  0.1%)   0.0008 (  0.1%)   0.0008 (  0.1%)  Function Alias Analysis Results
   0.0008 (  0.1%)   0.0000 (  0.0%)   0.0008 (  0.1%)   0.0008 (  0.1%)  Aggressive Dead Code Elimination
   0.0006 (  0.0%)   0.0002 (  0.2%)   0.0008 (  0.1%)   0.0008 (  0.1%)  Function Alias Analysis Results
   0.0007 (  0.0%)   0.0002 (  0.1%)   0.0008 (  0.1%)   0.0008 (  0.1%)  Function Alias Analysis Results
   0.0008 (  0.1%)   0.0000 (  0.0%)   0.0008 (  0.1%)   0.0008 (  0.1%)  Simple constant propagation
   0.0008 (  0.1%)   0.0000 (  0.0%)   0.0008 (  0.1%)   0.0008 (  0.1%)  Aggressive Dead Code Elimination
   0.0008 (  0.1%)   0.0000 (  0.0%)   0.0008 (  0.1%)   0.0008 (  0.1%)  Aggressive Dead Code Elimination
   0.0008 (  0.1%)   0.0000 (  0.0%)   0.0008 (  0.1%)   0.0008 (  0.1%)  Aggressive Dead Code Elimination
   0.0008 (  0.1%)   0.0000 (  0.0%)   0.0008 (  0.1%)   0.0008 (  0.1%)  Function Alias Analysis Results
   0.0008 (  0.1%)   0.0000 (  0.0%)   0.0008 (  0.1%)   0.0008 (  0.1%)  Function Alias Analysis Results
   0.0006 (  0.0%)   0.0002 (  0.2%)   0.0008 (  0.1%)   0.0008 (  0.1%)  Function Alias Analysis Results
   0.0008 (  0.1%)   0.0000 (  0.0%)   0.0008 (  0.1%)   0.0008 (  0.1%)  Simplify the CFG
   0.0008 (  0.1%)   0.0000 (  0.0%)   0.0008 (  0.1%)   0.0008 (  0.1%)  Function Alias Analysis Results
   0.0008 (  0.1%)   0.0000 (  0.0%)   0.0008 (  0.1%)   0.0008 (  0.1%)  Dump HBM driver helper code
   0.0008 (  0.1%)   0.0000 (  0.0%)   0.0008 (  0.1%)   0.0008 (  0.1%)  Combine redundant instructions
   0.0006 (  0.0%)   0.0002 (  0.2%)   0.0008 (  0.1%)   0.0008 (  0.1%)  Function Alias Analysis Results
   0.0008 (  0.1%)   0.0000 (  0.0%)   0.0008 (  0.1%)   0.0008 (  0.1%)  Memory SSA
   0.0008 (  0.1%)   0.0000 (  0.0%)   0.0008 (  0.1%)   0.0008 (  0.1%)  Aggressive Dead Code Elimination
   0.0007 (  0.1%)   0.0001 (  0.0%)   0.0008 (  0.1%)   0.0008 (  0.1%)  Simplify the CFG
   0.0008 (  0.1%)   0.0000 (  0.0%)   0.0008 (  0.1%)   0.0008 (  0.1%)  Simplify the CFG
   0.0008 (  0.1%)   0.0000 (  0.0%)   0.0008 (  0.1%)   0.0008 (  0.1%)  Simple constant propagation
   0.0008 (  0.1%)   0.0000 (  0.0%)   0.0008 (  0.1%)   0.0008 (  0.1%)  Simplify the CFG
   0.0007 (  0.1%)   0.0000 (  0.0%)   0.0008 (  0.1%)   0.0008 (  0.1%)  Aggressive Dead Code Elimination
   0.0008 (  0.1%)   0.0000 (  0.0%)   0.0008 (  0.1%)   0.0008 (  0.1%)  Infer complete unroll based on pipeline pragma
   0.0008 (  0.1%)   0.0000 (  0.0%)   0.0008 (  0.1%)   0.0008 (  0.1%)  Function Alias Analysis Results
   0.0008 (  0.1%)   0.0000 (  0.0%)   0.0008 (  0.1%)   0.0008 (  0.1%)  Aggressive Dead Code Elimination
   0.0007 (  0.1%)   0.0000 (  0.0%)   0.0008 (  0.1%)   0.0008 (  0.1%)  Simplify the CFG
   0.0007 (  0.1%)   0.0001 (  0.0%)   0.0008 (  0.1%)   0.0008 (  0.1%)  Remove redundant instructions
   0.0008 (  0.1%)   0.0000 (  0.0%)   0.0008 (  0.1%)   0.0008 (  0.1%)  Simplify the CFG
   0.0006 (  0.0%)   0.0002 (  0.1%)   0.0008 (  0.1%)   0.0008 (  0.1%)  Function Alias Analysis Results
   0.0008 (  0.1%)   0.0000 (  0.0%)   0.0008 (  0.1%)   0.0008 (  0.1%)  Aggressive Dead Code Elimination
   0.0007 (  0.1%)   0.0000 (  0.0%)   0.0008 (  0.1%)   0.0008 (  0.1%)  Aggressive Dead Code Elimination
   0.0006 (  0.0%)   0.0002 (  0.1%)   0.0008 (  0.1%)   0.0008 (  0.1%)  Function Alias Analysis Results
   0.0008 (  0.1%)   0.0000 (  0.0%)   0.0008 (  0.1%)   0.0007 (  0.1%)  Combine redundant instructions
   0.0007 (  0.1%)   0.0000 (  0.0%)   0.0007 (  0.1%)   0.0007 (  0.1%)  Simplify the CFG
   0.0005 (  0.0%)   0.0002 (  0.2%)   0.0008 (  0.1%)   0.0007 (  0.0%)  Function Alias Analysis Results
   0.0007 (  0.1%)   0.0000 (  0.0%)   0.0007 (  0.0%)   0.0007 (  0.0%)  Aggressive Dead Code Elimination
   0.0007 (  0.1%)   0.0000 (  0.0%)   0.0007 (  0.0%)   0.0007 (  0.0%)  Pragma preprocessing after clang
   0.0007 (  0.0%)   0.0001 (  0.1%)   0.0007 (  0.1%)   0.0007 (  0.0%)  Produce message if basic block has too many instructions
   0.0007 (  0.1%)   0.0000 (  0.0%)   0.0007 (  0.0%)   0.0007 (  0.0%)  Combine redundant instructions
   0.0007 (  0.1%)   0.0000 (  0.0%)   0.0007 (  0.0%)   0.0007 (  0.0%)  AnnotateNoAlias - Annotate NoAlias Attribute on Arguments
   0.0007 (  0.1%)   0.0000 (  0.0%)   0.0007 (  0.0%)   0.0007 (  0.0%)  Aggressive Dead Code Elimination
   0.0007 (  0.1%)   0.0000 (  0.0%)   0.0007 (  0.0%)   0.0007 (  0.0%)  Aggressive Dead Code Elimination
   0.0007 (  0.0%)   0.0001 (  0.0%)   0.0007 (  0.0%)   0.0007 (  0.0%)   automatic parallel and pipeline insertion based performance constraint
   0.0007 (  0.1%)   0.0000 (  0.0%)   0.0007 (  0.0%)   0.0007 (  0.0%)  Aggressive Dead Code Elimination
   0.0007 (  0.1%)   0.0000 (  0.0%)   0.0007 (  0.0%)   0.0007 (  0.0%)  Aggressive Dead Code Elimination
   0.0004 (  0.0%)   0.0003 (  0.2%)   0.0007 (  0.0%)   0.0007 (  0.0%)  Function Alias Analysis Results
   0.0003 (  0.0%)   0.0004 (  0.3%)   0.0007 (  0.0%)   0.0007 (  0.0%)  Dominator Tree Construction
   0.0007 (  0.1%)   0.0000 (  0.0%)   0.0007 (  0.0%)   0.0007 (  0.0%)  Simplify the CFG
   0.0007 (  0.1%)   0.0000 (  0.0%)   0.0007 (  0.0%)   0.0007 (  0.0%)  Dead Store Elimination
   0.0007 (  0.1%)   0.0000 (  0.0%)   0.0007 (  0.0%)   0.0007 (  0.0%)  Promote Memory to Register
   0.0007 (  0.1%)   0.0000 (  0.0%)   0.0007 (  0.0%)   0.0007 (  0.0%)  Aggressive Dead Code Elimination
   0.0007 (  0.1%)   0.0000 (  0.0%)   0.0007 (  0.0%)   0.0007 (  0.0%)  Dominator Tree Construction
   0.0007 (  0.1%)   0.0000 (  0.0%)   0.0007 (  0.0%)   0.0007 (  0.0%)  Infer nuw/nsw flags for instructions
   0.0006 (  0.0%)   0.0001 (  0.1%)   0.0007 (  0.0%)   0.0007 (  0.0%)  Function Alias Analysis Results
   0.0007 (  0.1%)   0.0000 (  0.0%)   0.0007 (  0.0%)   0.0007 (  0.0%)  Infer nuw/nsw flags for instructions
   0.0007 (  0.0%)   0.0000 (  0.0%)   0.0007 (  0.0%)   0.0007 (  0.0%)  Aggressive Dead Code Elimination
   0.0007 (  0.0%)   0.0000 (  0.0%)   0.0007 (  0.0%)   0.0007 (  0.0%)  Dead Store Elimination
   0.0007 (  0.0%)   0.0000 (  0.0%)   0.0007 (  0.0%)   0.0007 (  0.0%)  Dataflow Process Duplication
   0.0007 (  0.1%)   0.0000 (  0.0%)   0.0007 (  0.0%)   0.0007 (  0.0%)  Dominator Tree Construction
   0.0004 (  0.0%)   0.0002 (  0.2%)   0.0007 (  0.0%)   0.0007 (  0.0%)  Function Alias Analysis Results
   0.0007 (  0.0%)   0.0000 (  0.0%)   0.0007 (  0.0%)   0.0007 (  0.0%)  Dominator Tree Construction
   0.0007 (  0.0%)   0.0000 (  0.0%)   0.0007 (  0.0%)   0.0007 (  0.0%)  Aggressive Dead Code Elimination
   0.0007 (  0.0%)   0.0000 (  0.0%)   0.0007 (  0.0%)   0.0007 (  0.0%)  Function Alias Analysis Results
   0.0005 (  0.0%)   0.0002 (  0.1%)   0.0007 (  0.0%)   0.0007 (  0.0%)  Dead Store Elimination
   0.0007 (  0.0%)   0.0000 (  0.0%)   0.0007 (  0.0%)   0.0007 (  0.0%)  Aggressive Dead Code Elimination
   0.0007 (  0.0%)   0.0000 (  0.0%)   0.0007 (  0.0%)   0.0007 (  0.0%)  Aggressive Dead Code Elimination
   0.0007 (  0.0%)   0.0000 (  0.0%)   0.0007 (  0.0%)   0.0007 (  0.0%)  Infer nuw/nsw flags for instructions
   0.0007 (  0.0%)   0.0000 (  0.0%)   0.0007 (  0.0%)   0.0007 (  0.0%)  Aggressive Dead Code Elimination
   0.0006 (  0.0%)   0.0000 (  0.0%)   0.0007 (  0.0%)   0.0007 (  0.0%)  Aggressive Dead Code Elimination
   0.0007 (  0.0%)   0.0000 (  0.0%)   0.0007 (  0.0%)   0.0007 (  0.0%)  Aggressive Dead Code Elimination
   0.0007 (  0.0%)   0.0000 (  0.0%)   0.0007 (  0.0%)   0.0007 (  0.0%)  Unswitch loops
   0.0007 (  0.0%)   0.0000 (  0.0%)   0.0007 (  0.0%)   0.0007 (  0.0%)  Infer complete unroll based on pipeline pragma
   0.0007 (  0.0%)   0.0000 (  0.0%)   0.0007 (  0.0%)   0.0007 (  0.0%)  Dead Store Elimination
   0.0007 (  0.0%)   0.0000 (  0.0%)   0.0007 (  0.0%)   0.0007 (  0.0%)  Memory SSA
   0.0004 (  0.0%)   0.0003 (  0.2%)   0.0007 (  0.0%)   0.0007 (  0.0%)  Function Alias Analysis Results
   0.0007 (  0.0%)   0.0000 (  0.0%)   0.0007 (  0.0%)   0.0007 (  0.0%)  Aggressive Dead Code Elimination
   0.0007 (  0.0%)   0.0000 (  0.0%)   0.0007 (  0.0%)   0.0007 (  0.0%)  Remove redundant instructions
   0.0007 (  0.0%)   0.0000 (  0.0%)   0.0007 (  0.0%)   0.0007 (  0.0%)  Function Alias Analysis Results
   0.0006 (  0.0%)   0.0001 (  0.1%)   0.0007 (  0.0%)   0.0007 (  0.0%)  Function Alias Analysis Results
   0.0007 (  0.0%)   0.0000 (  0.0%)   0.0007 (  0.0%)   0.0007 (  0.0%)  Function Alias Analysis Results
   0.0005 (  0.0%)   0.0002 (  0.1%)   0.0007 (  0.0%)   0.0007 (  0.0%)  Function Alias Analysis Results
   0.0007 (  0.0%)   0.0000 (  0.0%)   0.0007 (  0.0%)   0.0007 (  0.0%)  Aggressive Dead Code Elimination
   0.0007 (  0.0%)   0.0000 (  0.0%)   0.0007 (  0.0%)   0.0007 (  0.0%)  Remove redundant instructions
   0.0007 (  0.0%)   0.0000 (  0.0%)   0.0007 (  0.0%)   0.0007 (  0.0%)  Achieval II estimation - estimate acheival II lower bound according to constraint
   0.0006 (  0.0%)   0.0000 (  0.0%)   0.0007 (  0.0%)   0.0007 (  0.0%)  Simplify the CFG
   0.0007 (  0.0%)   0.0000 (  0.0%)   0.0007 (  0.0%)   0.0007 (  0.0%)  Function Alias Analysis Results
   0.0005 (  0.0%)   0.0001 (  0.1%)   0.0007 (  0.0%)   0.0007 (  0.0%)  Aggressive Dead Code Elimination
   0.0007 (  0.0%)   0.0000 (  0.0%)   0.0007 (  0.0%)   0.0007 (  0.0%)  Achieval II estimation - estimate acheival II lower bound according to constraint
   0.0005 (  0.0%)   0.0001 (  0.1%)   0.0007 (  0.0%)   0.0007 (  0.0%)  Dead Store Elimination
   0.0006 (  0.0%)   0.0000 (  0.0%)   0.0007 (  0.0%)   0.0007 (  0.0%)  Dominator Tree Construction
   0.0006 (  0.0%)   0.0000 (  0.0%)   0.0007 (  0.0%)   0.0007 (  0.0%)  Dead Store Elimination
   0.0006 (  0.0%)   0.0000 (  0.0%)   0.0007 (  0.0%)   0.0006 (  0.0%)  Simplify the CFG
   0.0006 (  0.0%)   0.0000 (  0.0%)   0.0006 (  0.0%)   0.0006 (  0.0%)  Function Alias Analysis Results
   0.0006 (  0.0%)   0.0000 (  0.0%)   0.0006 (  0.0%)   0.0006 (  0.0%)  Function Alias Analysis Results
   0.0006 (  0.0%)   0.0001 (  0.0%)   0.0007 (  0.0%)   0.0006 (  0.0%)  Dead Store Elimination
   0.0007 (  0.0%)   0.0000 (  0.0%)   0.0007 (  0.0%)   0.0006 (  0.0%)  Dead Store Elimination
   0.0006 (  0.0%)   0.0000 (  0.0%)   0.0006 (  0.0%)   0.0006 (  0.0%)  Aggressive Dead Code Elimination
   0.0006 (  0.0%)   0.0000 (  0.0%)   0.0007 (  0.0%)   0.0006 (  0.0%)  Dead Store Elimination
   0.0006 (  0.0%)   0.0000 (  0.0%)   0.0006 (  0.0%)   0.0006 (  0.0%)  Aggressive Dead Code Elimination
   0.0006 (  0.0%)   0.0000 (  0.0%)   0.0006 (  0.0%)   0.0006 (  0.0%)  Function Alias Analysis Results
   0.0006 (  0.0%)   0.0001 (  0.0%)   0.0006 (  0.0%)   0.0006 (  0.0%)  Remove redundant instructions
   0.0006 (  0.0%)   0.0000 (  0.0%)   0.0006 (  0.0%)   0.0006 (  0.0%)  Infer nuw/nsw flags for instructions
   0.0006 (  0.0%)   0.0000 (  0.0%)   0.0006 (  0.0%)   0.0006 (  0.0%)  Function Alias Analysis Results
   0.0006 (  0.0%)   0.0000 (  0.0%)   0.0006 (  0.0%)   0.0006 (  0.0%)  Dominator Tree Construction
   0.0006 (  0.0%)   0.0000 (  0.0%)   0.0006 (  0.0%)   0.0006 (  0.0%)  Dominator Tree Construction
   0.0006 (  0.0%)   0.0000 (  0.0%)   0.0006 (  0.0%)   0.0006 (  0.0%)  Aggressive Dead Code Elimination
   0.0006 (  0.0%)   0.0000 (  0.0%)   0.0006 (  0.0%)   0.0006 (  0.0%)  Function Alias Analysis Results
   0.0006 (  0.0%)   0.0000 (  0.0%)   0.0006 (  0.0%)   0.0006 (  0.0%)  Simple constant propagation
   0.0006 (  0.0%)   0.0000 (  0.0%)   0.0006 (  0.0%)   0.0006 (  0.0%)  Dominator Tree Construction
   0.0006 (  0.0%)   0.0000 (  0.0%)   0.0006 (  0.0%)   0.0006 (  0.0%)  Function Alias Analysis Results
   0.0006 (  0.0%)   0.0000 (  0.0%)   0.0006 (  0.0%)   0.0006 (  0.0%)  Function Alias Analysis Results
   0.0006 (  0.0%)   0.0000 (  0.0%)   0.0006 (  0.0%)   0.0006 (  0.0%)  Dead Store Elimination
   0.0006 (  0.0%)   0.0000 (  0.0%)   0.0006 (  0.0%)   0.0006 (  0.0%)  Dead Store Elimination
   0.0006 (  0.0%)   0.0000 (  0.0%)   0.0006 (  0.0%)   0.0006 (  0.0%)  AccessGroup - Group the memory access for the same object
   0.0006 (  0.0%)   0.0000 (  0.0%)   0.0006 (  0.0%)   0.0006 (  0.0%)  ReflowCheckPragmaConflicts - check pragma conflicts in reflow
   0.0006 (  0.0%)   0.0000 (  0.0%)   0.0006 (  0.0%)   0.0006 (  0.0%)  Infer nuw/nsw flags for instructions
   0.0006 (  0.0%)   0.0000 (  0.0%)   0.0006 (  0.0%)   0.0006 (  0.0%)  Memory SSA
   0.0006 (  0.0%)   0.0000 (  0.0%)   0.0006 (  0.0%)   0.0006 (  0.0%)  Function Alias Analysis Results
   0.0006 (  0.0%)   0.0000 (  0.0%)   0.0006 (  0.0%)   0.0006 (  0.0%)  Function Alias Analysis Results
   0.0006 (  0.0%)   0.0000 (  0.0%)   0.0006 (  0.0%)   0.0006 (  0.0%)  Interleave memory accesses
   0.0004 (  0.0%)   0.0002 (  0.1%)   0.0006 (  0.0%)   0.0006 (  0.0%)  Function Alias Analysis Results
   0.0006 (  0.0%)   0.0000 (  0.0%)   0.0006 (  0.0%)   0.0006 (  0.0%)  Remove redundant instructions
   0.0004 (  0.0%)   0.0002 (  0.1%)   0.0006 (  0.0%)   0.0006 (  0.0%)  Transform SSA value on top function to variable with pointer type
   0.0006 (  0.0%)   0.0000 (  0.0%)   0.0006 (  0.0%)   0.0006 (  0.0%)  Dead Store Elimination
   0.0006 (  0.0%)   0.0000 (  0.0%)   0.0006 (  0.0%)   0.0006 (  0.0%)  Function Alias Analysis Results
   0.0006 (  0.0%)   0.0000 (  0.0%)   0.0006 (  0.0%)   0.0006 (  0.0%)  Dead Store Elimination
   0.0003 (  0.0%)   0.0003 (  0.2%)   0.0006 (  0.0%)   0.0006 (  0.0%)  Function Alias Analysis Results
   0.0006 (  0.0%)   0.0000 (  0.0%)   0.0006 (  0.0%)   0.0006 (  0.0%)  Remove redundant instructions
   0.0006 (  0.0%)   0.0000 (  0.0%)   0.0006 (  0.0%)   0.0006 (  0.0%)  Dominator Tree Construction
   0.0005 (  0.0%)   0.0001 (  0.1%)   0.0006 (  0.0%)   0.0006 (  0.0%)  Function Alias Analysis Results
   0.0006 (  0.0%)   0.0000 (  0.0%)   0.0006 (  0.0%)   0.0006 (  0.0%)  Memory SSA
   0.0006 (  0.0%)   0.0000 (  0.0%)   0.0006 (  0.0%)   0.0006 (  0.0%)  Remove redundant instructions
   0.0006 (  0.0%)   0.0000 (  0.0%)   0.0006 (  0.0%)   0.0006 (  0.0%)  Aggressive Dead Code Elimination
   0.0006 (  0.0%)   0.0000 (  0.0%)   0.0006 (  0.0%)   0.0006 (  0.0%)  Function Alias Analysis Results
   0.0005 (  0.0%)   0.0001 (  0.1%)   0.0006 (  0.0%)   0.0006 (  0.0%)  Function Alias Analysis Results
   0.0006 (  0.0%)   0.0000 (  0.0%)   0.0006 (  0.0%)   0.0006 (  0.0%)  Divergence Analysis
   0.0006 (  0.0%)   0.0000 (  0.0%)   0.0006 (  0.0%)   0.0006 (  0.0%)  Function Alias Analysis Results
   0.0006 (  0.0%)   0.0000 (  0.0%)   0.0006 (  0.0%)   0.0006 (  0.0%)  Memory SSA
   0.0006 (  0.0%)   0.0000 (  0.0%)   0.0006 (  0.0%)   0.0006 (  0.0%)  Merge accesses in the same region
   0.0006 (  0.0%)   0.0000 (  0.0%)   0.0006 (  0.0%)   0.0006 (  0.0%)  Dominator Tree Construction
   0.0006 (  0.0%)   0.0000 (  0.0%)   0.0006 (  0.0%)   0.0006 (  0.0%)  Divergence Analysis
   0.0006 (  0.0%)   0.0000 (  0.0%)   0.0006 (  0.0%)   0.0006 (  0.0%)  Function Alias Analysis Results
   0.0004 (  0.0%)   0.0002 (  0.1%)   0.0006 (  0.0%)   0.0006 (  0.0%)  Function Alias Analysis Results
   0.0005 (  0.0%)   0.0001 (  0.1%)   0.0006 (  0.0%)   0.0006 (  0.0%)  Function Alias Analysis Results
   0.0005 (  0.0%)   0.0001 (  0.1%)   0.0006 (  0.0%)   0.0006 (  0.0%)  Function Alias Analysis Results
   0.0006 (  0.0%)   0.0000 (  0.0%)   0.0006 (  0.0%)   0.0006 (  0.0%)  Dominator Tree Construction
   0.0006 (  0.0%)   0.0000 (  0.0%)   0.0006 (  0.0%)   0.0006 (  0.0%)  Aggressive Dead Code Elimination
   0.0006 (  0.0%)   0.0000 (  0.0%)   0.0006 (  0.0%)   0.0006 (  0.0%)  Function Alias Analysis Results
   0.0006 (  0.0%)   0.0000 (  0.0%)   0.0006 (  0.0%)   0.0006 (  0.0%)  Assign names to anonymous instructions (structure based)
   0.0006 (  0.0%)   0.0000 (  0.0%)   0.0006 (  0.0%)   0.0006 (  0.0%)  Function Alias Analysis Results
   0.0006 (  0.0%)   0.0000 (  0.0%)   0.0006 (  0.0%)   0.0006 (  0.0%)  Function Alias Analysis Results
   0.0006 (  0.0%)   0.0000 (  0.0%)   0.0006 (  0.0%)   0.0006 (  0.0%)  Function Alias Analysis Results
   0.0005 (  0.0%)   0.0001 (  0.1%)   0.0006 (  0.0%)   0.0006 (  0.0%)  Function Alias Analysis Results
   0.0006 (  0.0%)   0.0000 (  0.0%)   0.0006 (  0.0%)   0.0006 (  0.0%)  Function Alias Analysis Results
   0.0005 (  0.0%)   0.0001 (  0.1%)   0.0006 (  0.0%)   0.0006 (  0.0%)  Remove redundant instructions
   0.0005 (  0.0%)   0.0001 (  0.1%)   0.0006 (  0.0%)   0.0006 (  0.0%)  Remove redundant instructions
   0.0006 (  0.0%)   0.0000 (  0.0%)   0.0006 (  0.0%)   0.0006 (  0.0%)  Natural Loop Information
   0.0006 (  0.0%)   0.0000 (  0.0%)   0.0006 (  0.0%)   0.0006 (  0.0%)  Function Alias Analysis Results
   0.0006 (  0.0%)   0.0000 (  0.0%)   0.0006 (  0.0%)   0.0006 (  0.0%)  Function Alias Analysis Results
   0.0006 (  0.0%)   0.0000 (  0.0%)   0.0006 (  0.0%)   0.0006 (  0.0%)  Simplify the CFG
   0.0005 (  0.0%)   0.0001 (  0.0%)   0.0006 (  0.0%)   0.0006 (  0.0%)  Function Alias Analysis Results
   0.0006 (  0.0%)   0.0000 (  0.0%)   0.0006 (  0.0%)   0.0006 (  0.0%)  Function Alias Analysis Results
   0.0006 (  0.0%)   0.0000 (  0.0%)   0.0006 (  0.0%)   0.0006 (  0.0%)  Remove redundant instructions
   0.0006 (  0.0%)   0.0000 (  0.0%)   0.0006 (  0.0%)   0.0006 (  0.0%)  Function Alias Analysis Results
   0.0006 (  0.0%)   0.0000 (  0.0%)   0.0006 (  0.0%)   0.0006 (  0.0%)  Aggressive Dead Code Elimination
   0.0005 (  0.0%)   0.0000 (  0.0%)   0.0006 (  0.0%)   0.0006 (  0.0%)  Remove redundant instructions
   0.0005 (  0.0%)   0.0000 (  0.0%)   0.0006 (  0.0%)   0.0006 (  0.0%)  Dead Store Elimination
   0.0006 (  0.0%)   0.0000 (  0.0%)   0.0006 (  0.0%)   0.0006 (  0.0%)  Merge accesses
   0.0003 (  0.0%)   0.0002 (  0.2%)   0.0006 (  0.0%)   0.0006 (  0.0%)  Function Alias Analysis Results
   0.0005 (  0.0%)   0.0000 (  0.0%)   0.0006 (  0.0%)   0.0006 (  0.0%)  Natural Loop Information
   0.0006 (  0.0%)   0.0000 (  0.0%)   0.0006 (  0.0%)   0.0006 (  0.0%)  Function Alias Analysis Results
   0.0006 (  0.0%)   0.0000 (  0.0%)   0.0006 (  0.0%)   0.0006 (  0.0%)  Function Alias Analysis Results
   0.0006 (  0.0%)   0.0000 (  0.0%)   0.0006 (  0.0%)   0.0006 (  0.0%)  Dominator Tree Construction
   0.0005 (  0.0%)   0.0000 (  0.0%)   0.0006 (  0.0%)   0.0006 (  0.0%)  Dominator Tree Construction
   0.0006 (  0.0%)   0.0000 (  0.0%)   0.0006 (  0.0%)   0.0006 (  0.0%)  Auto automatic array partition filter analysis
   0.0003 (  0.0%)   0.0002 (  0.2%)   0.0006 (  0.0%)   0.0006 (  0.0%)  Function Alias Analysis Results
   0.0006 (  0.0%)   0.0000 (  0.0%)   0.0006 (  0.0%)   0.0005 (  0.0%)  Function Alias Analysis Results
   0.0005 (  0.0%)   0.0000 (  0.0%)   0.0005 (  0.0%)   0.0005 (  0.0%)  Simplify the CFG
   0.0005 (  0.0%)   0.0000 (  0.0%)   0.0005 (  0.0%)   0.0005 (  0.0%)  Remove redundant instructions
   0.0005 (  0.0%)   0.0000 (  0.0%)   0.0005 (  0.0%)   0.0005 (  0.0%)  Function Alias Analysis Results
   0.0005 (  0.0%)   0.0000 (  0.0%)   0.0005 (  0.0%)   0.0005 (  0.0%)  Remove redundant instructions
   0.0005 (  0.0%)   0.0000 (  0.0%)   0.0005 (  0.0%)   0.0005 (  0.0%)  Function Alias Analysis Results
   0.0005 (  0.0%)   0.0000 (  0.0%)   0.0005 (  0.0%)   0.0005 (  0.0%)  Function Alias Analysis Results
   0.0005 (  0.0%)   0.0000 (  0.0%)   0.0005 (  0.0%)   0.0005 (  0.0%)  Dead Store Elimination
   0.0005 (  0.0%)   0.0000 (  0.0%)   0.0005 (  0.0%)   0.0005 (  0.0%)  Remove redundant instructions
   0.0005 (  0.0%)   0.0000 (  0.0%)   0.0005 (  0.0%)   0.0005 (  0.0%)  Dead Store Elimination
   0.0005 (  0.0%)   0.0000 (  0.0%)   0.0005 (  0.0%)   0.0005 (  0.0%)  Remove redundant instructions
   0.0005 (  0.0%)   0.0000 (  0.0%)   0.0005 (  0.0%)   0.0005 (  0.0%)  Memory SSA
   0.0005 (  0.0%)   0.0000 (  0.0%)   0.0005 (  0.0%)   0.0005 (  0.0%)  Remove redundant instructions
   0.0005 (  0.0%)   0.0001 (  0.1%)   0.0005 (  0.0%)   0.0005 (  0.0%)  Function Alias Analysis Results
   0.0004 (  0.0%)   0.0001 (  0.1%)   0.0005 (  0.0%)   0.0005 (  0.0%)  Function Alias Analysis Results
   0.0005 (  0.0%)   0.0000 (  0.0%)   0.0005 (  0.0%)   0.0005 (  0.0%)  Remove redundant instructions
   0.0005 (  0.0%)   0.0000 (  0.0%)   0.0005 (  0.0%)   0.0005 (  0.0%)  Dominator Tree Construction
   0.0005 (  0.0%)   0.0000 (  0.0%)   0.0005 (  0.0%)   0.0005 (  0.0%)  Dead Store Elimination
   0.0005 (  0.0%)   0.0000 (  0.0%)   0.0005 (  0.0%)   0.0005 (  0.0%)  Function Alias Analysis Results
   0.0005 (  0.0%)   0.0000 (  0.0%)   0.0005 (  0.0%)   0.0005 (  0.0%)  Simplify the CFG
   0.0005 (  0.0%)   0.0001 (  0.1%)   0.0005 (  0.0%)   0.0005 (  0.0%)  Function Alias Analysis Results
   0.0005 (  0.0%)   0.0001 (  0.1%)   0.0005 (  0.0%)   0.0005 (  0.0%)  Function Alias Analysis Results
   0.0004 (  0.0%)   0.0002 (  0.1%)   0.0005 (  0.0%)   0.0005 (  0.0%)  Function Alias Analysis Results
   0.0005 (  0.0%)   0.0000 (  0.0%)   0.0005 (  0.0%)   0.0005 (  0.0%)  Function Alias Analysis Results
   0.0005 (  0.0%)   0.0000 (  0.0%)   0.0005 (  0.0%)   0.0005 (  0.0%)  Remove redundant instructions
   0.0005 (  0.0%)   0.0000 (  0.0%)   0.0005 (  0.0%)   0.0005 (  0.0%)  Function Alias Analysis Results
   0.0005 (  0.0%)   0.0000 (  0.0%)   0.0005 (  0.0%)   0.0005 (  0.0%)  Function Alias Analysis Results
   0.0005 (  0.0%)   0.0000 (  0.0%)   0.0005 (  0.0%)   0.0005 (  0.0%)  Remove redundant instructions
   0.0005 (  0.0%)   0.0000 (  0.0%)   0.0005 (  0.0%)   0.0005 (  0.0%)  Function Alias Analysis Results
   0.0005 (  0.0%)   0.0000 (  0.0%)   0.0005 (  0.0%)   0.0005 (  0.0%)  Function Alias Analysis Results
   0.0005 (  0.0%)   0.0001 (  0.0%)   0.0005 (  0.0%)   0.0005 (  0.0%)  Function Alias Analysis Results
   0.0004 (  0.0%)   0.0001 (  0.1%)   0.0005 (  0.0%)   0.0005 (  0.0%)  Dominance Frontier Construction
   0.0005 (  0.0%)   0.0000 (  0.0%)   0.0005 (  0.0%)   0.0005 (  0.0%)  Remove redundant instructions
   0.0005 (  0.0%)   0.0000 (  0.0%)   0.0005 (  0.0%)   0.0005 (  0.0%)  Function Alias Analysis Results
   0.0005 (  0.0%)   0.0000 (  0.0%)   0.0005 (  0.0%)   0.0005 (  0.0%)  Remove redundant instructions
   0.0004 (  0.0%)   0.0001 (  0.1%)   0.0005 (  0.0%)   0.0005 (  0.0%)  Natural Loop Information
   0.0005 (  0.0%)   0.0000 (  0.0%)   0.0005 (  0.0%)   0.0005 (  0.0%)  Remove redundant instructions
   0.0005 (  0.0%)   0.0000 (  0.0%)   0.0005 (  0.0%)   0.0005 (  0.0%)  Function Alias Analysis Results
   0.0004 (  0.0%)   0.0001 (  0.0%)   0.0005 (  0.0%)   0.0005 (  0.0%)  Optimize multiple instructions
   0.0005 (  0.0%)   0.0000 (  0.0%)   0.0005 (  0.0%)   0.0005 (  0.0%)  Dominator Tree Construction
   0.0005 (  0.0%)   0.0000 (  0.0%)   0.0005 (  0.0%)   0.0005 (  0.0%)  Dead Store Elimination
   0.0005 (  0.0%)   0.0000 (  0.0%)   0.0005 (  0.0%)   0.0005 (  0.0%)  Function Alias Analysis Results
   0.0005 (  0.0%)   0.0000 (  0.0%)   0.0005 (  0.0%)   0.0005 (  0.0%)  Simplify the CFG
   0.0004 (  0.0%)   0.0001 (  0.1%)   0.0005 (  0.0%)   0.0005 (  0.0%)  Optimize multiple instructions
   0.0005 (  0.0%)   0.0000 (  0.0%)   0.0005 (  0.0%)   0.0005 (  0.0%)  Natural Loop Information
   0.0005 (  0.0%)   0.0000 (  0.0%)   0.0005 (  0.0%)   0.0005 (  0.0%)  Simplify types in the LLVM IR, redundant type hierarchy
   0.0005 (  0.0%)   0.0000 (  0.0%)   0.0005 (  0.0%)   0.0005 (  0.0%)  Function Alias Analysis Results
   0.0004 (  0.0%)   0.0001 (  0.1%)   0.0005 (  0.0%)   0.0005 (  0.0%)  Dominator Tree Construction
   0.0004 (  0.0%)   0.0001 (  0.0%)   0.0005 (  0.0%)   0.0005 (  0.0%)  Remove redundant instructions
   0.0005 (  0.0%)   0.0000 (  0.0%)   0.0005 (  0.0%)   0.0005 (  0.0%)  Dominator Tree Construction
   0.0005 (  0.0%)   0.0000 (  0.0%)   0.0005 (  0.0%)   0.0005 (  0.0%)  Remove redundant instructions
   0.0005 (  0.0%)   0.0000 (  0.0%)   0.0005 (  0.0%)   0.0005 (  0.0%)  Auto automatic array partition filter analysis
   0.0005 (  0.0%)   0.0000 (  0.0%)   0.0005 (  0.0%)   0.0005 (  0.0%)  Function Alias Analysis Results
   0.0001 (  0.0%)   0.0004 (  0.3%)   0.0005 (  0.0%)   0.0005 (  0.0%)  Natural Loop Information
   0.0005 (  0.0%)   0.0000 (  0.0%)   0.0005 (  0.0%)   0.0005 (  0.0%)  Optimize multiple instructions
   0.0005 (  0.0%)   0.0000 (  0.0%)   0.0005 (  0.0%)   0.0005 (  0.0%)  Remove redundant instructions
   0.0005 (  0.0%)   0.0000 (  0.0%)   0.0005 (  0.0%)   0.0005 (  0.0%)  Remove redundant instructions
   0.0005 (  0.0%)   0.0000 (  0.0%)   0.0005 (  0.0%)   0.0005 (  0.0%)  Dominator Tree Construction
   0.0005 (  0.0%)   0.0000 (  0.0%)   0.0005 (  0.0%)   0.0005 (  0.0%)  Optimize multiple instructions
   0.0005 (  0.0%)   0.0000 (  0.0%)   0.0005 (  0.0%)   0.0005 (  0.0%)  Dominator Tree Construction
   0.0005 (  0.0%)   0.0000 (  0.0%)   0.0005 (  0.0%)   0.0005 (  0.0%)  Simplify the CFG
   0.0004 (  0.0%)   0.0001 (  0.1%)   0.0005 (  0.0%)   0.0005 (  0.0%)  Function Alias Analysis Results
   0.0005 (  0.0%)   0.0000 (  0.0%)   0.0005 (  0.0%)   0.0005 (  0.0%)  Remove redundant instructions
   0.0004 (  0.0%)   0.0001 (  0.0%)   0.0005 (  0.0%)   0.0005 (  0.0%)  Function Alias Analysis Results
   0.0005 (  0.0%)   0.0000 (  0.0%)   0.0005 (  0.0%)   0.0005 (  0.0%)  Function Alias Analysis Results
   0.0005 (  0.0%)   0.0000 (  0.0%)   0.0005 (  0.0%)   0.0005 (  0.0%)  Dominator Tree Construction
   0.0005 (  0.0%)   0.0000 (  0.0%)   0.0005 (  0.0%)   0.0005 (  0.0%)  Natural Loop Information
   0.0005 (  0.0%)   0.0000 (  0.0%)   0.0005 (  0.0%)   0.0005 (  0.0%)  Optimize multiple instructions
   0.0004 (  0.0%)   0.0001 (  0.0%)   0.0005 (  0.0%)   0.0005 (  0.0%)  Function Alias Analysis Results
   0.0005 (  0.0%)   0.0000 (  0.0%)   0.0005 (  0.0%)   0.0005 (  0.0%)  Function Alias Analysis Results
   0.0005 (  0.0%)   0.0000 (  0.0%)   0.0005 (  0.0%)   0.0005 (  0.0%)  Function Alias Analysis Results
   0.0005 (  0.0%)   0.0000 (  0.0%)   0.0005 (  0.0%)   0.0005 (  0.0%)  Simplify the CFG
   0.0004 (  0.0%)   0.0000 (  0.0%)   0.0005 (  0.0%)   0.0005 (  0.0%)  Function Alias Analysis Results
   0.0005 (  0.0%)   0.0000 (  0.0%)   0.0005 (  0.0%)   0.0005 (  0.0%)  Natural Loop Information
   0.0005 (  0.0%)   0.0000 (  0.0%)   0.0005 (  0.0%)   0.0005 (  0.0%)  Function Alias Analysis Results
   0.0005 (  0.0%)   0.0000 (  0.0%)   0.0005 (  0.0%)   0.0005 (  0.0%)  Function Alias Analysis Results
   0.0005 (  0.0%)   0.0000 (  0.0%)   0.0005 (  0.0%)   0.0005 (  0.0%)  Extract dataflow loop
   0.0004 (  0.0%)   0.0000 (  0.0%)   0.0005 (  0.0%)   0.0005 (  0.0%)  Simplify the CFG
   0.0004 (  0.0%)   0.0001 (  0.0%)   0.0005 (  0.0%)   0.0005 (  0.0%)  Function Alias Analysis Results
   0.0005 (  0.0%)   0.0000 (  0.0%)   0.0005 (  0.0%)   0.0005 (  0.0%)  Natural Loop Information
   0.0003 (  0.0%)   0.0001 (  0.1%)   0.0005 (  0.0%)   0.0005 (  0.0%)  Function Alias Analysis Results
   0.0005 (  0.0%)   0.0000 (  0.0%)   0.0005 (  0.0%)   0.0005 (  0.0%)  Remove redundant instructions
   0.0005 (  0.0%)   0.0000 (  0.0%)   0.0005 (  0.0%)   0.0005 (  0.0%)  Canonicalize natural loops
   0.0004 (  0.0%)   0.0000 (  0.0%)   0.0005 (  0.0%)   0.0005 (  0.0%)  Dominator Tree Construction
   0.0005 (  0.0%)   0.0000 (  0.0%)   0.0005 (  0.0%)   0.0005 (  0.0%)  Dead Store Elimination
   0.0005 (  0.0%)   0.0000 (  0.0%)   0.0005 (  0.0%)   0.0005 (  0.0%)  Dominator Tree Construction
   0.0005 (  0.0%)   0.0000 (  0.0%)   0.0005 (  0.0%)   0.0005 (  0.0%)  Simplify types in the LLVM IR, redundant type hierarchy
   0.0005 (  0.0%)   0.0000 (  0.0%)   0.0005 (  0.0%)   0.0005 (  0.0%)  Function Alias Analysis Results
   0.0005 (  0.0%)   0.0000 (  0.0%)   0.0005 (  0.0%)   0.0005 (  0.0%)  Function Alias Analysis Results
   0.0004 (  0.0%)   0.0001 (  0.1%)   0.0005 (  0.0%)   0.0005 (  0.0%)  Canonicalize natural loops
   0.0004 (  0.0%)   0.0001 (  0.1%)   0.0005 (  0.0%)   0.0005 (  0.0%)  Function Alias Analysis Results
   0.0004 (  0.0%)   0.0000 (  0.0%)   0.0005 (  0.0%)   0.0005 (  0.0%)  Dead Store Elimination
   0.0005 (  0.0%)   0.0000 (  0.0%)   0.0005 (  0.0%)   0.0005 (  0.0%)  Dominator Tree Construction
   0.0003 (  0.0%)   0.0001 (  0.1%)   0.0005 (  0.0%)   0.0005 (  0.0%)  Function Alias Analysis Results
   0.0003 (  0.0%)   0.0002 (  0.1%)   0.0005 (  0.0%)   0.0005 (  0.0%)  Function Alias Analysis Results
   0.0005 (  0.0%)   0.0000 (  0.0%)   0.0005 (  0.0%)   0.0005 (  0.0%)  Dominator Tree Construction
   0.0005 (  0.0%)   0.0000 (  0.0%)   0.0005 (  0.0%)   0.0005 (  0.0%)  Function Alias Analysis Results
   0.0005 (  0.0%)   0.0000 (  0.0%)   0.0005 (  0.0%)   0.0005 (  0.0%)  Canonicalize natural loops
   0.0004 (  0.0%)   0.0000 (  0.0%)   0.0004 (  0.0%)   0.0004 (  0.0%)  Dead Store Elimination
   0.0005 (  0.0%)   0.0000 (  0.0%)   0.0005 (  0.0%)   0.0004 (  0.0%)  Optimize multiple instructions
   0.0004 (  0.0%)   0.0000 (  0.0%)   0.0004 (  0.0%)   0.0004 (  0.0%)  Optimize multiple instructions
   0.0000 (  0.0%)   0.0004 (  0.3%)   0.0004 (  0.0%)   0.0004 (  0.0%)  Auto automatic array partition filter analysis
   0.0004 (  0.0%)   0.0000 (  0.0%)   0.0004 (  0.0%)   0.0004 (  0.0%)  Optimize multiple instructions
   0.0004 (  0.0%)   0.0000 (  0.0%)   0.0004 (  0.0%)   0.0004 (  0.0%)  Post-Dominator Tree Construction
   0.0004 (  0.0%)   0.0000 (  0.0%)   0.0004 (  0.0%)   0.0004 (  0.0%)  Lower tasks into dataflow form
   0.0003 (  0.0%)   0.0001 (  0.1%)   0.0004 (  0.0%)   0.0004 (  0.0%)  Function Alias Analysis Results
   0.0003 (  0.0%)   0.0001 (  0.1%)   0.0004 (  0.0%)   0.0004 (  0.0%)  Function Alias Analysis Results
   0.0004 (  0.0%)   0.0000 (  0.0%)   0.0004 (  0.0%)   0.0004 (  0.0%)  Function Alias Analysis Results
   0.0004 (  0.0%)   0.0000 (  0.0%)   0.0004 (  0.0%)   0.0004 (  0.0%)  Function Alias Analysis Results
   0.0004 (  0.0%)   0.0000 (  0.0%)   0.0004 (  0.0%)   0.0004 (  0.0%)  Function Alias Analysis Results
   0.0004 (  0.0%)   0.0000 (  0.0%)   0.0004 (  0.0%)   0.0004 (  0.0%)  Function Alias Analysis Results
   0.0004 (  0.0%)   0.0000 (  0.0%)   0.0004 (  0.0%)   0.0004 (  0.0%)  Dominator Tree Construction
   0.0004 (  0.0%)   0.0000 (  0.0%)   0.0004 (  0.0%)   0.0004 (  0.0%)  Optimize multiple instructions
   0.0004 (  0.0%)   0.0000 (  0.0%)   0.0004 (  0.0%)   0.0004 (  0.0%)  Dominator Tree Construction
   0.0004 (  0.0%)   0.0000 (  0.0%)   0.0004 (  0.0%)   0.0004 (  0.0%)  Auto automatic array partition filter analysis
   0.0004 (  0.0%)   0.0000 (  0.0%)   0.0004 (  0.0%)   0.0004 (  0.0%)  Auto automatic array partition filter analysis
   0.0004 (  0.0%)   0.0000 (  0.0%)   0.0004 (  0.0%)   0.0004 (  0.0%)  Dominator Tree Construction
   0.0003 (  0.0%)   0.0001 (  0.1%)   0.0004 (  0.0%)   0.0004 (  0.0%)  Function Alias Analysis Results
   0.0004 (  0.0%)   0.0001 (  0.0%)   0.0004 (  0.0%)   0.0004 (  0.0%)  Function Alias Analysis Results
   0.0004 (  0.0%)   0.0000 (  0.0%)   0.0004 (  0.0%)   0.0004 (  0.0%)  Post-Dominator Tree Construction
   0.0004 (  0.0%)   0.0000 (  0.0%)   0.0004 (  0.0%)   0.0004 (  0.0%)  Divergence Analysis
   0.0004 (  0.0%)   0.0000 (  0.0%)   0.0004 (  0.0%)   0.0004 (  0.0%)  Optimize multiple instructions
   0.0004 (  0.0%)   0.0000 (  0.0%)   0.0004 (  0.0%)   0.0004 (  0.0%)  Dominator Tree Construction
   0.0000 (  0.0%)   0.0004 (  0.3%)   0.0004 (  0.0%)   0.0004 (  0.0%)  CallGraph Construction
   0.0004 (  0.0%)   0.0000 (  0.0%)   0.0004 (  0.0%)   0.0004 (  0.0%)  Dominator Tree Construction
   0.0004 (  0.0%)   0.0000 (  0.0%)   0.0004 (  0.0%)   0.0004 (  0.0%)  Divergence Analysis
   0.0004 (  0.0%)   0.0000 (  0.0%)   0.0004 (  0.0%)   0.0004 (  0.0%)  Dominator Tree Construction
   0.0003 (  0.0%)   0.0001 (  0.1%)   0.0004 (  0.0%)   0.0004 (  0.0%)  Function Alias Analysis Results
   0.0004 (  0.0%)   0.0000 (  0.0%)   0.0004 (  0.0%)   0.0004 (  0.0%)  Function Alias Analysis Results
   0.0004 (  0.0%)   0.0000 (  0.0%)   0.0004 (  0.0%)   0.0004 (  0.0%)  Remove redundant instructions
   0.0004 (  0.0%)   0.0000 (  0.0%)   0.0004 (  0.0%)   0.0004 (  0.0%)  Detect single entry single exit regions
   0.0004 (  0.0%)   0.0000 (  0.0%)   0.0004 (  0.0%)   0.0004 (  0.0%)  Function Alias Analysis Results
   0.0004 (  0.0%)   0.0000 (  0.0%)   0.0004 (  0.0%)   0.0004 (  0.0%)  Dominator Tree Construction
   0.0004 (  0.0%)   0.0000 (  0.0%)   0.0004 (  0.0%)   0.0004 (  0.0%)  Remove redundant instructions
   0.0004 (  0.0%)   0.0000 (  0.0%)   0.0004 (  0.0%)   0.0004 (  0.0%)  Function Alias Analysis Results
   0.0004 (  0.0%)   0.0000 (  0.0%)   0.0004 (  0.0%)   0.0004 (  0.0%)  Optimize multiple instructions
   0.0003 (  0.0%)   0.0001 (  0.1%)   0.0004 (  0.0%)   0.0004 (  0.0%)  Function Alias Analysis Results
   0.0003 (  0.0%)   0.0001 (  0.1%)   0.0004 (  0.0%)   0.0004 (  0.0%)  Global Variable Optimizer
   0.0004 (  0.0%)   0.0000 (  0.0%)   0.0004 (  0.0%)   0.0004 (  0.0%)  Post-Dominator Tree Construction
   0.0004 (  0.0%)   0.0000 (  0.0%)   0.0004 (  0.0%)   0.0004 (  0.0%)  Divergence Analysis
   0.0004 (  0.0%)   0.0000 (  0.0%)   0.0004 (  0.0%)   0.0004 (  0.0%)  Function Alias Analysis Results
   0.0004 (  0.0%)   0.0000 (  0.0%)   0.0004 (  0.0%)   0.0004 (  0.0%)  Detect single entry single exit regions
   0.0004 (  0.0%)   0.0000 (  0.0%)   0.0004 (  0.0%)   0.0004 (  0.0%)  Dominator Tree Construction
   0.0000 (  0.0%)   0.0004 (  0.3%)   0.0004 (  0.0%)   0.0004 (  0.0%)  Assign names to anonymous instructions (structure based)
   0.0004 (  0.0%)   0.0000 (  0.0%)   0.0004 (  0.0%)   0.0004 (  0.0%)  Function Alias Analysis Results
   0.0004 (  0.0%)   0.0000 (  0.0%)   0.0004 (  0.0%)   0.0004 (  0.0%)  Natural Loop Information
   0.0003 (  0.0%)   0.0001 (  0.1%)   0.0004 (  0.0%)   0.0004 (  0.0%)  Function Alias Analysis Results
   0.0004 (  0.0%)   0.0000 (  0.0%)   0.0004 (  0.0%)   0.0004 (  0.0%)  Combine redundant instructions
   0.0003 (  0.0%)   0.0001 (  0.1%)   0.0004 (  0.0%)   0.0004 (  0.0%)  Function Alias Analysis Results
   0.0004 (  0.0%)   0.0000 (  0.0%)   0.0004 (  0.0%)   0.0004 (  0.0%)  Function Alias Analysis Results
   0.0004 (  0.0%)   0.0000 (  0.0%)   0.0004 (  0.0%)   0.0004 (  0.0%)  Dominator Tree Construction
   0.0004 (  0.0%)   0.0000 (  0.0%)   0.0004 (  0.0%)   0.0004 (  0.0%)  AnnotateNoAlias - Annotate NoAlias Attribute on Arguments
   0.0004 (  0.0%)   0.0000 (  0.0%)   0.0004 (  0.0%)   0.0004 (  0.0%)  Dominator Tree Construction
   0.0004 (  0.0%)   0.0000 (  0.0%)   0.0004 (  0.0%)   0.0004 (  0.0%)  Infer nuw/nsw flags for instructions
   0.0004 (  0.0%)   0.0000 (  0.0%)   0.0004 (  0.0%)   0.0004 (  0.0%)  Natural Loop Information
   0.0004 (  0.0%)   0.0000 (  0.0%)   0.0004 (  0.0%)   0.0004 (  0.0%)  Dominator Tree Construction
   0.0004 (  0.0%)   0.0000 (  0.0%)   0.0004 (  0.0%)   0.0004 (  0.0%)  Canonicalize natural loops
   0.0004 (  0.0%)   0.0000 (  0.0%)   0.0004 (  0.0%)   0.0004 (  0.0%)  Divergence Analysis
   0.0004 (  0.0%)   0.0000 (  0.0%)   0.0004 (  0.0%)   0.0004 (  0.0%)  Dominator Tree Construction
   0.0004 (  0.0%)   0.0000 (  0.0%)   0.0004 (  0.0%)   0.0004 (  0.0%)  Post-Dominator Tree Construction
   0.0004 (  0.0%)   0.0000 (  0.0%)   0.0004 (  0.0%)   0.0004 (  0.0%)  Function Alias Analysis Results
   0.0004 (  0.0%)   0.0000 (  0.0%)   0.0004 (  0.0%)   0.0004 (  0.0%)  Infer nuw/nsw flags for instructions
   0.0004 (  0.0%)   0.0000 (  0.0%)   0.0004 (  0.0%)   0.0004 (  0.0%)  Optimize multiple instructions
   0.0004 (  0.0%)   0.0000 (  0.0%)   0.0004 (  0.0%)   0.0004 (  0.0%)  Dominator Tree Construction
   0.0004 (  0.0%)   0.0000 (  0.0%)   0.0004 (  0.0%)   0.0004 (  0.0%)  Function Alias Analysis Results
   0.0004 (  0.0%)   0.0000 (  0.0%)   0.0004 (  0.0%)   0.0004 (  0.0%)  Natural Loop Information
   0.0004 (  0.0%)   0.0000 (  0.0%)   0.0004 (  0.0%)   0.0004 (  0.0%)  Canonicalize natural loops
   0.0004 (  0.0%)   0.0000 (  0.0%)   0.0004 (  0.0%)   0.0004 (  0.0%)  Dominator Tree Construction
   0.0004 (  0.0%)   0.0000 (  0.0%)   0.0004 (  0.0%)   0.0004 (  0.0%)  Dead Store Elimination
   0.0003 (  0.0%)   0.0001 (  0.1%)   0.0004 (  0.0%)   0.0004 (  0.0%)  Function Alias Analysis Results
   0.0004 (  0.0%)   0.0000 (  0.0%)   0.0004 (  0.0%)   0.0004 (  0.0%)  Function Alias Analysis Results
   0.0004 (  0.0%)   0.0000 (  0.0%)   0.0004 (  0.0%)   0.0004 (  0.0%)  Dead Store Elimination
   0.0004 (  0.0%)   0.0000 (  0.0%)   0.0004 (  0.0%)   0.0004 (  0.0%)  Function Alias Analysis Results
   0.0004 (  0.0%)   0.0000 (  0.0%)   0.0004 (  0.0%)   0.0004 (  0.0%)  Function Alias Analysis Results
   0.0004 (  0.0%)   0.0000 (  0.0%)   0.0004 (  0.0%)   0.0004 (  0.0%)  Dominator Tree Construction
   0.0004 (  0.0%)   0.0000 (  0.0%)   0.0004 (  0.0%)   0.0004 (  0.0%)  Post-Dominator Tree Construction
   0.0004 (  0.0%)   0.0000 (  0.0%)   0.0004 (  0.0%)   0.0004 (  0.0%)  Dead Store Elimination
   0.0004 (  0.0%)   0.0000 (  0.0%)   0.0004 (  0.0%)   0.0004 (  0.0%)  Natural Loop Information
   0.0004 (  0.0%)   0.0000 (  0.0%)   0.0004 (  0.0%)   0.0004 (  0.0%)  Dominator Tree Construction
   0.0004 (  0.0%)   0.0000 (  0.0%)   0.0004 (  0.0%)   0.0004 (  0.0%)  Function Alias Analysis Results
   0.0004 (  0.0%)   0.0000 (  0.0%)   0.0004 (  0.0%)   0.0004 (  0.0%)  Post-Dominator Tree Construction
   0.0004 (  0.0%)   0.0000 (  0.0%)   0.0004 (  0.0%)   0.0004 (  0.0%)  Dead Code Elimination
   0.0000 (  0.0%)   0.0004 (  0.3%)   0.0004 (  0.0%)   0.0004 (  0.0%)  Dominator Tree Construction
   0.0004 (  0.0%)   0.0000 (  0.0%)   0.0004 (  0.0%)   0.0004 (  0.0%)  Post-Dominator Tree Construction
   0.0004 (  0.0%)   0.0000 (  0.0%)   0.0004 (  0.0%)   0.0004 (  0.0%)  Dominator Tree Construction
   0.0004 (  0.0%)   0.0000 (  0.0%)   0.0004 (  0.0%)   0.0004 (  0.0%)  Loop-Closed SSA Form Pass
   0.0004 (  0.0%)   0.0000 (  0.0%)   0.0004 (  0.0%)   0.0004 (  0.0%)  Auto automatic array partition filter analysis
   0.0004 (  0.0%)   0.0000 (  0.0%)   0.0004 (  0.0%)   0.0004 (  0.0%)  Dominator Tree Construction
   0.0004 (  0.0%)   0.0000 (  0.0%)   0.0004 (  0.0%)   0.0004 (  0.0%)  Post-Dominator Tree Construction
   0.0004 (  0.0%)   0.0000 (  0.0%)   0.0004 (  0.0%)   0.0004 (  0.0%)  RemoveConflictingBurst - Remove port conflicting bursts
   0.0004 (  0.0%)   0.0000 (  0.0%)   0.0004 (  0.0%)   0.0004 (  0.0%)  Dead Store Elimination
   0.0004 (  0.0%)   0.0000 (  0.0%)   0.0004 (  0.0%)   0.0004 (  0.0%)  Normalize condition on switch-cases and muxes
   0.0004 (  0.0%)   0.0000 (  0.0%)   0.0004 (  0.0%)   0.0004 (  0.0%)  Natural Loop Information
   0.0004 (  0.0%)   0.0000 (  0.0%)   0.0004 (  0.0%)   0.0004 (  0.0%)  AutoDepPragmaInfer - Auto Dependence Pragma Infer
   0.0004 (  0.0%)   0.0000 (  0.0%)   0.0004 (  0.0%)   0.0004 (  0.0%)  Post-Dominator Tree Construction
   0.0004 (  0.0%)   0.0000 (  0.0%)   0.0004 (  0.0%)   0.0004 (  0.0%)  Remove redundant instructions
   0.0004 (  0.0%)   0.0000 (  0.0%)   0.0004 (  0.0%)   0.0004 (  0.0%)  Dominator Tree Construction
   0.0003 (  0.0%)   0.0001 (  0.0%)   0.0004 (  0.0%)   0.0004 (  0.0%)  Post-Dominator Tree Construction
   0.0004 (  0.0%)   0.0000 (  0.0%)   0.0004 (  0.0%)   0.0004 (  0.0%)  Post-Dominator Tree Construction
   0.0004 (  0.0%)   0.0000 (  0.0%)   0.0004 (  0.0%)   0.0004 (  0.0%)  Dominator Tree Construction
   0.0004 (  0.0%)   0.0000 (  0.0%)   0.0004 (  0.0%)   0.0004 (  0.0%)  Post-Dominator Tree Construction
   0.0003 (  0.0%)   0.0000 (  0.0%)   0.0004 (  0.0%)   0.0004 (  0.0%)  Function Alias Analysis Results
   0.0004 (  0.0%)   0.0000 (  0.0%)   0.0004 (  0.0%)   0.0004 (  0.0%)  Resolve full load/store
   0.0003 (  0.0%)   0.0001 (  0.0%)   0.0004 (  0.0%)   0.0004 (  0.0%)  Canonicalize natural loops
   0.0003 (  0.0%)   0.0001 (  0.1%)   0.0004 (  0.0%)   0.0004 (  0.0%)  Function Alias Analysis Results
   0.0004 (  0.0%)   0.0000 (  0.0%)   0.0004 (  0.0%)   0.0004 (  0.0%)  Post-Dominator Tree Construction
   0.0004 (  0.0%)   0.0000 (  0.0%)   0.0004 (  0.0%)   0.0004 (  0.0%)  Optimize multiple instructions
   0.0004 (  0.0%)   0.0000 (  0.0%)   0.0004 (  0.0%)   0.0004 (  0.0%)  Normalize condition on switch-cases and muxes
   0.0004 (  0.0%)   0.0000 (  0.0%)   0.0004 (  0.0%)   0.0004 (  0.0%)  Function Alias Analysis Results
   0.0004 (  0.0%)   0.0000 (  0.0%)   0.0004 (  0.0%)   0.0004 (  0.0%)  Assign names to anonymous instructions (structure based)
   0.0004 (  0.0%)   0.0000 (  0.0%)   0.0004 (  0.0%)   0.0004 (  0.0%)  Post-Dominator Tree Construction
   0.0004 (  0.0%)   0.0000 (  0.0%)   0.0004 (  0.0%)   0.0004 (  0.0%)  Scalar Evolution Analysis
   0.0003 (  0.0%)   0.0000 (  0.0%)   0.0004 (  0.0%)   0.0004 (  0.0%)  Post-Dominator Tree Construction
   0.0004 (  0.0%)   0.0000 (  0.0%)   0.0004 (  0.0%)   0.0004 (  0.0%)  Dominator Tree Construction
   0.0004 (  0.0%)   0.0000 (  0.0%)   0.0004 (  0.0%)   0.0004 (  0.0%)  Post-Dominator Tree Construction
   0.0004 (  0.0%)   0.0000 (  0.0%)   0.0004 (  0.0%)   0.0004 (  0.0%)  Dominator Tree Construction
   0.0004 (  0.0%)   0.0000 (  0.0%)   0.0004 (  0.0%)   0.0004 (  0.0%)  Dominator Tree Construction
   0.0004 (  0.0%)   0.0000 (  0.0%)   0.0004 (  0.0%)   0.0004 (  0.0%)  Dominator Tree Construction
   0.0004 (  0.0%)   0.0000 (  0.0%)   0.0004 (  0.0%)   0.0004 (  0.0%)  LowerPredicate - Lower predicates to control-flow
   0.0004 (  0.0%)   0.0000 (  0.0%)   0.0004 (  0.0%)   0.0004 (  0.0%)  Canonicalize natural loops
   0.0004 (  0.0%)   0.0000 (  0.0%)   0.0004 (  0.0%)   0.0004 (  0.0%)  Dominator Tree Construction
   0.0004 (  0.0%)   0.0000 (  0.0%)   0.0004 (  0.0%)   0.0004 (  0.0%)  Canonicalize natural loops
   0.0004 (  0.0%)   0.0000 (  0.0%)   0.0004 (  0.0%)   0.0004 (  0.0%)  Natural Loop Information
   0.0004 (  0.0%)   0.0000 (  0.0%)   0.0004 (  0.0%)   0.0004 (  0.0%)  Dominator Tree Construction
   0.0003 (  0.0%)   0.0001 (  0.1%)   0.0004 (  0.0%)   0.0004 (  0.0%)  Function Alias Analysis Results
   0.0003 (  0.0%)   0.0000 (  0.0%)   0.0004 (  0.0%)   0.0004 (  0.0%)  Loop-Closed SSA Form Pass
   0.0004 (  0.0%)   0.0000 (  0.0%)   0.0004 (  0.0%)   0.0004 (  0.0%)  Auto automatic array partition filter analysis
   0.0004 (  0.0%)   0.0000 (  0.0%)   0.0004 (  0.0%)   0.0004 (  0.0%)  Dominator Tree Construction
   0.0004 (  0.0%)   0.0000 (  0.0%)   0.0004 (  0.0%)   0.0004 (  0.0%)  Post-Dominator Tree Construction
   0.0004 (  0.0%)   0.0000 (  0.0%)   0.0004 (  0.0%)   0.0004 (  0.0%)  Post-Dominator Tree Construction
   0.0004 (  0.0%)   0.0000 (  0.0%)   0.0004 (  0.0%)   0.0004 (  0.0%)  Dominator Tree Construction
   0.0004 (  0.0%)   0.0000 (  0.0%)   0.0004 (  0.0%)   0.0004 (  0.0%)  Post-Dominator Tree Construction
   0.0003 (  0.0%)   0.0001 (  0.0%)   0.0004 (  0.0%)   0.0004 (  0.0%)  Canonicalize natural loops
   0.0003 (  0.0%)   0.0000 (  0.0%)   0.0004 (  0.0%)   0.0004 (  0.0%)  Function Alias Analysis Results
   0.0004 (  0.0%)   0.0000 (  0.0%)   0.0004 (  0.0%)   0.0004 (  0.0%)  Straight line strength reduction
   0.0004 (  0.0%)   0.0000 (  0.0%)   0.0004 (  0.0%)   0.0004 (  0.0%)  Function Alias Analysis Results
   0.0004 (  0.0%)   0.0000 (  0.0%)   0.0004 (  0.0%)   0.0004 (  0.0%)  Dominator Tree Construction
   0.0004 (  0.0%)   0.0000 (  0.0%)   0.0004 (  0.0%)   0.0004 (  0.0%)  Canonicalize natural loops
   0.0004 (  0.0%)   0.0000 (  0.0%)   0.0004 (  0.0%)   0.0004 (  0.0%)  Function Alias Analysis Results
   0.0004 (  0.0%)   0.0000 (  0.0%)   0.0004 (  0.0%)   0.0004 (  0.0%)  Dominator Tree Construction
   0.0003 (  0.0%)   0.0000 (  0.0%)   0.0004 (  0.0%)   0.0004 (  0.0%)  Dominator Tree Construction
   0.0003 (  0.0%)   0.0000 (  0.0%)   0.0004 (  0.0%)   0.0004 (  0.0%)  Dominator Tree Construction
   0.0004 (  0.0%)   0.0000 (  0.0%)   0.0004 (  0.0%)   0.0004 (  0.0%)  Simplify the CFG
   0.0004 (  0.0%)   0.0000 (  0.0%)   0.0004 (  0.0%)   0.0004 (  0.0%)  Optimize multiple instructions
   0.0003 (  0.0%)   0.0001 (  0.0%)   0.0004 (  0.0%)   0.0004 (  0.0%)  Optimize multiple instructions
   0.0003 (  0.0%)   0.0000 (  0.0%)   0.0004 (  0.0%)   0.0004 (  0.0%)  Canonicalize natural loops
   0.0003 (  0.0%)   0.0000 (  0.0%)   0.0004 (  0.0%)   0.0004 (  0.0%)  Dominator Tree Construction
   0.0004 (  0.0%)   0.0000 (  0.0%)   0.0004 (  0.0%)   0.0004 (  0.0%)  Dominator Tree Construction
   0.0004 (  0.0%)   0.0000 (  0.0%)   0.0004 (  0.0%)   0.0004 (  0.0%)  Detect single entry single exit regions
   0.0004 (  0.0%)   0.0000 (  0.0%)   0.0004 (  0.0%)   0.0004 (  0.0%)  Post-Dominator Tree Construction
   0.0004 (  0.0%)   0.0000 (  0.0%)   0.0004 (  0.0%)   0.0004 (  0.0%)  Dominator Tree Construction
   0.0004 (  0.0%)   0.0000 (  0.0%)   0.0004 (  0.0%)   0.0004 (  0.0%)  Function Alias Analysis Results
   0.0004 (  0.0%)   0.0000 (  0.0%)   0.0004 (  0.0%)   0.0004 (  0.0%)  Dominator Tree Construction
   0.0004 (  0.0%)   0.0000 (  0.0%)   0.0004 (  0.0%)   0.0004 (  0.0%)  Natural Loop Information
   0.0004 (  0.0%)   0.0000 (  0.0%)   0.0004 (  0.0%)   0.0004 (  0.0%)  Function Alias Analysis Results
   0.0003 (  0.0%)   0.0000 (  0.0%)   0.0004 (  0.0%)   0.0004 (  0.0%)  Natural Loop Information
   0.0004 (  0.0%)   0.0000 (  0.0%)   0.0004 (  0.0%)   0.0004 (  0.0%)  Dominator Tree Construction
   0.0004 (  0.0%)   0.0000 (  0.0%)   0.0004 (  0.0%)   0.0004 (  0.0%)  Optimize multiple instructions
   0.0003 (  0.0%)   0.0000 (  0.0%)   0.0004 (  0.0%)   0.0004 (  0.0%)  Dominator Tree Construction
   0.0003 (  0.0%)   0.0000 (  0.0%)   0.0004 (  0.0%)   0.0004 (  0.0%)  Dominator Tree Construction
   0.0004 (  0.0%)   0.0000 (  0.0%)   0.0004 (  0.0%)   0.0004 (  0.0%)  Post-Dominator Tree Construction
   0.0002 (  0.0%)   0.0002 (  0.1%)   0.0004 (  0.0%)   0.0004 (  0.0%)  Function Alias Analysis Results
   0.0004 (  0.0%)   0.0000 (  0.0%)   0.0004 (  0.0%)   0.0004 (  0.0%)  Dominator Tree Construction
   0.0004 (  0.0%)   0.0000 (  0.0%)   0.0004 (  0.0%)   0.0004 (  0.0%)  Optimize multiple instructions
   0.0004 (  0.0%)   0.0000 (  0.0%)   0.0004 (  0.0%)   0.0004 (  0.0%)  Dominator Tree Construction
   0.0003 (  0.0%)   0.0000 (  0.0%)   0.0004 (  0.0%)   0.0004 (  0.0%)  Dominator Tree Construction
   0.0004 (  0.0%)   0.0000 (  0.0%)   0.0004 (  0.0%)   0.0004 (  0.0%)  Simplify types in the LLVM IR, redundant type hierarchy
   0.0003 (  0.0%)   0.0000 (  0.0%)   0.0004 (  0.0%)   0.0004 (  0.0%)  Dominator Tree Construction
   0.0004 (  0.0%)   0.0000 (  0.0%)   0.0004 (  0.0%)   0.0004 (  0.0%)  Optimize multiple instructions
   0.0004 (  0.0%)   0.0000 (  0.0%)   0.0004 (  0.0%)   0.0004 (  0.0%)  Post-Dominator Tree Construction
   0.0004 (  0.0%)   0.0000 (  0.0%)   0.0004 (  0.0%)   0.0004 (  0.0%)  Dominator Tree Construction
   0.0003 (  0.0%)   0.0001 (  0.1%)   0.0004 (  0.0%)   0.0004 (  0.0%)  Function Alias Analysis Results
   0.0004 (  0.0%)   0.0000 (  0.0%)   0.0004 (  0.0%)   0.0004 (  0.0%)  Post-Dominator Tree Construction
   0.0003 (  0.0%)   0.0001 (  0.0%)   0.0004 (  0.0%)   0.0004 (  0.0%)  Function Alias Analysis Results
   0.0004 (  0.0%)   0.0000 (  0.0%)   0.0004 (  0.0%)   0.0004 (  0.0%)  Post-Dominator Tree Construction
   0.0003 (  0.0%)   0.0000 (  0.0%)   0.0003 (  0.0%)   0.0004 (  0.0%)  Canonicalize natural loops
   0.0004 (  0.0%)   0.0000 (  0.0%)   0.0004 (  0.0%)   0.0003 (  0.0%)  Post-Dominator Tree Construction
   0.0004 (  0.0%)   0.0000 (  0.0%)   0.0004 (  0.0%)   0.0003 (  0.0%)  Detect single entry single exit regions
   0.0003 (  0.0%)   0.0000 (  0.0%)   0.0003 (  0.0%)   0.0003 (  0.0%)  Natural Loop Information
   0.0003 (  0.0%)   0.0000 (  0.0%)   0.0003 (  0.0%)   0.0003 (  0.0%)  Rotate Loops
   0.0003 (  0.0%)   0.0000 (  0.0%)   0.0003 (  0.0%)   0.0003 (  0.0%)  Simplify the CFG
   0.0003 (  0.0%)   0.0000 (  0.0%)   0.0003 (  0.0%)   0.0003 (  0.0%)  Optimize multiple instructions
   0.0003 (  0.0%)   0.0000 (  0.0%)   0.0003 (  0.0%)   0.0003 (  0.0%)  Dominator Tree Construction
   0.0003 (  0.0%)   0.0000 (  0.0%)   0.0003 (  0.0%)   0.0003 (  0.0%)  Dominator Tree Construction
   0.0003 (  0.0%)   0.0000 (  0.0%)   0.0003 (  0.0%)   0.0003 (  0.0%)  Function Alias Analysis Results
   0.0003 (  0.0%)   0.0000 (  0.0%)   0.0003 (  0.0%)   0.0003 (  0.0%)  Post-Dominator Tree Construction
   0.0003 (  0.0%)   0.0000 (  0.0%)   0.0003 (  0.0%)   0.0003 (  0.0%)  Dominator Tree Construction
   0.0003 (  0.0%)   0.0000 (  0.0%)   0.0003 (  0.0%)   0.0003 (  0.0%)  Dominator Tree Construction
   0.0003 (  0.0%)   0.0000 (  0.0%)   0.0003 (  0.0%)   0.0003 (  0.0%)  CallGraph Construction
   0.0003 (  0.0%)   0.0001 (  0.0%)   0.0004 (  0.0%)   0.0003 (  0.0%)  Canonicalize natural loops
   0.0003 (  0.0%)   0.0000 (  0.0%)   0.0003 (  0.0%)   0.0003 (  0.0%)  Post-Dominator Tree Construction
   0.0003 (  0.0%)   0.0000 (  0.0%)   0.0003 (  0.0%)   0.0003 (  0.0%)  Post-Dominator Tree Construction
   0.0003 (  0.0%)   0.0000 (  0.0%)   0.0003 (  0.0%)   0.0003 (  0.0%)  Post-Dominator Tree Construction
   0.0002 (  0.0%)   0.0001 (  0.1%)   0.0003 (  0.0%)   0.0003 (  0.0%)  Infer nuw/nsw flags for instructions
   0.0003 (  0.0%)   0.0001 (  0.1%)   0.0003 (  0.0%)   0.0003 (  0.0%)  Function Alias Analysis Results
   0.0004 (  0.0%)   0.0000 (  0.0%)   0.0004 (  0.0%)   0.0003 (  0.0%)  Post-Dominator Tree Construction
   0.0003 (  0.0%)   0.0000 (  0.0%)   0.0003 (  0.0%)   0.0003 (  0.0%)  Dominator Tree Construction
   0.0003 (  0.0%)   0.0000 (  0.0%)   0.0003 (  0.0%)   0.0003 (  0.0%)  Dominator Tree Construction
   0.0003 (  0.0%)   0.0001 (  0.0%)   0.0003 (  0.0%)   0.0003 (  0.0%)  Dominator Tree Construction
   0.0003 (  0.0%)   0.0000 (  0.0%)   0.0003 (  0.0%)   0.0003 (  0.0%)  Dominator Tree Construction
   0.0003 (  0.0%)   0.0000 (  0.0%)   0.0003 (  0.0%)   0.0003 (  0.0%)  Dominator Tree Construction
   0.0003 (  0.0%)   0.0000 (  0.0%)   0.0003 (  0.0%)   0.0003 (  0.0%)  Dominator Tree Construction
   0.0003 (  0.0%)   0.0000 (  0.0%)   0.0003 (  0.0%)   0.0003 (  0.0%)  Function Alias Analysis Results
   0.0003 (  0.0%)   0.0000 (  0.0%)   0.0003 (  0.0%)   0.0003 (  0.0%)  Function Alias Analysis Results
   0.0003 (  0.0%)   0.0000 (  0.0%)   0.0003 (  0.0%)   0.0003 (  0.0%)  Function Alias Analysis Results
   0.0003 (  0.0%)   0.0000 (  0.0%)   0.0003 (  0.0%)   0.0003 (  0.0%)  Dominator Tree Construction
   0.0003 (  0.0%)   0.0000 (  0.0%)   0.0003 (  0.0%)   0.0003 (  0.0%)  Post-Dominator Tree Construction
   0.0003 (  0.0%)   0.0000 (  0.0%)   0.0003 (  0.0%)   0.0003 (  0.0%)  Natural Loop Information
   0.0003 (  0.0%)   0.0000 (  0.0%)   0.0003 (  0.0%)   0.0003 (  0.0%)  Post-Dominator Tree Construction
   0.0003 (  0.0%)   0.0000 (  0.0%)   0.0003 (  0.0%)   0.0003 (  0.0%)  Dominator Tree Construction
   0.0003 (  0.0%)   0.0000 (  0.0%)   0.0003 (  0.0%)   0.0003 (  0.0%)  Post-Dominator Tree Construction
   0.0003 (  0.0%)   0.0000 (  0.0%)   0.0003 (  0.0%)   0.0003 (  0.0%)  Dominator Tree Construction
   0.0003 (  0.0%)   0.0000 (  0.0%)   0.0003 (  0.0%)   0.0003 (  0.0%)  Dominator Tree Construction
   0.0003 (  0.0%)   0.0000 (  0.0%)   0.0003 (  0.0%)   0.0003 (  0.0%)  Dominator Tree Construction
   0.0003 (  0.0%)   0.0000 (  0.0%)   0.0003 (  0.0%)   0.0003 (  0.0%)  Function Alias Analysis Results
   0.0003 (  0.0%)   0.0000 (  0.0%)   0.0003 (  0.0%)   0.0003 (  0.0%)  CallGraph Construction
   0.0002 (  0.0%)   0.0001 (  0.1%)   0.0003 (  0.0%)   0.0003 (  0.0%)  Canonicalize natural loops
   0.0003 (  0.0%)   0.0000 (  0.0%)   0.0003 (  0.0%)   0.0003 (  0.0%)  Dominator Tree Construction
   0.0003 (  0.0%)   0.0000 (  0.0%)   0.0003 (  0.0%)   0.0003 (  0.0%)  Optimize multiple instructions
   0.0003 (  0.0%)   0.0000 (  0.0%)   0.0003 (  0.0%)   0.0003 (  0.0%)  Post-Dominator Tree Construction
   0.0003 (  0.0%)   0.0000 (  0.0%)   0.0003 (  0.0%)   0.0003 (  0.0%)  Detect single entry single exit regions
   0.0003 (  0.0%)   0.0000 (  0.0%)   0.0003 (  0.0%)   0.0003 (  0.0%)  Function Alias Analysis Results
   0.0003 (  0.0%)   0.0000 (  0.0%)   0.0003 (  0.0%)   0.0003 (  0.0%)  Post-Dominator Tree Construction
   0.0003 (  0.0%)   0.0000 (  0.0%)   0.0003 (  0.0%)   0.0003 (  0.0%)  Post-Dominator Tree Construction
   0.0003 (  0.0%)   0.0000 (  0.0%)   0.0003 (  0.0%)   0.0003 (  0.0%)  Optimize multiple instructions
   0.0003 (  0.0%)   0.0000 (  0.0%)   0.0003 (  0.0%)   0.0003 (  0.0%)  Dominator Tree Construction
   0.0003 (  0.0%)   0.0000 (  0.0%)   0.0003 (  0.0%)   0.0003 (  0.0%)  Dominator Tree Construction
   0.0003 (  0.0%)   0.0000 (  0.0%)   0.0003 (  0.0%)   0.0003 (  0.0%)  Dominator Tree Construction
   0.0003 (  0.0%)   0.0000 (  0.0%)   0.0003 (  0.0%)   0.0003 (  0.0%)  Post-Dominator Tree Construction
   0.0003 (  0.0%)   0.0000 (  0.0%)   0.0003 (  0.0%)   0.0003 (  0.0%)  Post-Dominator Tree Construction
   0.0003 (  0.0%)   0.0000 (  0.0%)   0.0003 (  0.0%)   0.0003 (  0.0%)  Post-Dominator Tree Construction
   0.0003 (  0.0%)   0.0000 (  0.0%)   0.0003 (  0.0%)   0.0003 (  0.0%)  Post-Dominator Tree Construction
   0.0003 (  0.0%)   0.0000 (  0.0%)   0.0003 (  0.0%)   0.0003 (  0.0%)  Dominator Tree Construction
   0.0003 (  0.0%)   0.0000 (  0.0%)   0.0003 (  0.0%)   0.0003 (  0.0%)  Canonicalize natural loops
   0.0003 (  0.0%)   0.0000 (  0.0%)   0.0003 (  0.0%)   0.0003 (  0.0%)  Canonicalize natural loops
   0.0003 (  0.0%)   0.0000 (  0.0%)   0.0003 (  0.0%)   0.0003 (  0.0%)  Natural Loop Information
   0.0003 (  0.0%)   0.0000 (  0.0%)   0.0003 (  0.0%)   0.0003 (  0.0%)  Post-Dominator Tree Construction
   0.0003 (  0.0%)   0.0000 (  0.0%)   0.0003 (  0.0%)   0.0003 (  0.0%)  Dead Store Elimination
   0.0003 (  0.0%)   0.0000 (  0.0%)   0.0003 (  0.0%)   0.0003 (  0.0%)  Post-Dominator Tree Construction
   0.0003 (  0.0%)   0.0000 (  0.0%)   0.0003 (  0.0%)   0.0003 (  0.0%)  Post-Dominator Tree Construction
   0.0003 (  0.0%)   0.0000 (  0.0%)   0.0003 (  0.0%)   0.0003 (  0.0%)  Dominator Tree Construction
   0.0003 (  0.0%)   0.0000 (  0.0%)   0.0003 (  0.0%)   0.0003 (  0.0%)  Dominator Tree Construction
   0.0002 (  0.0%)   0.0001 (  0.1%)   0.0003 (  0.0%)   0.0003 (  0.0%)  Dominator Tree Construction
   0.0003 (  0.0%)   0.0000 (  0.0%)   0.0003 (  0.0%)   0.0003 (  0.0%)  Infer nuw/nsw flags for instructions
   0.0003 (  0.0%)   0.0000 (  0.0%)   0.0003 (  0.0%)   0.0003 (  0.0%)  Lower HLS related intrinsics
   0.0003 (  0.0%)   0.0000 (  0.0%)   0.0003 (  0.0%)   0.0003 (  0.0%)  Loop-Closed SSA Form Pass
   0.0003 (  0.0%)   0.0000 (  0.0%)   0.0003 (  0.0%)   0.0003 (  0.0%)  Dominator Tree Construction
   0.0003 (  0.0%)   0.0000 (  0.0%)   0.0003 (  0.0%)   0.0003 (  0.0%)  Infer PPPO for array-to-streams
   0.0003 (  0.0%)   0.0000 (  0.0%)   0.0003 (  0.0%)   0.0003 (  0.0%)  Post-Dominator Tree Construction
   0.0003 (  0.0%)   0.0000 (  0.0%)   0.0003 (  0.0%)   0.0003 (  0.0%)  Assign names to anonymous instructions (structure based)
   0.0003 (  0.0%)   0.0000 (  0.0%)   0.0003 (  0.0%)   0.0003 (  0.0%)  Dominator Tree Construction
   0.0003 (  0.0%)   0.0000 (  0.0%)   0.0003 (  0.0%)   0.0003 (  0.0%)  Post-Dominator Tree Construction
   0.0003 (  0.0%)   0.0000 (  0.0%)   0.0003 (  0.0%)   0.0003 (  0.0%)  Dominator Tree Construction
   0.0003 (  0.0%)   0.0000 (  0.0%)   0.0003 (  0.0%)   0.0003 (  0.0%)  Post-Dominator Tree Construction
   0.0003 (  0.0%)   0.0000 (  0.0%)   0.0003 (  0.0%)   0.0003 (  0.0%)  Post-Dominator Tree Construction
   0.0003 (  0.0%)   0.0000 (  0.0%)   0.0003 (  0.0%)   0.0003 (  0.0%)  Optimize multiple instructions
   0.0003 (  0.0%)   0.0000 (  0.0%)   0.0003 (  0.0%)   0.0003 (  0.0%)  Dominator Tree Construction
   0.0003 (  0.0%)   0.0000 (  0.0%)   0.0003 (  0.0%)   0.0003 (  0.0%)  Dominator Tree Construction
   0.0003 (  0.0%)   0.0000 (  0.0%)   0.0003 (  0.0%)   0.0003 (  0.0%)  Function Alias Analysis Results
   0.0003 (  0.0%)   0.0000 (  0.0%)   0.0003 (  0.0%)   0.0003 (  0.0%)  Post-Dominator Tree Construction
   0.0003 (  0.0%)   0.0000 (  0.0%)   0.0003 (  0.0%)   0.0003 (  0.0%)  Post-Dominator Tree Construction
   0.0003 (  0.0%)   0.0000 (  0.0%)   0.0003 (  0.0%)   0.0003 (  0.0%)  Loop-Closed SSA Form Pass
   0.0003 (  0.0%)   0.0000 (  0.0%)   0.0003 (  0.0%)   0.0003 (  0.0%)  Dominator Tree Construction
   0.0003 (  0.0%)   0.0000 (  0.0%)   0.0003 (  0.0%)   0.0003 (  0.0%)  Optimize multiple instructions
   0.0003 (  0.0%)   0.0000 (  0.0%)   0.0003 (  0.0%)   0.0003 (  0.0%)  Function Alias Analysis Results
   0.0003 (  0.0%)   0.0000 (  0.0%)   0.0003 (  0.0%)   0.0003 (  0.0%)  Post-Dominator Tree Construction
   0.0001 (  0.0%)   0.0002 (  0.1%)   0.0003 (  0.0%)   0.0003 (  0.0%)  Optimize multiple instructions
   0.0003 (  0.0%)   0.0000 (  0.0%)   0.0003 (  0.0%)   0.0003 (  0.0%)  Post-Dominator Tree Construction
   0.0003 (  0.0%)   0.0000 (  0.0%)   0.0003 (  0.0%)   0.0003 (  0.0%)  Natural Loop Information
   0.0003 (  0.0%)   0.0000 (  0.0%)   0.0003 (  0.0%)   0.0003 (  0.0%)  Post-Dominator Tree Construction
   0.0003 (  0.0%)   0.0000 (  0.0%)   0.0003 (  0.0%)   0.0003 (  0.0%)  Dominator Tree Construction
   0.0003 (  0.0%)   0.0000 (  0.0%)   0.0003 (  0.0%)   0.0003 (  0.0%)  Canonicalize natural loops
   0.0003 (  0.0%)   0.0000 (  0.0%)   0.0003 (  0.0%)   0.0003 (  0.0%)  Dominator Tree Construction
   0.0003 (  0.0%)   0.0000 (  0.0%)   0.0003 (  0.0%)   0.0003 (  0.0%)  Canonicalize natural loops
   0.0003 (  0.0%)   0.0000 (  0.0%)   0.0003 (  0.0%)   0.0003 (  0.0%)  Dominator Tree Construction
   0.0003 (  0.0%)   0.0000 (  0.0%)   0.0003 (  0.0%)   0.0003 (  0.0%)  Natural Loop Information
   0.0003 (  0.0%)   0.0000 (  0.0%)   0.0003 (  0.0%)   0.0003 (  0.0%)  Post-Dominator Tree Construction
   0.0003 (  0.0%)   0.0000 (  0.0%)   0.0003 (  0.0%)   0.0003 (  0.0%)  Post-Dominator Tree Construction
   0.0003 (  0.0%)   0.0000 (  0.0%)   0.0003 (  0.0%)   0.0003 (  0.0%)  CallGraph Construction
   0.0003 (  0.0%)   0.0000 (  0.0%)   0.0003 (  0.0%)   0.0003 (  0.0%)  Post-Dominator Tree Construction
   0.0003 (  0.0%)   0.0000 (  0.0%)   0.0003 (  0.0%)   0.0003 (  0.0%)  Dominator Tree Construction
   0.0003 (  0.0%)   0.0000 (  0.0%)   0.0003 (  0.0%)   0.0003 (  0.0%)  Natural Loop Information
   0.0003 (  0.0%)   0.0000 (  0.0%)   0.0003 (  0.0%)   0.0003 (  0.0%)  Post-Dominator Tree Construction
   0.0003 (  0.0%)   0.0000 (  0.0%)   0.0003 (  0.0%)   0.0003 (  0.0%)  Dominator Tree Construction
   0.0003 (  0.0%)   0.0000 (  0.0%)   0.0003 (  0.0%)   0.0003 (  0.0%)  Dominator Tree Construction
   0.0003 (  0.0%)   0.0000 (  0.0%)   0.0003 (  0.0%)   0.0003 (  0.0%)  Post-Dominator Tree Construction
   0.0003 (  0.0%)   0.0000 (  0.0%)   0.0003 (  0.0%)   0.0003 (  0.0%)  Optimize multiple instructions
   0.0003 (  0.0%)   0.0000 (  0.0%)   0.0003 (  0.0%)   0.0003 (  0.0%)  Dominator Tree Construction
   0.0002 (  0.0%)   0.0001 (  0.1%)   0.0003 (  0.0%)   0.0003 (  0.0%)  Dominator Tree Construction
   0.0003 (  0.0%)   0.0000 (  0.0%)   0.0003 (  0.0%)   0.0003 (  0.0%)  Dominator Tree Construction
   0.0003 (  0.0%)   0.0000 (  0.0%)   0.0003 (  0.0%)   0.0003 (  0.0%)  Dominator Tree Construction
   0.0003 (  0.0%)   0.0000 (  0.0%)   0.0003 (  0.0%)   0.0003 (  0.0%)  Dominator Tree Construction
   0.0001 (  0.0%)   0.0002 (  0.2%)   0.0003 (  0.0%)   0.0003 (  0.0%)  Natural Loop Information
   0.0003 (  0.0%)   0.0001 (  0.0%)   0.0003 (  0.0%)   0.0003 (  0.0%)  Dominator Tree Construction
   0.0003 (  0.0%)   0.0000 (  0.0%)   0.0003 (  0.0%)   0.0003 (  0.0%)  Loop-Closed SSA Form Pass
   0.0003 (  0.0%)   0.0000 (  0.0%)   0.0003 (  0.0%)   0.0003 (  0.0%)  Post-Dominator Tree Construction
   0.0003 (  0.0%)   0.0000 (  0.0%)   0.0003 (  0.0%)   0.0003 (  0.0%)  Loop-Closed SSA Form Pass
   0.0003 (  0.0%)   0.0000 (  0.0%)   0.0003 (  0.0%)   0.0003 (  0.0%)  Detect single entry single exit regions
   0.0003 (  0.0%)   0.0000 (  0.0%)   0.0003 (  0.0%)   0.0003 (  0.0%)  Natural Loop Information
   0.0003 (  0.0%)   0.0000 (  0.0%)   0.0003 (  0.0%)   0.0003 (  0.0%)  CallGraph Construction
   0.0003 (  0.0%)   0.0000 (  0.0%)   0.0003 (  0.0%)   0.0003 (  0.0%)  Canonicalize natural loops
   0.0003 (  0.0%)   0.0000 (  0.0%)   0.0003 (  0.0%)   0.0003 (  0.0%)  Canonicalize natural loops
   0.0001 (  0.0%)   0.0002 (  0.1%)   0.0003 (  0.0%)   0.0003 (  0.0%)  Post-Dominator Tree Construction
   0.0003 (  0.0%)   0.0000 (  0.0%)   0.0003 (  0.0%)   0.0003 (  0.0%)  Post-Dominator Tree Construction
   0.0003 (  0.0%)   0.0000 (  0.0%)   0.0003 (  0.0%)   0.0003 (  0.0%)  Dominator Tree Construction
   0.0003 (  0.0%)   0.0000 (  0.0%)   0.0003 (  0.0%)   0.0003 (  0.0%)  Post-Dominator Tree Construction
   0.0003 (  0.0%)   0.0000 (  0.0%)   0.0003 (  0.0%)   0.0003 (  0.0%)  Infer PPPO for array-to-streams
   0.0003 (  0.0%)   0.0000 (  0.0%)   0.0003 (  0.0%)   0.0003 (  0.0%)  Dominator Tree Construction
   0.0003 (  0.0%)   0.0000 (  0.0%)   0.0003 (  0.0%)   0.0003 (  0.0%)  Scalar Evolution Analysis
   0.0003 (  0.0%)   0.0000 (  0.0%)   0.0003 (  0.0%)   0.0003 (  0.0%)  Post-Dominator Tree Construction
   0.0003 (  0.0%)   0.0000 (  0.0%)   0.0003 (  0.0%)   0.0003 (  0.0%)  Canonicalize natural loops
   0.0003 (  0.0%)   0.0000 (  0.0%)   0.0003 (  0.0%)   0.0003 (  0.0%)  Post-Dominator Tree Construction
   0.0003 (  0.0%)   0.0000 (  0.0%)   0.0003 (  0.0%)   0.0003 (  0.0%)  Natural Loop Information
   0.0003 (  0.0%)   0.0000 (  0.0%)   0.0003 (  0.0%)   0.0003 (  0.0%)  Post-Dominator Tree Construction
   0.0003 (  0.0%)   0.0000 (  0.0%)   0.0003 (  0.0%)   0.0003 (  0.0%)  Post-Dominator Tree Construction
   0.0003 (  0.0%)   0.0000 (  0.0%)   0.0003 (  0.0%)   0.0003 (  0.0%)  Post-Dominator Tree Construction
   0.0003 (  0.0%)   0.0000 (  0.0%)   0.0003 (  0.0%)   0.0003 (  0.0%)  Function Alias Analysis Results
   0.0003 (  0.0%)   0.0000 (  0.0%)   0.0003 (  0.0%)   0.0003 (  0.0%)  Dominator Tree Construction
   0.0002 (  0.0%)   0.0001 (  0.0%)   0.0003 (  0.0%)   0.0003 (  0.0%)  Natural Loop Information
   0.0003 (  0.0%)   0.0000 (  0.0%)   0.0003 (  0.0%)   0.0003 (  0.0%)  Post-Dominator Tree Construction
   0.0003 (  0.0%)   0.0000 (  0.0%)   0.0003 (  0.0%)   0.0003 (  0.0%)  Post-Dominator Tree Construction
   0.0003 (  0.0%)   0.0000 (  0.0%)   0.0003 (  0.0%)   0.0003 (  0.0%)  Dominator Tree Construction
   0.0003 (  0.0%)   0.0000 (  0.0%)   0.0003 (  0.0%)   0.0003 (  0.0%)  Post-Dominator Tree Construction
   0.0003 (  0.0%)   0.0000 (  0.0%)   0.0003 (  0.0%)   0.0003 (  0.0%)  Dominator Tree Construction
   0.0003 (  0.0%)   0.0000 (  0.0%)   0.0003 (  0.0%)   0.0003 (  0.0%)  Canonicalize natural loops
   0.0003 (  0.0%)   0.0000 (  0.0%)   0.0003 (  0.0%)   0.0003 (  0.0%)  Natural Loop Information
   0.0003 (  0.0%)   0.0000 (  0.0%)   0.0003 (  0.0%)   0.0003 (  0.0%)  Dominator Tree Construction
   0.0003 (  0.0%)   0.0000 (  0.0%)   0.0003 (  0.0%)   0.0003 (  0.0%)  Dominator Tree Construction
   0.0003 (  0.0%)   0.0000 (  0.0%)   0.0003 (  0.0%)   0.0003 (  0.0%)  Optimize multiple instructions
   0.0003 (  0.0%)   0.0000 (  0.0%)   0.0003 (  0.0%)   0.0003 (  0.0%)  CallGraph Construction
   0.0003 (  0.0%)   0.0000 (  0.0%)   0.0003 (  0.0%)   0.0003 (  0.0%)  Post-Dominator Tree Construction
   0.0003 (  0.0%)   0.0000 (  0.0%)   0.0003 (  0.0%)   0.0003 (  0.0%)  Post-Dominator Tree Construction
   0.0003 (  0.0%)   0.0000 (  0.0%)   0.0003 (  0.0%)   0.0003 (  0.0%)  Dead Code Elimination
   0.0003 (  0.0%)   0.0000 (  0.0%)   0.0003 (  0.0%)   0.0003 (  0.0%)  Rotate Loops
   0.0003 (  0.0%)   0.0000 (  0.0%)   0.0003 (  0.0%)   0.0003 (  0.0%)  Optimize multiple instructions
   0.0003 (  0.0%)   0.0000 (  0.0%)   0.0003 (  0.0%)   0.0003 (  0.0%)  Post-Dominator Tree Construction
   0.0003 (  0.0%)   0.0000 (  0.0%)   0.0003 (  0.0%)   0.0003 (  0.0%)  Dominator Tree Construction
   0.0002 (  0.0%)   0.0000 (  0.0%)   0.0003 (  0.0%)   0.0003 (  0.0%)  CallGraph Construction
   0.0003 (  0.0%)   0.0000 (  0.0%)   0.0003 (  0.0%)   0.0003 (  0.0%)  Natural Loop Information
   0.0003 (  0.0%)   0.0000 (  0.0%)   0.0003 (  0.0%)   0.0003 (  0.0%)  Loop-Closed SSA Form Pass
   0.0003 (  0.0%)   0.0000 (  0.0%)   0.0003 (  0.0%)   0.0003 (  0.0%)  Post-Dominator Tree Construction
   0.0003 (  0.0%)   0.0000 (  0.0%)   0.0003 (  0.0%)   0.0003 (  0.0%)  Post-Dominator Tree Construction
   0.0003 (  0.0%)   0.0000 (  0.0%)   0.0003 (  0.0%)   0.0003 (  0.0%)  Dominator Tree Construction
   0.0003 (  0.0%)   0.0000 (  0.0%)   0.0003 (  0.0%)   0.0003 (  0.0%)  Post-Dominator Tree Construction
   0.0003 (  0.0%)   0.0000 (  0.0%)   0.0003 (  0.0%)   0.0003 (  0.0%)  Post-Dominator Tree Construction
   0.0003 (  0.0%)   0.0000 (  0.0%)   0.0003 (  0.0%)   0.0003 (  0.0%)  Natural Loop Information
   0.0002 (  0.0%)   0.0001 (  0.1%)   0.0003 (  0.0%)   0.0003 (  0.0%)  Function Alias Analysis Results
   0.0003 (  0.0%)   0.0000 (  0.0%)   0.0003 (  0.0%)   0.0003 (  0.0%)  Dominator Tree Construction
   0.0003 (  0.0%)   0.0000 (  0.0%)   0.0003 (  0.0%)   0.0003 (  0.0%)  Natural Loop Information
   0.0003 (  0.0%)   0.0000 (  0.0%)   0.0003 (  0.0%)   0.0003 (  0.0%)  CallGraph Construction
   0.0003 (  0.0%)   0.0000 (  0.0%)   0.0003 (  0.0%)   0.0003 (  0.0%)  Dominator Tree Construction
   0.0003 (  0.0%)   0.0000 (  0.0%)   0.0003 (  0.0%)   0.0003 (  0.0%)  Function Alias Analysis Results
   0.0003 (  0.0%)   0.0000 (  0.0%)   0.0003 (  0.0%)   0.0003 (  0.0%)  Optimize multiple instructions
   0.0003 (  0.0%)   0.0000 (  0.0%)   0.0003 (  0.0%)   0.0003 (  0.0%)  Dominator Tree Construction
   0.0003 (  0.0%)   0.0000 (  0.0%)   0.0003 (  0.0%)   0.0003 (  0.0%)  Dominator Tree Construction
   0.0001 (  0.0%)   0.0002 (  0.1%)   0.0003 (  0.0%)   0.0003 (  0.0%)  Dominator Tree Construction
   0.0003 (  0.0%)   0.0000 (  0.0%)   0.0003 (  0.0%)   0.0003 (  0.0%)  Natural Loop Information
   0.0003 (  0.0%)   0.0000 (  0.0%)   0.0003 (  0.0%)   0.0003 (  0.0%)  Natural Loop Information
   0.0003 (  0.0%)   0.0000 (  0.0%)   0.0003 (  0.0%)   0.0003 (  0.0%)  Dominator Tree Construction
   0.0003 (  0.0%)   0.0000 (  0.0%)   0.0003 (  0.0%)   0.0003 (  0.0%)  Post-Dominator Tree Construction
   0.0003 (  0.0%)   0.0000 (  0.0%)   0.0003 (  0.0%)   0.0003 (  0.0%)  Natural Loop Information
   0.0003 (  0.0%)   0.0000 (  0.0%)   0.0003 (  0.0%)   0.0003 (  0.0%)  Dominator Tree Construction
   0.0003 (  0.0%)   0.0000 (  0.0%)   0.0003 (  0.0%)   0.0003 (  0.0%)  Dominator Tree Construction
   0.0003 (  0.0%)   0.0000 (  0.0%)   0.0003 (  0.0%)   0.0003 (  0.0%)  Dominator Tree Construction
   0.0003 (  0.0%)   0.0000 (  0.0%)   0.0003 (  0.0%)   0.0003 (  0.0%)  Dominator Tree Construction
   0.0003 (  0.0%)   0.0000 (  0.0%)   0.0003 (  0.0%)   0.0003 (  0.0%)  Post-Dominator Tree Construction
   0.0003 (  0.0%)   0.0000 (  0.0%)   0.0003 (  0.0%)   0.0003 (  0.0%)  Infer nuw/nsw flags for instructions
   0.0003 (  0.0%)   0.0000 (  0.0%)   0.0003 (  0.0%)   0.0003 (  0.0%)  CallGraph Construction
   0.0002 (  0.0%)   0.0000 (  0.0%)   0.0003 (  0.0%)   0.0003 (  0.0%)  Canonicalize natural loops
   0.0003 (  0.0%)   0.0000 (  0.0%)   0.0003 (  0.0%)   0.0003 (  0.0%)  Dominator Tree Construction
   0.0003 (  0.0%)   0.0000 (  0.0%)   0.0003 (  0.0%)   0.0003 (  0.0%)  Dominator Tree Construction
   0.0003 (  0.0%)   0.0000 (  0.0%)   0.0003 (  0.0%)   0.0003 (  0.0%)  Dominator Tree Construction
   0.0003 (  0.0%)   0.0000 (  0.0%)   0.0003 (  0.0%)   0.0003 (  0.0%)  Natural Loop Information
   0.0003 (  0.0%)   0.0000 (  0.0%)   0.0003 (  0.0%)   0.0003 (  0.0%)  Function Alias Analysis Results
   0.0003 (  0.0%)   0.0000 (  0.0%)   0.0003 (  0.0%)   0.0003 (  0.0%)  Dominator Tree Construction
   0.0003 (  0.0%)   0.0000 (  0.0%)   0.0003 (  0.0%)   0.0003 (  0.0%)  Simplify loop CFG
   0.0003 (  0.0%)   0.0000 (  0.0%)   0.0003 (  0.0%)   0.0003 (  0.0%)  Dominator Tree Construction
   0.0003 (  0.0%)   0.0000 (  0.0%)   0.0003 (  0.0%)   0.0003 (  0.0%)  Function Alias Analysis Results
   0.0003 (  0.0%)   0.0000 (  0.0%)   0.0003 (  0.0%)   0.0003 (  0.0%)  Function Alias Analysis Results
   0.0003 (  0.0%)   0.0000 (  0.0%)   0.0003 (  0.0%)   0.0003 (  0.0%)  Canonicalize natural loops
   0.0003 (  0.0%)   0.0000 (  0.0%)   0.0003 (  0.0%)   0.0003 (  0.0%)  Natural Loop Information
   0.0003 (  0.0%)   0.0000 (  0.0%)   0.0003 (  0.0%)   0.0003 (  0.0%)  Canonicalize natural loops
   0.0003 (  0.0%)   0.0000 (  0.0%)   0.0003 (  0.0%)   0.0003 (  0.0%)  CallGraph Construction
   0.0003 (  0.0%)   0.0000 (  0.0%)   0.0003 (  0.0%)   0.0003 (  0.0%)  Post-Dominator Tree Construction
   0.0003 (  0.0%)   0.0000 (  0.0%)   0.0003 (  0.0%)   0.0003 (  0.0%)  Natural Loop Information
   0.0003 (  0.0%)   0.0000 (  0.0%)   0.0003 (  0.0%)   0.0003 (  0.0%)  Dead Code Elimination
   0.0002 (  0.0%)   0.0000 (  0.0%)   0.0003 (  0.0%)   0.0003 (  0.0%)  Natural Loop Information
   0.0003 (  0.0%)   0.0000 (  0.0%)   0.0003 (  0.0%)   0.0003 (  0.0%)  Assign names to anonymous instructions (structure based)
   0.0003 (  0.0%)   0.0000 (  0.0%)   0.0003 (  0.0%)   0.0003 (  0.0%)  Infer nuw/nsw flags for instructions
   0.0003 (  0.0%)   0.0000 (  0.0%)   0.0003 (  0.0%)   0.0003 (  0.0%)  Post-Dominator Tree Construction
   0.0002 (  0.0%)   0.0000 (  0.0%)   0.0003 (  0.0%)   0.0003 (  0.0%)  Dominator Tree Construction
   0.0003 (  0.0%)   0.0000 (  0.0%)   0.0003 (  0.0%)   0.0003 (  0.0%)  Dominator Tree Construction
   0.0003 (  0.0%)   0.0000 (  0.0%)   0.0003 (  0.0%)   0.0003 (  0.0%)  Natural Loop Information
   0.0003 (  0.0%)   0.0000 (  0.0%)   0.0003 (  0.0%)   0.0003 (  0.0%)  Dominator Tree Construction
   0.0003 (  0.0%)   0.0000 (  0.0%)   0.0003 (  0.0%)   0.0003 (  0.0%)  Dominator Tree Construction
   0.0003 (  0.0%)   0.0000 (  0.0%)   0.0003 (  0.0%)   0.0003 (  0.0%)  Dominator Tree Construction
   0.0003 (  0.0%)   0.0000 (  0.0%)   0.0003 (  0.0%)   0.0003 (  0.0%)  Natural Loop Information
   0.0003 (  0.0%)   0.0000 (  0.0%)   0.0003 (  0.0%)   0.0003 (  0.0%)  Dominator Tree Construction
   0.0003 (  0.0%)   0.0000 (  0.0%)   0.0003 (  0.0%)   0.0003 (  0.0%)  Dominator Tree Construction
   0.0003 (  0.0%)   0.0000 (  0.0%)   0.0003 (  0.0%)   0.0003 (  0.0%)  CallGraph Construction
   0.0003 (  0.0%)   0.0000 (  0.0%)   0.0003 (  0.0%)   0.0003 (  0.0%)  Function Alias Analysis Results
   0.0002 (  0.0%)   0.0001 (  0.1%)   0.0003 (  0.0%)   0.0003 (  0.0%)  Basic Alias Analysis (stateless AA impl)
   0.0003 (  0.0%)   0.0000 (  0.0%)   0.0003 (  0.0%)   0.0003 (  0.0%)  Optimize multiple instructions
   0.0003 (  0.0%)   0.0000 (  0.0%)   0.0003 (  0.0%)   0.0003 (  0.0%)  Canonicalize natural loops
   0.0003 (  0.0%)   0.0000 (  0.0%)   0.0003 (  0.0%)   0.0003 (  0.0%)  CallGraph Construction
   0.0003 (  0.0%)   0.0000 (  0.0%)   0.0003 (  0.0%)   0.0003 (  0.0%)  Loop-Closed SSA Form Pass
   0.0003 (  0.0%)   0.0000 (  0.0%)   0.0003 (  0.0%)   0.0003 (  0.0%)  Dominance Frontier Construction
   0.0003 (  0.0%)   0.0000 (  0.0%)   0.0003 (  0.0%)   0.0003 (  0.0%)  Preprocessing before loop rotation
   0.0003 (  0.0%)   0.0000 (  0.0%)   0.0003 (  0.0%)   0.0003 (  0.0%)  Dominator Tree Construction
   0.0002 (  0.0%)   0.0000 (  0.0%)   0.0003 (  0.0%)   0.0003 (  0.0%)  Natural Loop Information
   0.0002 (  0.0%)   0.0000 (  0.0%)   0.0003 (  0.0%)   0.0003 (  0.0%)  Natural Loop Information
   0.0003 (  0.0%)   0.0000 (  0.0%)   0.0003 (  0.0%)   0.0003 (  0.0%)  Dominator Tree Construction
   0.0002 (  0.0%)   0.0000 (  0.0%)   0.0003 (  0.0%)   0.0003 (  0.0%)  SROA
   0.0002 (  0.0%)   0.0001 (  0.1%)   0.0003 (  0.0%)   0.0003 (  0.0%)  Function Alias Analysis Results
   0.0003 (  0.0%)   0.0000 (  0.0%)   0.0003 (  0.0%)   0.0003 (  0.0%)  Natural Loop Information
   0.0003 (  0.0%)   0.0000 (  0.0%)   0.0003 (  0.0%)   0.0003 (  0.0%)  Natural Loop Information
   0.0003 (  0.0%)   0.0000 (  0.0%)   0.0003 (  0.0%)   0.0003 (  0.0%)  Dominator Tree Construction
   0.0003 (  0.0%)   0.0000 (  0.0%)   0.0003 (  0.0%)   0.0003 (  0.0%)  Loop-Closed SSA Form Pass
   0.0003 (  0.0%)   0.0000 (  0.0%)   0.0003 (  0.0%)   0.0003 (  0.0%)  Dominator Tree Construction
   0.0003 (  0.0%)   0.0000 (  0.0%)   0.0003 (  0.0%)   0.0003 (  0.0%)  Post-Dominator Tree Construction
   0.0001 (  0.0%)   0.0002 (  0.2%)   0.0003 (  0.0%)   0.0003 (  0.0%)  Eliminate dead debug information intrinsic
   0.0003 (  0.0%)   0.0000 (  0.0%)   0.0003 (  0.0%)   0.0003 (  0.0%)  Function Alias Analysis Results
   0.0003 (  0.0%)   0.0000 (  0.0%)   0.0003 (  0.0%)   0.0003 (  0.0%)  Dead Store Elimination
   0.0003 (  0.0%)   0.0000 (  0.0%)   0.0003 (  0.0%)   0.0003 (  0.0%)  Natural Loop Information
   0.0002 (  0.0%)   0.0000 (  0.0%)   0.0003 (  0.0%)   0.0003 (  0.0%)  Natural Loop Information
   0.0003 (  0.0%)   0.0000 (  0.0%)   0.0003 (  0.0%)   0.0003 (  0.0%)  Dominator Tree Construction
   0.0003 (  0.0%)   0.0000 (  0.0%)   0.0003 (  0.0%)   0.0003 (  0.0%)  Natural Loop Information
   0.0003 (  0.0%)   0.0000 (  0.0%)   0.0003 (  0.0%)   0.0003 (  0.0%)  Loop-Closed SSA Form Pass
   0.0002 (  0.0%)   0.0000 (  0.0%)   0.0003 (  0.0%)   0.0003 (  0.0%)  Dominator Tree Construction
   0.0003 (  0.0%)   0.0000 (  0.0%)   0.0003 (  0.0%)   0.0003 (  0.0%)  Dominator Tree Construction
   0.0002 (  0.0%)   0.0000 (  0.0%)   0.0003 (  0.0%)   0.0003 (  0.0%)  Dominator Tree Construction
   0.0002 (  0.0%)   0.0000 (  0.0%)   0.0003 (  0.0%)   0.0003 (  0.0%)  Natural Loop Information
   0.0003 (  0.0%)   0.0000 (  0.0%)   0.0003 (  0.0%)   0.0003 (  0.0%)  CallGraph Construction
   0.0003 (  0.0%)   0.0000 (  0.0%)   0.0003 (  0.0%)   0.0003 (  0.0%)  CallGraph Construction
   0.0003 (  0.0%)   0.0000 (  0.0%)   0.0003 (  0.0%)   0.0003 (  0.0%)  Structure stription
   0.0003 (  0.0%)   0.0000 (  0.0%)   0.0003 (  0.0%)   0.0003 (  0.0%)  Dominator Tree Construction
   0.0003 (  0.0%)   0.0000 (  0.0%)   0.0003 (  0.0%)   0.0003 (  0.0%)  Canonicalize natural loops
   0.0002 (  0.0%)   0.0000 (  0.0%)   0.0003 (  0.0%)   0.0003 (  0.0%)  Infer nuw/nsw flags for instructions
   0.0003 (  0.0%)   0.0000 (  0.0%)   0.0003 (  0.0%)   0.0003 (  0.0%)  Dominator Tree Construction
   0.0003 (  0.0%)   0.0000 (  0.0%)   0.0003 (  0.0%)   0.0003 (  0.0%)  Natural Loop Information
   0.0002 (  0.0%)   0.0000 (  0.0%)   0.0003 (  0.0%)   0.0003 (  0.0%)  Dominator Tree Construction
   0.0003 (  0.0%)   0.0000 (  0.0%)   0.0003 (  0.0%)   0.0003 (  0.0%)  Dead Store Elimination
   0.0002 (  0.0%)   0.0000 (  0.0%)   0.0003 (  0.0%)   0.0003 (  0.0%)  Dominator Tree Construction
   0.0003 (  0.0%)   0.0000 (  0.0%)   0.0003 (  0.0%)   0.0003 (  0.0%)  Detect single entry single exit regions
   0.0002 (  0.0%)   0.0000 (  0.0%)   0.0003 (  0.0%)   0.0003 (  0.0%)  Dominator Tree Construction
   0.0003 (  0.0%)   0.0000 (  0.0%)   0.0003 (  0.0%)   0.0003 (  0.0%)  Infer nuw/nsw flags for instructions
   0.0003 (  0.0%)   0.0000 (  0.0%)   0.0003 (  0.0%)   0.0003 (  0.0%)  Function Alias Analysis Results
   0.0003 (  0.0%)   0.0000 (  0.0%)   0.0003 (  0.0%)   0.0003 (  0.0%)  Post-Dominator Tree Construction
   0.0003 (  0.0%)   0.0000 (  0.0%)   0.0003 (  0.0%)   0.0003 (  0.0%)  Dead Code Elimination
   0.0003 (  0.0%)   0.0000 (  0.0%)   0.0003 (  0.0%)   0.0003 (  0.0%)  Dominator Tree Construction
   0.0003 (  0.0%)   0.0000 (  0.0%)   0.0003 (  0.0%)   0.0003 (  0.0%)  Natural Loop Information
   0.0003 (  0.0%)   0.0000 (  0.0%)   0.0003 (  0.0%)   0.0003 (  0.0%)  Dominator Tree Construction
   0.0000 (  0.0%)   0.0002 (  0.2%)   0.0003 (  0.0%)   0.0003 (  0.0%)  Dominator Tree Construction
   0.0002 (  0.0%)   0.0000 (  0.0%)   0.0002 (  0.0%)   0.0003 (  0.0%)  Canonicalize natural loops
   0.0002 (  0.0%)   0.0000 (  0.0%)   0.0003 (  0.0%)   0.0003 (  0.0%)  Canonicalize natural loops
   0.0002 (  0.0%)   0.0000 (  0.0%)   0.0003 (  0.0%)   0.0003 (  0.0%)  Dominator Tree Construction
   0.0000 (  0.0%)   0.0003 (  0.2%)   0.0003 (  0.0%)   0.0003 (  0.0%)  CallGraph Construction
   0.0003 (  0.0%)   0.0000 (  0.0%)   0.0003 (  0.0%)   0.0003 (  0.0%)  Dead Store Elimination
   0.0003 (  0.0%)   0.0000 (  0.0%)   0.0003 (  0.0%)   0.0003 (  0.0%)  Function Alias Analysis Results
   0.0002 (  0.0%)   0.0000 (  0.0%)   0.0002 (  0.0%)   0.0003 (  0.0%)  Dead Argument Elimination
   0.0003 (  0.0%)   0.0000 (  0.0%)   0.0003 (  0.0%)   0.0003 (  0.0%)  Dominator Tree Construction
   0.0002 (  0.0%)   0.0000 (  0.0%)   0.0003 (  0.0%)   0.0002 (  0.0%)  Natural Loop Information
   0.0003 (  0.0%)   0.0000 (  0.0%)   0.0003 (  0.0%)   0.0002 (  0.0%)  Dominance Frontier Construction
   0.0002 (  0.0%)   0.0000 (  0.0%)   0.0002 (  0.0%)   0.0002 (  0.0%)  Post-Dominator Tree Construction
   0.0002 (  0.0%)   0.0000 (  0.0%)   0.0002 (  0.0%)   0.0002 (  0.0%)  Dominator Tree Construction
   0.0002 (  0.0%)   0.0000 (  0.0%)   0.0002 (  0.0%)   0.0002 (  0.0%)  Dominator Tree Construction
   0.0002 (  0.0%)   0.0000 (  0.0%)   0.0002 (  0.0%)   0.0002 (  0.0%)  Loop-Closed SSA Form Pass
   0.0002 (  0.0%)   0.0000 (  0.0%)   0.0002 (  0.0%)   0.0002 (  0.0%)  Canonicalize natural loops
   0.0002 (  0.0%)   0.0000 (  0.0%)   0.0002 (  0.0%)   0.0002 (  0.0%)  CallGraph Construction
   0.0002 (  0.0%)   0.0000 (  0.0%)   0.0002 (  0.0%)   0.0002 (  0.0%)  CallGraph Construction
   0.0002 (  0.0%)   0.0000 (  0.0%)   0.0003 (  0.0%)   0.0002 (  0.0%)  Dominator Tree Construction
   0.0003 (  0.0%)   0.0000 (  0.0%)   0.0003 (  0.0%)   0.0002 (  0.0%)  Post-Dominator Tree Construction
   0.0002 (  0.0%)   0.0000 (  0.0%)   0.0002 (  0.0%)   0.0002 (  0.0%)  Natural Loop Information
   0.0002 (  0.0%)   0.0000 (  0.0%)   0.0002 (  0.0%)   0.0002 (  0.0%)  Dominator Tree Construction
   0.0002 (  0.0%)   0.0000 (  0.0%)   0.0003 (  0.0%)   0.0002 (  0.0%)  Dominator Tree Construction
   0.0002 (  0.0%)   0.0000 (  0.0%)   0.0002 (  0.0%)   0.0002 (  0.0%)  Dominator Tree Construction
   0.0002 (  0.0%)   0.0000 (  0.0%)   0.0002 (  0.0%)   0.0002 (  0.0%)  Dominator Tree Construction
   0.0002 (  0.0%)   0.0000 (  0.0%)   0.0002 (  0.0%)   0.0002 (  0.0%)  Natural Loop Information
   0.0002 (  0.0%)   0.0000 (  0.0%)   0.0002 (  0.0%)   0.0002 (  0.0%)  Dominator Tree Construction
   0.0002 (  0.0%)   0.0000 (  0.0%)   0.0002 (  0.0%)   0.0002 (  0.0%)  Post-Dominator Tree Construction
   0.0002 (  0.0%)   0.0000 (  0.0%)   0.0002 (  0.0%)   0.0002 (  0.0%)  Dominator Tree Construction
   0.0002 (  0.0%)   0.0000 (  0.0%)   0.0002 (  0.0%)   0.0002 (  0.0%)  Dominator Tree Construction
   0.0002 (  0.0%)   0.0000 (  0.0%)   0.0002 (  0.0%)   0.0002 (  0.0%)  Natural Loop Information
   0.0002 (  0.0%)   0.0000 (  0.0%)   0.0002 (  0.0%)   0.0002 (  0.0%)  Dominance Frontier Construction
   0.0002 (  0.0%)   0.0000 (  0.0%)   0.0002 (  0.0%)   0.0002 (  0.0%)  CallGraph Construction
   0.0002 (  0.0%)   0.0000 (  0.0%)   0.0002 (  0.0%)   0.0002 (  0.0%)  Dominator Tree Construction
   0.0002 (  0.0%)   0.0000 (  0.0%)   0.0002 (  0.0%)   0.0002 (  0.0%)  Natural Loop Information
   0.0002 (  0.0%)   0.0000 (  0.0%)   0.0002 (  0.0%)   0.0002 (  0.0%)  Loop-Closed SSA Form Pass
   0.0002 (  0.0%)   0.0000 (  0.0%)   0.0002 (  0.0%)   0.0002 (  0.0%)  Loop-Closed SSA Form Pass
   0.0002 (  0.0%)   0.0000 (  0.0%)   0.0002 (  0.0%)   0.0002 (  0.0%)  Eliminate pointer selection
   0.0002 (  0.0%)   0.0000 (  0.0%)   0.0003 (  0.0%)   0.0002 (  0.0%)  Natural Loop Information
   0.0000 (  0.0%)   0.0002 (  0.2%)   0.0002 (  0.0%)   0.0002 (  0.0%)  Infer PPPO for array-to-streams
   0.0002 (  0.0%)   0.0000 (  0.0%)   0.0002 (  0.0%)   0.0002 (  0.0%)  Natural Loop Information
   0.0002 (  0.0%)   0.0000 (  0.0%)   0.0002 (  0.0%)   0.0002 (  0.0%)  Loop-Closed SSA Form Pass
   0.0002 (  0.0%)   0.0000 (  0.0%)   0.0002 (  0.0%)   0.0002 (  0.0%)  Infer nuw/nsw flags for instructions
   0.0002 (  0.0%)   0.0000 (  0.0%)   0.0002 (  0.0%)   0.0002 (  0.0%)  Dominator Tree Construction
   0.0002 (  0.0%)   0.0000 (  0.0%)   0.0002 (  0.0%)   0.0002 (  0.0%)  Dominator Tree Construction
   0.0002 (  0.0%)   0.0000 (  0.0%)   0.0002 (  0.0%)   0.0002 (  0.0%)  Natural Loop Information
   0.0002 (  0.0%)   0.0000 (  0.0%)   0.0002 (  0.0%)   0.0002 (  0.0%)  Natural Loop Information
   0.0002 (  0.0%)   0.0000 (  0.0%)   0.0002 (  0.0%)   0.0002 (  0.0%)  Natural Loop Information
   0.0002 (  0.0%)   0.0000 (  0.0%)   0.0002 (  0.0%)   0.0002 (  0.0%)  Dominator Tree Construction
   0.0002 (  0.0%)   0.0000 (  0.0%)   0.0002 (  0.0%)   0.0002 (  0.0%)  Dominator Tree Construction
   0.0002 (  0.0%)   0.0000 (  0.0%)   0.0002 (  0.0%)   0.0002 (  0.0%)  Natural Loop Information
   0.0002 (  0.0%)   0.0000 (  0.0%)   0.0002 (  0.0%)   0.0002 (  0.0%)  Infer nuw/nsw flags for instructions
   0.0002 (  0.0%)   0.0000 (  0.0%)   0.0002 (  0.0%)   0.0002 (  0.0%)  Scalar Evolution Analysis
   0.0002 (  0.0%)   0.0000 (  0.0%)   0.0002 (  0.0%)   0.0002 (  0.0%)  Natural Loop Information
   0.0002 (  0.0%)   0.0000 (  0.0%)   0.0002 (  0.0%)   0.0002 (  0.0%)  Dominator Tree Construction
   0.0002 (  0.0%)   0.0000 (  0.0%)   0.0002 (  0.0%)   0.0002 (  0.0%)  Canonicalize natural loops
   0.0002 (  0.0%)   0.0000 (  0.0%)   0.0002 (  0.0%)   0.0002 (  0.0%)  Dominator Tree Construction
   0.0002 (  0.0%)   0.0000 (  0.0%)   0.0002 (  0.0%)   0.0002 (  0.0%)  Natural Loop Information
   0.0002 (  0.0%)   0.0000 (  0.0%)   0.0002 (  0.0%)   0.0002 (  0.0%)  Dominator Tree Construction
   0.0002 (  0.0%)   0.0000 (  0.0%)   0.0002 (  0.0%)   0.0002 (  0.0%)  Dominator Tree Construction
   0.0002 (  0.0%)   0.0000 (  0.0%)   0.0002 (  0.0%)   0.0002 (  0.0%)  Function Alias Analysis Results
   0.0002 (  0.0%)   0.0000 (  0.0%)   0.0002 (  0.0%)   0.0002 (  0.0%)  Natural Loop Information
   0.0002 (  0.0%)   0.0000 (  0.0%)   0.0002 (  0.0%)   0.0002 (  0.0%)  Natural Loop Information
   0.0002 (  0.0%)   0.0000 (  0.0%)   0.0002 (  0.0%)   0.0002 (  0.0%)  Dominator Tree Construction
   0.0002 (  0.0%)   0.0000 (  0.0%)   0.0002 (  0.0%)   0.0002 (  0.0%)  Function Alias Analysis Results
   0.0002 (  0.0%)   0.0000 (  0.0%)   0.0002 (  0.0%)   0.0002 (  0.0%)  Natural Loop Information
   0.0002 (  0.0%)   0.0000 (  0.0%)   0.0002 (  0.0%)   0.0002 (  0.0%)  CallGraph Construction
   0.0002 (  0.0%)   0.0001 (  0.1%)   0.0002 (  0.0%)   0.0002 (  0.0%)  Loop-Closed SSA Form Pass
   0.0002 (  0.0%)   0.0000 (  0.0%)   0.0002 (  0.0%)   0.0002 (  0.0%)  Natural Loop Information
   0.0002 (  0.0%)   0.0000 (  0.0%)   0.0002 (  0.0%)   0.0002 (  0.0%)  Dominator Tree Construction
   0.0002 (  0.0%)   0.0000 (  0.0%)   0.0002 (  0.0%)   0.0002 (  0.0%)  Eliminate pointer selection
   0.0002 (  0.0%)   0.0000 (  0.0%)   0.0002 (  0.0%)   0.0002 (  0.0%)  Natural Loop Information
   0.0002 (  0.0%)   0.0000 (  0.0%)   0.0002 (  0.0%)   0.0002 (  0.0%)  Dominator Tree Construction
   0.0002 (  0.0%)   0.0000 (  0.0%)   0.0002 (  0.0%)   0.0002 (  0.0%)  Dominance Frontier Construction
   0.0002 (  0.0%)   0.0000 (  0.0%)   0.0002 (  0.0%)   0.0002 (  0.0%)  Natural Loop Information
   0.0002 (  0.0%)   0.0000 (  0.0%)   0.0002 (  0.0%)   0.0002 (  0.0%)  Natural Loop Information
   0.0002 (  0.0%)   0.0000 (  0.0%)   0.0002 (  0.0%)   0.0002 (  0.0%)  Dominator Tree Construction
   0.0002 (  0.0%)   0.0000 (  0.0%)   0.0002 (  0.0%)   0.0002 (  0.0%)  Dominator Tree Construction
   0.0002 (  0.0%)   0.0000 (  0.0%)   0.0002 (  0.0%)   0.0002 (  0.0%)  Post-Dominator Tree Construction
   0.0002 (  0.0%)   0.0000 (  0.0%)   0.0002 (  0.0%)   0.0002 (  0.0%)  Natural Loop Information
   0.0002 (  0.0%)   0.0000 (  0.0%)   0.0002 (  0.0%)   0.0002 (  0.0%)  Post-Dominator Tree Construction
   0.0000 (  0.0%)   0.0002 (  0.2%)   0.0002 (  0.0%)   0.0002 (  0.0%)  Dead Argument Elimination
   0.0002 (  0.0%)   0.0000 (  0.0%)   0.0002 (  0.0%)   0.0002 (  0.0%)  Dominator Tree Construction
   0.0002 (  0.0%)   0.0000 (  0.0%)   0.0002 (  0.0%)   0.0002 (  0.0%)  Natural Loop Information
   0.0002 (  0.0%)   0.0000 (  0.0%)   0.0002 (  0.0%)   0.0002 (  0.0%)  CallGraph Construction
   0.0002 (  0.0%)   0.0000 (  0.0%)   0.0002 (  0.0%)   0.0002 (  0.0%)  Canonicalize natural loops
   0.0002 (  0.0%)   0.0000 (  0.0%)   0.0002 (  0.0%)   0.0002 (  0.0%)  Infer nuw/nsw flags for instructions
   0.0002 (  0.0%)   0.0001 (  0.0%)   0.0002 (  0.0%)   0.0002 (  0.0%)  Basic Alias Analysis (stateless AA impl)
   0.0002 (  0.0%)   0.0000 (  0.0%)   0.0002 (  0.0%)   0.0002 (  0.0%)  Natural Loop Information
   0.0002 (  0.0%)   0.0000 (  0.0%)   0.0002 (  0.0%)   0.0002 (  0.0%)  Function Alias Analysis Results
   0.0002 (  0.0%)   0.0000 (  0.0%)   0.0002 (  0.0%)   0.0002 (  0.0%)  Dominator Tree Construction
   0.0002 (  0.0%)   0.0000 (  0.0%)   0.0002 (  0.0%)   0.0002 (  0.0%)  Post-Dominator Tree Construction
   0.0002 (  0.0%)   0.0000 (  0.0%)   0.0002 (  0.0%)   0.0002 (  0.0%)  Natural Loop Information
   0.0002 (  0.0%)   0.0000 (  0.0%)   0.0002 (  0.0%)   0.0002 (  0.0%)  Infer PPPO for array-to-streams
   0.0002 (  0.0%)   0.0000 (  0.0%)   0.0002 (  0.0%)   0.0002 (  0.0%)  Dominator Tree Construction
   0.0002 (  0.0%)   0.0000 (  0.0%)   0.0002 (  0.0%)   0.0002 (  0.0%)  Natural Loop Information
   0.0002 (  0.0%)   0.0000 (  0.0%)   0.0002 (  0.0%)   0.0002 (  0.0%)  Natural Loop Information
   0.0002 (  0.0%)   0.0000 (  0.0%)   0.0002 (  0.0%)   0.0002 (  0.0%)  Natural Loop Information
   0.0002 (  0.0%)   0.0000 (  0.0%)   0.0002 (  0.0%)   0.0002 (  0.0%)  Dominator Tree Construction
   0.0002 (  0.0%)   0.0000 (  0.0%)   0.0002 (  0.0%)   0.0002 (  0.0%)  Canonicalize natural loops
   0.0002 (  0.0%)   0.0000 (  0.0%)   0.0002 (  0.0%)   0.0002 (  0.0%)  CallGraph Construction
   0.0002 (  0.0%)   0.0000 (  0.0%)   0.0002 (  0.0%)   0.0002 (  0.0%)  Natural Loop Information
   0.0002 (  0.0%)   0.0000 (  0.0%)   0.0002 (  0.0%)   0.0002 (  0.0%)  Natural Loop Information
   0.0002 (  0.0%)   0.0000 (  0.0%)   0.0002 (  0.0%)   0.0002 (  0.0%)  Dominator Tree Construction
   0.0002 (  0.0%)   0.0000 (  0.0%)   0.0002 (  0.0%)   0.0002 (  0.0%)  Natural Loop Information
   0.0002 (  0.0%)   0.0000 (  0.0%)   0.0002 (  0.0%)   0.0002 (  0.0%)  Natural Loop Information
   0.0002 (  0.0%)   0.0000 (  0.0%)   0.0002 (  0.0%)   0.0002 (  0.0%)  Loop-Closed SSA Form Pass
   0.0002 (  0.0%)   0.0000 (  0.0%)   0.0002 (  0.0%)   0.0002 (  0.0%)  Dominator Tree Construction
   0.0002 (  0.0%)   0.0000 (  0.0%)   0.0002 (  0.0%)   0.0002 (  0.0%)  Post-Dominator Tree Construction
   0.0002 (  0.0%)   0.0000 (  0.0%)   0.0002 (  0.0%)   0.0002 (  0.0%)  Function Alias Analysis Results
   0.0002 (  0.0%)   0.0000 (  0.0%)   0.0002 (  0.0%)   0.0002 (  0.0%)  Natural Loop Information
   0.0002 (  0.0%)   0.0000 (  0.0%)   0.0002 (  0.0%)   0.0002 (  0.0%)  support Intrinsic::fpga_xor_reduce
   0.0002 (  0.0%)   0.0000 (  0.0%)   0.0002 (  0.0%)   0.0002 (  0.0%)  Natural Loop Information
   0.0002 (  0.0%)   0.0000 (  0.0%)   0.0002 (  0.0%)   0.0002 (  0.0%)  Natural Loop Information
   0.0002 (  0.0%)   0.0000 (  0.0%)   0.0002 (  0.0%)   0.0002 (  0.0%)  Natural Loop Information
   0.0002 (  0.0%)   0.0000 (  0.0%)   0.0002 (  0.0%)   0.0002 (  0.0%)  Natural Loop Information
   0.0002 (  0.0%)   0.0000 (  0.0%)   0.0002 (  0.0%)   0.0002 (  0.0%)  Dominance Frontier Construction
   0.0002 (  0.0%)   0.0000 (  0.0%)   0.0002 (  0.0%)   0.0002 (  0.0%)  Natural Loop Information
   0.0002 (  0.0%)   0.0000 (  0.0%)   0.0002 (  0.0%)   0.0002 (  0.0%)  Dominator Tree Construction
   0.0002 (  0.0%)   0.0000 (  0.0%)   0.0002 (  0.0%)   0.0002 (  0.0%)  Natural Loop Information
   0.0002 (  0.0%)   0.0000 (  0.0%)   0.0002 (  0.0%)   0.0002 (  0.0%)  Dead Store Elimination
   0.0002 (  0.0%)   0.0000 (  0.0%)   0.0002 (  0.0%)   0.0002 (  0.0%)  Dominator Tree Construction
   0.0002 (  0.0%)   0.0000 (  0.0%)   0.0002 (  0.0%)   0.0002 (  0.0%)  CallGraph Construction
   0.0002 (  0.0%)   0.0000 (  0.0%)   0.0002 (  0.0%)   0.0002 (  0.0%)  Dominator Tree Construction
   0.0002 (  0.0%)   0.0000 (  0.0%)   0.0002 (  0.0%)   0.0002 (  0.0%)  Infer nuw/nsw flags for instructions
   0.0002 (  0.0%)   0.0000 (  0.0%)   0.0002 (  0.0%)   0.0002 (  0.0%)  Eliminate dead debug information intrinsic
   0.0002 (  0.0%)   0.0000 (  0.0%)   0.0002 (  0.0%)   0.0002 (  0.0%)  Natural Loop Information
   0.0002 (  0.0%)   0.0000 (  0.0%)   0.0002 (  0.0%)   0.0002 (  0.0%)  Basic Alias Analysis (stateless AA impl)
   0.0002 (  0.0%)   0.0000 (  0.0%)   0.0002 (  0.0%)   0.0002 (  0.0%)  Natural Loop Information
   0.0002 (  0.0%)   0.0000 (  0.0%)   0.0002 (  0.0%)   0.0002 (  0.0%)  Canonicalize natural loops
   0.0002 (  0.0%)   0.0000 (  0.0%)   0.0002 (  0.0%)   0.0002 (  0.0%)  Natural Loop Information
   0.0002 (  0.0%)   0.0000 (  0.0%)   0.0002 (  0.0%)   0.0002 (  0.0%)  Natural Loop Information
   0.0002 (  0.0%)   0.0000 (  0.0%)   0.0002 (  0.0%)   0.0002 (  0.0%)  CallGraph Construction
   0.0001 (  0.0%)   0.0001 (  0.1%)   0.0002 (  0.0%)   0.0002 (  0.0%)  Basic Alias Analysis (stateless AA impl)
   0.0002 (  0.0%)   0.0000 (  0.0%)   0.0002 (  0.0%)   0.0002 (  0.0%)  Natural Loop Information
   0.0002 (  0.0%)   0.0000 (  0.0%)   0.0002 (  0.0%)   0.0002 (  0.0%)  Dead Code Elimination
   0.0002 (  0.0%)   0.0000 (  0.0%)   0.0002 (  0.0%)   0.0002 (  0.0%)  Dominator Tree Construction
   0.0002 (  0.0%)   0.0000 (  0.0%)   0.0002 (  0.0%)   0.0002 (  0.0%)  Dominator Tree Construction
   0.0002 (  0.0%)   0.0000 (  0.0%)   0.0002 (  0.0%)   0.0002 (  0.0%)  Post-Dominator Tree Construction
   0.0002 (  0.0%)   0.0000 (  0.0%)   0.0002 (  0.0%)   0.0002 (  0.0%)  Dead Argument Elimination
   0.0002 (  0.0%)   0.0000 (  0.0%)   0.0002 (  0.0%)   0.0002 (  0.0%)  Natural Loop Information
   0.0002 (  0.0%)   0.0000 (  0.0%)   0.0002 (  0.0%)   0.0002 (  0.0%)  Dominator Tree Construction
   0.0002 (  0.0%)   0.0000 (  0.0%)   0.0002 (  0.0%)   0.0002 (  0.0%)  Natural Loop Information
   0.0002 (  0.0%)   0.0000 (  0.0%)   0.0002 (  0.0%)   0.0002 (  0.0%)  Loop-Closed SSA Form Pass
   0.0002 (  0.0%)   0.0000 (  0.0%)   0.0002 (  0.0%)   0.0002 (  0.0%)  Natural Loop Information
   0.0002 (  0.0%)   0.0000 (  0.0%)   0.0002 (  0.0%)   0.0002 (  0.0%)  Natural Loop Information
   0.0002 (  0.0%)   0.0000 (  0.0%)   0.0002 (  0.0%)   0.0002 (  0.0%)  CallGraph Construction
   0.0002 (  0.0%)   0.0000 (  0.0%)   0.0002 (  0.0%)   0.0002 (  0.0%)  Natural Loop Information
   0.0002 (  0.0%)   0.0000 (  0.0%)   0.0002 (  0.0%)   0.0002 (  0.0%)  CallGraph Construction
   0.0002 (  0.0%)   0.0000 (  0.0%)   0.0002 (  0.0%)   0.0002 (  0.0%)  Natural Loop Information
   0.0002 (  0.0%)   0.0000 (  0.0%)   0.0002 (  0.0%)   0.0002 (  0.0%)  Scalar Evolution Analysis
   0.0002 (  0.0%)   0.0000 (  0.0%)   0.0002 (  0.0%)   0.0002 (  0.0%)  Natural Loop Information
   0.0002 (  0.0%)   0.0000 (  0.0%)   0.0002 (  0.0%)   0.0002 (  0.0%)  Infer PPPO for array-to-streams
   0.0002 (  0.0%)   0.0000 (  0.0%)   0.0002 (  0.0%)   0.0002 (  0.0%)  Natural Loop Information
   0.0000 (  0.0%)   0.0002 (  0.2%)   0.0002 (  0.0%)   0.0002 (  0.0%)  Dead Argument Elimination
   0.0002 (  0.0%)   0.0000 (  0.0%)   0.0002 (  0.0%)   0.0002 (  0.0%)  Natural Loop Information
   0.0002 (  0.0%)   0.0000 (  0.0%)   0.0002 (  0.0%)   0.0002 (  0.0%)  Object Decomposition
   0.0002 (  0.0%)   0.0000 (  0.0%)   0.0002 (  0.0%)   0.0002 (  0.0%)  Natural Loop Information
   0.0002 (  0.0%)   0.0000 (  0.0%)   0.0002 (  0.0%)   0.0002 (  0.0%)  Dominance Frontier Construction
   0.0002 (  0.0%)   0.0001 (  0.0%)   0.0002 (  0.0%)   0.0002 (  0.0%)  Natural Loop Information
   0.0002 (  0.0%)   0.0000 (  0.0%)   0.0002 (  0.0%)   0.0002 (  0.0%)  Dominator Tree Construction
   0.0002 (  0.0%)   0.0000 (  0.0%)   0.0002 (  0.0%)   0.0002 (  0.0%)  Natural Loop Information
   0.0002 (  0.0%)   0.0000 (  0.0%)   0.0002 (  0.0%)   0.0002 (  0.0%)  InferXCLAttributes - Infer XCL attributes
   0.0002 (  0.0%)   0.0000 (  0.0%)   0.0002 (  0.0%)   0.0002 (  0.0%)  Natural Loop Information
   0.0002 (  0.0%)   0.0000 (  0.0%)   0.0002 (  0.0%)   0.0002 (  0.0%)  Natural Loop Information
   0.0002 (  0.0%)   0.0000 (  0.0%)   0.0002 (  0.0%)   0.0002 (  0.0%)  Natural Loop Information
   0.0002 (  0.0%)   0.0000 (  0.0%)   0.0002 (  0.0%)   0.0002 (  0.0%)  Dead Argument Elimination
   0.0002 (  0.0%)   0.0000 (  0.0%)   0.0002 (  0.0%)   0.0002 (  0.0%)  Natural Loop Information
   0.0002 (  0.0%)   0.0000 (  0.0%)   0.0002 (  0.0%)   0.0002 (  0.0%)  Natural Loop Information
   0.0002 (  0.0%)   0.0000 (  0.0%)   0.0002 (  0.0%)   0.0002 (  0.0%)  Natural Loop Information
   0.0002 (  0.0%)   0.0000 (  0.0%)   0.0002 (  0.0%)   0.0002 (  0.0%)  Natural Loop Information
   0.0002 (  0.0%)   0.0001 (  0.0%)   0.0002 (  0.0%)   0.0002 (  0.0%)  Basic Alias Analysis (stateless AA impl)
   0.0002 (  0.0%)   0.0000 (  0.0%)   0.0002 (  0.0%)   0.0002 (  0.0%)  Natural Loop Information
   0.0000 (  0.0%)   0.0002 (  0.2%)   0.0002 (  0.0%)   0.0002 (  0.0%)  CallGraph Construction
   0.0002 (  0.0%)   0.0000 (  0.0%)   0.0002 (  0.0%)   0.0002 (  0.0%)  Natural Loop Information
   0.0002 (  0.0%)   0.0000 (  0.0%)   0.0002 (  0.0%)   0.0002 (  0.0%)  Dominator Tree Construction
   0.0002 (  0.0%)   0.0000 (  0.0%)   0.0002 (  0.0%)   0.0002 (  0.0%)  Natural Loop Information
   0.0002 (  0.0%)   0.0000 (  0.0%)   0.0002 (  0.0%)   0.0002 (  0.0%)  Natural Loop Information
   0.0002 (  0.0%)   0.0000 (  0.0%)   0.0002 (  0.0%)   0.0002 (  0.0%)  Infer nuw/nsw flags for instructions
   0.0002 (  0.0%)   0.0000 (  0.0%)   0.0002 (  0.0%)   0.0002 (  0.0%)  Natural Loop Information
   0.0002 (  0.0%)   0.0000 (  0.0%)   0.0002 (  0.0%)   0.0002 (  0.0%)  Natural Loop Information
   0.0002 (  0.0%)   0.0000 (  0.0%)   0.0002 (  0.0%)   0.0002 (  0.0%)  Natural Loop Information
   0.0002 (  0.0%)   0.0000 (  0.0%)   0.0002 (  0.0%)   0.0002 (  0.0%)  CallGraph Construction
   0.0002 (  0.0%)   0.0000 (  0.0%)   0.0002 (  0.0%)   0.0002 (  0.0%)  Loop-Closed SSA Form Pass
   0.0002 (  0.0%)   0.0000 (  0.0%)   0.0002 (  0.0%)   0.0002 (  0.0%)  AttrPropagation - Propagate Pointer Parameter Attribute
   0.0002 (  0.0%)   0.0000 (  0.0%)   0.0002 (  0.0%)   0.0002 (  0.0%)  Scalar Evolution Analysis
   0.0002 (  0.0%)   0.0000 (  0.0%)   0.0002 (  0.0%)   0.0002 (  0.0%)  Natural Loop Information
   0.0002 (  0.0%)   0.0000 (  0.0%)   0.0002 (  0.0%)   0.0002 (  0.0%)  Dead Code Elimination
   0.0002 (  0.0%)   0.0000 (  0.0%)   0.0002 (  0.0%)   0.0002 (  0.0%)  CallGraph Construction
   0.0002 (  0.0%)   0.0000 (  0.0%)   0.0002 (  0.0%)   0.0002 (  0.0%)  CallGraph Construction
   0.0002 (  0.0%)   0.0000 (  0.0%)   0.0002 (  0.0%)   0.0002 (  0.0%)  Natural Loop Information
   0.0002 (  0.0%)   0.0000 (  0.0%)   0.0002 (  0.0%)   0.0002 (  0.0%)  Eliminate pointer selection
   0.0002 (  0.0%)   0.0000 (  0.0%)   0.0002 (  0.0%)   0.0002 (  0.0%)  Natural Loop Information
   0.0002 (  0.0%)   0.0000 (  0.0%)   0.0002 (  0.0%)   0.0002 (  0.0%)  Eliminate dead debug information intrinsic
   0.0002 (  0.0%)   0.0000 (  0.0%)   0.0002 (  0.0%)   0.0002 (  0.0%)  Natural Loop Information
   0.0002 (  0.0%)   0.0000 (  0.0%)   0.0002 (  0.0%)   0.0002 (  0.0%)  Dominator Tree Construction
   0.0002 (  0.0%)   0.0000 (  0.0%)   0.0002 (  0.0%)   0.0002 (  0.0%)  Basic Alias Analysis (stateless AA impl)
   0.0002 (  0.0%)   0.0000 (  0.0%)   0.0002 (  0.0%)   0.0002 (  0.0%)  Scalar Evolution Analysis
   0.0002 (  0.0%)   0.0000 (  0.0%)   0.0002 (  0.0%)   0.0002 (  0.0%)  Dominator Tree Construction
   0.0002 (  0.0%)   0.0000 (  0.0%)   0.0002 (  0.0%)   0.0002 (  0.0%)  Dominator Tree Construction
   0.0002 (  0.0%)   0.0000 (  0.0%)   0.0002 (  0.0%)   0.0002 (  0.0%)  Natural Loop Information
   0.0002 (  0.0%)   0.0000 (  0.0%)   0.0002 (  0.0%)   0.0002 (  0.0%)  Dominator Tree Construction
   0.0002 (  0.0%)   0.0000 (  0.0%)   0.0002 (  0.0%)   0.0002 (  0.0%)  Rotate Loops
   0.0000 (  0.0%)   0.0002 (  0.1%)   0.0002 (  0.0%)   0.0002 (  0.0%)  CallGraph Construction
   0.0002 (  0.0%)   0.0000 (  0.0%)   0.0002 (  0.0%)   0.0002 (  0.0%)  Dominator Tree Construction
   0.0002 (  0.0%)   0.0000 (  0.0%)   0.0002 (  0.0%)   0.0002 (  0.0%)  LowerPredicate - Lower predicates to control-flow
   0.0002 (  0.0%)   0.0000 (  0.0%)   0.0002 (  0.0%)   0.0002 (  0.0%)  Natural Loop Information
   0.0002 (  0.0%)   0.0000 (  0.0%)   0.0002 (  0.0%)   0.0002 (  0.0%)  Dominator Tree Construction
   0.0002 (  0.0%)   0.0000 (  0.0%)   0.0002 (  0.0%)   0.0002 (  0.0%)  Eliminate pointer selection
   0.0002 (  0.0%)   0.0000 (  0.0%)   0.0002 (  0.0%)   0.0002 (  0.0%)  Natural Loop Information
   0.0002 (  0.0%)   0.0000 (  0.0%)   0.0002 (  0.0%)   0.0002 (  0.0%)  Natural Loop Information
   0.0002 (  0.0%)   0.0000 (  0.0%)   0.0002 (  0.0%)   0.0002 (  0.0%)  Dominator Tree Construction
   0.0002 (  0.0%)   0.0000 (  0.0%)   0.0002 (  0.0%)   0.0002 (  0.0%)  CallGraph Construction
   0.0002 (  0.0%)   0.0000 (  0.0%)   0.0002 (  0.0%)   0.0002 (  0.0%)  Dominator Tree Construction
   0.0002 (  0.0%)   0.0000 (  0.0%)   0.0002 (  0.0%)   0.0002 (  0.0%)  Dominator Tree Construction
   0.0002 (  0.0%)   0.0000 (  0.0%)   0.0002 (  0.0%)   0.0002 (  0.0%)  Dominator Tree Construction
   0.0002 (  0.0%)   0.0000 (  0.0%)   0.0002 (  0.0%)   0.0002 (  0.0%)  Natural Loop Information
   0.0002 (  0.0%)   0.0000 (  0.0%)   0.0002 (  0.0%)   0.0002 (  0.0%)  Natural Loop Information
   0.0002 (  0.0%)   0.0000 (  0.0%)   0.0002 (  0.0%)   0.0002 (  0.0%)  Loop-Closed SSA Form Pass
   0.0002 (  0.0%)   0.0000 (  0.0%)   0.0002 (  0.0%)   0.0002 (  0.0%)  Disaggregation preprocessing
   0.0002 (  0.0%)   0.0000 (  0.0%)   0.0002 (  0.0%)   0.0002 (  0.0%)  Infer PPPO for array-to-streams
   0.0002 (  0.0%)   0.0000 (  0.0%)   0.0002 (  0.0%)   0.0002 (  0.0%)  Dominator Tree Construction
   0.0002 (  0.0%)   0.0000 (  0.0%)   0.0002 (  0.0%)   0.0002 (  0.0%)  Canonicalize natural loops
   0.0002 (  0.0%)   0.0000 (  0.0%)   0.0002 (  0.0%)   0.0002 (  0.0%)  Natural Loop Information
   0.0002 (  0.0%)   0.0000 (  0.0%)   0.0002 (  0.0%)   0.0002 (  0.0%)  Natural Loop Information
   0.0002 (  0.0%)   0.0000 (  0.0%)   0.0002 (  0.0%)   0.0002 (  0.0%)  Natural Loop Information
   0.0002 (  0.0%)   0.0000 (  0.0%)   0.0002 (  0.0%)   0.0002 (  0.0%)  Natural Loop Information
   0.0002 (  0.0%)   0.0000 (  0.0%)   0.0002 (  0.0%)   0.0002 (  0.0%)  Loop-Closed SSA Form Pass
   0.0002 (  0.0%)   0.0000 (  0.0%)   0.0002 (  0.0%)   0.0002 (  0.0%)  Natural Loop Information
   0.0002 (  0.0%)   0.0000 (  0.0%)   0.0002 (  0.0%)   0.0002 (  0.0%)  Merge accesses
   0.0002 (  0.0%)   0.0000 (  0.0%)   0.0002 (  0.0%)   0.0002 (  0.0%)  Scalar Evolution Analysis
   0.0002 (  0.0%)   0.0000 (  0.0%)   0.0002 (  0.0%)   0.0002 (  0.0%)  Natural Loop Information
   0.0002 (  0.0%)   0.0000 (  0.0%)   0.0002 (  0.0%)   0.0002 (  0.0%)  CallGraph Construction
   0.0002 (  0.0%)   0.0000 (  0.0%)   0.0002 (  0.0%)   0.0002 (  0.0%)  Natural Loop Information
   0.0002 (  0.0%)   0.0000 (  0.0%)   0.0002 (  0.0%)   0.0002 (  0.0%)  Loop-Closed SSA Form Pass
   0.0002 (  0.0%)   0.0000 (  0.0%)   0.0002 (  0.0%)   0.0002 (  0.0%)  CallGraph Construction
   0.0002 (  0.0%)   0.0000 (  0.0%)   0.0002 (  0.0%)   0.0002 (  0.0%)  Natural Loop Information
   0.0002 (  0.0%)   0.0000 (  0.0%)   0.0002 (  0.0%)   0.0002 (  0.0%)  Dead Code Elimination
   0.0002 (  0.0%)   0.0000 (  0.0%)   0.0002 (  0.0%)   0.0002 (  0.0%)  Natural Loop Information
   0.0002 (  0.0%)   0.0000 (  0.0%)   0.0002 (  0.0%)   0.0002 (  0.0%)  Natural Loop Information
   0.0002 (  0.0%)   0.0000 (  0.0%)   0.0002 (  0.0%)   0.0002 (  0.0%)  Scalar Evolution Analysis
   0.0002 (  0.0%)   0.0000 (  0.0%)   0.0002 (  0.0%)   0.0002 (  0.0%)  CallGraph Construction
   0.0002 (  0.0%)   0.0000 (  0.0%)   0.0002 (  0.0%)   0.0002 (  0.0%)  Natural Loop Information
   0.0002 (  0.0%)   0.0000 (  0.0%)   0.0002 (  0.0%)   0.0002 (  0.0%)  Infer nuw/nsw flags for instructions
   0.0002 (  0.0%)   0.0000 (  0.0%)   0.0002 (  0.0%)   0.0002 (  0.0%)  Natural Loop Information
   0.0002 (  0.0%)   0.0000 (  0.0%)   0.0002 (  0.0%)   0.0002 (  0.0%)  Infer nuw/nsw flags for instructions
   0.0002 (  0.0%)   0.0000 (  0.0%)   0.0002 (  0.0%)   0.0002 (  0.0%)  Function Alias Analysis Results
   0.0002 (  0.0%)   0.0000 (  0.0%)   0.0002 (  0.0%)   0.0002 (  0.0%)  Natural Loop Information
   0.0002 (  0.0%)   0.0000 (  0.0%)   0.0002 (  0.0%)   0.0002 (  0.0%)  Natural Loop Information
   0.0002 (  0.0%)   0.0000 (  0.0%)   0.0002 (  0.0%)   0.0002 (  0.0%)  Infer nuw/nsw flags for instructions
   0.0002 (  0.0%)   0.0000 (  0.0%)   0.0002 (  0.0%)   0.0002 (  0.0%)  Natural Loop Information
   0.0002 (  0.0%)   0.0000 (  0.0%)   0.0002 (  0.0%)   0.0002 (  0.0%)  Resolve full load/store
   0.0000 (  0.0%)   0.0002 (  0.1%)   0.0002 (  0.0%)   0.0002 (  0.0%)  Dead Global Elimination
   0.0002 (  0.0%)   0.0000 (  0.0%)   0.0002 (  0.0%)   0.0002 (  0.0%)  Dominator Tree Construction
   0.0002 (  0.0%)   0.0000 (  0.0%)   0.0002 (  0.0%)   0.0002 (  0.0%)  Natural Loop Information
   0.0002 (  0.0%)   0.0000 (  0.0%)   0.0002 (  0.0%)   0.0002 (  0.0%)  Dead Global Elimination
   0.0002 (  0.0%)   0.0000 (  0.0%)   0.0002 (  0.0%)   0.0002 (  0.0%)  CallGraph Construction
   0.0002 (  0.0%)   0.0000 (  0.0%)   0.0002 (  0.0%)   0.0002 (  0.0%)  Function duplication
   0.0002 (  0.0%)   0.0000 (  0.0%)   0.0002 (  0.0%)   0.0002 (  0.0%)  Eliminate dead debug information intrinsic
   0.0002 (  0.0%)   0.0000 (  0.0%)   0.0002 (  0.0%)   0.0002 (  0.0%)  dataflow canonicalization
   0.0002 (  0.0%)   0.0000 (  0.0%)   0.0002 (  0.0%)   0.0002 (  0.0%)  Infer nuw/nsw flags for instructions
   0.0002 (  0.0%)   0.0000 (  0.0%)   0.0002 (  0.0%)   0.0002 (  0.0%)  Natural Loop Information
   0.0002 (  0.0%)   0.0000 (  0.0%)   0.0002 (  0.0%)   0.0002 (  0.0%)  Canonicalize natural loops
   0.0002 (  0.0%)   0.0000 (  0.0%)   0.0002 (  0.0%)   0.0002 (  0.0%)  Array abnormal access check
   0.0002 (  0.0%)   0.0000 (  0.0%)   0.0002 (  0.0%)   0.0002 (  0.0%)  Natural Loop Information
   0.0002 (  0.0%)   0.0000 (  0.0%)   0.0002 (  0.0%)   0.0002 (  0.0%)  Dead Argument Elimination
   0.0002 (  0.0%)   0.0000 (  0.0%)   0.0002 (  0.0%)   0.0002 (  0.0%)  Dominator Tree Construction
   0.0002 (  0.0%)   0.0000 (  0.0%)   0.0002 (  0.0%)   0.0002 (  0.0%)  Natural Loop Information
   0.0002 (  0.0%)   0.0000 (  0.0%)   0.0002 (  0.0%)   0.0002 (  0.0%)  Canonicalize natural loops
   0.0002 (  0.0%)   0.0000 (  0.0%)   0.0002 (  0.0%)   0.0002 (  0.0%)  Infer nuw/nsw flags for instructions
   0.0002 (  0.0%)   0.0000 (  0.0%)   0.0002 (  0.0%)   0.0002 (  0.0%)  Basic Alias Analysis (stateless AA impl)
   0.0001 (  0.0%)   0.0001 (  0.1%)   0.0002 (  0.0%)   0.0002 (  0.0%)  Natural Loop Information
   0.0002 (  0.0%)   0.0000 (  0.0%)   0.0002 (  0.0%)   0.0002 (  0.0%)  Natural Loop Information
   0.0002 (  0.0%)   0.0000 (  0.0%)   0.0002 (  0.0%)   0.0002 (  0.0%)  CallGraph Construction
   0.0002 (  0.0%)   0.0000 (  0.0%)   0.0002 (  0.0%)   0.0002 (  0.0%)  Loop-Closed SSA Form Pass
   0.0002 (  0.0%)   0.0000 (  0.0%)   0.0002 (  0.0%)   0.0002 (  0.0%)  Natural Loop Information
   0.0002 (  0.0%)   0.0000 (  0.0%)   0.0002 (  0.0%)   0.0002 (  0.0%)  Natural Loop Information
   0.0002 (  0.0%)   0.0000 (  0.0%)   0.0002 (  0.0%)   0.0002 (  0.0%)  Eliminate dead debug information intrinsic
   0.0002 (  0.0%)   0.0000 (  0.0%)   0.0002 (  0.0%)   0.0002 (  0.0%)  Eliminate dead debug information intrinsic
   0.0002 (  0.0%)   0.0000 (  0.0%)   0.0002 (  0.0%)   0.0002 (  0.0%)  Natural Loop Information
   0.0002 (  0.0%)   0.0000 (  0.0%)   0.0002 (  0.0%)   0.0002 (  0.0%)  Scalar Evolution Analysis
   0.0002 (  0.0%)   0.0000 (  0.0%)   0.0002 (  0.0%)   0.0002 (  0.0%)  Basic Alias Analysis (stateless AA impl)
   0.0002 (  0.0%)   0.0000 (  0.0%)   0.0002 (  0.0%)   0.0002 (  0.0%)  CallGraph Construction
   0.0002 (  0.0%)   0.0000 (  0.0%)   0.0002 (  0.0%)   0.0002 (  0.0%)  Dominator Tree Construction
   0.0002 (  0.0%)   0.0000 (  0.0%)   0.0002 (  0.0%)   0.0002 (  0.0%)  Dominator Tree Construction
   0.0002 (  0.0%)   0.0000 (  0.0%)   0.0002 (  0.0%)   0.0002 (  0.0%)  Dominance Frontier Construction
   0.0002 (  0.0%)   0.0000 (  0.0%)   0.0002 (  0.0%)   0.0002 (  0.0%)  Natural Loop Information
   0.0002 (  0.0%)   0.0000 (  0.0%)   0.0002 (  0.0%)   0.0002 (  0.0%)  Canonicalize natural loops
   0.0002 (  0.0%)   0.0000 (  0.0%)   0.0002 (  0.0%)   0.0002 (  0.0%)  Scalar Evolution Analysis
   0.0002 (  0.0%)   0.0000 (  0.0%)   0.0002 (  0.0%)   0.0002 (  0.0%)  Natural Loop Information
   0.0002 (  0.0%)   0.0000 (  0.0%)   0.0002 (  0.0%)   0.0002 (  0.0%)  Natural Loop Information
   0.0002 (  0.0%)   0.0000 (  0.0%)   0.0002 (  0.0%)   0.0002 (  0.0%)  Loop-Closed SSA Form Pass
   0.0002 (  0.0%)   0.0000 (  0.0%)   0.0002 (  0.0%)   0.0002 (  0.0%)  Global Variable Optimizer
   0.0002 (  0.0%)   0.0000 (  0.0%)   0.0002 (  0.0%)   0.0002 (  0.0%)  Canonicalize natural loops
   0.0002 (  0.0%)   0.0000 (  0.0%)   0.0002 (  0.0%)   0.0002 (  0.0%)  Infer nuw/nsw flags for instructions
   0.0002 (  0.0%)   0.0000 (  0.0%)   0.0002 (  0.0%)   0.0002 (  0.0%)  Eliminate dead debug information intrinsic
   0.0000 (  0.0%)   0.0002 (  0.1%)   0.0002 (  0.0%)   0.0002 (  0.0%)  Array abnormal access check
   0.0002 (  0.0%)   0.0000 (  0.0%)   0.0002 (  0.0%)   0.0002 (  0.0%)  Loop-Closed SSA Form Pass
   0.0002 (  0.0%)   0.0000 (  0.0%)   0.0002 (  0.0%)   0.0002 (  0.0%)  Scalar Evolution Analysis
   0.0002 (  0.0%)   0.0000 (  0.0%)   0.0002 (  0.0%)   0.0002 (  0.0%)  Reduce the height of tree
   0.0002 (  0.0%)   0.0000 (  0.0%)   0.0002 (  0.0%)   0.0002 (  0.0%)  Eliminate dead debug information intrinsic
   0.0002 (  0.0%)   0.0000 (  0.0%)   0.0002 (  0.0%)   0.0002 (  0.0%)  SimplifyPredicate - Simplify predicate
   0.0000 (  0.0%)   0.0001 (  0.1%)   0.0002 (  0.0%)   0.0002 (  0.0%)  CallGraph Construction
   0.0002 (  0.0%)   0.0000 (  0.0%)   0.0002 (  0.0%)   0.0002 (  0.0%)  Change xcl attribute to call sideeffect
   0.0002 (  0.0%)   0.0000 (  0.0%)   0.0002 (  0.0%)   0.0002 (  0.0%)  Loop-Closed SSA Form Pass
   0.0002 (  0.0%)   0.0000 (  0.0%)   0.0002 (  0.0%)   0.0002 (  0.0%)  Natural Loop Information
   0.0002 (  0.0%)   0.0000 (  0.0%)   0.0002 (  0.0%)   0.0002 (  0.0%)  Natural Loop Information
   0.0001 (  0.0%)   0.0001 (  0.1%)   0.0002 (  0.0%)   0.0002 (  0.0%)  Basic Alias Analysis (stateless AA impl)
   0.0002 (  0.0%)   0.0000 (  0.0%)   0.0002 (  0.0%)   0.0002 (  0.0%)  Basic Alias Analysis (stateless AA impl)
   0.0002 (  0.0%)   0.0000 (  0.0%)   0.0002 (  0.0%)   0.0002 (  0.0%)  Natural Loop Information
   0.0002 (  0.0%)   0.0000 (  0.0%)   0.0002 (  0.0%)   0.0002 (  0.0%)  Dominator Tree Construction
   0.0002 (  0.0%)   0.0000 (  0.0%)   0.0002 (  0.0%)   0.0002 (  0.0%)  Infer PPPO for array-to-streams
   0.0002 (  0.0%)   0.0000 (  0.0%)   0.0002 (  0.0%)   0.0002 (  0.0%)  Basic Alias Analysis (stateless AA impl)
   0.0002 (  0.0%)   0.0000 (  0.0%)   0.0002 (  0.0%)   0.0002 (  0.0%)  Basic Alias Analysis (stateless AA impl)
   0.0002 (  0.0%)   0.0000 (  0.0%)   0.0002 (  0.0%)   0.0002 (  0.0%)  Infer nuw/nsw flags for instructions
   0.0002 (  0.0%)   0.0000 (  0.0%)   0.0002 (  0.0%)   0.0002 (  0.0%)  Scalar Evolution Analysis
   0.0002 (  0.0%)   0.0000 (  0.0%)   0.0002 (  0.0%)   0.0002 (  0.0%)  Eliminate dead debug information intrinsic
   0.0001 (  0.0%)   0.0000 (  0.0%)   0.0002 (  0.0%)   0.0002 (  0.0%)  Infer nuw/nsw flags for instructions
   0.0002 (  0.0%)   0.0000 (  0.0%)   0.0002 (  0.0%)   0.0002 (  0.0%)  CallGraph Construction
   0.0002 (  0.0%)   0.0000 (  0.0%)   0.0002 (  0.0%)   0.0002 (  0.0%)  DefaultInterfaceBuilderNew - Build Default Top Interface
   0.0002 (  0.0%)   0.0000 (  0.0%)   0.0002 (  0.0%)   0.0002 (  0.0%)  Eliminate pointer selection
   0.0002 (  0.0%)   0.0000 (  0.0%)   0.0002 (  0.0%)   0.0002 (  0.0%)  Eliminate pointer selection
   0.0002 (  0.0%)   0.0000 (  0.0%)   0.0002 (  0.0%)   0.0002 (  0.0%)  Natural Loop Information
   0.0002 (  0.0%)   0.0000 (  0.0%)   0.0002 (  0.0%)   0.0002 (  0.0%)  ReflowCheckVarPragmaConflicts - check variable pragma conflicts in reflow
   0.0002 (  0.0%)   0.0000 (  0.0%)   0.0002 (  0.0%)   0.0002 (  0.0%)  Infer nuw/nsw flags for instructions
   0.0001 (  0.0%)   0.0000 (  0.0%)   0.0001 (  0.0%)   0.0002 (  0.0%)  Natural Loop Information
   0.0002 (  0.0%)   0.0000 (  0.0%)   0.0002 (  0.0%)   0.0002 (  0.0%)  Eliminate pointer selection
   0.0002 (  0.0%)   0.0000 (  0.0%)   0.0002 (  0.0%)   0.0002 (  0.0%)  LegalizeName - Check interface name in terms of HDL syntax
   0.0001 (  0.0%)   0.0000 (  0.0%)   0.0002 (  0.0%)   0.0002 (  0.0%)  Basic Alias Analysis (stateless AA impl)
   0.0002 (  0.0%)   0.0000 (  0.0%)   0.0002 (  0.0%)   0.0002 (  0.0%)  Eliminate dead debug information intrinsic
   0.0002 (  0.0%)   0.0000 (  0.0%)   0.0002 (  0.0%)   0.0002 (  0.0%)  Natural Loop Information
   0.0002 (  0.0%)   0.0000 (  0.0%)   0.0002 (  0.0%)   0.0002 (  0.0%)  Canonicalize natural loops
   0.0001 (  0.0%)   0.0000 (  0.0%)   0.0001 (  0.0%)   0.0002 (  0.0%)  Eliminate dead debug information intrinsic
   0.0002 (  0.0%)   0.0000 (  0.0%)   0.0002 (  0.0%)   0.0002 (  0.0%)  CallGraph Construction
   0.0001 (  0.0%)   0.0000 (  0.0%)   0.0002 (  0.0%)   0.0002 (  0.0%)  Scalar Evolution Analysis
   0.0001 (  0.0%)   0.0000 (  0.0%)   0.0001 (  0.0%)   0.0001 (  0.0%)  Basic Alias Analysis (stateless AA impl)
   0.0001 (  0.0%)   0.0000 (  0.0%)   0.0001 (  0.0%)   0.0001 (  0.0%)  Eliminate dead debug information intrinsic
   0.0001 (  0.0%)   0.0000 (  0.0%)   0.0001 (  0.0%)   0.0001 (  0.0%)  Infer nuw/nsw flags for instructions
   0.0001 (  0.0%)   0.0000 (  0.0%)   0.0001 (  0.0%)   0.0001 (  0.0%)  Basic Alias Analysis (stateless AA impl)
   0.0001 (  0.0%)   0.0000 (  0.0%)   0.0001 (  0.0%)   0.0001 (  0.0%)  Basic Alias Analysis (stateless AA impl)
   0.0001 (  0.0%)   0.0000 (  0.0%)   0.0001 (  0.0%)   0.0001 (  0.0%)  Loop-Closed SSA Form Pass
   0.0001 (  0.0%)   0.0000 (  0.0%)   0.0001 (  0.0%)   0.0001 (  0.0%)  Natural Loop Information
   0.0001 (  0.0%)   0.0000 (  0.0%)   0.0001 (  0.0%)   0.0001 (  0.0%)  CallGraph Construction
   0.0001 (  0.0%)   0.0000 (  0.0%)   0.0001 (  0.0%)   0.0001 (  0.0%)  Dead Argument Elimination
   0.0001 (  0.0%)   0.0000 (  0.0%)   0.0001 (  0.0%)   0.0001 (  0.0%)  SROA
   0.0001 (  0.0%)   0.0000 (  0.0%)   0.0001 (  0.0%)   0.0001 (  0.0%)  Canonicalize natural loops
   0.0001 (  0.0%)   0.0000 (  0.0%)   0.0001 (  0.0%)   0.0001 (  0.0%)  Natural Loop Information
   0.0001 (  0.0%)   0.0000 (  0.0%)   0.0001 (  0.0%)   0.0001 (  0.0%)  Scalar Evolution Analysis
   0.0001 (  0.0%)   0.0000 (  0.0%)   0.0001 (  0.0%)   0.0001 (  0.0%)  Basic Alias Analysis (stateless AA impl)
   0.0001 (  0.0%)   0.0000 (  0.0%)   0.0001 (  0.0%)   0.0001 (  0.0%)  Basic Alias Analysis (stateless AA impl)
   0.0001 (  0.0%)   0.0000 (  0.0%)   0.0001 (  0.0%)   0.0001 (  0.0%)  Basic Alias Analysis (stateless AA impl)
   0.0001 (  0.0%)   0.0000 (  0.0%)   0.0001 (  0.0%)   0.0001 (  0.0%)  Dead Global Elimination
   0.0001 (  0.0%)   0.0000 (  0.0%)   0.0001 (  0.0%)   0.0001 (  0.0%)  Canonicalize natural loops
   0.0001 (  0.0%)   0.0000 (  0.0%)   0.0001 (  0.0%)   0.0001 (  0.0%)  CallGraph Construction
   0.0001 (  0.0%)   0.0000 (  0.0%)   0.0001 (  0.0%)   0.0001 (  0.0%)  Basic Alias Analysis (stateless AA impl)
   0.0001 (  0.0%)   0.0000 (  0.0%)   0.0001 (  0.0%)   0.0001 (  0.0%)  Basic Alias Analysis (stateless AA impl)
   0.0001 (  0.0%)   0.0000 (  0.0%)   0.0001 (  0.0%)   0.0001 (  0.0%)  Eliminate dead debug information intrinsic
   0.0001 (  0.0%)   0.0000 (  0.0%)   0.0001 (  0.0%)   0.0001 (  0.0%)  Natural Loop Information
   0.0001 (  0.0%)   0.0000 (  0.0%)   0.0001 (  0.0%)   0.0001 (  0.0%)  Basic Alias Analysis (stateless AA impl)
   0.0001 (  0.0%)   0.0000 (  0.0%)   0.0001 (  0.0%)   0.0001 (  0.0%)  Basic Alias Analysis (stateless AA impl)
   0.0001 (  0.0%)   0.0000 (  0.0%)   0.0001 (  0.0%)   0.0001 (  0.0%)  Dead Argument Elimination
   0.0001 (  0.0%)   0.0000 (  0.0%)   0.0001 (  0.0%)   0.0001 (  0.0%)  Eliminate dead debug information intrinsic
   0.0001 (  0.0%)   0.0000 (  0.0%)   0.0001 (  0.0%)   0.0001 (  0.0%)  Natural Loop Information
   0.0001 (  0.0%)   0.0000 (  0.0%)   0.0001 (  0.0%)   0.0001 (  0.0%)  Function Alias Analysis Results
   0.0001 (  0.0%)   0.0000 (  0.0%)   0.0001 (  0.0%)   0.0001 (  0.0%)  Dead Global Elimination
   0.0001 (  0.0%)   0.0000 (  0.0%)   0.0001 (  0.0%)   0.0001 (  0.0%)  CallGraph Construction
   0.0001 (  0.0%)   0.0000 (  0.0%)   0.0001 (  0.0%)   0.0001 (  0.0%)  Natural Loop Information
   0.0001 (  0.0%)   0.0000 (  0.0%)   0.0001 (  0.0%)   0.0001 (  0.0%)  CallGraph Construction
   0.0001 (  0.0%)   0.0000 (  0.0%)   0.0001 (  0.0%)   0.0001 (  0.0%)  Loop-Closed SSA Form Pass
   0.0001 (  0.0%)   0.0000 (  0.0%)   0.0001 (  0.0%)   0.0001 (  0.0%)  Basic Alias Analysis (stateless AA impl)
   0.0001 (  0.0%)   0.0000 (  0.0%)   0.0001 (  0.0%)   0.0001 (  0.0%)  Natural Loop Information
   0.0001 (  0.0%)   0.0000 (  0.0%)   0.0001 (  0.0%)   0.0001 (  0.0%)  CallGraph Construction
   0.0001 (  0.0%)   0.0000 (  0.0%)   0.0001 (  0.0%)   0.0001 (  0.0%)  Basic Alias Analysis (stateless AA impl)
   0.0001 (  0.0%)   0.0000 (  0.0%)   0.0001 (  0.0%)   0.0001 (  0.0%)  Natural Loop Information
   0.0001 (  0.0%)   0.0000 (  0.0%)   0.0001 (  0.0%)   0.0001 (  0.0%)  Natural Loop Information
   0.0001 (  0.0%)   0.0000 (  0.0%)   0.0001 (  0.0%)   0.0001 (  0.0%)  Lower BINDOP scope bundle
   0.0001 (  0.0%)   0.0000 (  0.0%)   0.0001 (  0.0%)   0.0001 (  0.0%)  Basic Alias Analysis (stateless AA impl)
   0.0001 (  0.0%)   0.0000 (  0.0%)   0.0001 (  0.0%)   0.0001 (  0.0%)  Basic Alias Analysis (stateless AA impl)
   0.0001 (  0.0%)   0.0000 (  0.0%)   0.0001 (  0.0%)   0.0001 (  0.0%)  Scalar Evolution Analysis
   0.0001 (  0.0%)   0.0000 (  0.0%)   0.0001 (  0.0%)   0.0001 (  0.0%)  Infer nuw/nsw flags for instructions
   0.0001 (  0.0%)   0.0000 (  0.0%)   0.0001 (  0.0%)   0.0001 (  0.0%)  Basic Alias Analysis (stateless AA impl)
   0.0001 (  0.0%)   0.0000 (  0.0%)   0.0001 (  0.0%)   0.0001 (  0.0%)  Basic Alias Analysis (stateless AA impl)
   0.0001 (  0.0%)   0.0000 (  0.0%)   0.0001 (  0.0%)   0.0001 (  0.0%)  Eliminate dead debug information intrinsic
   0.0001 (  0.0%)   0.0000 (  0.0%)   0.0001 (  0.0%)   0.0001 (  0.0%)  Resolve full load/store
   0.0001 (  0.0%)   0.0000 (  0.0%)   0.0001 (  0.0%)   0.0001 (  0.0%)  Basic Alias Analysis (stateless AA impl)
   0.0001 (  0.0%)   0.0000 (  0.0%)   0.0001 (  0.0%)   0.0001 (  0.0%)  Eliminate pointer selection
   0.0001 (  0.0%)   0.0000 (  0.0%)   0.0001 (  0.0%)   0.0001 (  0.0%)  Basic Alias Analysis (stateless AA impl)
   0.0001 (  0.0%)   0.0000 (  0.0%)   0.0001 (  0.0%)   0.0001 (  0.0%)  Basic Alias Analysis (stateless AA impl)
   0.0001 (  0.0%)   0.0000 (  0.0%)   0.0001 (  0.0%)   0.0001 (  0.0%)  Simplify loop CFG
   0.0001 (  0.0%)   0.0000 (  0.0%)   0.0001 (  0.0%)   0.0001 (  0.0%)  Basic Alias Analysis (stateless AA impl)
   0.0001 (  0.0%)   0.0000 (  0.0%)   0.0001 (  0.0%)   0.0001 (  0.0%)  Natural Loop Information
   0.0001 (  0.0%)   0.0000 (  0.0%)   0.0001 (  0.0%)   0.0001 (  0.0%)  Dead Global Elimination
   0.0001 (  0.0%)   0.0000 (  0.0%)   0.0001 (  0.0%)   0.0001 (  0.0%)  Resolve full load/store
   0.0001 (  0.0%)   0.0000 (  0.0%)   0.0001 (  0.0%)   0.0001 (  0.0%)  Eliminate dead debug information intrinsic
   0.0001 (  0.0%)   0.0000 (  0.0%)   0.0001 (  0.0%)   0.0001 (  0.0%)  CallGraph Construction
   0.0001 (  0.0%)   0.0000 (  0.0%)   0.0001 (  0.0%)   0.0001 (  0.0%)  Disaggregation preprocessing
   0.0001 (  0.0%)   0.0000 (  0.0%)   0.0001 (  0.0%)   0.0001 (  0.0%)  Scalar Evolution Analysis
   0.0001 (  0.0%)   0.0000 (  0.0%)   0.0001 (  0.0%)   0.0001 (  0.0%)  CallGraph Construction
   0.0001 (  0.0%)   0.0000 (  0.0%)   0.0001 (  0.0%)   0.0001 (  0.0%)  Scalar Evolution Analysis
   0.0001 (  0.0%)   0.0000 (  0.0%)   0.0001 (  0.0%)   0.0001 (  0.0%)  Natural Loop Information
   0.0001 (  0.0%)   0.0000 (  0.0%)   0.0001 (  0.0%)   0.0001 (  0.0%)  Reduce the height of tree
   0.0001 (  0.0%)   0.0000 (  0.0%)   0.0001 (  0.0%)   0.0001 (  0.0%)  Canonicalize natural loops
   0.0001 (  0.0%)   0.0000 (  0.0%)   0.0001 (  0.0%)   0.0001 (  0.0%)  Basic Alias Analysis (stateless AA impl)
   0.0001 (  0.0%)   0.0000 (  0.0%)   0.0001 (  0.0%)   0.0001 (  0.0%)  Dead Global Elimination
   0.0001 (  0.0%)   0.0000 (  0.0%)   0.0001 (  0.0%)   0.0001 (  0.0%)  Eliminate dead debug information intrinsic
   0.0001 (  0.0%)   0.0000 (  0.0%)   0.0001 (  0.0%)   0.0001 (  0.0%)  Natural Loop Information
   0.0001 (  0.0%)   0.0000 (  0.0%)   0.0001 (  0.0%)   0.0001 (  0.0%)  Eliminate dead debug information intrinsic
   0.0001 (  0.0%)   0.0000 (  0.0%)   0.0001 (  0.0%)   0.0001 (  0.0%)  Remove unreachable basic blocks under switch
   0.0001 (  0.0%)   0.0000 (  0.0%)   0.0001 (  0.0%)   0.0001 (  0.0%)  Scalar Evolution Analysis
   0.0001 (  0.0%)   0.0000 (  0.0%)   0.0001 (  0.0%)   0.0001 (  0.0%)  Scalar Evolution Analysis
   0.0001 (  0.0%)   0.0000 (  0.0%)   0.0001 (  0.0%)   0.0001 (  0.0%)  Eliminate dead debug information intrinsic
   0.0001 (  0.0%)   0.0000 (  0.0%)   0.0001 (  0.0%)   0.0001 (  0.0%)  Scalar Evolution Analysis
   0.0001 (  0.0%)   0.0000 (  0.0%)   0.0001 (  0.0%)   0.0001 (  0.0%)  Eliminate dead debug information intrinsic
   0.0001 (  0.0%)   0.0000 (  0.0%)   0.0001 (  0.0%)   0.0001 (  0.0%)  CallGraph Construction
   0.0001 (  0.0%)   0.0000 (  0.0%)   0.0001 (  0.0%)   0.0001 (  0.0%)  Eliminate dead debug information intrinsic
   0.0001 (  0.0%)   0.0000 (  0.0%)   0.0001 (  0.0%)   0.0001 (  0.0%)  CallGraph Construction
   0.0001 (  0.0%)   0.0001 (  0.0%)   0.0001 (  0.0%)   0.0001 (  0.0%)  Dead Global Elimination
   0.0001 (  0.0%)   0.0000 (  0.0%)   0.0001 (  0.0%)   0.0001 (  0.0%)  CallGraph Construction
   0.0001 (  0.0%)   0.0000 (  0.0%)   0.0001 (  0.0%)   0.0001 (  0.0%)  Delete dead loops
   0.0001 (  0.0%)   0.0000 (  0.0%)   0.0001 (  0.0%)   0.0001 (  0.0%)  Scalar Evolution Analysis
   0.0001 (  0.0%)   0.0000 (  0.0%)   0.0001 (  0.0%)   0.0001 (  0.0%)  Basic Alias Analysis (stateless AA impl)
   0.0001 (  0.0%)   0.0000 (  0.0%)   0.0001 (  0.0%)   0.0001 (  0.0%)  Array abnormal access check
   0.0001 (  0.0%)   0.0000 (  0.0%)   0.0001 (  0.0%)   0.0001 (  0.0%)  Eliminate dead debug information intrinsic
   0.0000 (  0.0%)   0.0001 (  0.1%)   0.0001 (  0.0%)   0.0001 (  0.0%)  CallGraph Construction
   0.0001 (  0.0%)   0.0000 (  0.0%)   0.0001 (  0.0%)   0.0001 (  0.0%)  Remove SSA Aggregate Type
   0.0001 (  0.0%)   0.0000 (  0.0%)   0.0001 (  0.0%)   0.0001 (  0.0%)  CallGraph Construction
   0.0001 (  0.0%)   0.0000 (  0.0%)   0.0001 (  0.0%)   0.0001 (  0.0%)  Dead Code Elimination
   0.0001 (  0.0%)   0.0000 (  0.0%)   0.0001 (  0.0%)   0.0001 (  0.0%)  Eliminate dead debug information intrinsic
   0.0001 (  0.0%)   0.0000 (  0.0%)   0.0001 (  0.0%)   0.0001 (  0.0%)  Array abnormal access check
   0.0001 (  0.0%)   0.0000 (  0.0%)   0.0001 (  0.0%)   0.0001 (  0.0%)  CallGraph Construction
   0.0001 (  0.0%)   0.0000 (  0.0%)   0.0001 (  0.0%)   0.0001 (  0.0%)  Basic Alias Analysis (stateless AA impl)
   0.0001 (  0.0%)   0.0000 (  0.0%)   0.0001 (  0.0%)   0.0001 (  0.0%)  Scalar Evolution Analysis
   0.0001 (  0.0%)   0.0000 (  0.0%)   0.0001 (  0.0%)   0.0001 (  0.0%)  Basic Alias Analysis (stateless AA impl)
   0.0001 (  0.0%)   0.0000 (  0.0%)   0.0001 (  0.0%)   0.0001 (  0.0%)  Basic Alias Analysis (stateless AA impl)
   0.0001 (  0.0%)   0.0000 (  0.0%)   0.0001 (  0.0%)   0.0001 (  0.0%)  Scalar Evolution Analysis
   0.0001 (  0.0%)   0.0000 (  0.0%)   0.0001 (  0.0%)   0.0001 (  0.0%)  Scalar Evolution Analysis
   0.0001 (  0.0%)   0.0000 (  0.0%)   0.0001 (  0.0%)   0.0001 (  0.0%)  Delete dead loops
   0.0001 (  0.0%)   0.0000 (  0.0%)   0.0001 (  0.0%)   0.0001 (  0.0%)  Canonicalize natural loops
   0.0001 (  0.0%)   0.0000 (  0.0%)   0.0001 (  0.0%)   0.0001 (  0.0%)  Simplify loop CFG
   0.0001 (  0.0%)   0.0000 (  0.0%)   0.0001 (  0.0%)   0.0001 (  0.0%)  Eliminate dead debug information intrinsic
   0.0001 (  0.0%)   0.0000 (  0.0%)   0.0001 (  0.0%)   0.0001 (  0.0%)  Scalar Evolution Analysis
   0.0001 (  0.0%)   0.0000 (  0.0%)   0.0001 (  0.0%)   0.0001 (  0.0%)  Simplify loop CFG
   0.0001 (  0.0%)   0.0000 (  0.0%)   0.0001 (  0.0%)   0.0001 (  0.0%)  Eliminate dead debug information intrinsic
   0.0001 (  0.0%)   0.0000 (  0.0%)   0.0001 (  0.0%)   0.0001 (  0.0%)  Loop-Closed SSA Form Pass
   0.0001 (  0.0%)   0.0000 (  0.0%)   0.0001 (  0.0%)   0.0001 (  0.0%)  Eliminate pointer selection
   0.0001 (  0.0%)   0.0000 (  0.0%)   0.0001 (  0.0%)   0.0001 (  0.0%)  Scalar Evolution Analysis
   0.0000 (  0.0%)   0.0001 (  0.1%)   0.0001 (  0.0%)   0.0001 (  0.0%)  Promote Memory to Register
   0.0000 (  0.0%)   0.0001 (  0.1%)   0.0001 (  0.0%)   0.0001 (  0.0%)  CallGraph Construction
   0.0001 (  0.0%)   0.0000 (  0.0%)   0.0001 (  0.0%)   0.0001 (  0.0%)  Scalar Evolution Analysis
   0.0001 (  0.0%)   0.0000 (  0.0%)   0.0001 (  0.0%)   0.0001 (  0.0%)  Eliminate dead debug information intrinsic
   0.0001 (  0.0%)   0.0000 (  0.0%)   0.0001 (  0.0%)   0.0001 (  0.0%)  Scalar Evolution Analysis
   0.0001 (  0.0%)   0.0000 (  0.0%)   0.0001 (  0.0%)   0.0001 (  0.0%)  Scalar Evolution Analysis
   0.0001 (  0.0%)   0.0000 (  0.0%)   0.0001 (  0.0%)   0.0001 (  0.0%)  Scalar Evolution Analysis
   0.0001 (  0.0%)   0.0000 (  0.0%)   0.0001 (  0.0%)   0.0001 (  0.0%)  CallGraph Construction
   0.0001 (  0.0%)   0.0000 (  0.0%)   0.0001 (  0.0%)   0.0001 (  0.0%)  AccessGroup - Group the memory access for the same object
   0.0001 (  0.0%)   0.0000 (  0.0%)   0.0001 (  0.0%)   0.0001 (  0.0%)  Dead Argument Elimination
   0.0001 (  0.0%)   0.0000 (  0.0%)   0.0001 (  0.0%)   0.0001 (  0.0%)  Basic Alias Analysis (stateless AA impl)
   0.0001 (  0.0%)   0.0000 (  0.0%)   0.0001 (  0.0%)   0.0001 (  0.0%)  ShiftRegInference - Automatic Shift Register Inference
   0.0001 (  0.0%)   0.0000 (  0.0%)   0.0001 (  0.0%)   0.0001 (  0.0%)  Scalar Evolution Analysis
   0.0001 (  0.0%)   0.0000 (  0.0%)   0.0001 (  0.0%)   0.0001 (  0.0%)  CallGraph Construction
   0.0001 (  0.0%)   0.0000 (  0.0%)   0.0001 (  0.0%)   0.0001 (  0.0%)  CallGraph Construction
   0.0001 (  0.0%)   0.0000 (  0.0%)   0.0001 (  0.0%)   0.0001 (  0.0%)  Dead Argument Elimination
   0.0001 (  0.0%)   0.0000 (  0.0%)   0.0001 (  0.0%)   0.0001 (  0.0%)  Scalar Evolution Analysis
   0.0001 (  0.0%)   0.0000 (  0.0%)   0.0001 (  0.0%)   0.0001 (  0.0%)  Scalar Evolution Analysis
   0.0001 (  0.0%)   0.0000 (  0.0%)   0.0001 (  0.0%)   0.0001 (  0.0%)  CallGraph Construction
   0.0001 (  0.0%)   0.0000 (  0.0%)   0.0001 (  0.0%)   0.0001 (  0.0%)  Scalar Evolution Analysis
   0.0001 (  0.0%)   0.0000 (  0.0%)   0.0001 (  0.0%)   0.0001 (  0.0%)  Eliminate pointer selection for FIFO
   0.0001 (  0.0%)   0.0000 (  0.0%)   0.0001 (  0.0%)   0.0001 (  0.0%)  Promote Memory to Register
   0.0001 (  0.0%)   0.0000 (  0.0%)   0.0001 (  0.0%)   0.0001 (  0.0%)  Normalize loop index
   0.0001 (  0.0%)   0.0000 (  0.0%)   0.0001 (  0.0%)   0.0001 (  0.0%)  CallGraph Construction
   0.0001 (  0.0%)   0.0000 (  0.0%)   0.0001 (  0.0%)   0.0001 (  0.0%)  Scalar Evolution Analysis
   0.0001 (  0.0%)   0.0000 (  0.0%)   0.0001 (  0.0%)   0.0001 (  0.0%)  Remove unreachable basic blocks under switch
   0.0001 (  0.0%)   0.0000 (  0.0%)   0.0001 (  0.0%)   0.0001 (  0.0%)  Scalar Evolution Analysis
   0.0001 (  0.0%)   0.0000 (  0.0%)   0.0001 (  0.0%)   0.0001 (  0.0%)  Scalar Evolution Analysis
   0.0001 (  0.0%)   0.0000 (  0.0%)   0.0001 (  0.0%)   0.0001 (  0.0%)  Scalar Evolution Analysis
   0.0001 (  0.0%)   0.0000 (  0.0%)   0.0001 (  0.0%)   0.0001 (  0.0%)  CallGraph Construction
   0.0001 (  0.0%)   0.0000 (  0.0%)   0.0001 (  0.0%)   0.0001 (  0.0%)  Dead Global Elimination
   0.0001 (  0.0%)   0.0000 (  0.0%)   0.0001 (  0.0%)   0.0001 (  0.0%)  Basic Alias Analysis (stateless AA impl)
   0.0001 (  0.0%)   0.0000 (  0.0%)   0.0001 (  0.0%)   0.0001 (  0.0%)  Scalar Evolution Analysis
   0.0001 (  0.0%)   0.0000 (  0.0%)   0.0001 (  0.0%)   0.0001 (  0.0%)  Scalar Evolution Analysis
   0.0001 (  0.0%)   0.0000 (  0.0%)   0.0001 (  0.0%)   0.0001 (  0.0%)  Basic Alias Analysis (stateless AA impl)
   0.0001 (  0.0%)   0.0000 (  0.0%)   0.0001 (  0.0%)   0.0001 (  0.0%)  Loop-Closed SSA Form Pass
   0.0001 (  0.0%)   0.0000 (  0.0%)   0.0001 (  0.0%)   0.0001 (  0.0%)  Dead Global Elimination
   0.0001 (  0.0%)   0.0000 (  0.0%)   0.0001 (  0.0%)   0.0001 (  0.0%)  Scalar Evolution Analysis
   0.0001 (  0.0%)   0.0000 (  0.0%)   0.0001 (  0.0%)   0.0001 (  0.0%)  Scalar Evolution Analysis
   0.0001 (  0.0%)   0.0000 (  0.0%)   0.0001 (  0.0%)   0.0001 (  0.0%)  Eliminate dead debug information intrinsic
   0.0001 (  0.0%)   0.0000 (  0.0%)   0.0001 (  0.0%)   0.0001 (  0.0%)  Scalar Evolution Analysis
   0.0001 (  0.0%)   0.0000 (  0.0%)   0.0001 (  0.0%)   0.0001 (  0.0%)  Basic Alias Analysis (stateless AA impl)
   0.0001 (  0.0%)   0.0000 (  0.0%)   0.0001 (  0.0%)   0.0001 (  0.0%)  Scalar Evolution Analysis
   0.0001 (  0.0%)   0.0000 (  0.0%)   0.0001 (  0.0%)   0.0001 (  0.0%)  Dead Global Elimination
   0.0001 (  0.0%)   0.0000 (  0.0%)   0.0001 (  0.0%)   0.0001 (  0.0%)  Loop-Closed SSA Form Pass
   0.0001 (  0.0%)   0.0000 (  0.0%)   0.0001 (  0.0%)   0.0001 (  0.0%)  Remove unreachable basic blocks under switch
   0.0001 (  0.0%)   0.0000 (  0.0%)   0.0001 (  0.0%)   0.0001 (  0.0%)  Basic Alias Analysis (stateless AA impl)
   0.0001 (  0.0%)   0.0000 (  0.0%)   0.0001 (  0.0%)   0.0001 (  0.0%)  CallGraph Construction
   0.0001 (  0.0%)   0.0000 (  0.0%)   0.0001 (  0.0%)   0.0001 (  0.0%)  CallGraph Construction
   0.0001 (  0.0%)   0.0000 (  0.0%)   0.0001 (  0.0%)   0.0001 (  0.0%)  demangle Name to normal Name
   0.0001 (  0.0%)   0.0000 (  0.0%)   0.0001 (  0.0%)   0.0001 (  0.0%)  Basic Alias Analysis (stateless AA impl)
   0.0001 (  0.0%)   0.0000 (  0.0%)   0.0001 (  0.0%)   0.0001 (  0.0%)  Lazy Value Information Analysis
   0.0001 (  0.0%)   0.0000 (  0.0%)   0.0001 (  0.0%)   0.0001 (  0.0%)  Remove unreachable basic blocks under switch
   0.0001 (  0.0%)   0.0000 (  0.0%)   0.0001 (  0.0%)   0.0001 (  0.0%)  Scalar Evolution Analysis
   0.0001 (  0.0%)   0.0000 (  0.0%)   0.0001 (  0.0%)   0.0001 (  0.0%)  Eliminate dead debug information intrinsic
   0.0001 (  0.0%)   0.0000 (  0.0%)   0.0001 (  0.0%)   0.0001 (  0.0%)  Array abnormal access check
   0.0001 (  0.0%)   0.0000 (  0.0%)   0.0001 (  0.0%)   0.0001 (  0.0%)  Scalar Evolution Analysis
   0.0001 (  0.0%)   0.0000 (  0.0%)   0.0001 (  0.0%)   0.0001 (  0.0%)  Remove unreachable basic blocks under switch
   0.0001 (  0.0%)   0.0000 (  0.0%)   0.0001 (  0.0%)   0.0001 (  0.0%)  Scalar Evolution Analysis
   0.0001 (  0.0%)   0.0000 (  0.0%)   0.0001 (  0.0%)   0.0001 (  0.0%)  Basic Alias Analysis (stateless AA impl)
   0.0001 (  0.0%)   0.0000 (  0.0%)   0.0001 (  0.0%)   0.0001 (  0.0%)  Basic Alias Analysis (stateless AA impl)
   0.0000 (  0.0%)   0.0001 (  0.0%)   0.0001 (  0.0%)   0.0001 (  0.0%)  Simplify loop CFG
   0.0001 (  0.0%)   0.0000 (  0.0%)   0.0001 (  0.0%)   0.0001 (  0.0%)  Dead Argument Elimination
   0.0001 (  0.0%)   0.0000 (  0.0%)   0.0001 (  0.0%)   0.0001 (  0.0%)  Loop-Closed SSA Form Pass
   0.0001 (  0.0%)   0.0000 (  0.0%)   0.0001 (  0.0%)   0.0001 (  0.0%)  Scalar Evolution Analysis
   0.0001 (  0.0%)   0.0000 (  0.0%)   0.0001 (  0.0%)   0.0001 (  0.0%)  CallGraph Construction
   0.0001 (  0.0%)   0.0000 (  0.0%)   0.0001 (  0.0%)   0.0001 (  0.0%)  CallGraph Construction
   0.0001 (  0.0%)   0.0000 (  0.0%)   0.0001 (  0.0%)   0.0001 (  0.0%)  CallGraph Construction
   0.0001 (  0.0%)   0.0000 (  0.0%)   0.0001 (  0.0%)   0.0001 (  0.0%)  Stream object marker
   0.0001 (  0.0%)   0.0000 (  0.0%)   0.0001 (  0.0%)   0.0001 (  0.0%)  Scalar Evolution Analysis
   0.0001 (  0.0%)   0.0000 (  0.0%)   0.0001 (  0.0%)   0.0001 (  0.0%)  Scalar Evolution Analysis
   0.0001 (  0.0%)   0.0000 (  0.0%)   0.0001 (  0.0%)   0.0001 (  0.0%)  Scalar Evolution Analysis
   0.0001 (  0.0%)   0.0000 (  0.0%)   0.0001 (  0.0%)   0.0001 (  0.0%)  Delete dead loops
   0.0001 (  0.0%)   0.0000 (  0.0%)   0.0001 (  0.0%)   0.0001 (  0.0%)  Scalar Evolution Analysis
   0.0001 (  0.0%)   0.0000 (  0.0%)   0.0001 (  0.0%)   0.0001 (  0.0%)  Remove unreachable basic blocks under switch
   0.0001 (  0.0%)   0.0000 (  0.0%)   0.0001 (  0.0%)   0.0001 (  0.0%)  Simplify loop CFG
   0.0001 (  0.0%)   0.0000 (  0.0%)   0.0001 (  0.0%)   0.0001 (  0.0%)  Scalar Evolution Analysis
   0.0001 (  0.0%)   0.0000 (  0.0%)   0.0001 (  0.0%)   0.0001 (  0.0%)  Basic Alias Analysis (stateless AA impl)
   0.0001 (  0.0%)   0.0000 (  0.0%)   0.0001 (  0.0%)   0.0001 (  0.0%)  CallGraph Construction
   0.0001 (  0.0%)   0.0000 (  0.0%)   0.0001 (  0.0%)   0.0001 (  0.0%)  CallGraph Construction
   0.0001 (  0.0%)   0.0000 (  0.0%)   0.0001 (  0.0%)   0.0001 (  0.0%)  Scalar Evolution Analysis
   0.0001 (  0.0%)   0.0000 (  0.0%)   0.0001 (  0.0%)   0.0001 (  0.0%)  Dead Argument Elimination
   0.0001 (  0.0%)   0.0000 (  0.0%)   0.0001 (  0.0%)   0.0001 (  0.0%)  Delete dead loops
   0.0001 (  0.0%)   0.0000 (  0.0%)   0.0001 (  0.0%)   0.0001 (  0.0%)  Delete dead loops
   0.0001 (  0.0%)   0.0000 (  0.0%)   0.0001 (  0.0%)   0.0001 (  0.0%)  Delete dead loops
   0.0001 (  0.0%)   0.0000 (  0.0%)   0.0001 (  0.0%)   0.0001 (  0.0%)  Scalar Evolution Analysis
   0.0001 (  0.0%)   0.0000 (  0.0%)   0.0001 (  0.0%)   0.0001 (  0.0%)  Scalar Evolution Analysis
   0.0001 (  0.0%)   0.0000 (  0.0%)   0.0001 (  0.0%)   0.0001 (  0.0%)  Scalar Evolution Analysis
   0.0001 (  0.0%)   0.0000 (  0.0%)   0.0001 (  0.0%)   0.0001 (  0.0%)  Basic Alias Analysis (stateless AA impl)
   0.0001 (  0.0%)   0.0000 (  0.0%)   0.0001 (  0.0%)   0.0001 (  0.0%)  Scalar Evolution Analysis
   0.0001 (  0.0%)   0.0000 (  0.0%)   0.0001 (  0.0%)   0.0001 (  0.0%)  Scalar Evolution Analysis
   0.0001 (  0.0%)   0.0000 (  0.0%)   0.0001 (  0.0%)   0.0001 (  0.0%)  Scalar Evolution Analysis
   0.0001 (  0.0%)   0.0000 (  0.0%)   0.0001 (  0.0%)   0.0001 (  0.0%)  CallGraph Construction
   0.0000 (  0.0%)   0.0001 (  0.1%)   0.0001 (  0.0%)   0.0001 (  0.0%)  CallGraph Construction
   0.0001 (  0.0%)   0.0000 (  0.0%)   0.0001 (  0.0%)   0.0001 (  0.0%)  Scalar Evolution Analysis
   0.0001 (  0.0%)   0.0000 (  0.0%)   0.0001 (  0.0%)   0.0001 (  0.0%)  Basic Alias Analysis (stateless AA impl)
   0.0001 (  0.0%)   0.0000 (  0.0%)   0.0001 (  0.0%)   0.0001 (  0.0%)  Eliminate pointer selection
   0.0001 (  0.0%)   0.0000 (  0.0%)   0.0001 (  0.0%)   0.0001 (  0.0%)  CallGraph Construction
   0.0001 (  0.0%)   0.0000 (  0.0%)   0.0001 (  0.0%)   0.0001 (  0.0%)  Lower directive scopes
   0.0001 (  0.0%)   0.0000 (  0.0%)   0.0001 (  0.0%)   0.0001 (  0.0%)  Scalar Evolution Analysis
   0.0001 (  0.0%)   0.0000 (  0.0%)   0.0001 (  0.0%)   0.0001 (  0.0%)  Simplify loop CFG
   0.0001 (  0.0%)   0.0000 (  0.0%)   0.0001 (  0.0%)   0.0001 (  0.0%)  Scalar Evolution Analysis
   0.0001 (  0.0%)   0.0000 (  0.0%)   0.0001 (  0.0%)   0.0001 (  0.0%)  Scalar Evolution Analysis
   0.0001 (  0.0%)   0.0000 (  0.0%)   0.0001 (  0.0%)   0.0001 (  0.0%)  CallGraph Construction
   0.0001 (  0.0%)   0.0000 (  0.0%)   0.0001 (  0.0%)   0.0001 (  0.0%)  Scalar Evolution Analysis
   0.0001 (  0.0%)   0.0000 (  0.0%)   0.0001 (  0.0%)   0.0001 (  0.0%)  Scalar Evolution Analysis
   0.0001 (  0.0%)   0.0000 (  0.0%)   0.0001 (  0.0%)   0.0001 (  0.0%)  Scalar Evolution Analysis
   0.0000 (  0.0%)   0.0000 (  0.0%)   0.0001 (  0.0%)   0.0001 (  0.0%)  Scalar Evolution Analysis
   0.0001 (  0.0%)   0.0000 (  0.0%)   0.0001 (  0.0%)   0.0001 (  0.0%)  Basic Alias Analysis (stateless AA impl)
   0.0001 (  0.0%)   0.0000 (  0.0%)   0.0001 (  0.0%)   0.0001 (  0.0%)  SimplifyPredicate - Simplify predicate
   0.0001 (  0.0%)   0.0000 (  0.0%)   0.0001 (  0.0%)   0.0001 (  0.0%)  Scalar Evolution Analysis
   0.0001 (  0.0%)   0.0000 (  0.0%)   0.0001 (  0.0%)   0.0001 (  0.0%)  Scalar Evolution Analysis
   0.0001 (  0.0%)   0.0000 (  0.0%)   0.0001 (  0.0%)   0.0001 (  0.0%)  CallGraph Construction
   0.0001 (  0.0%)   0.0000 (  0.0%)   0.0001 (  0.0%)   0.0001 (  0.0%)  Scalar Evolution Analysis
   0.0001 (  0.0%)   0.0000 (  0.0%)   0.0001 (  0.0%)   0.0001 (  0.0%)  Scalar Evolution Analysis
   0.0001 (  0.0%)   0.0000 (  0.0%)   0.0001 (  0.0%)   0.0001 (  0.0%)  Scalar Evolution Analysis
   0.0001 (  0.0%)   0.0000 (  0.0%)   0.0001 (  0.0%)   0.0001 (  0.0%)  Scalar Evolution Analysis
   0.0001 (  0.0%)   0.0000 (  0.0%)   0.0001 (  0.0%)   0.0001 (  0.0%)  Scalar Evolution Analysis
   0.0001 (  0.0%)   0.0000 (  0.0%)   0.0001 (  0.0%)   0.0001 (  0.0%)  Scalar Evolution Analysis
   0.0001 (  0.0%)   0.0000 (  0.0%)   0.0001 (  0.0%)   0.0001 (  0.0%)  CallGraph Construction
   0.0001 (  0.0%)   0.0000 (  0.0%)   0.0001 (  0.0%)   0.0001 (  0.0%)  Scalar Evolution Analysis
   0.0001 (  0.0%)   0.0000 (  0.0%)   0.0001 (  0.0%)   0.0001 (  0.0%)  Scalar Evolution Analysis
   0.0001 (  0.0%)   0.0000 (  0.0%)   0.0001 (  0.0%)   0.0001 (  0.0%)  Scalar Evolution Analysis
   0.0001 (  0.0%)   0.0000 (  0.0%)   0.0001 (  0.0%)   0.0001 (  0.0%)  Scalar Evolution Analysis
   0.0001 (  0.0%)   0.0000 (  0.0%)   0.0001 (  0.0%)   0.0001 (  0.0%)  Scalar Evolution Analysis
   0.0001 (  0.0%)   0.0000 (  0.0%)   0.0001 (  0.0%)   0.0001 (  0.0%)  Scalar Evolution Analysis
   0.0001 (  0.0%)   0.0000 (  0.0%)   0.0001 (  0.0%)   0.0001 (  0.0%)  Scalar Evolution Analysis
   0.0001 (  0.0%)   0.0000 (  0.0%)   0.0001 (  0.0%)   0.0001 (  0.0%)  Remove unreachable basic blocks under switch
   0.0001 (  0.0%)   0.0000 (  0.0%)   0.0001 (  0.0%)   0.0001 (  0.0%)  Lower fence group
   0.0001 (  0.0%)   0.0000 (  0.0%)   0.0001 (  0.0%)   0.0001 (  0.0%)  Scalar Evolution Analysis
   0.0001 (  0.0%)   0.0000 (  0.0%)   0.0001 (  0.0%)   0.0001 (  0.0%)  Scalar Evolution Analysis
   0.0001 (  0.0%)   0.0000 (  0.0%)   0.0001 (  0.0%)   0.0001 (  0.0%)  Lazy Value Information Analysis
   0.0001 (  0.0%)   0.0000 (  0.0%)   0.0001 (  0.0%)   0.0001 (  0.0%)  CallGraph Construction
   0.0000 (  0.0%)   0.0000 (  0.0%)   0.0001 (  0.0%)   0.0001 (  0.0%)  Internalize Global Symbols
   0.0001 (  0.0%)   0.0000 (  0.0%)   0.0001 (  0.0%)   0.0001 (  0.0%)  CallGraph Construction
   0.0001 (  0.0%)   0.0000 (  0.0%)   0.0001 (  0.0%)   0.0001 (  0.0%)  Scalar Evolution Analysis
   0.0001 (  0.0%)   0.0000 (  0.0%)   0.0001 (  0.0%)   0.0001 (  0.0%)  CallGraph Construction
   0.0000 (  0.0%)   0.0000 (  0.0%)   0.0001 (  0.0%)   0.0001 (  0.0%)  clean some traps produced by clang
   0.0001 (  0.0%)   0.0000 (  0.0%)   0.0001 (  0.0%)   0.0001 (  0.0%)  Scalar Evolution Analysis
   0.0001 (  0.0%)   0.0000 (  0.0%)   0.0001 (  0.0%)   0.0001 (  0.0%)  Scalar Evolution Analysis
   0.0001 (  0.0%)   0.0000 (  0.0%)   0.0001 (  0.0%)   0.0001 (  0.0%)  Array abnormal access check
   0.0001 (  0.0%)   0.0000 (  0.0%)   0.0001 (  0.0%)   0.0001 (  0.0%)  Basic Alias Analysis (stateless AA impl)
   0.0001 (  0.0%)   0.0000 (  0.0%)   0.0001 (  0.0%)   0.0001 (  0.0%)  Scalar Evolution Analysis
   0.0000 (  0.0%)   0.0000 (  0.0%)   0.0001 (  0.0%)   0.0001 (  0.0%)  Promote Memory to Register
   0.0001 (  0.0%)   0.0000 (  0.0%)   0.0001 (  0.0%)   0.0001 (  0.0%)  Scalar Evolution Analysis
   0.0001 (  0.0%)   0.0000 (  0.0%)   0.0001 (  0.0%)   0.0001 (  0.0%)  Dead Global Elimination
   0.0001 (  0.0%)   0.0000 (  0.0%)   0.0001 (  0.0%)   0.0001 (  0.0%)  Remove unreachable basic blocks under switch
   0.0001 (  0.0%)   0.0000 (  0.0%)   0.0001 (  0.0%)   0.0001 (  0.0%)  Scalar Evolution Analysis
   0.0001 (  0.0%)   0.0000 (  0.0%)   0.0001 (  0.0%)   0.0001 (  0.0%)  Basic Alias Analysis (stateless AA impl)
   0.0001 (  0.0%)   0.0000 (  0.0%)   0.0001 (  0.0%)   0.0001 (  0.0%)  CallGraph Construction
   0.0001 (  0.0%)   0.0000 (  0.0%)   0.0001 (  0.0%)   0.0001 (  0.0%)  Dead Global Elimination
   0.0001 (  0.0%)   0.0000 (  0.0%)   0.0001 (  0.0%)   0.0001 (  0.0%)  Scalar Evolution Analysis
   0.0001 (  0.0%)   0.0000 (  0.0%)   0.0001 (  0.0%)   0.0001 (  0.0%)  Array abnormal access check
   0.0001 (  0.0%)   0.0000 (  0.0%)   0.0001 (  0.0%)   0.0001 (  0.0%)  Remove unreachable basic blocks under switch
   0.0001 (  0.0%)   0.0000 (  0.0%)   0.0001 (  0.0%)   0.0001 (  0.0%)  CallGraph Construction
   0.0001 (  0.0%)   0.0000 (  0.0%)   0.0001 (  0.0%)   0.0001 (  0.0%)  Basic Alias Analysis (stateless AA impl)
   0.0001 (  0.0%)   0.0000 (  0.0%)   0.0001 (  0.0%)   0.0001 (  0.0%)  Scalar Evolution Analysis
   0.0001 (  0.0%)   0.0000 (  0.0%)   0.0001 (  0.0%)   0.0001 (  0.0%)  Scalar Evolution Analysis
   0.0001 (  0.0%)   0.0000 (  0.0%)   0.0001 (  0.0%)   0.0001 (  0.0%)  Remove unreachable basic blocks under switch
   0.0001 (  0.0%)   0.0000 (  0.0%)   0.0001 (  0.0%)   0.0001 (  0.0%)  Scalar Evolution Analysis
   0.0001 (  0.0%)   0.0000 (  0.0%)   0.0001 (  0.0%)   0.0001 (  0.0%)  Critical Path Aanlysis
   0.0001 (  0.0%)   0.0000 (  0.0%)   0.0001 (  0.0%)   0.0001 (  0.0%)  Scalar Evolution Analysis
   0.0000 (  0.0%)   0.0001 (  0.0%)   0.0001 (  0.0%)   0.0001 (  0.0%)  CallGraph Construction
   0.0001 (  0.0%)   0.0000 (  0.0%)   0.0001 (  0.0%)   0.0001 (  0.0%)  Remove unreachable basic blocks under switch
   0.0001 (  0.0%)   0.0000 (  0.0%)   0.0001 (  0.0%)   0.0001 (  0.0%)  Scalar Evolution Analysis
   0.0001 (  0.0%)   0.0000 (  0.0%)   0.0001 (  0.0%)   0.0001 (  0.0%)  CallGraph Construction
   0.0001 (  0.0%)   0.0000 (  0.0%)   0.0001 (  0.0%)   0.0001 (  0.0%)  CallGraph Construction
   0.0001 (  0.0%)   0.0000 (  0.0%)   0.0001 (  0.0%)   0.0001 (  0.0%)  Scalar Evolution Analysis
   0.0001 (  0.0%)   0.0000 (  0.0%)   0.0001 (  0.0%)   0.0001 (  0.0%)  Scalar Evolution Analysis
   0.0000 (  0.0%)   0.0000 (  0.0%)   0.0001 (  0.0%)   0.0001 (  0.0%)  Scalar Evolution Analysis
   0.0001 (  0.0%)   0.0000 (  0.0%)   0.0001 (  0.0%)   0.0001 (  0.0%)  Scalar Evolution Analysis
   0.0001 (  0.0%)   0.0000 (  0.0%)   0.0001 (  0.0%)   0.0001 (  0.0%)  Scalar Evolution Analysis
   0.0001 (  0.0%)   0.0000 (  0.0%)   0.0001 (  0.0%)   0.0001 (  0.0%)  Remove unreachable basic blocks under switch
   0.0001 (  0.0%)   0.0000 (  0.0%)   0.0001 (  0.0%)   0.0001 (  0.0%)  Scalar Evolution Analysis
   0.0001 (  0.0%)   0.0000 (  0.0%)   0.0001 (  0.0%)   0.0001 (  0.0%)  Scalar Evolution Analysis
   0.0001 (  0.0%)   0.0000 (  0.0%)   0.0001 (  0.0%)   0.0001 (  0.0%)  Scalar Evolution Analysis
   0.0001 (  0.0%)   0.0000 (  0.0%)   0.0001 (  0.0%)   0.0001 (  0.0%)  SROA
   0.0001 (  0.0%)   0.0000 (  0.0%)   0.0001 (  0.0%)   0.0001 (  0.0%)  Critical Path Aanlysis
   0.0001 (  0.0%)   0.0000 (  0.0%)   0.0001 (  0.0%)   0.0001 (  0.0%)  Loop Access Analysis
   0.0000 (  0.0%)   0.0000 (  0.0%)   0.0001 (  0.0%)   0.0001 (  0.0%)  Scalar Evolution Analysis
   0.0000 (  0.0%)   0.0000 (  0.0%)   0.0001 (  0.0%)   0.0001 (  0.0%)  Lazy Value Information Analysis
   0.0001 (  0.0%)   0.0000 (  0.0%)   0.0001 (  0.0%)   0.0001 (  0.0%)  Scalar Evolution Analysis
   0.0001 (  0.0%)   0.0000 (  0.0%)   0.0001 (  0.0%)   0.0001 (  0.0%)  Scalar Evolution Analysis
   0.0001 (  0.0%)   0.0000 (  0.0%)   0.0001 (  0.0%)   0.0001 (  0.0%)  SROA
   0.0001 (  0.0%)   0.0000 (  0.0%)   0.0001 (  0.0%)   0.0001 (  0.0%)  Scalar Evolution Analysis
   0.0001 (  0.0%)   0.0000 (  0.0%)   0.0001 (  0.0%)   0.0001 (  0.0%)  Aggressive Dead Code Elimination
   0.0001 (  0.0%)   0.0000 (  0.0%)   0.0001 (  0.0%)   0.0001 (  0.0%)  Scalar Evolution Analysis
   0.0001 (  0.0%)   0.0000 (  0.0%)   0.0001 (  0.0%)   0.0001 (  0.0%)  CallGraph Construction
   0.0001 (  0.0%)   0.0000 (  0.0%)   0.0001 (  0.0%)   0.0001 (  0.0%)  Scalar Evolution Analysis
   0.0001 (  0.0%)   0.0000 (  0.0%)   0.0001 (  0.0%)   0.0001 (  0.0%)  Scalar Evolution Analysis
   0.0001 (  0.0%)   0.0000 (  0.0%)   0.0001 (  0.0%)   0.0001 (  0.0%)  Scalar Evolution Analysis
   0.0001 (  0.0%)   0.0000 (  0.0%)   0.0001 (  0.0%)   0.0001 (  0.0%)  Critical Path Aanlysis
   0.0001 (  0.0%)   0.0000 (  0.0%)   0.0001 (  0.0%)   0.0001 (  0.0%)  Scalar Evolution Analysis
   0.0001 (  0.0%)   0.0000 (  0.0%)   0.0001 (  0.0%)   0.0001 (  0.0%)  Scalar Evolution Analysis
   0.0001 (  0.0%)   0.0000 (  0.0%)   0.0001 (  0.0%)   0.0001 (  0.0%)  Scalar Evolution Analysis
   0.0001 (  0.0%)   0.0000 (  0.0%)   0.0001 (  0.0%)   0.0001 (  0.0%)  Scalar Evolution Analysis
   0.0001 (  0.0%)   0.0000 (  0.0%)   0.0001 (  0.0%)   0.0001 (  0.0%)  Critical Path Aanlysis
   0.0001 (  0.0%)   0.0000 (  0.0%)   0.0001 (  0.0%)   0.0001 (  0.0%)  Scalar Evolution Analysis
   0.0001 (  0.0%)   0.0000 (  0.0%)   0.0001 (  0.0%)   0.0001 (  0.0%)  Scalar Evolution Analysis
   0.0001 (  0.0%)   0.0000 (  0.0%)   0.0001 (  0.0%)   0.0001 (  0.0%)  Scalar Evolution Analysis
   0.0001 (  0.0%)   0.0000 (  0.0%)   0.0001 (  0.0%)   0.0001 (  0.0%)  Basic Alias Analysis (stateless AA impl)
   0.0001 (  0.0%)   0.0000 (  0.0%)   0.0001 (  0.0%)   0.0001 (  0.0%)  Reflow auto unroll loops
   0.0001 (  0.0%)   0.0000 (  0.0%)   0.0001 (  0.0%)   0.0001 (  0.0%)  SROA
   0.0000 (  0.0%)   0.0000 (  0.0%)   0.0001 (  0.0%)   0.0001 (  0.0%)  Scalar Evolution Analysis
   0.0001 (  0.0%)   0.0000 (  0.0%)   0.0001 (  0.0%)   0.0001 (  0.0%)  Scalar Evolution Analysis
   0.0001 (  0.0%)   0.0000 (  0.0%)   0.0001 (  0.0%)   0.0001 (  0.0%)  Scalar Evolution Analysis
   0.0001 (  0.0%)   0.0000 (  0.0%)   0.0001 (  0.0%)   0.0001 (  0.0%)  Basic Alias Analysis (stateless AA impl)
   0.0001 (  0.0%)   0.0000 (  0.0%)   0.0001 (  0.0%)   0.0001 (  0.0%)  CallGraph Construction
   0.0001 (  0.0%)   0.0000 (  0.0%)   0.0001 (  0.0%)   0.0001 (  0.0%)  Scalar Evolution Analysis
   0.0001 (  0.0%)   0.0000 (  0.0%)   0.0001 (  0.0%)   0.0001 (  0.0%)  Function Alias Analysis Results
   0.0001 (  0.0%)   0.0000 (  0.0%)   0.0001 (  0.0%)   0.0001 (  0.0%)  Scalar Evolution Analysis
   0.0001 (  0.0%)   0.0000 (  0.0%)   0.0001 (  0.0%)   0.0001 (  0.0%)  Scalar Evolution Analysis
   0.0001 (  0.0%)   0.0000 (  0.0%)   0.0001 (  0.0%)   0.0001 (  0.0%)  Scalar Evolution Analysis
   0.0001 (  0.0%)   0.0000 (  0.0%)   0.0001 (  0.0%)   0.0001 (  0.0%)  Scalar Evolution Analysis
   0.0001 (  0.0%)   0.0000 (  0.0%)   0.0001 (  0.0%)   0.0001 (  0.0%)  Scalar Evolution Analysis
   0.0001 (  0.0%)   0.0000 (  0.0%)   0.0001 (  0.0%)   0.0001 (  0.0%)  Lower HLS related intrinsics
   0.0001 (  0.0%)   0.0000 (  0.0%)   0.0001 (  0.0%)   0.0001 (  0.0%)  Scalar Evolution Analysis
   0.0001 (  0.0%)   0.0000 (  0.0%)   0.0001 (  0.0%)   0.0001 (  0.0%)  Scalar Evolution Analysis
   0.0001 (  0.0%)   0.0000 (  0.0%)   0.0001 (  0.0%)   0.0001 (  0.0%)  Scalar Evolution Analysis
   0.0001 (  0.0%)   0.0000 (  0.0%)   0.0001 (  0.0%)   0.0001 (  0.0%)  Scalar Evolution Analysis
   0.0001 (  0.0%)   0.0000 (  0.0%)   0.0001 (  0.0%)   0.0001 (  0.0%)  Lower printf for the fpga target
   0.0000 (  0.0%)   0.0000 (  0.0%)   0.0001 (  0.0%)   0.0001 (  0.0%)  Scalar Evolution Analysis
   0.0001 (  0.0%)   0.0000 (  0.0%)   0.0001 (  0.0%)   0.0001 (  0.0%)  Scalar Evolution Analysis
   0.0001 (  0.0%)   0.0000 (  0.0%)   0.0001 (  0.0%)   0.0001 (  0.0%)  Scalar Evolution Analysis
   0.0000 (  0.0%)   0.0000 (  0.0%)   0.0001 (  0.0%)   0.0001 (  0.0%)  Scalar Evolution Analysis
   0.0001 (  0.0%)   0.0000 (  0.0%)   0.0001 (  0.0%)   0.0001 (  0.0%)  Scalarize vector operations
   0.0000 (  0.0%)   0.0000 (  0.0%)   0.0001 (  0.0%)   0.0001 (  0.0%)  Scalar Evolution Analysis
   0.0001 (  0.0%)   0.0000 (  0.0%)   0.0001 (  0.0%)   0.0001 (  0.0%)  CallGraph Construction
   0.0001 (  0.0%)   0.0000 (  0.0%)   0.0001 (  0.0%)   0.0001 (  0.0%)  Scalar Evolution Analysis
   0.0001 (  0.0%)   0.0000 (  0.0%)   0.0001 (  0.0%)   0.0001 (  0.0%)  ShiftRegInference - Automatic Shift Register Inference
   0.0001 (  0.0%)   0.0000 (  0.0%)   0.0001 (  0.0%)   0.0001 (  0.0%)  Scalar Evolution Analysis
   0.0001 (  0.0%)   0.0000 (  0.0%)   0.0001 (  0.0%)   0.0001 (  0.0%)  Lazy Value Information Analysis
   0.0001 (  0.0%)   0.0000 (  0.0%)   0.0001 (  0.0%)   0.0001 (  0.0%)  CallGraph Construction
   0.0000 (  0.0%)   0.0000 (  0.0%)   0.0001 (  0.0%)   0.0001 (  0.0%)  Scalar Evolution Analysis
   0.0000 (  0.0%)   0.0000 (  0.0%)   0.0000 (  0.0%)   0.0001 (  0.0%)  InterfaceEncodingChange - Change Interface Encoding format
   0.0001 (  0.0%)   0.0000 (  0.0%)   0.0001 (  0.0%)   0.0001 (  0.0%)  Scalar Evolution Analysis
   0.0001 (  0.0%)   0.0000 (  0.0%)   0.0001 (  0.0%)   0.0001 (  0.0%)  Dominator Tree Construction
   0.0001 (  0.0%)   0.0000 (  0.0%)   0.0001 (  0.0%)   0.0001 (  0.0%)  Generate Loops to iterate over workitems
   0.0001 (  0.0%)   0.0000 (  0.0%)   0.0001 (  0.0%)   0.0001 (  0.0%)  Scalar Evolution Analysis
   0.0000 (  0.0%)   0.0000 (  0.0%)   0.0001 (  0.0%)   0.0001 (  0.0%)  Memory Dependence Analysis
   0.0000 (  0.0%)   0.0000 (  0.0%)   0.0001 (  0.0%)   0.0001 (  0.0%)  Scalar Evolution Analysis
   0.0000 (  0.0%)   0.0000 (  0.0%)   0.0001 (  0.0%)   0.0001 (  0.0%)  Remove unreachable basic blocks under switch
   0.0001 (  0.0%)   0.0000 (  0.0%)   0.0001 (  0.0%)   0.0001 (  0.0%)  Remove unreachable basic blocks under switch
   0.0001 (  0.0%)   0.0000 (  0.0%)   0.0001 (  0.0%)   0.0001 (  0.0%)  Remove unreachable basic blocks under switch
   0.0001 (  0.0%)   0.0000 (  0.0%)   0.0001 (  0.0%)   0.0001 (  0.0%)  Scalar Evolution Analysis
   0.0001 (  0.0%)   0.0000 (  0.0%)   0.0001 (  0.0%)   0.0001 (  0.0%)  Scalar Evolution Analysis
   0.0000 (  0.0%)   0.0000 (  0.0%)   0.0001 (  0.0%)   0.0001 (  0.0%)  Scalar Evolution Analysis
   0.0001 (  0.0%)   0.0000 (  0.0%)   0.0001 (  0.0%)   0.0001 (  0.0%)  Scalar Evolution Analysis
   0.0000 (  0.0%)   0.0000 (  0.0%)   0.0001 (  0.0%)   0.0001 (  0.0%)  Scalar Evolution Analysis
   0.0001 (  0.0%)   0.0000 (  0.0%)   0.0001 (  0.0%)   0.0001 (  0.0%)  Critical Path Aanlysis
   0.0001 (  0.0%)   0.0000 (  0.0%)   0.0001 (  0.0%)   0.0001 (  0.0%)  Scalar Evolution Analysis
   0.0000 (  0.0%)   0.0000 (  0.0%)   0.0001 (  0.0%)   0.0001 (  0.0%)  InferXCLAttrImplications - Infer XCL attribute implications
   0.0001 (  0.0%)   0.0000 (  0.0%)   0.0001 (  0.0%)   0.0001 (  0.0%)  CallGraph Construction
   0.0001 (  0.0%)   0.0000 (  0.0%)   0.0001 (  0.0%)   0.0001 (  0.0%)  Scalar Evolution Analysis
   0.0000 (  0.0%)   0.0000 (  0.0%)   0.0001 (  0.0%)   0.0001 (  0.0%)  Lazy Block Frequency Analysis
   0.0000 (  0.0%)   0.0000 (  0.0%)   0.0001 (  0.0%)   0.0001 (  0.0%)  Scalar Evolution Analysis
   0.0000 (  0.0%)   0.0000 (  0.0%)   0.0001 (  0.0%)   0.0001 (  0.0%)  Scalar Evolution Analysis
   0.0001 (  0.0%)   0.0000 (  0.0%)   0.0001 (  0.0%)   0.0001 (  0.0%)  Lower black box
   0.0000 (  0.0%)   0.0000 (  0.0%)   0.0001 (  0.0%)   0.0001 (  0.0%)  Remove unreachable basic blocks under switch
   0.0001 (  0.0%)   0.0000 (  0.0%)   0.0001 (  0.0%)   0.0001 (  0.0%)  Lazy Value Information Analysis
   0.0001 (  0.0%)   0.0000 (  0.0%)   0.0001 (  0.0%)   0.0001 (  0.0%)  Remove unreachable basic blocks under switch
   0.0000 (  0.0%)   0.0000 (  0.0%)   0.0000 (  0.0%)   0.0001 (  0.0%)  Lazy Branch Probability Analysis
   0.0000 (  0.0%)   0.0000 (  0.0%)   0.0001 (  0.0%)   0.0001 (  0.0%)  Scalar Evolution Analysis
   0.0001 (  0.0%)   0.0000 (  0.0%)   0.0001 (  0.0%)   0.0001 (  0.0%)  Scalar Evolution Analysis
   0.0000 (  0.0%)   0.0000 (  0.0%)   0.0001 (  0.0%)   0.0001 (  0.0%)  Remove unreachable basic blocks under switch
   0.0000 (  0.0%)   0.0000 (  0.0%)   0.0001 (  0.0%)   0.0001 (  0.0%)  Scalar Evolution Analysis
   0.0001 (  0.0%)   0.0000 (  0.0%)   0.0001 (  0.0%)   0.0001 (  0.0%)  Lazy Value Information Analysis
   0.0001 (  0.0%)   0.0000 (  0.0%)   0.0001 (  0.0%)   0.0001 (  0.0%)  Lazy Value Information Analysis
   0.0001 (  0.0%)   0.0000 (  0.0%)   0.0001 (  0.0%)   0.0001 (  0.0%)  Scalar Evolution Analysis
   0.0000 (  0.0%)   0.0000 (  0.0%)   0.0001 (  0.0%)   0.0001 (  0.0%)  Basic Alias Analysis (stateless AA impl)
   0.0001 (  0.0%)   0.0000 (  0.0%)   0.0001 (  0.0%)   0.0001 (  0.0%)  Scalar Evolution Analysis
   0.0001 (  0.0%)   0.0000 (  0.0%)   0.0001 (  0.0%)   0.0001 (  0.0%)  Lazy Value Information Analysis
   0.0001 (  0.0%)   0.0000 (  0.0%)   0.0001 (  0.0%)   0.0001 (  0.0%)  Dead Global Elimination
   0.0001 (  0.0%)   0.0000 (  0.0%)   0.0001 (  0.0%)   0.0001 (  0.0%)  Remove unreachable basic blocks under switch
   0.0000 (  0.0%)   0.0000 (  0.0%)   0.0001 (  0.0%)   0.0001 (  0.0%)  Optimization Remark Emitter
   0.0000 (  0.0%)   0.0000 (  0.0%)   0.0000 (  0.0%)   0.0001 (  0.0%)  Lazy Value Information Analysis
   0.0001 (  0.0%)   0.0000 (  0.0%)   0.0001 (  0.0%)   0.0001 (  0.0%)  Lazy Value Information Analysis
   0.0000 (  0.0%)   0.0000 (  0.0%)   0.0001 (  0.0%)   0.0001 (  0.0%)  Scalar Evolution Analysis
   0.0000 (  0.0%)   0.0000 (  0.0%)   0.0001 (  0.0%)   0.0001 (  0.0%)  Lazy Branch Probability Analysis
   0.0000 (  0.0%)   0.0000 (  0.0%)   0.0001 (  0.0%)   0.0001 (  0.0%)  Basic Alias Analysis (stateless AA impl)
   0.0001 (  0.0%)   0.0000 (  0.0%)   0.0001 (  0.0%)   0.0001 (  0.0%)  Remove unreachable basic blocks under switch
   0.0001 (  0.0%)   0.0000 (  0.0%)   0.0001 (  0.0%)   0.0001 (  0.0%)  Basic Alias Analysis (stateless AA impl)
   0.0001 (  0.0%)   0.0000 (  0.0%)   0.0001 (  0.0%)   0.0001 (  0.0%)  Remove unreachable basic blocks under switch
   0.0001 (  0.0%)   0.0000 (  0.0%)   0.0001 (  0.0%)   0.0000 (  0.0%)  Scalar Evolution Analysis
   0.0000 (  0.0%)   0.0000 (  0.0%)   0.0000 (  0.0%)   0.0000 (  0.0%)  Scalar Evolution Analysis
   0.0001 (  0.0%)   0.0000 (  0.0%)   0.0001 (  0.0%)   0.0000 (  0.0%)  Basic Alias Analysis (stateless AA impl)
   0.0000 (  0.0%)   0.0000 (  0.0%)   0.0001 (  0.0%)   0.0000 (  0.0%)  Lazy Value Information Analysis
   0.0000 (  0.0%)   0.0000 (  0.0%)   0.0000 (  0.0%)   0.0000 (  0.0%)  Remove unreachable basic blocks under switch
   0.0000 (  0.0%)   0.0000 (  0.0%)   0.0000 (  0.0%)   0.0000 (  0.0%)  Lazy Value Information Analysis
   0.0001 (  0.0%)   0.0000 (  0.0%)   0.0001 (  0.0%)   0.0000 (  0.0%)  Scalar Evolution Analysis
   0.0001 (  0.0%)   0.0000 (  0.0%)   0.0001 (  0.0%)   0.0000 (  0.0%)  Scalar Evolution Analysis
   0.0000 (  0.0%)   0.0000 (  0.0%)   0.0000 (  0.0%)   0.0000 (  0.0%)  Lazy Value Information Analysis
   0.0000 (  0.0%)   0.0000 (  0.0%)   0.0001 (  0.0%)   0.0000 (  0.0%)  Optimization Remark Emitter
   0.0000 (  0.0%)   0.0000 (  0.0%)   0.0001 (  0.0%)   0.0000 (  0.0%)  Lazy Block Frequency Analysis
   0.0000 (  0.0%)   0.0000 (  0.0%)   0.0000 (  0.0%)   0.0000 (  0.0%)  Lazy Value Information Analysis
   0.0000 (  0.0%)   0.0000 (  0.0%)   0.0000 (  0.0%)   0.0000 (  0.0%)  Remove unreachable basic blocks under switch
   0.0000 (  0.0%)   0.0000 (  0.0%)   0.0000 (  0.0%)   0.0000 (  0.0%)  Aggressive dead store elimination
   0.0000 (  0.0%)   0.0000 (  0.0%)   0.0000 (  0.0%)   0.0000 (  0.0%)  Remove unreachable basic blocks under switch
   0.0000 (  0.0%)   0.0000 (  0.0%)   0.0000 (  0.0%)   0.0000 (  0.0%)  Remove unreachable basic blocks under switch
   0.0000 (  0.0%)   0.0000 (  0.0%)   0.0001 (  0.0%)   0.0000 (  0.0%)  Lazy Value Information Analysis
   0.0000 (  0.0%)   0.0000 (  0.0%)   0.0000 (  0.0%)   0.0000 (  0.0%)  Scalar Evolution Analysis
   0.0000 (  0.0%)   0.0000 (  0.0%)   0.0000 (  0.0%)   0.0000 (  0.0%)  Scalar Evolution Analysis
   0.0000 (  0.0%)   0.0000 (  0.0%)   0.0001 (  0.0%)   0.0000 (  0.0%)  Remove unreachable basic blocks under switch
   0.0000 (  0.0%)   0.0000 (  0.0%)   0.0000 (  0.0%)   0.0000 (  0.0%)  Lazy Value Information Analysis
   0.0000 (  0.0%)   0.0000 (  0.0%)   0.0000 (  0.0%)   0.0000 (  0.0%)  Eliminate dead stores globally
   0.0000 (  0.0%)   0.0000 (  0.0%)   0.0000 (  0.0%)   0.0000 (  0.0%)  Scalar Evolution Analysis
   0.0000 (  0.0%)   0.0000 (  0.0%)   0.0000 (  0.0%)   0.0000 (  0.0%)  Lazy Value Information Analysis
   0.0001 (  0.0%)   0.0000 (  0.0%)   0.0001 (  0.0%)   0.0000 (  0.0%)  SROA
   0.0000 (  0.0%)   0.0000 (  0.0%)   0.0000 (  0.0%)   0.0000 (  0.0%)  Lazy Value Information Analysis
   0.0000 (  0.0%)   0.0000 (  0.0%)   0.0000 (  0.0%)   0.0000 (  0.0%)  Scalar Evolution Analysis
   0.0000 (  0.0%)   0.0000 (  0.0%)   0.0000 (  0.0%)   0.0000 (  0.0%)  Basic Alias Analysis (stateless AA impl)
   0.0000 (  0.0%)   0.0000 (  0.0%)   0.0000 (  0.0%)   0.0000 (  0.0%)  Lazy Value Information Analysis
   0.0000 (  0.0%)   0.0000 (  0.0%)   0.0000 (  0.0%)   0.0000 (  0.0%)  Post-Dominator Tree Construction
   0.0000 (  0.0%)   0.0000 (  0.0%)   0.0000 (  0.0%)   0.0000 (  0.0%)  Scalar Evolution Analysis
   0.0000 (  0.0%)   0.0000 (  0.0%)   0.0000 (  0.0%)   0.0000 (  0.0%)  Scalar Evolution Analysis
   0.0000 (  0.0%)   0.0000 (  0.0%)   0.0000 (  0.0%)   0.0000 (  0.0%)  Lazy Value Information Analysis
   0.0000 (  0.0%)   0.0000 (  0.0%)   0.0000 (  0.0%)   0.0000 (  0.0%)  Lazy Value Information Analysis
   0.0000 (  0.0%)   0.0000 (  0.0%)   0.0000 (  0.0%)   0.0000 (  0.0%)  CallGraph Construction
   0.0000 (  0.0%)   0.0000 (  0.0%)   0.0000 (  0.0%)   0.0000 (  0.0%)  Scalar Evolution Analysis
   0.0000 (  0.0%)   0.0000 (  0.0%)   0.0000 (  0.0%)   0.0000 (  0.0%)  Predicate analysis under a loop context
   0.0000 (  0.0%)   0.0000 (  0.0%)   0.0000 (  0.0%)   0.0000 (  0.0%)  Scalar Evolution Analysis
   0.0000 (  0.0%)   0.0000 (  0.0%)   0.0000 (  0.0%)   0.0000 (  0.0%)  Lazy Value Information Analysis
   0.0000 (  0.0%)   0.0000 (  0.0%)   0.0000 (  0.0%)   0.0000 (  0.0%)  Basic Alias Analysis (stateless AA impl)
   0.0000 (  0.0%)   0.0000 (  0.0%)   0.0000 (  0.0%)   0.0000 (  0.0%)  Scalar Evolution Analysis
   0.0000 (  0.0%)   0.0000 (  0.0%)   0.0000 (  0.0%)   0.0000 (  0.0%)  DeSPMD - Insert barriers into uniform loops
   0.0000 (  0.0%)   0.0000 (  0.0%)   0.0000 (  0.0%)   0.0000 (  0.0%)  Scalar Evolution Analysis
   0.0000 (  0.0%)   0.0000 (  0.0%)   0.0000 (  0.0%)   0.0000 (  0.0%)  Lazy Value Information Analysis
   0.0000 (  0.0%)   0.0000 (  0.0%)   0.0000 (  0.0%)   0.0000 (  0.0%)  Scalar Evolution Analysis
   0.0000 (  0.0%)   0.0000 (  0.0%)   0.0000 (  0.0%)   0.0000 (  0.0%)  Dominator Tree Construction
   0.0000 (  0.0%)   0.0000 (  0.0%)   0.0000 (  0.0%)   0.0000 (  0.0%)  Scalar Evolution Canonicalization
   0.0000 (  0.0%)   0.0000 (  0.0%)   0.0000 (  0.0%)   0.0000 (  0.0%)  Lazy Value Information Analysis
   0.0000 (  0.0%)   0.0000 (  0.0%)   0.0000 (  0.0%)   0.0000 (  0.0%)  LayoutTransform - Layout Transform Pragma Analysis
   0.0000 (  0.0%)   0.0000 (  0.0%)   0.0000 (  0.0%)   0.0000 (  0.0%)  Basic Alias Analysis (stateless AA impl)
   0.0000 (  0.0%)   0.0000 (  0.0%)   0.0000 (  0.0%)   0.0000 (  0.0%)  Scalar Evolution Analysis
   0.0000 (  0.0%)   0.0000 (  0.0%)   0.0000 (  0.0%)   0.0000 (  0.0%)  Lazy Value Information Analysis
   0.0000 (  0.0%)   0.0000 (  0.0%)   0.0000 (  0.0%)   0.0000 (  0.0%)  Memory Dependence Analysis
   0.0000 (  0.0%)   0.0000 (  0.0%)   0.0000 (  0.0%)   0.0000 (  0.0%)  Memory Dependence Analysis
   0.0000 (  0.0%)   0.0000 (  0.0%)   0.0000 (  0.0%)   0.0000 (  0.0%)  Promote Memory to Register
   0.0000 (  0.0%)   0.0000 (  0.0%)   0.0000 (  0.0%)   0.0000 (  0.0%)  Remove unreachable basic blocks under switch
   0.0000 (  0.0%)   0.0000 (  0.0%)   0.0000 (  0.0%)   0.0000 (  0.0%)  Scalar Evolution Analysis
   0.0000 (  0.0%)   0.0000 (  0.0%)   0.0000 (  0.0%)   0.0000 (  0.0%)  ArrayPartition - Partition Arrays into Banks
   0.0000 (  0.0%)   0.0000 (  0.0%)   0.0000 (  0.0%)   0.0000 (  0.0%)  Scalar Evolution Analysis
   0.0000 (  0.0%)   0.0000 (  0.0%)   0.0000 (  0.0%)   0.0000 (  0.0%)  Scalar Evolution Analysis
   0.0000 (  0.0%)   0.0000 (  0.0%)   0.0000 (  0.0%)   0.0000 (  0.0%)  Memory Dependence Analysis
   0.0000 (  0.0%)   0.0000 (  0.0%)   0.0000 (  0.0%)   0.0000 (  0.0%)  InterfaceCheck - Check Interface
   0.0000 (  0.0%)   0.0000 (  0.0%)   0.0000 (  0.0%)   0.0000 (  0.0%)  Scalar Evolution Analysis
   0.0000 (  0.0%)   0.0000 (  0.0%)   0.0000 (  0.0%)   0.0000 (  0.0%)  Eliminate dead stores globally
   0.0000 (  0.0%)   0.0000 (  0.0%)   0.0000 (  0.0%)   0.0000 (  0.0%)  Lower HLS related intrinsics
   0.0000 (  0.0%)   0.0000 (  0.0%)   0.0000 (  0.0%)   0.0000 (  0.0%)  Scalar Evolution Analysis
   0.0000 (  0.0%)   0.0000 (  0.0%)   0.0000 (  0.0%)   0.0000 (  0.0%)  Lazy Branch Probability Analysis
   0.0000 (  0.0%)   0.0000 (  0.0%)   0.0000 (  0.0%)   0.0000 (  0.0%)  Scalar Evolution Analysis
   0.0000 (  0.0%)   0.0000 (  0.0%)   0.0000 (  0.0%)   0.0000 (  0.0%)  Infer set function attributes
   0.0000 (  0.0%)   0.0000 (  0.0%)   0.0000 (  0.0%)   0.0000 (  0.0%)  Dependence Analysis
   0.0000 (  0.0%)   0.0000 (  0.0%)   0.0000 (  0.0%)   0.0000 (  0.0%)  Lazy Value Information Analysis
   0.0000 (  0.0%)   0.0000 (  0.0%)   0.0000 (  0.0%)   0.0000 (  0.0%)  Scalar Evolution Analysis
   0.0000 (  0.0%)   0.0000 (  0.0%)   0.0000 (  0.0%)   0.0000 (  0.0%)  Memory Dependence Analysis
   0.0000 (  0.0%)   0.0000 (  0.0%)   0.0000 (  0.0%)   0.0000 (  0.0%)  Lazy Value Information Analysis
   0.0000 (  0.0%)   0.0000 (  0.0%)   0.0000 (  0.0%)   0.0000 (  0.0%)  Lazy Value Information Analysis
   0.0000 (  0.0%)   0.0000 (  0.0%)   0.0000 (  0.0%)   0.0000 (  0.0%)  Lazy Value Information Analysis
   0.0000 (  0.0%)   0.0000 (  0.0%)   0.0000 (  0.0%)   0.0000 (  0.0%)  Scalar Evolution Analysis
   0.0000 (  0.0%)   0.0000 (  0.0%)   0.0000 (  0.0%)   0.0000 (  0.0%)  Lazy Value Information Analysis
   0.0000 (  0.0%)   0.0000 (  0.0%)   0.0000 (  0.0%)   0.0000 (  0.0%)  Natural Loop Information
   0.0000 (  0.0%)   0.0000 (  0.0%)   0.0000 (  0.0%)   0.0000 (  0.0%)  Lazy Value Information Analysis
   0.0000 (  0.0%)   0.0000 (  0.0%)   0.0000 (  0.0%)   0.0000 (  0.0%)  LayoutTransform - Layout Transform Pragma Analysis
   0.0000 (  0.0%)   0.0000 (  0.0%)   0.0000 (  0.0%)   0.0000 (  0.0%)  Basic Alias Analysis (stateless AA impl)
   0.0000 (  0.0%)   0.0000 (  0.0%)   0.0000 (  0.0%)   0.0000 (  0.0%)  Scalar Evolution Analysis
   0.0000 (  0.0%)   0.0000 (  0.0%)   0.0000 (  0.0%)   0.0000 (  0.0%)  verify cache pragmas
   0.0000 (  0.0%)   0.0000 (  0.0%)   0.0000 (  0.0%)   0.0000 (  0.0%)  Scalar Evolution Analysis
   0.0000 (  0.0%)   0.0000 (  0.0%)   0.0000 (  0.0%)   0.0000 (  0.0%)  Scalar Evolution Canonicalization
   0.0000 (  0.0%)   0.0000 (  0.0%)   0.0000 (  0.0%)   0.0000 (  0.0%)  Scalar Evolution Analysis
   0.0000 (  0.0%)   0.0000 (  0.0%)   0.0000 (  0.0%)   0.0000 (  0.0%)  Memory Dependence Analysis
   0.0000 (  0.0%)   0.0000 (  0.0%)   0.0000 (  0.0%)   0.0000 (  0.0%)  ArrayReshape - Reshape Arrays into Wider Arrays
   0.0000 (  0.0%)   0.0000 (  0.0%)   0.0000 (  0.0%)   0.0000 (  0.0%)  Lazy Value Information Analysis
   0.0000 (  0.0%)   0.0000 (  0.0%)   0.0000 (  0.0%)   0.0000 (  0.0%)  Lazy Value Information Analysis
   0.0000 (  0.0%)   0.0000 (  0.0%)   0.0000 (  0.0%)   0.0000 (  0.0%)  Lazy Value Information Analysis
   0.0000 (  0.0%)   0.0000 (  0.0%)   0.0000 (  0.0%)   0.0000 (  0.0%)  LCSSA Verifier
   0.0000 (  0.0%)   0.0000 (  0.0%)   0.0000 (  0.0%)   0.0000 (  0.0%)  Lazy Value Information Analysis
   0.0000 (  0.0%)   0.0000 (  0.0%)   0.0000 (  0.0%)   0.0000 (  0.0%)  Memory Dependence Analysis
   0.0000 (  0.0%)   0.0000 (  0.0%)   0.0000 (  0.0%)   0.0000 (  0.0%)  Predicate analysis under a loop context
   0.0000 (  0.0%)   0.0000 (  0.0%)   0.0000 (  0.0%)   0.0000 (  0.0%)  Basic Alias Analysis (stateless AA impl)
   0.0000 (  0.0%)   0.0000 (  0.0%)   0.0000 (  0.0%)   0.0000 (  0.0%)  Memory Dependence Analysis
   0.0000 (  0.0%)   0.0000 (  0.0%)   0.0000 (  0.0%)   0.0000 (  0.0%)  Lazy Value Information Analysis
   0.0000 (  0.0%)   0.0000 (  0.0%)   0.0000 (  0.0%)   0.0000 (  0.0%)  Promote Memory to Register
   0.0000 (  0.0%)   0.0000 (  0.0%)   0.0000 (  0.0%)   0.0000 (  0.0%)  Scalar Evolution Canonicalization
   0.0000 (  0.0%)   0.0000 (  0.0%)   0.0000 (  0.0%)   0.0000 (  0.0%)  Lazy Branch Probability Analysis
   0.0000 (  0.0%)   0.0000 (  0.0%)   0.0000 (  0.0%)   0.0000 (  0.0%)  Memory Dependence Analysis
   0.0000 (  0.0%)   0.0000 (  0.0%)   0.0000 (  0.0%)   0.0000 (  0.0%)  Lazy Value Information Analysis
   0.0000 (  0.0%)   0.0000 (  0.0%)   0.0000 (  0.0%)   0.0000 (  0.0%)  Function Alias Analysis Results
   0.0000 (  0.0%)   0.0000 (  0.0%)   0.0000 (  0.0%)   0.0000 (  0.0%)  Basic Alias Analysis (stateless AA impl)
   0.0000 (  0.0%)   0.0000 (  0.0%)   0.0000 (  0.0%)   0.0000 (  0.0%)  Basic Alias Analysis (stateless AA impl)
   0.0000 (  0.0%)   0.0000 (  0.0%)   0.0000 (  0.0%)   0.0000 (  0.0%)  Lazy Branch Probability Analysis
   0.0000 (  0.0%)   0.0000 (  0.0%)   0.0000 (  0.0%)   0.0000 (  0.0%)  Memory Dependence Analysis
   0.0000 (  0.0%)   0.0000 (  0.0%)   0.0000 (  0.0%)   0.0000 (  0.0%)  Memory Dependence Analysis
   0.0000 (  0.0%)   0.0000 (  0.0%)   0.0000 (  0.0%)   0.0000 (  0.0%)  Basic Alias Analysis (stateless AA impl)
   0.0000 (  0.0%)   0.0000 (  0.0%)   0.0000 (  0.0%)   0.0000 (  0.0%)  Lazy Block Frequency Analysis
   0.0000 (  0.0%)   0.0000 (  0.0%)   0.0000 (  0.0%)   0.0000 (  0.0%)  Scalar Evolution Analysis
   0.0000 (  0.0%)   0.0000 (  0.0%)   0.0000 (  0.0%)   0.0000 (  0.0%)  Lazy Branch Probability Analysis
   0.0000 (  0.0%)   0.0000 (  0.0%)   0.0000 (  0.0%)   0.0000 (  0.0%)  Lazy Value Information Analysis
   0.0000 (  0.0%)   0.0000 (  0.0%)   0.0000 (  0.0%)   0.0000 (  0.0%)  Basic Alias Analysis (stateless AA impl)
   0.0000 (  0.0%)   0.0000 (  0.0%)   0.0000 (  0.0%)   0.0000 (  0.0%)  Scalar Evolution Canonicalization
   0.0000 (  0.0%)   0.0000 (  0.0%)   0.0000 (  0.0%)   0.0000 (  0.0%)  Memory Dependence Analysis
   0.0000 (  0.0%)   0.0000 (  0.0%)   0.0000 (  0.0%)   0.0000 (  0.0%)  Lazy Value Information Analysis
   0.0000 (  0.0%)   0.0000 (  0.0%)   0.0000 (  0.0%)   0.0000 (  0.0%)  Memory Dependence Analysis
   0.0000 (  0.0%)   0.0000 (  0.0%)   0.0000 (  0.0%)   0.0000 (  0.0%)  Memory Dependence Analysis
   0.0000 (  0.0%)   0.0000 (  0.0%)   0.0000 (  0.0%)   0.0000 (  0.0%)  Promote Memory to Register
   0.0000 (  0.0%)   0.0000 (  0.0%)   0.0000 (  0.0%)   0.0000 (  0.0%)  Basic Alias Analysis (stateless AA impl)
   0.0000 (  0.0%)   0.0000 (  0.0%)   0.0000 (  0.0%)   0.0000 (  0.0%)  Interprocedural constant propagation
   0.0000 (  0.0%)   0.0000 (  0.0%)   0.0000 (  0.0%)   0.0000 (  0.0%)  Basic Alias Analysis (stateless AA impl)
   0.0000 (  0.0%)   0.0000 (  0.0%)   0.0000 (  0.0%)   0.0000 (  0.0%)  Lazy Branch Probability Analysis
   0.0000 (  0.0%)   0.0000 (  0.0%)   0.0000 (  0.0%)   0.0000 (  0.0%)  Memory Dependence Analysis
   0.0000 (  0.0%)   0.0000 (  0.0%)   0.0000 (  0.0%)   0.0000 (  0.0%)  Memory Dependence Analysis
   0.0000 (  0.0%)   0.0000 (  0.0%)   0.0000 (  0.0%)   0.0000 (  0.0%)  Optimization Remark Emitter
   0.0000 (  0.0%)   0.0000 (  0.0%)   0.0000 (  0.0%)   0.0000 (  0.0%)  Lazy Branch Probability Analysis
   0.0000 (  0.0%)   0.0000 (  0.0%)   0.0000 (  0.0%)   0.0000 (  0.0%)  Lazy Value Information Analysis
   0.0000 (  0.0%)   0.0000 (  0.0%)   0.0000 (  0.0%)   0.0000 (  0.0%)  Scalar Evolution Canonicalization
   0.0000 (  0.0%)   0.0000 (  0.0%)   0.0000 (  0.0%)   0.0000 (  0.0%)  Lazy Value Information Analysis
   0.0000 (  0.0%)   0.0000 (  0.0%)   0.0000 (  0.0%)   0.0000 (  0.0%)  Memory Dependence Analysis
   0.0000 (  0.0%)   0.0000 (  0.0%)   0.0000 (  0.0%)   0.0000 (  0.0%)  Entirety access check on array-to-stream
   0.0000 (  0.0%)   0.0000 (  0.0%)   0.0000 (  0.0%)   0.0000 (  0.0%)  Lazy Value Information Analysis
   0.0000 (  0.0%)   0.0000 (  0.0%)   0.0000 (  0.0%)   0.0000 (  0.0%)  Function Alias Analysis Results
   0.0000 (  0.0%)   0.0000 (  0.0%)   0.0000 (  0.0%)   0.0000 (  0.0%)  Lazy Value Information Analysis
   0.0000 (  0.0%)   0.0000 (  0.0%)   0.0000 (  0.0%)   0.0000 (  0.0%)  Memory Dependence Analysis
   0.0000 (  0.0%)   0.0000 (  0.0%)   0.0000 (  0.0%)   0.0000 (  0.0%)  Memory Dependence Analysis
   0.0000 (  0.0%)   0.0000 (  0.0%)   0.0000 (  0.0%)   0.0000 (  0.0%)  Basic Alias Analysis (stateless AA impl)
   0.0000 (  0.0%)   0.0000 (  0.0%)   0.0000 (  0.0%)   0.0000 (  0.0%)  Memory Dependence Analysis
   0.0000 (  0.0%)   0.0000 (  0.0%)   0.0000 (  0.0%)   0.0000 (  0.0%)  Scalar Evolution Canonicalization
   0.0000 (  0.0%)   0.0000 (  0.0%)   0.0000 (  0.0%)   0.0000 (  0.0%)  Memory Dependence Analysis
   0.0000 (  0.0%)   0.0000 (  0.0%)   0.0000 (  0.0%)   0.0000 (  0.0%)  Lazy Branch Probability Analysis
   0.0000 (  0.0%)   0.0000 (  0.0%)   0.0000 (  0.0%)   0.0000 (  0.0%)  Basic Alias Analysis (stateless AA impl)
   0.0000 (  0.0%)   0.0000 (  0.0%)   0.0000 (  0.0%)   0.0000 (  0.0%)  Lazy Branch Probability Analysis
   0.0000 (  0.0%)   0.0000 (  0.0%)   0.0000 (  0.0%)   0.0000 (  0.0%)  Lazy Branch Probability Analysis
   0.0000 (  0.0%)   0.0000 (  0.0%)   0.0000 (  0.0%)   0.0000 (  0.0%)  Memory Dependence Analysis
   0.0000 (  0.0%)   0.0000 (  0.0%)   0.0000 (  0.0%)   0.0000 (  0.0%)  Basic Alias Analysis (stateless AA impl)
   0.0000 (  0.0%)   0.0000 (  0.0%)   0.0000 (  0.0%)   0.0000 (  0.0%)  Promote Memory to Register
   0.0000 (  0.0%)   0.0000 (  0.0%)   0.0000 (  0.0%)   0.0000 (  0.0%)  Memory Dependence Analysis
   0.0000 (  0.0%)   0.0000 (  0.0%)   0.0000 (  0.0%)   0.0000 (  0.0%)  Memory Dependence Analysis
   0.0000 (  0.0%)   0.0000 (  0.0%)   0.0000 (  0.0%)   0.0000 (  0.0%)  Lazy Branch Probability Analysis
   0.0000 (  0.0%)   0.0000 (  0.0%)   0.0000 (  0.0%)   0.0000 (  0.0%)  Optimization Remark Emitter
   0.0000 (  0.0%)   0.0000 (  0.0%)   0.0000 (  0.0%)   0.0000 (  0.0%)  Predicate analysis under a loop context
   0.0000 (  0.0%)   0.0000 (  0.0%)   0.0000 (  0.0%)   0.0000 (  0.0%)  Lazy Branch Probability Analysis
   0.0000 (  0.0%)   0.0000 (  0.0%)   0.0000 (  0.0%)   0.0000 (  0.0%)  Basic Alias Analysis (stateless AA impl)
   0.0000 (  0.0%)   0.0000 (  0.0%)   0.0000 (  0.0%)   0.0000 (  0.0%)  Memory Dependence Analysis
   0.0000 (  0.0%)   0.0000 (  0.0%)   0.0000 (  0.0%)   0.0000 (  0.0%)  Optimization Remark Emitter
   0.0000 (  0.0%)   0.0000 (  0.0%)   0.0000 (  0.0%)   0.0000 (  0.0%)  Memory Dependence Analysis
   0.0000 (  0.0%)   0.0000 (  0.0%)   0.0000 (  0.0%)   0.0000 (  0.0%)  Analyze occurrence information
   0.0000 (  0.0%)   0.0000 (  0.0%)   0.0000 (  0.0%)   0.0000 (  0.0%)  Lazy Branch Probability Analysis
   0.0000 (  0.0%)   0.0000 (  0.0%)   0.0000 (  0.0%)   0.0000 (  0.0%)  Memory Dependence Analysis
   0.0000 (  0.0%)   0.0000 (  0.0%)   0.0000 (  0.0%)   0.0000 (  0.0%)  Memory Dependence Analysis
   0.0000 (  0.0%)   0.0000 (  0.0%)   0.0000 (  0.0%)   0.0000 (  0.0%)  Basic Alias Analysis (stateless AA impl)
   0.0000 (  0.0%)   0.0000 (  0.0%)   0.0000 (  0.0%)   0.0000 (  0.0%)  Optimization Remark Emitter
   0.0000 (  0.0%)   0.0000 (  0.0%)   0.0000 (  0.0%)   0.0000 (  0.0%)  ScalarEvolution-based Alias Analysis
   0.0000 (  0.0%)   0.0000 (  0.0%)   0.0000 (  0.0%)   0.0000 (  0.0%)  Lazy Value Information Analysis
   0.0000 (  0.0%)   0.0000 (  0.0%)   0.0000 (  0.0%)   0.0000 (  0.0%)  ScalarEvolution-based Alias Analysis
   0.0000 (  0.0%)   0.0000 (  0.0%)   0.0000 (  0.0%)   0.0000 (  0.0%)  Optimization Remark Emitter
   0.0000 (  0.0%)   0.0000 (  0.0%)   0.0000 (  0.0%)   0.0000 (  0.0%)  Lazy Branch Probability Analysis
   0.0000 (  0.0%)   0.0000 (  0.0%)   0.0000 (  0.0%)   0.0000 (  0.0%)  Lazy Value Information Analysis
   0.0000 (  0.0%)   0.0000 (  0.0%)   0.0000 (  0.0%)   0.0000 (  0.0%)  Scalar Evolution Canonicalization
   0.0000 (  0.0%)   0.0000 (  0.0%)   0.0000 (  0.0%)   0.0000 (  0.0%)  Memory Dependence Analysis
   0.0000 (  0.0%)   0.0000 (  0.0%)   0.0000 (  0.0%)   0.0000 (  0.0%)  Memory Dependence Analysis
   0.0000 (  0.0%)   0.0000 (  0.0%)   0.0000 (  0.0%)   0.0000 (  0.0%)  Unify function exit nodes
   0.0000 (  0.0%)   0.0000 (  0.0%)   0.0000 (  0.0%)   0.0000 (  0.0%)  Memory Dependence Analysis
   0.0000 (  0.0%)   0.0000 (  0.0%)   0.0000 (  0.0%)   0.0000 (  0.0%)  Memory Dependence Analysis
   0.0000 (  0.0%)   0.0000 (  0.0%)   0.0000 (  0.0%)   0.0000 (  0.0%)  Memory Dependence Analysis
   0.0000 (  0.0%)   0.0000 (  0.0%)   0.0000 (  0.0%)   0.0000 (  0.0%)  Basic Alias Analysis (stateless AA impl)
   0.0000 (  0.0%)   0.0000 (  0.0%)   0.0000 (  0.0%)   0.0000 (  0.0%)  Scalar Evolution Canonicalization
   0.0000 (  0.0%)   0.0000 (  0.0%)   0.0000 (  0.0%)   0.0000 (  0.0%)  Basic Alias Analysis (stateless AA impl)
   0.0000 (  0.0%)   0.0000 (  0.0%)   0.0000 (  0.0%)   0.0000 (  0.0%)  Lazy Value Information Analysis
   0.0000 (  0.0%)   0.0000 (  0.0%)   0.0000 (  0.0%)   0.0000 (  0.0%)  Undecay arrays
   0.0000 (  0.0%)   0.0000 (  0.0%)   0.0000 (  0.0%)   0.0000 (  0.0%)  Memory Dependence Analysis
   0.0000 (  0.0%)   0.0000 (  0.0%)   0.0000 (  0.0%)   0.0000 (  0.0%)  Scalar Evolution Canonicalization
   0.0000 (  0.0%)   0.0000 (  0.0%)   0.0000 (  0.0%)   0.0000 (  0.0%)  Lazy Branch Probability Analysis
   0.0000 (  0.0%)   0.0000 (  0.0%)   0.0000 (  0.0%)   0.0000 (  0.0%)  Optimization Remark Emitter
   0.0000 (  0.0%)   0.0000 (  0.0%)   0.0000 (  0.0%)   0.0000 (  0.0%)  Lazy Value Information Analysis
   0.0000 (  0.0%)   0.0000 (  0.0%)   0.0000 (  0.0%)   0.0000 (  0.0%)  Basic Alias Analysis (stateless AA impl)
   0.0000 (  0.0%)   0.0000 (  0.0%)   0.0000 (  0.0%)   0.0000 (  0.0%)  Optimization Remark Emitter
   0.0000 (  0.0%)   0.0000 (  0.0%)   0.0000 (  0.0%)   0.0000 (  0.0%)  Optimization Remark Emitter
   0.0000 (  0.0%)   0.0000 (  0.0%)   0.0000 (  0.0%)   0.0000 (  0.0%)  Lazy Branch Probability Analysis
   0.0000 (  0.0%)   0.0000 (  0.0%)   0.0000 (  0.0%)   0.0000 (  0.0%)  Scalar Evolution Canonicalization
   0.0000 (  0.0%)   0.0000 (  0.0%)   0.0000 (  0.0%)   0.0000 (  0.0%)  Memory Dependence Analysis
   0.0000 (  0.0%)   0.0000 (  0.0%)   0.0000 (  0.0%)   0.0000 (  0.0%)  Memory Dependence Analysis
   0.0000 (  0.0%)   0.0000 (  0.0%)   0.0000 (  0.0%)   0.0000 (  0.0%)  Lazy Value Information Analysis
   0.0000 (  0.0%)   0.0000 (  0.0%)   0.0000 (  0.0%)   0.0000 (  0.0%)  Memory Dependence Analysis
   0.0000 (  0.0%)   0.0000 (  0.0%)   0.0000 (  0.0%)   0.0000 (  0.0%)  Memory Dependence Analysis
   0.0000 (  0.0%)   0.0000 (  0.0%)   0.0000 (  0.0%)   0.0000 (  0.0%)  Memory Dependence Analysis
   0.0000 (  0.0%)   0.0000 (  0.0%)   0.0000 (  0.0%)   0.0000 (  0.0%)  Dead Global Elimination
   0.0000 (  0.0%)   0.0000 (  0.0%)   0.0000 (  0.0%)   0.0000 (  0.0%)  Eliminate dead stores globally
   0.0000 (  0.0%)   0.0000 (  0.0%)   0.0000 (  0.0%)   0.0000 (  0.0%)  Lazy Block Frequency Analysis
   0.0000 (  0.0%)   0.0000 (  0.0%)   0.0000 (  0.0%)   0.0000 (  0.0%)  Memory Dependence Analysis
   0.0000 (  0.0%)   0.0000 (  0.0%)   0.0000 (  0.0%)   0.0000 (  0.0%)  Infer direct input/output accesses
   0.0000 (  0.0%)   0.0000 (  0.0%)   0.0000 (  0.0%)   0.0000 (  0.0%)  Optimization Remark Emitter
   0.0000 (  0.0%)   0.0000 (  0.0%)   0.0000 (  0.0%)   0.0000 (  0.0%)  Lazy Branch Probability Analysis
   0.0000 (  0.0%)   0.0000 (  0.0%)   0.0000 (  0.0%)   0.0000 (  0.0%)  Memory Dependence Analysis
   0.0000 (  0.0%)   0.0000 (  0.0%)   0.0000 (  0.0%)   0.0000 (  0.0%)  Basic Alias Analysis (stateless AA impl)
   0.0000 (  0.0%)   0.0000 (  0.0%)   0.0000 (  0.0%)   0.0000 (  0.0%)  Lazy Branch Probability Analysis
   0.0000 (  0.0%)   0.0000 (  0.0%)   0.0000 (  0.0%)   0.0000 (  0.0%)  Memory Dependence Analysis
   0.0000 (  0.0%)   0.0000 (  0.0%)   0.0000 (  0.0%)   0.0000 (  0.0%)  Lazy Value Information Analysis
   0.0000 (  0.0%)   0.0000 (  0.0%)   0.0000 (  0.0%)   0.0000 (  0.0%)  Memory Dependence Analysis
   0.0000 (  0.0%)   0.0000 (  0.0%)   0.0000 (  0.0%)   0.0000 (  0.0%)  ScalarEvolution-based Alias Analysis
   0.0000 (  0.0%)   0.0000 (  0.0%)   0.0000 (  0.0%)   0.0000 (  0.0%)  Basic Alias Analysis (stateless AA impl)
   0.0000 (  0.0%)   0.0000 (  0.0%)   0.0000 (  0.0%)   0.0000 (  0.0%)  Lazy Branch Probability Analysis
   0.0000 (  0.0%)   0.0000 (  0.0%)   0.0000 (  0.0%)   0.0000 (  0.0%)  Optimization Remark Emitter
   0.0000 (  0.0%)   0.0000 (  0.0%)   0.0000 (  0.0%)   0.0000 (  0.0%)  Memory Dependence Analysis
   0.0000 (  0.0%)   0.0000 (  0.0%)   0.0000 (  0.0%)   0.0000 (  0.0%)  Memory Dependence Analysis
   0.0000 (  0.0%)   0.0000 (  0.0%)   0.0000 (  0.0%)   0.0000 (  0.0%)  Lazy Branch Probability Analysis
   0.0000 (  0.0%)   0.0000 (  0.0%)   0.0000 (  0.0%)   0.0000 (  0.0%)  Basic Alias Analysis (stateless AA impl)
   0.0000 (  0.0%)   0.0000 (  0.0%)   0.0000 (  0.0%)   0.0000 (  0.0%)  Basic Alias Analysis (stateless AA impl)
   0.0000 (  0.0%)   0.0000 (  0.0%)   0.0000 (  0.0%)   0.0000 (  0.0%)  Memory Dependence Analysis
   0.0000 (  0.0%)   0.0000 (  0.0%)   0.0000 (  0.0%)   0.0000 (  0.0%)  Scalar Evolution Canonicalization
   0.0000 (  0.0%)   0.0000 (  0.0%)   0.0000 (  0.0%)   0.0000 (  0.0%)  Basic Alias Analysis (stateless AA impl)
   0.0000 (  0.0%)   0.0000 (  0.0%)   0.0000 (  0.0%)   0.0000 (  0.0%)  Basic Alias Analysis (stateless AA impl)
   0.0000 (  0.0%)   0.0000 (  0.0%)   0.0000 (  0.0%)   0.0000 (  0.0%)  Scalar Evolution Canonicalization
   0.0000 (  0.0%)   0.0000 (  0.0%)   0.0000 (  0.0%)   0.0000 (  0.0%)  Optimization Remark Emitter
   0.0000 (  0.0%)   0.0000 (  0.0%)   0.0000 (  0.0%)   0.0000 (  0.0%)  LayoutTransform - Layout Transform Pragma Analysis
   0.0000 (  0.0%)   0.0000 (  0.0%)   0.0000 (  0.0%)   0.0000 (  0.0%)  Memory Dependence Analysis
   0.0000 (  0.0%)   0.0000 (  0.0%)   0.0000 (  0.0%)   0.0000 (  0.0%)  Optimization Remark Emitter
   0.0000 (  0.0%)   0.0000 (  0.0%)   0.0000 (  0.0%)   0.0000 (  0.0%)  Memory Dependence Analysis
   0.0000 (  0.0%)   0.0000 (  0.0%)   0.0000 (  0.0%)   0.0000 (  0.0%)  Memory Dependence Analysis
   0.0000 (  0.0%)   0.0000 (  0.0%)   0.0000 (  0.0%)   0.0000 (  0.0%)  Basic Alias Analysis (stateless AA impl)
   0.0000 (  0.0%)   0.0000 (  0.0%)   0.0000 (  0.0%)   0.0000 (  0.0%)  Inline sub function calls recursively
   0.0000 (  0.0%)   0.0000 (  0.0%)   0.0000 (  0.0%)   0.0000 (  0.0%)  Lazy Branch Probability Analysis
   0.0000 (  0.0%)   0.0000 (  0.0%)   0.0000 (  0.0%)   0.0000 (  0.0%)  Memory Dependence Analysis
   0.0000 (  0.0%)   0.0000 (  0.0%)   0.0000 (  0.0%)   0.0000 (  0.0%)  Lazy Branch Probability Analysis
   0.0000 (  0.0%)   0.0000 (  0.0%)   0.0000 (  0.0%)   0.0000 (  0.0%)  Lazy Block Frequency Analysis
   0.0000 (  0.0%)   0.0000 (  0.0%)   0.0000 (  0.0%)   0.0000 (  0.0%)  Lazy Branch Probability Analysis
   0.0000 (  0.0%)   0.0000 (  0.0%)   0.0000 (  0.0%)   0.0000 (  0.0%)  Lazy Branch Probability Analysis
   0.0000 (  0.0%)   0.0000 (  0.0%)   0.0000 (  0.0%)   0.0000 (  0.0%)  Memory Dependence Analysis
   0.0000 (  0.0%)   0.0000 (  0.0%)   0.0000 (  0.0%)   0.0000 (  0.0%)  ScalarEvolution-based Alias Analysis
   0.0000 (  0.0%)   0.0000 (  0.0%)   0.0000 (  0.0%)   0.0000 (  0.0%)  LayoutTransform - Layout Transform Pragma Analysis
   0.0000 (  0.0%)   0.0000 (  0.0%)   0.0000 (  0.0%)   0.0000 (  0.0%)  Lazy Branch Probability Analysis
   0.0000 (  0.0%)   0.0000 (  0.0%)   0.0000 (  0.0%)   0.0000 (  0.0%)  Memory Dependence Analysis
   0.0000 (  0.0%)   0.0000 (  0.0%)   0.0000 (  0.0%)   0.0000 (  0.0%)  Basic Alias Analysis (stateless AA impl)
   0.0000 (  0.0%)   0.0000 (  0.0%)   0.0000 (  0.0%)   0.0000 (  0.0%)  Lazy Block Frequency Analysis
   0.0000 (  0.0%)   0.0000 (  0.0%)   0.0000 (  0.0%)   0.0000 (  0.0%)  Lazy Branch Probability Analysis
   0.0000 (  0.0%)   0.0000 (  0.0%)   0.0000 (  0.0%)   0.0000 (  0.0%)  Lazy Branch Probability Analysis
   0.0000 (  0.0%)   0.0000 (  0.0%)   0.0000 (  0.0%)   0.0000 (  0.0%)  Lazy Block Frequency Analysis
   0.0000 (  0.0%)   0.0000 (  0.0%)   0.0000 (  0.0%)   0.0000 (  0.0%)  Memory Dependence Analysis
   0.0000 (  0.0%)   0.0000 (  0.0%)   0.0000 (  0.0%)   0.0000 (  0.0%)  Lazy Block Frequency Analysis
   0.0000 (  0.0%)   0.0000 (  0.0%)   0.0000 (  0.0%)   0.0000 (  0.0%)  ScalarEvolution-based Alias Analysis
   0.0000 (  0.0%)   0.0000 (  0.0%)   0.0000 (  0.0%)   0.0000 (  0.0%)  ScalarEvolution-based Alias Analysis
   0.0000 (  0.0%)   0.0000 (  0.0%)   0.0000 (  0.0%)   0.0000 (  0.0%)  Lazy Block Frequency Analysis
   0.0000 (  0.0%)   0.0000 (  0.0%)   0.0000 (  0.0%)   0.0000 (  0.0%)  Memory Dependence Analysis
   0.0000 (  0.0%)   0.0000 (  0.0%)   0.0000 (  0.0%)   0.0000 (  0.0%)  Basic Alias Analysis (stateless AA impl)
   0.0000 (  0.0%)   0.0000 (  0.0%)   0.0000 (  0.0%)   0.0000 (  0.0%)  Basic Alias Analysis (stateless AA impl)
   0.0000 (  0.0%)   0.0000 (  0.0%)   0.0000 (  0.0%)   0.0000 (  0.0%)  Lazy Branch Probability Analysis
   0.0000 (  0.0%)   0.0000 (  0.0%)   0.0000 (  0.0%)   0.0000 (  0.0%)  Lazy Branch Probability Analysis
   0.0000 (  0.0%)   0.0000 (  0.0%)   0.0000 (  0.0%)   0.0000 (  0.0%)  Optimization Remark Emitter
   0.0000 (  0.0%)   0.0000 (  0.0%)   0.0000 (  0.0%)   0.0000 (  0.0%)  Memory Dependence Analysis
   0.0000 (  0.0%)   0.0000 (  0.0%)   0.0000 (  0.0%)   0.0000 (  0.0%)  Optimization Remark Emitter
   0.0000 (  0.0%)   0.0000 (  0.0%)   0.0000 (  0.0%)   0.0000 (  0.0%)  Optimization Remark Emitter
   0.0000 (  0.0%)   0.0000 (  0.0%)   0.0000 (  0.0%)   0.0000 (  0.0%)  Memory Dependence Analysis
   0.0000 (  0.0%)   0.0000 (  0.0%)   0.0000 (  0.0%)   0.0000 (  0.0%)  Lazy Block Frequency Analysis
   0.0000 (  0.0%)   0.0000 (  0.0%)   0.0000 (  0.0%)   0.0000 (  0.0%)  Memory Dependence Analysis
   0.0000 (  0.0%)   0.0000 (  0.0%)   0.0000 (  0.0%)   0.0000 (  0.0%)  Optimization Remark Emitter
   0.0000 (  0.0%)   0.0000 (  0.0%)   0.0000 (  0.0%)   0.0000 (  0.0%)  Memory Dependence Analysis
   0.0000 (  0.0%)   0.0000 (  0.0%)   0.0000 (  0.0%)   0.0000 (  0.0%)  Lazy Branch Probability Analysis
   0.0000 (  0.0%)   0.0000 (  0.0%)   0.0000 (  0.0%)   0.0000 (  0.0%)  Optimization Remark Emitter
   0.0000 (  0.0%)   0.0000 (  0.0%)   0.0000 (  0.0%)   0.0000 (  0.0%)  Lazy Block Frequency Analysis
   0.0000 (  0.0%)   0.0000 (  0.0%)   0.0000 (  0.0%)   0.0000 (  0.0%)  Lazy Branch Probability Analysis
   0.0000 (  0.0%)   0.0000 (  0.0%)   0.0000 (  0.0%)   0.0000 (  0.0%)  Optimization Remark Emitter
   0.0000 (  0.0%)   0.0000 (  0.0%)   0.0000 (  0.0%)   0.0000 (  0.0%)  Lazy Branch Probability Analysis
   0.0000 (  0.0%)   0.0000 (  0.0%)   0.0000 (  0.0%)   0.0000 (  0.0%)  Optimization Remark Emitter
   0.0000 (  0.0%)   0.0000 (  0.0%)   0.0000 (  0.0%)   0.0000 (  0.0%)  Lazy Branch Probability Analysis
   0.0000 (  0.0%)   0.0000 (  0.0%)   0.0000 (  0.0%)   0.0000 (  0.0%)  Optimization Remark Emitter
   0.0000 (  0.0%)   0.0000 (  0.0%)   0.0000 (  0.0%)   0.0000 (  0.0%)  Lazy Block Frequency Analysis
   0.0000 (  0.0%)   0.0000 (  0.0%)   0.0000 (  0.0%)   0.0000 (  0.0%)  Memory Dependence Analysis
   0.0000 (  0.0%)   0.0000 (  0.0%)   0.0000 (  0.0%)   0.0000 (  0.0%)  Optimization Remark Emitter
   0.0000 (  0.0%)   0.0000 (  0.0%)   0.0000 (  0.0%)   0.0000 (  0.0%)  Optimization Remark Emitter
   0.0000 (  0.0%)   0.0000 (  0.0%)   0.0000 (  0.0%)   0.0000 (  0.0%)  Lazy Branch Probability Analysis
   0.0000 (  0.0%)   0.0000 (  0.0%)   0.0000 (  0.0%)   0.0000 (  0.0%)  ScalarEvolution-based Alias Analysis
   0.0000 (  0.0%)   0.0000 (  0.0%)   0.0000 (  0.0%)   0.0000 (  0.0%)  Lazy Block Frequency Analysis
   0.0000 (  0.0%)   0.0000 (  0.0%)   0.0000 (  0.0%)   0.0000 (  0.0%)  Optimization Remark Emitter
   0.0000 (  0.0%)   0.0000 (  0.0%)   0.0000 (  0.0%)   0.0000 (  0.0%)  Lazy Block Frequency Analysis
   0.0000 (  0.0%)   0.0000 (  0.0%)   0.0000 (  0.0%)   0.0000 (  0.0%)  Basic Alias Analysis (stateless AA impl)
   0.0000 (  0.0%)   0.0000 (  0.0%)   0.0000 (  0.0%)   0.0000 (  0.0%)  Optimization Remark Emitter
   0.0000 (  0.0%)   0.0000 (  0.0%)   0.0000 (  0.0%)   0.0000 (  0.0%)  ScalarEvolution-based Alias Analysis
   0.0000 (  0.0%)   0.0000 (  0.0%)   0.0000 (  0.0%)   0.0000 (  0.0%)  Lazy Branch Probability Analysis
   0.0000 (  0.0%)   0.0000 (  0.0%)   0.0000 (  0.0%)   0.0000 (  0.0%)  Memory Dependence Analysis
   0.0000 (  0.0%)   0.0000 (  0.0%)   0.0000 (  0.0%)   0.0000 (  0.0%)  Memory Dependence Analysis
   0.0000 (  0.0%)   0.0000 (  0.0%)   0.0000 (  0.0%)   0.0000 (  0.0%)  Lazy Block Frequency Analysis
   0.0000 (  0.0%)   0.0000 (  0.0%)   0.0000 (  0.0%)   0.0000 (  0.0%)  ScalarEvolution-based Alias Analysis
   0.0000 (  0.0%)   0.0000 (  0.0%)   0.0000 (  0.0%)   0.0000 (  0.0%)  Basic Alias Analysis (stateless AA impl)
   0.0000 (  0.0%)   0.0000 (  0.0%)   0.0000 (  0.0%)   0.0000 (  0.0%)  Scalar Evolution Canonicalization
   0.0000 (  0.0%)   0.0000 (  0.0%)   0.0000 (  0.0%)   0.0000 (  0.0%)  Lazy Block Frequency Analysis
   0.0000 (  0.0%)   0.0000 (  0.0%)   0.0000 (  0.0%)   0.0000 (  0.0%)  Lazy Block Frequency Analysis
   0.0000 (  0.0%)   0.0000 (  0.0%)   0.0000 (  0.0%)   0.0000 (  0.0%)  Basic Alias Analysis (stateless AA impl)
   0.0000 (  0.0%)   0.0000 (  0.0%)   0.0000 (  0.0%)   0.0000 (  0.0%)  Function Alias Analysis Results
   0.0000 (  0.0%)   0.0000 (  0.0%)   0.0000 (  0.0%)   0.0000 (  0.0%)  Optimization Remark Emitter
   0.0000 (  0.0%)   0.0000 (  0.0%)   0.0000 (  0.0%)   0.0000 (  0.0%)  Basic Alias Analysis (stateless AA impl)
   0.0000 (  0.0%)   0.0000 (  0.0%)   0.0000 (  0.0%)   0.0000 (  0.0%)  Memory Dependence Analysis
   0.0000 (  0.0%)   0.0000 (  0.0%)   0.0000 (  0.0%)   0.0000 (  0.0%)  Basic Alias Analysis (stateless AA impl)
   0.0000 (  0.0%)   0.0000 (  0.0%)   0.0000 (  0.0%)   0.0000 (  0.0%)  Basic Alias Analysis (stateless AA impl)
   0.0000 (  0.0%)   0.0000 (  0.0%)   0.0000 (  0.0%)   0.0000 (  0.0%)  Lazy Branch Probability Analysis
   0.0000 (  0.0%)   0.0000 (  0.0%)   0.0000 (  0.0%)   0.0000 (  0.0%)  Scalar Evolution Analysis
   0.0000 (  0.0%)   0.0000 (  0.0%)   0.0000 (  0.0%)   0.0000 (  0.0%)  Lazy Branch Probability Analysis
   0.0000 (  0.0%)   0.0000 (  0.0%)   0.0000 (  0.0%)   0.0000 (  0.0%)  Lazy Branch Probability Analysis
   0.0000 (  0.0%)   0.0000 (  0.0%)   0.0000 (  0.0%)   0.0000 (  0.0%)  LCSSA Verifier
   0.0000 (  0.0%)   0.0000 (  0.0%)   0.0000 (  0.0%)   0.0000 (  0.0%)  Optimization Remark Emitter
   0.0000 (  0.0%)   0.0000 (  0.0%)   0.0000 (  0.0%)   0.0000 (  0.0%)  Optimization Remark Emitter
   0.0000 (  0.0%)   0.0000 (  0.0%)   0.0000 (  0.0%)   0.0000 (  0.0%)  Lazy Block Frequency Analysis
   0.0000 (  0.0%)   0.0000 (  0.0%)   0.0000 (  0.0%)   0.0000 (  0.0%)  ScalarEvolution-based Alias Analysis
   0.0000 (  0.0%)   0.0000 (  0.0%)   0.0000 (  0.0%)   0.0000 (  0.0%)  Optimization Remark Emitter
   0.0000 (  0.0%)   0.0000 (  0.0%)   0.0000 (  0.0%)   0.0000 (  0.0%)  Basic Alias Analysis (stateless AA impl)
   0.0000 (  0.0%)   0.0000 (  0.0%)   0.0000 (  0.0%)   0.0000 (  0.0%)  Basic Alias Analysis (stateless AA impl)
   0.0000 (  0.0%)   0.0000 (  0.0%)   0.0000 (  0.0%)   0.0000 (  0.0%)  Memory Dependence Analysis
   0.0000 (  0.0%)   0.0000 (  0.0%)   0.0000 (  0.0%)   0.0000 (  0.0%)  Basic Alias Analysis (stateless AA impl)
   0.0000 (  0.0%)   0.0000 (  0.0%)   0.0000 (  0.0%)   0.0000 (  0.0%)  Optimization Remark Emitter
   0.0000 (  0.0%)   0.0000 (  0.0%)   0.0000 (  0.0%)   0.0000 (  0.0%)  Optimization Remark Emitter
   0.0000 (  0.0%)   0.0000 (  0.0%)   0.0000 (  0.0%)   0.0000 (  0.0%)  Basic Alias Analysis (stateless AA impl)
   0.0000 (  0.0%)   0.0000 (  0.0%)   0.0000 (  0.0%)   0.0000 (  0.0%)  Lazy Block Frequency Analysis
   0.0000 (  0.0%)   0.0000 (  0.0%)   0.0000 (  0.0%)   0.0000 (  0.0%)  Lazy Block Frequency Analysis
   0.0000 (  0.0%)   0.0000 (  0.0%)   0.0000 (  0.0%)   0.0000 (  0.0%)  Infer direct input/output accesses
   0.0000 (  0.0%)   0.0000 (  0.0%)   0.0000 (  0.0%)   0.0000 (  0.0%)  ScalarEvolution-based Alias Analysis
   0.0000 (  0.0%)   0.0000 (  0.0%)   0.0000 (  0.0%)   0.0000 (  0.0%)  Lazy Branch Probability Analysis
   0.0000 (  0.0%)   0.0000 (  0.0%)   0.0000 (  0.0%)   0.0000 (  0.0%)  Lazy Value Information Analysis
   0.0000 (  0.0%)   0.0000 (  0.0%)   0.0000 (  0.0%)   0.0000 (  0.0%)  Optimization Remark Emitter
   0.0000 (  0.0%)   0.0000 (  0.0%)   0.0000 (  0.0%)   0.0000 (  0.0%)  Lazy Branch Probability Analysis
   0.0000 (  0.0%)   0.0000 (  0.0%)   0.0000 (  0.0%)   0.0000 (  0.0%)  Lazy Branch Probability Analysis
   0.0000 (  0.0%)   0.0000 (  0.0%)   0.0000 (  0.0%)   0.0000 (  0.0%)  Lazy Block Frequency Analysis
   0.0000 (  0.0%)   0.0000 (  0.0%)   0.0000 (  0.0%)   0.0000 (  0.0%)  Optimization Remark Emitter
   0.0000 (  0.0%)   0.0000 (  0.0%)   0.0000 (  0.0%)   0.0000 (  0.0%)  Optimization Remark Emitter
   0.0000 (  0.0%)   0.0000 (  0.0%)   0.0000 (  0.0%)   0.0000 (  0.0%)  Basic Alias Analysis (stateless AA impl)
   0.0000 (  0.0%)   0.0000 (  0.0%)   0.0000 (  0.0%)   0.0000 (  0.0%)  Optimization Remark Emitter
   0.0000 (  0.0%)   0.0000 (  0.0%)   0.0000 (  0.0%)   0.0000 (  0.0%)  Optimization Remark Emitter
   0.0000 (  0.0%)   0.0000 (  0.0%)   0.0000 (  0.0%)   0.0000 (  0.0%)  Optimization Remark Emitter
   0.0000 (  0.0%)   0.0000 (  0.0%)   0.0000 (  0.0%)   0.0000 (  0.0%)  Lazy Block Frequency Analysis
   0.0000 (  0.0%)   0.0000 (  0.0%)   0.0000 (  0.0%)   0.0000 (  0.0%)  Lazy Branch Probability Analysis
   0.0000 (  0.0%)   0.0000 (  0.0%)   0.0000 (  0.0%)   0.0000 (  0.0%)  Scalar Evolution Analysis
   0.0000 (  0.0%)   0.0000 (  0.0%)   0.0000 (  0.0%)   0.0000 (  0.0%)  Optimization Remark Emitter
   0.0000 (  0.0%)   0.0000 (  0.0%)   0.0000 (  0.0%)   0.0000 (  0.0%)  Basic Alias Analysis (stateless AA impl)
   0.0000 (  0.0%)   0.0000 (  0.0%)   0.0000 (  0.0%)   0.0000 (  0.0%)  Optimization Remark Emitter
   0.0000 (  0.0%)   0.0000 (  0.0%)   0.0000 (  0.0%)   0.0000 (  0.0%)  Basic Alias Analysis (stateless AA impl)
   0.0000 (  0.0%)   0.0000 (  0.0%)   0.0000 (  0.0%)   0.0000 (  0.0%)  Lazy Value Information Analysis
   0.0000 (  0.0%)   0.0000 (  0.0%)   0.0000 (  0.0%)   0.0000 (  0.0%)  LCSSA Verifier
   0.0000 (  0.0%)   0.0000 (  0.0%)   0.0000 (  0.0%)   0.0000 (  0.0%)  Basic Alias Analysis (stateless AA impl)
   0.0000 (  0.0%)   0.0000 (  0.0%)   0.0000 (  0.0%)   0.0000 (  0.0%)  Lazy Branch Probability Analysis
   0.0000 (  0.0%)   0.0000 (  0.0%)   0.0000 (  0.0%)   0.0000 (  0.0%)  Optimization Remark Emitter
   0.0000 (  0.0%)   0.0000 (  0.0%)   0.0000 (  0.0%)   0.0000 (  0.0%)  Lazy Branch Probability Analysis
   0.0000 (  0.0%)   0.0000 (  0.0%)   0.0000 (  0.0%)   0.0000 (  0.0%)  Basic Alias Analysis (stateless AA impl)
   0.0000 (  0.0%)   0.0000 (  0.0%)   0.0000 (  0.0%)   0.0000 (  0.0%)  Basic Alias Analysis (stateless AA impl)
   0.0000 (  0.0%)   0.0000 (  0.0%)   0.0000 (  0.0%)   0.0000 (  0.0%)  Lazy Block Frequency Analysis
   0.0000 (  0.0%)   0.0000 (  0.0%)   0.0000 (  0.0%)   0.0000 (  0.0%)  Optimization Remark Emitter
   0.0000 (  0.0%)   0.0000 (  0.0%)   0.0000 (  0.0%)   0.0000 (  0.0%)  ScalarEvolution-based Alias Analysis
   0.0000 (  0.0%)   0.0000 (  0.0%)   0.0000 (  0.0%)   0.0000 (  0.0%)  LCSSA Verifier
   0.0000 (  0.0%)   0.0000 (  0.0%)   0.0000 (  0.0%)   0.0000 (  0.0%)  Memory Dependence Analysis
   0.0000 (  0.0%)   0.0000 (  0.0%)   0.0000 (  0.0%)   0.0000 (  0.0%)  Optimization Remark Emitter
   0.0000 (  0.0%)   0.0000 (  0.0%)   0.0000 (  0.0%)   0.0000 (  0.0%)  LCSSA Verifier
   0.0000 (  0.0%)   0.0000 (  0.0%)   0.0000 (  0.0%)   0.0000 (  0.0%)  Lazy Block Frequency Analysis
   0.0000 (  0.0%)   0.0000 (  0.0%)   0.0000 (  0.0%)   0.0000 (  0.0%)  Basic Alias Analysis (stateless AA impl)
   0.0000 (  0.0%)   0.0000 (  0.0%)   0.0000 (  0.0%)   0.0000 (  0.0%)  Lazy Branch Probability Analysis
   0.0000 (  0.0%)   0.0000 (  0.0%)   0.0000 (  0.0%)   0.0000 (  0.0%)  Lazy Block Frequency Analysis
   0.0000 (  0.0%)   0.0000 (  0.0%)   0.0000 (  0.0%)   0.0000 (  0.0%)  Memory Dependence Analysis
   0.0000 (  0.0%)   0.0000 (  0.0%)   0.0000 (  0.0%)   0.0000 (  0.0%)  Memory Dependence Analysis
   0.0000 (  0.0%)   0.0000 (  0.0%)   0.0000 (  0.0%)   0.0000 (  0.0%)  Lazy Branch Probability Analysis
   0.0000 (  0.0%)   0.0000 (  0.0%)   0.0000 (  0.0%)   0.0000 (  0.0%)  Basic Alias Analysis (stateless AA impl)
   0.0000 (  0.0%)   0.0000 (  0.0%)   0.0000 (  0.0%)   0.0000 (  0.0%)  Memory Dependence Analysis
   0.0000 (  0.0%)   0.0000 (  0.0%)   0.0000 (  0.0%)   0.0000 (  0.0%)  Lazy Branch Probability Analysis
   0.0000 (  0.0%)   0.0000 (  0.0%)   0.0000 (  0.0%)   0.0000 (  0.0%)  Basic Alias Analysis (stateless AA impl)
   0.0000 (  0.0%)   0.0000 (  0.0%)   0.0000 (  0.0%)   0.0000 (  0.0%)  Memory Dependence Analysis
   0.0000 (  0.0%)   0.0000 (  0.0%)   0.0000 (  0.0%)   0.0000 (  0.0%)  LCSSA Verifier
   0.0000 (  0.0%)   0.0000 (  0.0%)   0.0000 (  0.0%)   0.0000 (  0.0%)  Basic Alias Analysis (stateless AA impl)
   0.0000 (  0.0%)   0.0000 (  0.0%)   0.0000 (  0.0%)   0.0000 (  0.0%)  Memory Dependence Analysis
   0.0000 (  0.0%)   0.0000 (  0.0%)   0.0000 (  0.0%)   0.0000 (  0.0%)  Lazy Branch Probability Analysis
   0.0000 (  0.0%)   0.0000 (  0.0%)   0.0000 (  0.0%)   0.0000 (  0.0%)  ScalarEvolution-based Alias Analysis
   0.0000 (  0.0%)   0.0000 (  0.0%)   0.0000 (  0.0%)   0.0000 (  0.0%)  Memory Dependence Analysis
   0.0000 (  0.0%)   0.0000 (  0.0%)   0.0000 (  0.0%)   0.0000 (  0.0%)  Lazy Block Frequency Analysis
   0.0000 (  0.0%)   0.0000 (  0.0%)   0.0000 (  0.0%)   0.0000 (  0.0%)  Lazy Branch Probability Analysis
   0.0000 (  0.0%)   0.0000 (  0.0%)   0.0000 (  0.0%)   0.0000 (  0.0%)  Lazy Block Frequency Analysis
   0.0000 (  0.0%)   0.0000 (  0.0%)   0.0000 (  0.0%)   0.0000 (  0.0%)  Memory Dependence Analysis
   0.0000 (  0.0%)   0.0000 (  0.0%)   0.0000 (  0.0%)   0.0000 (  0.0%)  ScalarEvolution-based Alias Analysis
   0.0000 (  0.0%)   0.0000 (  0.0%)   0.0000 (  0.0%)   0.0000 (  0.0%)  Lazy Block Frequency Analysis
   0.0000 (  0.0%)   0.0000 (  0.0%)   0.0000 (  0.0%)   0.0000 (  0.0%)  Basic Alias Analysis (stateless AA impl)
   0.0000 (  0.0%)   0.0000 (  0.0%)   0.0000 (  0.0%)   0.0000 (  0.0%)  Optimization Remark Emitter
   0.0000 (  0.0%)   0.0000 (  0.0%)   0.0000 (  0.0%)   0.0000 (  0.0%)  Basic Alias Analysis (stateless AA impl)
   0.0000 (  0.0%)   0.0000 (  0.0%)   0.0000 (  0.0%)   0.0000 (  0.0%)  Lazy Block Frequency Analysis
   0.0000 (  0.0%)   0.0000 (  0.0%)   0.0000 (  0.0%)   0.0000 (  0.0%)  Optimization Remark Emitter
   0.0000 (  0.0%)   0.0000 (  0.0%)   0.0000 (  0.0%)   0.0000 (  0.0%)  Lazy Block Frequency Analysis
   0.0000 (  0.0%)   0.0000 (  0.0%)   0.0000 (  0.0%)   0.0000 (  0.0%)  Basic Alias Analysis (stateless AA impl)
   0.0000 (  0.0%)   0.0000 (  0.0%)   0.0000 (  0.0%)   0.0000 (  0.0%)  ScalarEvolution-based Alias Analysis
   0.0000 (  0.0%)   0.0000 (  0.0%)   0.0000 (  0.0%)   0.0000 (  0.0%)  Memory Dependence Analysis
   0.0000 (  0.0%)   0.0000 (  0.0%)   0.0000 (  0.0%)   0.0000 (  0.0%)  Basic Alias Analysis (stateless AA impl)
   0.0000 (  0.0%)   0.0000 (  0.0%)   0.0000 (  0.0%)   0.0000 (  0.0%)  Performance Evaluation
   0.0000 (  0.0%)   0.0000 (  0.0%)   0.0000 (  0.0%)   0.0000 (  0.0%)  Memory Dependence Analysis
   0.0000 (  0.0%)   0.0000 (  0.0%)   0.0000 (  0.0%)   0.0000 (  0.0%)  Memory Dependence Analysis
   0.0000 (  0.0%)   0.0000 (  0.0%)   0.0000 (  0.0%)   0.0000 (  0.0%)  Memory Dependence Analysis
   0.0000 (  0.0%)   0.0000 (  0.0%)   0.0000 (  0.0%)   0.0000 (  0.0%)  Memory Dependence Analysis
   0.0000 (  0.0%)   0.0000 (  0.0%)   0.0000 (  0.0%)   0.0000 (  0.0%)  LCSSA Verifier
   0.0000 (  0.0%)   0.0000 (  0.0%)   0.0000 (  0.0%)   0.0000 (  0.0%)  Lazy Block Frequency Analysis
   0.0000 (  0.0%)   0.0000 (  0.0%)   0.0000 (  0.0%)   0.0000 (  0.0%)  Lazy Block Frequency Analysis
   0.0000 (  0.0%)   0.0000 (  0.0%)   0.0000 (  0.0%)   0.0000 (  0.0%)  Lazy Block Frequency Analysis
   0.0000 (  0.0%)   0.0000 (  0.0%)   0.0000 (  0.0%)   0.0000 (  0.0%)  Basic Alias Analysis (stateless AA impl)
   0.0000 (  0.0%)   0.0000 (  0.0%)   0.0000 (  0.0%)   0.0000 (  0.0%)  Optimization Remark Emitter
   0.0000 (  0.0%)   0.0000 (  0.0%)   0.0000 (  0.0%)   0.0000 (  0.0%)  Lazy Branch Probability Analysis
   0.0000 (  0.0%)   0.0000 (  0.0%)   0.0000 (  0.0%)   0.0000 (  0.0%)  Lazy Branch Probability Analysis
   0.0000 (  0.0%)   0.0000 (  0.0%)   0.0000 (  0.0%)   0.0000 (  0.0%)  Basic Alias Analysis (stateless AA impl)
   0.0000 (  0.0%)   0.0000 (  0.0%)   0.0000 (  0.0%)   0.0000 (  0.0%)  Basic Alias Analysis (stateless AA impl)
   0.0000 (  0.0%)   0.0000 (  0.0%)   0.0000 (  0.0%)   0.0000 (  0.0%)  Function Alias Analysis Results
   0.0000 (  0.0%)   0.0000 (  0.0%)   0.0000 (  0.0%)   0.0000 (  0.0%)  LCSSA Verifier
   0.0000 (  0.0%)   0.0000 (  0.0%)   0.0000 (  0.0%)   0.0000 (  0.0%)  Optimization Remark Emitter
   0.0000 (  0.0%)   0.0000 (  0.0%)   0.0000 (  0.0%)   0.0000 (  0.0%)  Lazy Block Frequency Analysis
   0.0000 (  0.0%)   0.0000 (  0.0%)   0.0000 (  0.0%)   0.0000 (  0.0%)  Memory Dependence Analysis
   0.0000 (  0.0%)   0.0000 (  0.0%)   0.0000 (  0.0%)   0.0000 (  0.0%)  Basic Alias Analysis (stateless AA impl)
   0.0000 (  0.0%)   0.0000 (  0.0%)   0.0000 (  0.0%)   0.0000 (  0.0%)  Eliminate dead stores globally
   0.0000 (  0.0%)   0.0000 (  0.0%)   0.0000 (  0.0%)   0.0000 (  0.0%)  Memory Dependence Analysis
   0.0000 (  0.0%)   0.0000 (  0.0%)   0.0000 (  0.0%)   0.0000 (  0.0%)  Basic Alias Analysis (stateless AA impl)
   0.0000 (  0.0%)   0.0000 (  0.0%)   0.0000 (  0.0%)   0.0000 (  0.0%)  Scalar Evolution Canonicalization
   0.0000 (  0.0%)   0.0000 (  0.0%)   0.0000 (  0.0%)   0.0000 (  0.0%)  Lazy Block Frequency Analysis
   0.0000 (  0.0%)   0.0000 (  0.0%)   0.0000 (  0.0%)   0.0000 (  0.0%)  Basic Alias Analysis (stateless AA impl)
   0.0000 (  0.0%)   0.0000 (  0.0%)   0.0000 (  0.0%)   0.0000 (  0.0%)  Interprocedural constant propagation
   0.0000 (  0.0%)   0.0000 (  0.0%)   0.0000 (  0.0%)   0.0000 (  0.0%)  Basic Alias Analysis (stateless AA impl)
   0.0000 (  0.0%)   0.0000 (  0.0%)   0.0000 (  0.0%)   0.0000 (  0.0%)  Memory Dependence Analysis
   0.0000 (  0.0%)   0.0000 (  0.0%)   0.0000 (  0.0%)   0.0000 (  0.0%)  Optimization Remark Emitter
   0.0000 (  0.0%)   0.0000 (  0.0%)   0.0000 (  0.0%)   0.0000 (  0.0%)  Basic Alias Analysis (stateless AA impl)
   0.0000 (  0.0%)   0.0000 (  0.0%)   0.0000 (  0.0%)   0.0000 (  0.0%)  Shrink Synchronization Regions in SPMD program to reduce CFG complexity
   0.0000 (  0.0%)   0.0000 (  0.0%)   0.0000 (  0.0%)   0.0000 (  0.0%)  Basic Alias Analysis (stateless AA impl)
   0.0000 (  0.0%)   0.0000 (  0.0%)   0.0000 (  0.0%)   0.0000 (  0.0%)  ScalarEvolution-based Alias Analysis
   0.0000 (  0.0%)   0.0000 (  0.0%)   0.0000 (  0.0%)   0.0000 (  0.0%)  Optimization Remark Emitter
   0.0000 (  0.0%)   0.0000 (  0.0%)   0.0000 (  0.0%)   0.0000 (  0.0%)  Basic Alias Analysis (stateless AA impl)
   0.0000 (  0.0%)   0.0000 (  0.0%)   0.0000 (  0.0%)   0.0000 (  0.0%)  Infer direct input/output accesses
   0.0000 (  0.0%)   0.0000 (  0.0%)   0.0000 (  0.0%)   0.0000 (  0.0%)  Lazy Branch Probability Analysis
   0.0000 (  0.0%)   0.0000 (  0.0%)   0.0000 (  0.0%)   0.0000 (  0.0%)  ScalarEvolution-based Alias Analysis
   0.0000 (  0.0%)   0.0000 (  0.0%)   0.0000 (  0.0%)   0.0000 (  0.0%)  Basic Alias Analysis (stateless AA impl)
   0.0000 (  0.0%)   0.0000 (  0.0%)   0.0000 (  0.0%)   0.0000 (  0.0%)  Optimization Remark Emitter
   0.0000 (  0.0%)   0.0000 (  0.0%)   0.0000 (  0.0%)   0.0000 (  0.0%)  Lazy Branch Probability Analysis
   0.0000 (  0.0%)   0.0000 (  0.0%)   0.0000 (  0.0%)   0.0000 (  0.0%)  Lazy Branch Probability Analysis
   0.0000 (  0.0%)   0.0000 (  0.0%)   0.0000 (  0.0%)   0.0000 (  0.0%)  Lazy Block Frequency Analysis
   0.0000 (  0.0%)   0.0000 (  0.0%)   0.0000 (  0.0%)   0.0000 (  0.0%)  Optimization Remark Emitter
   0.0000 (  0.0%)   0.0000 (  0.0%)   0.0000 (  0.0%)   0.0000 (  0.0%)  Lazy Block Frequency Analysis
   0.0000 (  0.0%)   0.0000 (  0.0%)   0.0000 (  0.0%)   0.0000 (  0.0%)  Build Synchronization Regions in SPMD program
   0.0000 (  0.0%)   0.0000 (  0.0%)   0.0000 (  0.0%)   0.0000 (  0.0%)  Lazy Branch Probability Analysis
   0.0000 (  0.0%)   0.0000 (  0.0%)   0.0000 (  0.0%)   0.0000 (  0.0%)  Lazy Branch Probability Analysis
   0.0000 (  0.0%)   0.0000 (  0.0%)   0.0000 (  0.0%)   0.0000 (  0.0%)  Lazy Block Frequency Analysis
   0.0000 (  0.0%)   0.0000 (  0.0%)   0.0000 (  0.0%)   0.0000 (  0.0%)  Optimization Remark Emitter
   0.0000 (  0.0%)   0.0000 (  0.0%)   0.0000 (  0.0%)   0.0000 (  0.0%)  Memory Dependence Analysis
   0.0000 (  0.0%)   0.0000 (  0.0%)   0.0000 (  0.0%)   0.0000 (  0.0%)  Optimization Remark Emitter
   0.0000 (  0.0%)   0.0000 (  0.0%)   0.0000 (  0.0%)   0.0000 (  0.0%)  ScalarEvolution-based Alias Analysis
   0.0000 (  0.0%)   0.0000 (  0.0%)   0.0000 (  0.0%)   0.0000 (  0.0%)  Optimization Remark Emitter
   0.0000 (  0.0%)   0.0000 (  0.0%)   0.0000 (  0.0%)   0.0000 (  0.0%)  Optimization Remark Emitter
   0.0000 (  0.0%)   0.0000 (  0.0%)   0.0000 (  0.0%)   0.0000 (  0.0%)  Struct object aggregation
   0.0000 (  0.0%)   0.0000 (  0.0%)   0.0000 (  0.0%)   0.0000 (  0.0%)  Optimization Remark Emitter
   0.0000 (  0.0%)   0.0000 (  0.0%)   0.0000 (  0.0%)   0.0000 (  0.0%)  ScalarEvolution-based Alias Analysis
   0.0000 (  0.0%)   0.0000 (  0.0%)   0.0000 (  0.0%)   0.0000 (  0.0%)  Memory Dependence Analysis
   0.0000 (  0.0%)   0.0000 (  0.0%)   0.0000 (  0.0%)   0.0000 (  0.0%)  Basic Alias Analysis (stateless AA impl)
   0.0000 (  0.0%)   0.0000 (  0.0%)   0.0000 (  0.0%)   0.0000 (  0.0%)  Infer direct input/output accesses
   0.0000 (  0.0%)   0.0000 (  0.0%)   0.0000 (  0.0%)   0.0000 (  0.0%)  Lazy Branch Probability Analysis
   0.0000 (  0.0%)   0.0000 (  0.0%)   0.0000 (  0.0%)   0.0000 (  0.0%)  Lazy Branch Probability Analysis
   0.0000 (  0.0%)   0.0000 (  0.0%)   0.0000 (  0.0%)   0.0000 (  0.0%)  Basic Alias Analysis (stateless AA impl)
   0.0000 (  0.0%)   0.0000 (  0.0%)   0.0000 (  0.0%)   0.0000 (  0.0%)  Optimization Remark Emitter
   0.0000 (  0.0%)   0.0000 (  0.0%)   0.0000 (  0.0%)   0.0000 (  0.0%)  Optimization Remark Emitter
   0.0000 (  0.0%)   0.0000 (  0.0%)   0.0000 (  0.0%)   0.0000 (  0.0%)  Lazy Branch Probability Analysis
   0.0000 (  0.0%)   0.0000 (  0.0%)   0.0000 (  0.0%)   0.0000 (  0.0%)  Basic Alias Analysis (stateless AA impl)
   0.0000 (  0.0%)   0.0000 (  0.0%)   0.0000 (  0.0%)   0.0000 (  0.0%)  Memory Dependence Analysis
   0.0000 (  0.0%)   0.0000 (  0.0%)   0.0000 (  0.0%)   0.0000 (  0.0%)  Optimization Remark Emitter
   0.0000 (  0.0%)   0.0000 (  0.0%)   0.0000 (  0.0%)   0.0000 (  0.0%)  Lazy Branch Probability Analysis
   0.0000 (  0.0%)   0.0000 (  0.0%)   0.0000 (  0.0%)   0.0000 (  0.0%)  Basic Alias Analysis (stateless AA impl)
   0.0000 (  0.0%)   0.0000 (  0.0%)   0.0000 (  0.0%)   0.0000 (  0.0%)  Lazy Branch Probability Analysis
   0.0000 (  0.0%)   0.0000 (  0.0%)   0.0000 (  0.0%)   0.0000 (  0.0%)  Function Alias Analysis Results
   0.0000 (  0.0%)   0.0000 (  0.0%)   0.0000 (  0.0%)   0.0000 (  0.0%)  Optimization Remark Emitter
   0.0000 (  0.0%)   0.0000 (  0.0%)   0.0000 (  0.0%)   0.0000 (  0.0%)  Memory Dependence Analysis
   0.0000 (  0.0%)   0.0000 (  0.0%)   0.0000 (  0.0%)   0.0000 (  0.0%)  Basic Alias Analysis (stateless AA impl)
   0.0000 (  0.0%)   0.0000 (  0.0%)   0.0000 (  0.0%)   0.0000 (  0.0%)  Lazy Branch Probability Analysis
   0.0000 (  0.0%)   0.0000 (  0.0%)   0.0000 (  0.0%)   0.0000 (  0.0%)  Optimization Remark Emitter
   0.0000 (  0.0%)   0.0000 (  0.0%)   0.0000 (  0.0%)   0.0000 (  0.0%)  Memory Dependence Analysis
   0.0000 (  0.0%)   0.0000 (  0.0%)   0.0000 (  0.0%)   0.0000 (  0.0%)  Memory Dependence Analysis
   0.0000 (  0.0%)   0.0000 (  0.0%)   0.0000 (  0.0%)   0.0000 (  0.0%)  Lazy Branch Probability Analysis
   0.0000 (  0.0%)   0.0000 (  0.0%)   0.0000 (  0.0%)   0.0000 (  0.0%)  Predicate SPIR Kernels
   0.0000 (  0.0%)   0.0000 (  0.0%)   0.0000 (  0.0%)   0.0000 (  0.0%)  Lazy Block Frequency Analysis
   0.0000 (  0.0%)   0.0000 (  0.0%)   0.0000 (  0.0%)   0.0000 (  0.0%)  Lazy Branch Probability Analysis
   0.0000 (  0.0%)   0.0000 (  0.0%)   0.0000 (  0.0%)   0.0000 (  0.0%)  Optimization Remark Emitter
   0.0000 (  0.0%)   0.0000 (  0.0%)   0.0000 (  0.0%)   0.0000 (  0.0%)  Optimization Remark Emitter
   0.0000 (  0.0%)   0.0000 (  0.0%)   0.0000 (  0.0%)   0.0000 (  0.0%)  Optimization Remark Emitter
   0.0000 (  0.0%)   0.0000 (  0.0%)   0.0000 (  0.0%)   0.0000 (  0.0%)  ScalarEvolution-based Alias Analysis
   0.0000 (  0.0%)   0.0000 (  0.0%)   0.0000 (  0.0%)   0.0000 (  0.0%)  Optimization Remark Emitter
   0.0000 (  0.0%)   0.0000 (  0.0%)   0.0000 (  0.0%)   0.0000 (  0.0%)  Lazy Block Frequency Analysis
   0.0000 (  0.0%)   0.0000 (  0.0%)   0.0000 (  0.0%)   0.0000 (  0.0%)  Lazy Block Frequency Analysis
   0.0000 (  0.0%)   0.0000 (  0.0%)   0.0000 (  0.0%)   0.0000 (  0.0%)  Basic Alias Analysis (stateless AA impl)
   0.0000 (  0.0%)   0.0000 (  0.0%)   0.0000 (  0.0%)   0.0000 (  0.0%)  ScalarEvolution-based Alias Analysis
   0.0000 (  0.0%)   0.0000 (  0.0%)   0.0000 (  0.0%)   0.0000 (  0.0%)  Basic Alias Analysis (stateless AA impl)
   0.0000 (  0.0%)   0.0000 (  0.0%)   0.0000 (  0.0%)   0.0000 (  0.0%)  Lazy Block Frequency Analysis
   0.0000 (  0.0%)   0.0000 (  0.0%)   0.0000 (  0.0%)   0.0000 (  0.0%)  Lazy Block Frequency Analysis
   0.0000 (  0.0%)   0.0000 (  0.0%)   0.0000 (  0.0%)   0.0000 (  0.0%)  Optimization Remark Emitter
   0.0000 (  0.0%)   0.0000 (  0.0%)   0.0000 (  0.0%)   0.0000 (  0.0%)  ScalarEvolution-based Alias Analysis
   0.0000 (  0.0%)   0.0000 (  0.0%)   0.0000 (  0.0%)   0.0000 (  0.0%)  Lazy Branch Probability Analysis
   0.0000 (  0.0%)   0.0000 (  0.0%)   0.0000 (  0.0%)   0.0000 (  0.0%)  Optimization Remark Emitter
   0.0000 (  0.0%)   0.0000 (  0.0%)   0.0000 (  0.0%)   0.0000 (  0.0%)  Optimization Remark Emitter
   0.0000 (  0.0%)   0.0000 (  0.0%)   0.0000 (  0.0%)   0.0000 (  0.0%)  Optimization Remark Emitter
   0.0000 (  0.0%)   0.0000 (  0.0%)   0.0000 (  0.0%)   0.0000 (  0.0%)  Lazy Block Frequency Analysis
   0.0000 (  0.0%)   0.0000 (  0.0%)   0.0000 (  0.0%)   0.0000 (  0.0%)  Optimization Remark Emitter
   0.0000 (  0.0%)   0.0000 (  0.0%)   0.0000 (  0.0%)   0.0000 (  0.0%)  ScalarEvolution-based Alias Analysis
   0.0000 (  0.0%)   0.0000 (  0.0%)   0.0000 (  0.0%)   0.0000 (  0.0%)  ScalarEvolution-based Alias Analysis
   0.0000 (  0.0%)   0.0000 (  0.0%)   0.0000 (  0.0%)   0.0000 (  0.0%)  Lazy Branch Probability Analysis
   0.0000 (  0.0%)   0.0000 (  0.0%)   0.0000 (  0.0%)   0.0000 (  0.0%)  Lazy Block Frequency Analysis
   0.0000 (  0.0%)   0.0000 (  0.0%)   0.0000 (  0.0%)   0.0000 (  0.0%)  Lazy Block Frequency Analysis
   0.0000 (  0.0%)   0.0000 (  0.0%)   0.0000 (  0.0%)   0.0000 (  0.0%)  ScalarEvolution-based Alias Analysis
   0.0000 (  0.0%)   0.0000 (  0.0%)   0.0000 (  0.0%)   0.0000 (  0.0%)  Lazy Block Frequency Analysis
   0.0000 (  0.0%)   0.0000 (  0.0%)   0.0000 (  0.0%)   0.0000 (  0.0%)  Basic Alias Analysis (stateless AA impl)
   0.0000 (  0.0%)   0.0000 (  0.0%)   0.0000 (  0.0%)   0.0000 (  0.0%)  Optimization Remark Emitter
   0.0000 (  0.0%)   0.0000 (  0.0%)   0.0000 (  0.0%)   0.0000 (  0.0%)  Lazy Block Frequency Analysis
   0.0000 (  0.0%)   0.0000 (  0.0%)   0.0000 (  0.0%)   0.0000 (  0.0%)  Lazy Branch Probability Analysis
   0.0000 (  0.0%)   0.0000 (  0.0%)   0.0000 (  0.0%)   0.0000 (  0.0%)  Optimization Remark Emitter
   0.0000 (  0.0%)   0.0000 (  0.0%)   0.0000 (  0.0%)   0.0000 (  0.0%)  Optimization Remark Emitter
   0.0000 (  0.0%)   0.0000 (  0.0%)   0.0000 (  0.0%)   0.0000 (  0.0%)  Lazy Branch Probability Analysis
   0.0000 (  0.0%)   0.0000 (  0.0%)   0.0000 (  0.0%)   0.0000 (  0.0%)  Expand private memory for each workitem in SPMD program
   0.0000 (  0.0%)   0.0000 (  0.0%)   0.0000 (  0.0%)   0.0000 (  0.0%)  Optimization Remark Emitter
   0.0000 (  0.0%)   0.0000 (  0.0%)   0.0000 (  0.0%)   0.0000 (  0.0%)  ScalarEvolution-based Alias Analysis
   0.0000 (  0.0%)   0.0000 (  0.0%)   0.0000 (  0.0%)   0.0000 (  0.0%)  Lazy Block Frequency Analysis
   0.0000 (  0.0%)   0.0000 (  0.0%)   0.0000 (  0.0%)   0.0000 (  0.0%)  Memory Dependence Analysis
   0.0000 (  0.0%)   0.0000 (  0.0%)   0.0000 (  0.0%)   0.0000 (  0.0%)  Optimization Remark Emitter
   0.0000 (  0.0%)   0.0000 (  0.0%)   0.0000 (  0.0%)   0.0000 (  0.0%)  Lazy Block Frequency Analysis
   0.0000 (  0.0%)   0.0000 (  0.0%)   0.0000 (  0.0%)   0.0000 (  0.0%)  Optimization Remark Emitter
   0.0000 (  0.0%)   0.0000 (  0.0%)   0.0000 (  0.0%)   0.0000 (  0.0%)  SPIRUpdateIntrRange - Update SPIR Intrinsics Metadata
   0.0000 (  0.0%)   0.0000 (  0.0%)   0.0000 (  0.0%)   0.0000 (  0.0%)  LCSSA Verifier
   0.0000 (  0.0%)   0.0000 (  0.0%)   0.0000 (  0.0%)   0.0000 (  0.0%)  Optimization Remark Emitter
   0.0000 (  0.0%)   0.0000 (  0.0%)   0.0000 (  0.0%)   0.0000 (  0.0%)  Optimization Remark Emitter
   0.0000 (  0.0%)   0.0000 (  0.0%)   0.0000 (  0.0%)   0.0000 (  0.0%)  Lazy Block Frequency Analysis
   0.0000 (  0.0%)   0.0000 (  0.0%)   0.0000 (  0.0%)   0.0000 (  0.0%)  ScalarEvolution-based Alias Analysis
   0.0000 (  0.0%)   0.0000 (  0.0%)   0.0000 (  0.0%)   0.0000 (  0.0%)  Lazy Block Frequency Analysis
   0.0000 (  0.0%)   0.0000 (  0.0%)   0.0000 (  0.0%)   0.0000 (  0.0%)  ScalarEvolution-based Alias Analysis
   0.0000 (  0.0%)   0.0000 (  0.0%)   0.0000 (  0.0%)   0.0000 (  0.0%)  Basic Alias Analysis (stateless AA impl)
   0.0000 (  0.0%)   0.0000 (  0.0%)   0.0000 (  0.0%)   0.0000 (  0.0%)  Basic Alias Analysis (stateless AA impl)
   0.0000 (  0.0%)   0.0000 (  0.0%)   0.0000 (  0.0%)   0.0000 (  0.0%)  Basic Alias Analysis (stateless AA impl)
   0.0000 (  0.0%)   0.0000 (  0.0%)   0.0000 (  0.0%)   0.0000 (  0.0%)  Optimization Remark Emitter
   0.0000 (  0.0%)   0.0000 (  0.0%)   0.0000 (  0.0%)   0.0000 (  0.0%)  ScalarEvolution-based Alias Analysis
   0.0000 (  0.0%)   0.0000 (  0.0%)   0.0000 (  0.0%)   0.0000 (  0.0%)  Lazy Block Frequency Analysis
   0.0000 (  0.0%)   0.0000 (  0.0%)   0.0000 (  0.0%)   0.0000 (  0.0%)  Vectorize the SPMD regions
   0.0000 (  0.0%)   0.0000 (  0.0%)   0.0000 (  0.0%)   0.0000 (  0.0%)  Lazy Branch Probability Analysis
   0.0000 (  0.0%)   0.0000 (  0.0%)   0.0000 (  0.0%)   0.0000 (  0.0%)  Scalar Evolution Canonicalization
   0.0000 (  0.0%)   0.0000 (  0.0%)   0.0000 (  0.0%)   0.0000 (  0.0%)  Optimization Remark Emitter
   0.0000 (  0.0%)   0.0000 (  0.0%)   0.0000 (  0.0%)   0.0000 (  0.0%)  Lazy Block Frequency Analysis
   0.0000 (  0.0%)   0.0000 (  0.0%)   0.0000 (  0.0%)   0.0000 (  0.0%)  ScalarEvolution-based Alias Analysis
   0.0000 (  0.0%)   0.0000 (  0.0%)   0.0000 (  0.0%)   0.0000 (  0.0%)  Lazy Block Frequency Analysis
   0.0000 (  0.0%)   0.0000 (  0.0%)   0.0000 (  0.0%)   0.0000 (  0.0%)  Lazy Block Frequency Analysis
   0.0000 (  0.0%)   0.0000 (  0.0%)   0.0000 (  0.0%)   0.0000 (  0.0%)  Optimization Remark Emitter
   0.0000 (  0.0%)   0.0000 (  0.0%)   0.0000 (  0.0%)   0.0000 (  0.0%)  Optimization Remark Emitter
   0.0000 (  0.0%)   0.0000 (  0.0%)   0.0000 (  0.0%)   0.0000 (  0.0%)  Lazy Block Frequency Analysis
   0.0000 (  0.0%)   0.0000 (  0.0%)   0.0000 (  0.0%)   0.0000 (  0.0%)  Lazy Block Frequency Analysis
   0.0000 (  0.0%)   0.0000 (  0.0%)   0.0000 (  0.0%)   0.0000 (  0.0%)  Lazy Branch Probability Analysis
   0.0000 (  0.0%)   0.0000 (  0.0%)   0.0000 (  0.0%)   0.0000 (  0.0%)  Optimization Remark Emitter
   0.0000 (  0.0%)   0.0000 (  0.0%)   0.0000 (  0.0%)   0.0000 (  0.0%)  ScalarEvolution-based Alias Analysis
   0.0000 (  0.0%)   0.0000 (  0.0%)   0.0000 (  0.0%)   0.0000 (  0.0%)  ScalarEvolution-based Alias Analysis
   0.0000 (  0.0%)   0.0000 (  0.0%)   0.0000 (  0.0%)   0.0000 (  0.0%)  ScalarEvolution-based Alias Analysis
   0.0000 (  0.0%)   0.0000 (  0.0%)   0.0000 (  0.0%)   0.0000 (  0.0%)  Optimization Remark Emitter
   0.0000 (  0.0%)   0.0000 (  0.0%)   0.0000 (  0.0%)   0.0000 (  0.0%)  Lazy Block Frequency Analysis
   0.0000 (  0.0%)   0.0000 (  0.0%)   0.0000 (  0.0%)   0.0000 (  0.0%)  Optimization Remark Emitter
   0.0000 (  0.0%)   0.0000 (  0.0%)   0.0000 (  0.0%)   0.0000 (  0.0%)  Lazy Block Frequency Analysis
   0.0000 (  0.0%)   0.0000 (  0.0%)   0.0000 (  0.0%)   0.0000 (  0.0%)  ScalarEvolution-based Alias Analysis
   0.0000 (  0.0%)   0.0000 (  0.0%)   0.0000 (  0.0%)   0.0000 (  0.0%)  Lazy Block Frequency Analysis
   0.0000 (  0.0%)   0.0000 (  0.0%)   0.0000 (  0.0%)   0.0000 (  0.0%)  Lazy Block Frequency Analysis
   0.0000 (  0.0%)   0.0000 (  0.0%)   0.0000 (  0.0%)   0.0000 (  0.0%)  Optimization Remark Emitter
   0.0000 (  0.0%)   0.0000 (  0.0%)   0.0000 (  0.0%)   0.0000 (  0.0%)  Lazy Block Frequency Analysis
   0.0000 (  0.0%)   0.0000 (  0.0%)   0.0000 (  0.0%)   0.0000 (  0.0%)  Optimization Remark Emitter
   0.0000 (  0.0%)   0.0000 (  0.0%)   0.0000 (  0.0%)   0.0000 (  0.0%)  Optimization Remark Emitter
   0.0000 (  0.0%)   0.0000 (  0.0%)   0.0000 (  0.0%)   0.0000 (  0.0%)  Optimization Remark Emitter
   0.0000 (  0.0%)   0.0000 (  0.0%)   0.0000 (  0.0%)   0.0000 (  0.0%)  ScalarEvolution-based Alias Analysis
   0.0000 (  0.0%)   0.0000 (  0.0%)   0.0000 (  0.0%)   0.0000 (  0.0%)  Optimization Remark Emitter
   0.0000 (  0.0%)   0.0000 (  0.0%)   0.0000 (  0.0%)   0.0000 (  0.0%)  Optimization Remark Emitter
   0.0000 (  0.0%)   0.0000 (  0.0%)   0.0000 (  0.0%)   0.0000 (  0.0%)  Optimization Remark Emitter
   0.0000 (  0.0%)   0.0000 (  0.0%)   0.0000 (  0.0%)   0.0000 (  0.0%)  Optimization Remark Emitter
   0.0000 (  0.0%)   0.0000 (  0.0%)   0.0000 (  0.0%)   0.0000 (  0.0%)  LCSSA Verifier
   0.0000 (  0.0%)   0.0000 (  0.0%)   0.0000 (  0.0%)   0.0000 (  0.0%)  Lazy Block Frequency Analysis
   0.0000 (  0.0%)   0.0000 (  0.0%)   0.0000 (  0.0%)   0.0000 (  0.0%)  ScalarEvolution-based Alias Analysis
   0.0000 (  0.0%)   0.0000 (  0.0%)   0.0000 (  0.0%)   0.0000 (  0.0%)  Optimization Remark Emitter
   0.0000 (  0.0%)   0.0000 (  0.0%)   0.0000 (  0.0%)   0.0000 (  0.0%)  SPIRUpdateIntrRange - Update SPIR Intrinsics Metadata
   0.0000 (  0.0%)   0.0000 (  0.0%)   0.0000 (  0.0%)   0.0000 (  0.0%)  LCSSA Verifier
   0.0000 (  0.0%)   0.0000 (  0.0%)   0.0000 (  0.0%)   0.0000 (  0.0%)  Optimization Remark Emitter
   0.0000 (  0.0%)   0.0000 (  0.0%)   0.0000 (  0.0%)   0.0000 (  0.0%)  Lazy Value Information Analysis
   0.0000 (  0.0%)   0.0000 (  0.0%)   0.0000 (  0.0%)   0.0000 (  0.0%)  ScalarEvolution-based Alias Analysis
   0.0000 (  0.0%)   0.0000 (  0.0%)   0.0000 (  0.0%)   0.0000 (  0.0%)  LCSSA Verifier
   0.0000 (  0.0%)   0.0000 (  0.0%)   0.0000 (  0.0%)   0.0000 (  0.0%)  ScalarEvolution-based Alias Analysis
   0.0000 (  0.0%)   0.0000 (  0.0%)   0.0000 (  0.0%)   0.0000 (  0.0%)  LCSSA Verifier
   0.0000 (  0.0%)   0.0000 (  0.0%)   0.0000 (  0.0%)   0.0000 (  0.0%)  Optimization Remark Emitter
   0.0000 (  0.0%)   0.0000 (  0.0%)   0.0000 (  0.0%)   0.0000 (  0.0%)  Optimization Remark Emitter
   0.0000 (  0.0%)   0.0000 (  0.0%)   0.0000 (  0.0%)   0.0000 (  0.0%)  Lazy Branch Probability Analysis
   0.0000 (  0.0%)   0.0000 (  0.0%)   0.0000 (  0.0%)   0.0000 (  0.0%)  LCSSA Verifier
   0.0000 (  0.0%)   0.0000 (  0.0%)   0.0000 (  0.0%)   0.0000 (  0.0%)  Scalar Evolution Canonicalization
   0.0000 (  0.0%)   0.0000 (  0.0%)   0.0000 (  0.0%)   0.0000 (  0.0%)  Lazy Value Information Analysis
   0.0000 (  0.0%)   0.0000 (  0.0%)   0.0000 (  0.0%)   0.0000 (  0.0%)  LCSSA Verifier
   0.0000 (  0.0%)   0.0000 (  0.0%)   0.0000 (  0.0%)   0.0000 (  0.0%)  Basic Alias Analysis (stateless AA impl)
   0.0000 (  0.0%)   0.0000 (  0.0%)   0.0000 (  0.0%)   0.0000 (  0.0%)  LCSSA Verifier
   0.0000 (  0.0%)   0.0000 (  0.0%)   0.0000 (  0.0%)   0.0000 (  0.0%)  Lazy Block Frequency Analysis
   0.0000 (  0.0%)   0.0000 (  0.0%)   0.0000 (  0.0%)   0.0000 (  0.0%)  Lazy Block Frequency Analysis
   0.0000 (  0.0%)   0.0000 (  0.0%)   0.0000 (  0.0%)   0.0000 (  0.0%)  Lazy Branch Probability Analysis
   0.0000 (  0.0%)   0.0000 (  0.0%)   0.0000 (  0.0%)   0.0000 (  0.0%)  Basic Alias Analysis (stateless AA impl)
   0.0000 (  0.0%)   0.0000 (  0.0%)   0.0000 (  0.0%)   0.0000 (  0.0%)  Lazy Branch Probability Analysis
   0.0000 (  0.0%)   0.0000 (  0.0%)   0.0000 (  0.0%)   0.0000 (  0.0%)  LCSSA Verifier
   0.0000 (  0.0%)   0.0000 (  0.0%)   0.0000 (  0.0%)   0.0000 (  0.0%)  LCSSA Verifier
   0.0000 (  0.0%)   0.0000 (  0.0%)   0.0000 (  0.0%)   0.0000 (  0.0%)  Lazy Block Frequency Analysis
   0.0000 (  0.0%)   0.0000 (  0.0%)   0.0000 (  0.0%)   0.0000 (  0.0%)  Lazy Block Frequency Analysis
   0.0000 (  0.0%)   0.0000 (  0.0%)   0.0000 (  0.0%)   0.0000 (  0.0%)  Optimization Remark Emitter
   0.0000 (  0.0%)   0.0000 (  0.0%)   0.0000 (  0.0%)   0.0000 (  0.0%)  Optimization Remark Emitter
   0.0000 (  0.0%)   0.0000 (  0.0%)   0.0000 (  0.0%)   0.0000 (  0.0%)  Basic Alias Analysis (stateless AA impl)
   0.0000 (  0.0%)   0.0000 (  0.0%)   0.0000 (  0.0%)   0.0000 (  0.0%)  LCSSA Verifier
   0.0000 (  0.0%)   0.0000 (  0.0%)   0.0000 (  0.0%)   0.0000 (  0.0%)  LCSSA Verifier
   0.0000 (  0.0%)   0.0000 (  0.0%)   0.0000 (  0.0%)   0.0000 (  0.0%)  LCSSA Verifier
   0.0000 (  0.0%)   0.0000 (  0.0%)   0.0000 (  0.0%)   0.0000 (  0.0%)  Lazy Block Frequency Analysis
   0.0000 (  0.0%)   0.0000 (  0.0%)   0.0000 (  0.0%)   0.0000 (  0.0%)  LCSSA Verifier
   0.0000 (  0.0%)   0.0000 (  0.0%)   0.0000 (  0.0%)   0.0000 (  0.0%)  LCSSA Verifier
   0.0000 (  0.0%)   0.0000 (  0.0%)   0.0000 (  0.0%)   0.0000 (  0.0%)  Lazy Block Frequency Analysis
   0.0000 (  0.0%)   0.0000 (  0.0%)   0.0000 (  0.0%)   0.0000 (  0.0%)  ScalarEvolution-based Alias Analysis
   0.0000 (  0.0%)   0.0000 (  0.0%)   0.0000 (  0.0%)   0.0000 (  0.0%)  LCSSA Verifier
   0.0000 (  0.0%)   0.0000 (  0.0%)   0.0000 (  0.0%)   0.0000 (  0.0%)  Basic Alias Analysis (stateless AA impl)
   0.0000 (  0.0%)   0.0000 (  0.0%)   0.0000 (  0.0%)   0.0000 (  0.0%)  Lazy Block Frequency Analysis
   0.0000 (  0.0%)   0.0000 (  0.0%)   0.0000 (  0.0%)   0.0000 (  0.0%)  LCSSA Verifier
   0.0000 (  0.0%)   0.0000 (  0.0%)   0.0000 (  0.0%)   0.0000 (  0.0%)  Memory Dependence Analysis
   0.0000 (  0.0%)   0.0000 (  0.0%)   0.0000 (  0.0%)   0.0000 (  0.0%)  LCSSA Verifier
   0.0000 (  0.0%)   0.0000 (  0.0%)   0.0000 (  0.0%)   0.0000 (  0.0%)  Lazy Block Frequency Analysis
   0.0000 (  0.0%)   0.0000 (  0.0%)   0.0000 (  0.0%)   0.0000 (  0.0%)  Lazy Block Frequency Analysis
   0.0000 (  0.0%)   0.0000 (  0.0%)   0.0000 (  0.0%)   0.0000 (  0.0%)  Memory Dependence Analysis
   0.0000 (  0.0%)   0.0000 (  0.0%)   0.0000 (  0.0%)   0.0000 (  0.0%)  Basic Alias Analysis (stateless AA impl)
   0.0000 (  0.0%)   0.0000 (  0.0%)   0.0000 (  0.0%)   0.0000 (  0.0%)  Memory Dependence Analysis
   0.0000 (  0.0%)   0.0000 (  0.0%)   0.0000 (  0.0%)   0.0000 (  0.0%)  Lower llvm.assume to _ssdm_AssertFail
   0.0000 (  0.0%)   0.0000 (  0.0%)   0.0000 (  0.0%)   0.0000 (  0.0%)  Basic Alias Analysis (stateless AA impl)
   0.0000 (  0.0%)   0.0000 (  0.0%)   0.0000 (  0.0%)   0.0000 (  0.0%)  Optimization Remark Emitter
   0.0000 (  0.0%)   0.0000 (  0.0%)   0.0000 (  0.0%)   0.0000 (  0.0%)  Infer workgroup size for opencl Kernel
   0.0000 (  0.0%)   0.0000 (  0.0%)   0.0000 (  0.0%)   0.0000 (  0.0%)  Optimization Remark Emitter
   0.0000 (  0.0%)   0.0000 (  0.0%)   0.0000 (  0.0%)   0.0000 (  0.0%)  Basic Alias Analysis (stateless AA impl)
   0.0000 (  0.0%)   0.0000 (  0.0%)   0.0000 (  0.0%)   0.0000 (  0.0%)  normalize array partition result to reduce redundant sub array arguments
   0.0000 (  0.0%)   0.0000 (  0.0%)   0.0000 (  0.0%)   0.0000 (  0.0%)  LayoutTransform - Layout Transform Pragma Analysis
   0.0000 (  0.0%)   0.0000 (  0.0%)   0.0000 (  0.0%)   0.0000 (  0.0%)  Promote Memory to Register
   0.0000 (  0.0%)   0.0000 (  0.0%)   0.0000 (  0.0%)   0.0000 (  0.0%)  Lazy Block Frequency Analysis
   0.0000 (  0.0%)   0.0000 (  0.0%)   0.0000 (  0.0%)   0.0000 (  0.0%)  Optimization Remark Emitter
   0.0000 (  0.0%)   0.0000 (  0.0%)   0.0000 (  0.0%)   0.0000 (  0.0%)  Basic Alias Analysis (stateless AA impl)
   0.0000 (  0.0%)   0.0000 (  0.0%)   0.0000 (  0.0%)   0.0000 (  0.0%)  Basic Alias Analysis (stateless AA impl)
   0.0000 (  0.0%)   0.0000 (  0.0%)   0.0000 (  0.0%)   0.0000 (  0.0%)  Function duplication
   0.0000 (  0.0%)   0.0000 (  0.0%)   0.0000 (  0.0%)   0.0000 (  0.0%)  Lazy Branch Probability Analysis
   0.0000 (  0.0%)   0.0000 (  0.0%)   0.0000 (  0.0%)   0.0000 (  0.0%)  Basic Alias Analysis (stateless AA impl)
   0.0000 (  0.0%)   0.0000 (  0.0%)   0.0000 (  0.0%)   0.0000 (  0.0%)  Basic Alias Analysis (stateless AA impl)
   0.0000 (  0.0%)   0.0000 (  0.0%)   0.0000 (  0.0%)   0.0000 (  0.0%)  Lazy Branch Probability Analysis
   0.0000 (  0.0%)   0.0000 (  0.0%)   0.0000 (  0.0%)   0.0000 (  0.0%)  Memory Dependence Analysis
   0.0000 (  0.0%)   0.0000 (  0.0%)   0.0000 (  0.0%)   0.0000 (  0.0%)  Memory Dependence Analysis
   0.0000 (  0.0%)   0.0000 (  0.0%)   0.0000 (  0.0%)   0.0000 (  0.0%)  Basic Alias Analysis (stateless AA impl)
   0.0000 (  0.0%)   0.0000 (  0.0%)   0.0000 (  0.0%)   0.0000 (  0.0%)  Basic Alias Analysis (stateless AA impl)
   0.0000 (  0.0%)   0.0000 (  0.0%)   0.0000 (  0.0%)   0.0000 (  0.0%)  Lazy Branch Probability Analysis
   0.0000 (  0.0%)   0.0000 (  0.0%)   0.0000 (  0.0%)   0.0000 (  0.0%)  Memory Dependence Analysis
   0.0000 (  0.0%)   0.0000 (  0.0%)   0.0000 (  0.0%)   0.0000 (  0.0%)  Lazy Branch Probability Analysis
   0.0000 (  0.0%)   0.0000 (  0.0%)   0.0000 (  0.0%)   0.0000 (  0.0%)  LCSSA Verifier
   0.0000 (  0.0%)   0.0000 (  0.0%)   0.0000 (  0.0%)   0.0000 (  0.0%)  Memory Dependence Analysis
   0.0000 (  0.0%)   0.0000 (  0.0%)   0.0000 (  0.0%)   0.0000 (  0.0%)  Basic Alias Analysis (stateless AA impl)
   0.0000 (  0.0%)   0.0000 (  0.0%)   0.0000 (  0.0%)   0.0000 (  0.0%)  Scalar Evolution Analysis
   0.0000 (  0.0%)   0.0000 (  0.0%)   0.0000 (  0.0%)   0.0000 (  0.0%)  Achieval II estimation - estimate acheival II lower bound according to constraint
   0.0000 (  0.0%)   0.0000 (  0.0%)   0.0000 (  0.0%)   0.0000 (  0.0%)  Lazy Branch Probability Analysis
   0.0000 (  0.0%)   0.0000 (  0.0%)   0.0000 (  0.0%)   0.0000 (  0.0%)  Lazy Branch Probability Analysis
   0.0000 (  0.0%)   0.0000 (  0.0%)   0.0000 (  0.0%)   0.0000 (  0.0%)  Optimization Remark Emitter
   0.0000 (  0.0%)   0.0000 (  0.0%)   0.0000 (  0.0%)   0.0000 (  0.0%)  Lazy Block Frequency Analysis
   0.0000 (  0.0%)   0.0000 (  0.0%)   0.0000 (  0.0%)   0.0000 (  0.0%)  ScalarEvolution-based Alias Analysis
   0.0000 (  0.0%)   0.0000 (  0.0%)   0.0000 (  0.0%)   0.0000 (  0.0%)  Optimization Remark Emitter
   0.0000 (  0.0%)   0.0000 (  0.0%)   0.0000 (  0.0%)   0.0000 (  0.0%)  Memory Dependence Analysis
   0.0000 (  0.0%)   0.0000 (  0.0%)   0.0000 (  0.0%)   0.0000 (  0.0%)  Optimization Remark Emitter
   0.0000 (  0.0%)   0.0000 (  0.0%)   0.0000 (  0.0%)   0.0000 (  0.0%)  Lazy Branch Probability Analysis
   0.0000 (  0.0%)   0.0000 (  0.0%)   0.0000 (  0.0%)   0.0000 (  0.0%)  Memory Dependence Analysis
   0.0000 (  0.0%)   0.0000 (  0.0%)   0.0000 (  0.0%)   0.0000 (  0.0%)  Optimization Remark Emitter
   0.0000 (  0.0%)   0.0000 (  0.0%)   0.0000 (  0.0%)   0.0000 (  0.0%)  Lazy Block Frequency Analysis
   0.0000 (  0.0%)   0.0000 (  0.0%)   0.0000 (  0.0%)   0.0000 (  0.0%)  Memory Dependence Analysis
   0.0000 (  0.0%)   0.0000 (  0.0%)   0.0000 (  0.0%)   0.0000 (  0.0%)  Optimization Remark Emitter
   0.0000 (  0.0%)   0.0000 (  0.0%)   0.0000 (  0.0%)   0.0000 (  0.0%)  Lazy Branch Probability Analysis
   0.0000 (  0.0%)   0.0000 (  0.0%)   0.0000 (  0.0%)   0.0000 (  0.0%)  Lazy Branch Probability Analysis
   0.0000 (  0.0%)   0.0000 (  0.0%)   0.0000 (  0.0%)   0.0000 (  0.0%)  LCSSA Verifier
   0.0000 (  0.0%)   0.0000 (  0.0%)   0.0000 (  0.0%)   0.0000 (  0.0%)  Optimization Remark Emitter
   0.0000 (  0.0%)   0.0000 (  0.0%)   0.0000 (  0.0%)   0.0000 (  0.0%)  Optimization Remark Emitter
   0.0000 (  0.0%)   0.0000 (  0.0%)   0.0000 (  0.0%)   0.0000 (  0.0%)  Lazy Block Frequency Analysis
   0.0000 (  0.0%)   0.0000 (  0.0%)   0.0000 (  0.0%)   0.0000 (  0.0%)  ScalarEvolution-based Alias Analysis
   0.0000 (  0.0%)   0.0000 (  0.0%)   0.0000 (  0.0%)   0.0000 (  0.0%)  Lazy Block Frequency Analysis
   0.0000 (  0.0%)   0.0000 (  0.0%)   0.0000 (  0.0%)   0.0000 (  0.0%)  Delinearization
   0.0000 (  0.0%)   0.0000 (  0.0%)   0.0000 (  0.0%)   0.0000 (  0.0%)  Optimization Remark Emitter
   0.0000 (  0.0%)   0.0000 (  0.0%)   0.0000 (  0.0%)   0.0000 (  0.0%)  LCSSA Verifier
   0.0000 (  0.0%)   0.0000 (  0.0%)   0.0000 (  0.0%)   0.0000 (  0.0%)  LCSSA Verifier
   0.0000 (  0.0%)   0.0000 (  0.0%)   0.0000 (  0.0%)   0.0000 (  0.0%)  ScalarEvolution-based Alias Analysis
   0.0000 (  0.0%)   0.0000 (  0.0%)   0.0000 (  0.0%)   0.0000 (  0.0%)  Lazy Block Frequency Analysis
   0.0000 (  0.0%)   0.0000 (  0.0%)   0.0000 (  0.0%)   0.0000 (  0.0%)  LCSSA Verifier
   0.0000 (  0.0%)   0.0000 (  0.0%)   0.0000 (  0.0%)   0.0000 (  0.0%)  Lazy Block Frequency Analysis
   0.0000 (  0.0%)   0.0000 (  0.0%)   0.0000 (  0.0%)   0.0000 (  0.0%)  Optimization Remark Emitter
   0.0000 (  0.0%)   0.0000 (  0.0%)   0.0000 (  0.0%)   0.0000 (  0.0%)  LCSSA Verifier
   0.0000 (  0.0%)   0.0000 (  0.0%)   0.0000 (  0.0%)   0.0000 (  0.0%)  Optimization Remark Emitter
   0.0000 (  0.0%)   0.0000 (  0.0%)   0.0000 (  0.0%)   0.0000 (  0.0%)  Lazy Block Frequency Analysis
   0.0000 (  0.0%)   0.0000 (  0.0%)   0.0000 (  0.0%)   0.0000 (  0.0%)  LCSSA Verifier
   0.0000 (  0.0%)   0.0000 (  0.0%)   0.0000 (  0.0%)   0.0000 (  0.0%)  Lazy Block Frequency Analysis
   0.0000 (  0.0%)   0.0000 (  0.0%)   0.0000 (  0.0%)   0.0000 (  0.0%)  Optimization Remark Emitter
   0.0000 (  0.0%)   0.0000 (  0.0%)   0.0000 (  0.0%)   0.0000 (  0.0%)  LCSSA Verifier
   0.0000 (  0.0%)   0.0000 (  0.0%)   0.0000 (  0.0%)   0.0000 (  0.0%)  Optimization Remark Emitter
   0.0000 (  0.0%)   0.0000 (  0.0%)   0.0000 (  0.0%)   0.0000 (  0.0%)  Basic Alias Analysis (stateless AA impl)
   0.0000 (  0.0%)   0.0000 (  0.0%)   0.0000 (  0.0%)   0.0000 (  0.0%)  Interprocedural constant propagation
   0.0000 (  0.0%)   0.0000 (  0.0%)   0.0000 (  0.0%)   0.0000 (  0.0%)  LCSSA Verifier
   0.0000 (  0.0%)   0.0000 (  0.0%)   0.0000 (  0.0%)   0.0000 (  0.0%)  LCSSA Verifier
   0.0000 (  0.0%)   0.0000 (  0.0%)   0.0000 (  0.0%)   0.0000 (  0.0%)  Basic Alias Analysis (stateless AA impl)
   0.0000 (  0.0%)   0.0000 (  0.0%)   0.0000 (  0.0%)   0.0000 (  0.0%)  Lazy Block Frequency Analysis
   0.0000 (  0.0%)   0.0000 (  0.0%)   0.0000 (  0.0%)   0.0000 (  0.0%)  Basic Alias Analysis (stateless AA impl)
   0.0000 (  0.0%)   0.0000 (  0.0%)   0.0000 (  0.0%)   0.0000 (  0.0%)  Function Alias Analysis Results
   0.0000 (  0.0%)   0.0000 (  0.0%)   0.0000 (  0.0%)   0.0000 (  0.0%)  Lazy Branch Probability Analysis
   0.0000 (  0.0%)   0.0000 (  0.0%)   0.0000 (  0.0%)   0.0000 (  0.0%)  Lazy Branch Probability Analysis
   0.0000 (  0.0%)   0.0000 (  0.0%)   0.0000 (  0.0%)   0.0000 (  0.0%)  Optimization Remark Emitter
   0.0000 (  0.0%)   0.0000 (  0.0%)   0.0000 (  0.0%)   0.0000 (  0.0%)  LCSSA Verifier
   0.0000 (  0.0%)   0.0000 (  0.0%)   0.0000 (  0.0%)   0.0000 (  0.0%)  Memory Dependence Analysis
   0.0000 (  0.0%)   0.0000 (  0.0%)   0.0000 (  0.0%)   0.0000 (  0.0%)  Interprocedural constant propagation
   0.0000 (  0.0%)   0.0000 (  0.0%)   0.0000 (  0.0%)   0.0000 (  0.0%)  Lazy Block Frequency Analysis
   0.0000 (  0.0%)   0.0000 (  0.0%)   0.0000 (  0.0%)   0.0000 (  0.0%)  Revert PPPO for array-to-stream
   0.0000 (  0.0%)   0.0000 (  0.0%)   0.0000 (  0.0%)   0.0000 (  0.0%)  Optimization Remark Emitter
   0.0000 (  0.0%)   0.0000 (  0.0%)   0.0000 (  0.0%)   0.0000 (  0.0%)  Optimization Remark Emitter
   0.0000 (  0.0%)   0.0000 (  0.0%)   0.0000 (  0.0%)   0.0000 (  0.0%)  Extract occurrence region
   0.0000 (  0.0%)   0.0000 (  0.0%)   0.0000 (  0.0%)   0.0000 (  0.0%)  Achieval II estimation - estimate acheival II lower bound according to constraint
   0.0000 (  0.0%)   0.0000 (  0.0%)   0.0000 (  0.0%)   0.0000 (  0.0%)  ScalarEvolution-based Alias Analysis
   0.0000 (  0.0%)   0.0000 (  0.0%)   0.0000 (  0.0%)   0.0000 (  0.0%)  Lazy Block Frequency Analysis
   0.0000 (  0.0%)   0.0000 (  0.0%)   0.0000 (  0.0%)   0.0000 (  0.0%)  Assumption Cache Tracker
   0.0000 (  0.0%)   0.0000 (  0.0%)   0.0000 (  0.0%)   0.0000 (  0.0%)  Interface Analysis
   0.0000 (  0.0%)   0.0000 (  0.0%)   0.0000 (  0.0%)   0.0000 (  0.0%)  Optimization Remark Emitter
   0.0000 (  0.0%)   0.0000 (  0.0%)   0.0000 (  0.0%)   0.0000 (  0.0%)  Lazy Branch Probability Analysis
   0.0000 (  0.0%)   0.0000 (  0.0%)   0.0000 (  0.0%)   0.0000 (  0.0%)  Interface Analysis
   0.0000 (  0.0%)   0.0000 (  0.0%)   0.0000 (  0.0%)   0.0000 (  0.0%)  Interface Analysis
   0.0000 (  0.0%)   0.0000 (  0.0%)   0.0000 (  0.0%)   0.0000 (  0.0%)  Optimization Remark Emitter
   0.0000 (  0.0%)   0.0000 (  0.0%)   0.0000 (  0.0%)   0.0000 (  0.0%)  Interface Analysis
   0.0000 (  0.0%)   0.0000 (  0.0%)   0.0000 (  0.0%)   0.0000 (  0.0%)  Interface Analysis
   0.0000 (  0.0%)   0.0000 (  0.0%)   0.0000 (  0.0%)   0.0000 (  0.0%)  Interface Analysis
   0.0000 (  0.0%)   0.0000 (  0.0%)   0.0000 (  0.0%)   0.0000 (  0.0%)  Lower HLS related intrinsics
   0.0000 (  0.0%)   0.0000 (  0.0%)   0.0000 (  0.0%)   0.0000 (  0.0%)  Lower intrinsics for FPGAs
   0.0000 (  0.0%)   0.0000 (  0.0%)   0.0000 (  0.0%)   0.0000 (  0.0%)  Lower intrinsics for FPGAs
   0.0000 (  0.0%)   0.0000 (  0.0%)   0.0000 (  0.0%)   0.0000 (  0.0%)  Interface Analysis
   0.0000 (  0.0%)   0.0000 (  0.0%)   0.0000 (  0.0%)   0.0000 (  0.0%)  Lazy Block Frequency Analysis
   0.0000 (  0.0%)   0.0000 (  0.0%)   0.0000 (  0.0%)   0.0000 (  0.0%)  Interface Analysis
   0.0000 (  0.0%)   0.0000 (  0.0%)   0.0000 (  0.0%)   0.0000 (  0.0%)  Post-Dominator Tree Construction
   0.0000 (  0.0%)   0.0000 (  0.0%)   0.0000 (  0.0%)   0.0000 (  0.0%)  Interface Analysis
   0.0000 (  0.0%)   0.0000 (  0.0%)   0.0000 (  0.0%)   0.0000 (  0.0%)  Revert direct input/output accesses
   0.0000 (  0.0%)   0.0000 (  0.0%)   0.0000 (  0.0%)   0.0000 (  0.0%)  Interface Analysis
   0.0000 (  0.0%)   0.0000 (  0.0%)   0.0000 (  0.0%)   0.0000 (  0.0%)  Lower intrinsics for FPGAs
   0.0000 (  0.0%)   0.0000 (  0.0%)   0.0000 (  0.0%)   0.0000 (  0.0%)  Interface Analysis
   0.0000 (  0.0%)   0.0000 (  0.0%)   0.0000 (  0.0%)   0.0000 (  0.0%)  Interface Analysis
   0.0000 (  0.0%)   0.0000 (  0.0%)   0.0000 (  0.0%)   0.0000 (  0.0%)  Array Access Range Analysis
   0.0000 (  0.0%)   0.0000 (  0.0%)   0.0000 (  0.0%)   0.0000 (  0.0%)  Structure Decomposition
   0.0000 (  0.0%)   0.0000 (  0.0%)   0.0000 (  0.0%)   0.0000 (  0.0%)  Interface Analysis
   0.0000 (  0.0%)   0.0000 (  0.0%)   0.0000 (  0.0%)   0.0000 (  0.0%)  top function attribute attaching
   0.0000 (  0.0%)   0.0000 (  0.0%)   0.0000 (  0.0%)   0.0000 (  0.0%)  Revert PPPO for array-to-stream
   0.0000 (  0.0%)   0.0000 (  0.0%)   0.0000 (  0.0%)   0.0000 (  0.0%)  Interface Analysis
   0.0000 (  0.0%)   0.0000 (  0.0%)   0.0000 (  0.0%)   0.0000 (  0.0%)  Revert PPPO for array-to-stream
   0.0000 (  0.0%)   0.0000 (  0.0%)   0.0000 (  0.0%)   0.0000 (  0.0%)  Interface Analysis
   0.0000 (  0.0%)   0.0000 (  0.0%)   0.0000 (  0.0%)   0.0000 (  0.0%)  Interface Analysis
   0.0000 (  0.0%)   0.0000 (  0.0%)   0.0000 (  0.0%)   0.0000 (  0.0%)  Lower memory intrinsic
   0.0000 (  0.0%)   0.0000 (  0.0%)   0.0000 (  0.0%)   0.0000 (  0.0%)  Revert PPPO for array-to-stream
   0.0000 (  0.0%)   0.0000 (  0.0%)   0.0000 (  0.0%)   0.0000 (  0.0%)  Revert PPPO for array-to-stream
   0.0000 (  0.0%)   0.0000 (  0.0%)   0.0000 (  0.0%)   0.0000 (  0.0%)  Eliminate guard varible
   0.0000 (  0.0%)   0.0000 (  0.0%)   0.0000 (  0.0%)   0.0000 (  0.0%)  Interface Analysis
   0.0000 (  0.0%)   0.0000 (  0.0%)   0.0000 (  0.0%)   0.0000 (  0.0%)  Eliminate guard varible
   0.0000 (  0.0%)   0.0000 (  0.0%)   0.0000 (  0.0%)   0.0000 (  0.0%)  Outline pipeline stages
   0.0000 (  0.0%)   0.0000 (  0.0%)   0.0000 (  0.0%)   0.0000 (  0.0%)  Revert direct input/output accesses
   0.0000 (  0.0%)   0.0000 (  0.0%)   0.0000 (  0.0%)   0.0000 (  0.0%)  Interface Analysis
   0.0000 (  0.0%)   0.0000 (  0.0%)   0.0000 (  0.0%)   0.0000 (  0.0%)  Interface Analysis
   0.0000 (  0.0%)   0.0000 (  0.0%)   0.0000 (  0.0%)   0.0000 (  0.0%)  Interface Analysis
   0.0000 (  0.0%)   0.0000 (  0.0%)   0.0000 (  0.0%)   0.0000 (  0.0%)  Interface Analysis
   0.0000 (  0.0%)   0.0000 (  0.0%)   0.0000 (  0.0%)   0.0000 (  0.0%)  Revert PPPO for array-to-stream
   0.0000 (  0.0%)   0.0000 (  0.0%)   0.0000 (  0.0%)   0.0000 (  0.0%)  Interface Analysis
   0.0000 (  0.0%)   0.0000 (  0.0%)   0.0000 (  0.0%)   0.0000 (  0.0%)  Interface Analysis
   0.0000 (  0.0%)   0.0000 (  0.0%)   0.0000 (  0.0%)   0.0000 (  0.0%)  Interface Analysis
   0.0000 (  0.0%)   0.0000 (  0.0%)   0.0000 (  0.0%)   0.0000 (  0.0%)  Interface Analysis
   0.0000 (  0.0%)   0.0000 (  0.0%)   0.0000 (  0.0%)   0.0000 (  0.0%)  Interface Analysis
   0.0000 (  0.0%)   0.0000 (  0.0%)   0.0000 (  0.0%)   0.0000 (  0.0%)  Revert direct input/output accesses
   0.0000 (  0.0%)   0.0000 (  0.0%)   0.0000 (  0.0%)   0.0000 (  0.0%)  Interface Analysis
   0.0000 (  0.0%)   0.0000 (  0.0%)   0.0000 (  0.0%)   0.0000 (  0.0%)  Interface Analysis
   0.0000 (  0.0%)   0.0000 (  0.0%)   0.0000 (  0.0%)   0.0000 (  0.0%)  Interface Analysis
   0.0000 (  0.0%)   0.0000 (  0.0%)   0.0000 (  0.0%)   0.0000 (  0.0%)  Interface Analysis
   0.0000 (  0.0%)   0.0000 (  0.0%)   0.0000 (  0.0%)   0.0000 (  0.0%)  Interface Analysis
   0.0000 (  0.0%)   0.0000 (  0.0%)   0.0000 (  0.0%)   0.0000 (  0.0%)  Interface Analysis
   0.0000 (  0.0%)   0.0000 (  0.0%)   0.0000 (  0.0%)   0.0000 (  0.0%)  Interface Analysis
   0.0000 (  0.0%)   0.0000 (  0.0%)   0.0000 (  0.0%)   0.0000 (  0.0%)  Interface Analysis
   0.0000 (  0.0%)   0.0000 (  0.0%)   0.0000 (  0.0%)   0.0000 (  0.0%)  Lower intrinsics for FPGAs
   0.0000 (  0.0%)   0.0000 (  0.0%)   0.0000 (  0.0%)   0.0000 (  0.0%)  Interface Analysis
   0.0000 (  0.0%)   0.0000 (  0.0%)   0.0000 (  0.0%)   0.0000 (  0.0%)  Interface Analysis
   0.0000 (  0.0%)   0.0000 (  0.0%)   0.0000 (  0.0%)   0.0000 (  0.0%)  Interface Analysis
   0.0000 (  0.0%)   0.0000 (  0.0%)   0.0000 (  0.0%)   0.0000 (  0.0%)  Interface Analysis
   0.0000 (  0.0%)   0.0000 (  0.0%)   0.0000 (  0.0%)   0.0000 (  0.0%)  A No-Op Barrier Pass
   0.0000 (  0.0%)   0.0000 (  0.0%)   0.0000 (  0.0%)   0.0000 (  0.0%)  Evaluate _ssdm_string2bits
   0.0000 (  0.0%)   0.0000 (  0.0%)   0.0000 (  0.0%)   0.0000 (  0.0%)  Interface Analysis
   0.0000 (  0.0%)   0.0000 (  0.0%)   0.0000 (  0.0%)   0.0000 (  0.0%)  Entirety access check on array-to-stream
   0.0000 (  0.0%)   0.0000 (  0.0%)   0.0000 (  0.0%)   0.0000 (  0.0%)  A No-Op Barrier Pass
   0.0000 (  0.0%)   0.0000 (  0.0%)   0.0000 (  0.0%)   0.0000 (  0.0%)  A No-Op Barrier Pass
   0.0000 (  0.0%)   0.0000 (  0.0%)   0.0000 (  0.0%)   0.0000 (  0.0%)  A No-Op Barrier Pass
   0.0000 (  0.0%)   0.0000 (  0.0%)   0.0000 (  0.0%)   0.0000 (  0.0%)  Interface Analysis
   0.0000 (  0.0%)   0.0000 (  0.0%)   0.0000 (  0.0%)   0.0000 (  0.0%)  Collect basic metrics for FE reflow
   0.0000 (  0.0%)   0.0000 (  0.0%)   0.0000 (  0.0%)   0.0000 (  0.0%)  Target Transform Information
   0.0000 (  0.0%)   0.0000 (  0.0%)   0.0000 (  0.0%)   0.0000 (  0.0%)  Target Library Information
   0.0000 (  0.0%)   0.0000 (  0.0%)   0.0000 (  0.0%)   0.0000 (  0.0%)  Profile summary info
   1.3644 (100.0%)   0.1324 (100.0%)   1.4967 (100.0%)   1.4952 (100.0%)  Total

===-------------------------------------------------------------------------===
                                LLVM IR Parsing
===-------------------------------------------------------------------------===
  Total Execution Time: 0.0064 seconds (0.0064 wall clock)

   ---User Time---   --User+System--   ---Wall Time---  --- Name ---
   0.0064 (100.0%)   0.0064 (100.0%)   0.0064 (100.0%)  Parse IR
   0.0064 (100.0%)   0.0064 (100.0%)   0.0064 (100.0%)  Total

===-------------------------------------------------------------------------===
                          Clang front-end time report
===-------------------------------------------------------------------------===
  Total Execution Time: 1.5413 seconds (1.5414 wall clock)

   ---User Time---   --System Time--   --User+System--   ---Wall Time---  --- Name ---
   1.4062 (100.0%)   0.1351 (100.0%)   1.5413 (100.0%)   1.5414 (100.0%)  Clang front-end timer
   1.4062 (100.0%)   0.1351 (100.0%)   1.5413 (100.0%)   1.5414 (100.0%)  Total

