

================================================================
== Vitis HLS Report for 'MultiPixStream2Bytes_Pipeline_VITIS_LOOP_1333_29'
================================================================
* Date:           Mon Mar 16 15:10:42 2026

* Version:        2025.2 (Build 6295257 on Nov 14 2025)
* Project:        prj
* Solution:       sol (Vivado IP Flow Target)
* Product family: zynq
* Target device:  xc7z020-clg400-2


================================================================
== Performance Estimates
================================================================
+ Timing: 
    * Summary: 
    +--------+---------+----------+------------+
    |  Clock |  Target | Estimated| Uncertainty|
    +--------+---------+----------+------------+
    |ap_clk  |  6.52 ns|  3.958 ns|     1.76 ns|
    +--------+---------+----------+------------+

+ Latency: 
    * Summary: 
    +---------+---------+-----------+-----------+-----+-----+-------------------+
    |  Latency (cycles) |   Latency (absolute)  |  Interval |      Pipeline     |
    |   min   |   max   |    min    |    max    | min | max |        Type       |
    +---------+---------+-----------+-----------+-----+-----+-------------------+
    |        2|     3843|  13.044 ns|  25.064 us|    0|    0|  loop pipeline stp|
    +---------+---------+-----------+-----------+-----+-----+-------------------+

    + Detail: 
        * Instance: 
        N/A

        * Loop: 
        +----------------------+---------+---------+----------+-----------+-----------+---------+----------+
        |                      |  Latency (cycles) | Iteration|  Initiation Interval  |   Trip  |          |
        |       Loop Name      |   min   |   max   |  Latency |  achieved |   target  |  Count  | Pipelined|
        +----------------------+---------+---------+----------+-----------+-----------+---------+----------+
        |- VITIS_LOOP_1333_29  |        0|     3841|        10|          8|          8|  0 ~ 480|       yes|
        +----------------------+---------+---------+----------+-----------+-----------+---------+----------+

============================================================
+ Verbose Summary: Synthesis Manager
============================================================
InlineROM: 1
ExposeGlobal: 0
============================================================
+ Verbose Summary: CDFG Model
============================================================
IsTopModel: 0
ResetActiveHigh: 1
IsCombinational: 0
IsDatapathOnly: 0
HasWiredReturn: 1
HasMFsm: 2
HasVarLatency: 1
IsPipeline: 0
IsRtlPipelined: 0
IsInstanceOverlapped: 0
IsDontTouch: 0
HasImplIP: 0
IsGatedGlobalClock: 0

+ Individual pipeline summary: 
  * Pipeline-0: initiation interval (II) = 8, depth = 10


============================================================
+ Verbose Summary: Schedule
============================================================
* Number of FSM states : 10
* Pipeline : 1
  Pipeline-0 : II = 8, D = 10, States = { 1 2 3 4 5 6 7 8 9 10 }
* Dataflow Pipeline: 0

* FSM state transitions: 
1 --> 2 
2 --> 3 
3 --> 4 
4 --> 5 
5 --> 6 
6 --> 7 
7 --> 8 
8 --> 9 
9 --> 10 
10 --> 

* FSM state operations: 

State 1 <SV = 0> <Delay = 3.95>
ST_1 : Operation 13 [1/1] (0.00ns)   --->   "%x_9 = alloca i32 1" [prj/sol/.autopilot/db/v_frmbuf_wr.cpp:1333]   --->   Operation 13 'alloca' 'x_9' <Predicate = true> <Delay = 0.00>
ST_1 : Operation 14 [1/1] (0.00ns)   --->   "%icmp44_read = read i1 @_ssdm_op_Read.ap_auto.i1, i1 %icmp44"   --->   Operation 14 'read' 'icmp44_read' <Predicate = true> <Delay = 0.00>
ST_1 : Operation 15 [1/1] (0.00ns)   --->   "%add_ln1338_read = read i10 @_ssdm_op_Read.ap_auto.i10, i10 %add_ln1338"   --->   Operation 15 'read' 'add_ln1338_read' <Predicate = true> <Delay = 0.00>
ST_1 : Operation 16 [1/1] (0.00ns)   --->   "%icmp_ln1338_1_read = read i1 @_ssdm_op_Read.ap_auto.i1, i1 %icmp_ln1338_1"   --->   Operation 16 'read' 'icmp_ln1338_1_read' <Predicate = true> <Delay = 0.00>
ST_1 : Operation 17 [1/1] (0.00ns)   --->   "%icmp47_read = read i1 @_ssdm_op_Read.ap_auto.i1, i1 %icmp47"   --->   Operation 17 'read' 'icmp47_read' <Predicate = true> <Delay = 0.00>
ST_1 : Operation 18 [1/1] (0.00ns)   --->   "%icmp_ln1338_3_read = read i1 @_ssdm_op_Read.ap_auto.i1, i1 %icmp_ln1338_3"   --->   Operation 18 'read' 'icmp_ln1338_3_read' <Predicate = true> <Delay = 0.00>
ST_1 : Operation 19 [1/1] (0.00ns)   --->   "%icmp_ln1338_4_read = read i1 @_ssdm_op_Read.ap_auto.i1, i1 %icmp_ln1338_4"   --->   Operation 19 'read' 'icmp_ln1338_4_read' <Predicate = true> <Delay = 0.00>
ST_1 : Operation 20 [1/1] (0.00ns)   --->   "%icmp_ln1338_5_read = read i1 @_ssdm_op_Read.ap_auto.i1, i1 %icmp_ln1338_5"   --->   Operation 20 'read' 'icmp_ln1338_5_read' <Predicate = true> <Delay = 0.00>
ST_1 : Operation 21 [1/1] (0.00ns)   --->   "%icmp_ln1319_read = read i1 @_ssdm_op_Read.ap_auto.i1, i1 %icmp_ln1319"   --->   Operation 21 'read' 'icmp_ln1319_read' <Predicate = true> <Delay = 0.00>
ST_1 : Operation 22 [1/1] (0.00ns)   --->   "%tmp = read i1 @_ssdm_op_Read.ap_auto.i1, i1 %empty"   --->   Operation 22 'read' 'tmp' <Predicate = true> <Delay = 0.00>
ST_1 : Operation 23 [1/1] (0.00ns)   --->   "%icmp_ln1353_1_read = read i1 @_ssdm_op_Read.ap_auto.i1, i1 %icmp_ln1353_1"   --->   Operation 23 'read' 'icmp_ln1353_1_read' <Predicate = true> <Delay = 0.00>
ST_1 : Operation 24 [1/1] (0.00ns)   --->   "%trunc_ln6_read = read i9 @_ssdm_op_Read.ap_auto.i9, i9 %trunc_ln6"   --->   Operation 24 'read' 'trunc_ln6_read' <Predicate = true> <Delay = 0.00>
ST_1 : Operation 25 [1/1] (0.00ns)   --->   "%specmemcore_ln0 = specmemcore void @_ssdm_op_SpecMemCore, i64 %bytePlanes_plane0, i64 666, i64 8, i64 18446744073709551615, i1 0"   --->   Operation 25 'specmemcore' 'specmemcore_ln0' <Predicate = true> <Delay = 0.00>
ST_1 : Operation 26 [1/1] (0.00ns)   --->   "%specinterface_ln0 = specinterface void @_ssdm_op_SpecInterface, i24 %img, void @empty_20, i32 0, i32 0, void @empty_53, i32 0, i32 0, void @empty_53, void @empty_53, void @empty_53, i32 0, i32 0, i32 0, i32 0, void @empty_53, void @empty_53, i32 4294967295, i32 0, i32 0, i32 0"   --->   Operation 26 'specinterface' 'specinterface_ln0' <Predicate = true> <Delay = 0.00>
ST_1 : Operation 27 [1/1] (0.00ns)   --->   "%specinterface_ln0 = specinterface void @_ssdm_op_SpecInterface, i64 %bytePlanes_plane0, void @empty_20, i32 0, i32 0, void @empty_53, i32 0, i32 0, void @empty_53, void @empty_53, void @empty_53, i32 0, i32 0, i32 0, i32 0, void @empty_53, void @empty_53, i32 4294967295, i32 0, i32 0, i32 0"   --->   Operation 27 'specinterface' 'specinterface_ln0' <Predicate = true> <Delay = 0.00>
ST_1 : Operation 28 [1/1] (1.29ns)   --->   "%store_ln1333 = store i9 0, i9 %x_9" [prj/sol/.autopilot/db/v_frmbuf_wr.cpp:1333]   --->   Operation 28 'store' 'store_ln1333' <Predicate = true> <Delay = 1.29>
ST_1 : Operation 29 [1/1] (0.00ns)   --->   "%br_ln1333 = br void %VITIS_LOOP_1336_30" [prj/sol/.autopilot/db/v_frmbuf_wr.cpp:1333]   --->   Operation 29 'br' 'br_ln1333' <Predicate = true> <Delay = 0.00>
ST_1 : Operation 30 [1/1] (0.00ns)   --->   "%x = load i9 %x_9" [prj/sol/.autopilot/db/v_frmbuf_wr.cpp:1333]   --->   Operation 30 'load' 'x' <Predicate = true> <Delay = 0.00>
ST_1 : Operation 31 [1/1] (0.00ns)   --->   "%zext_ln1333 = zext i9 %x" [prj/sol/.autopilot/db/v_frmbuf_wr.cpp:1333]   --->   Operation 31 'zext' 'zext_ln1333' <Predicate = true> <Delay = 0.00>
ST_1 : Operation 32 [1/1] (1.36ns)   --->   "%icmp_ln1333 = icmp_ult  i9 %x, i9 %trunc_ln6_read" [prj/sol/.autopilot/db/v_frmbuf_wr.cpp:1333]   --->   Operation 32 'icmp' 'icmp_ln1333' <Predicate = true> <Delay = 1.36> <CoreInst = "Cmp">   --->   Core 9 'Cmp' <Latency = 0> <II = 1> <Delay = 1.36> <FuncUnit> <Opcode : 'seteq' 'setne' 'setle' 'setge' 'setlt' 'setgt'> <InPorts = 2> <OutPorts = 1>
ST_1 : Operation 33 [1/1] (0.00ns)   --->   "%speclooptripcount_ln0 = speclooptripcount void @_ssdm_op_SpecLoopTripCount, i64 0, i64 480, i64 0"   --->   Operation 33 'speclooptripcount' 'speclooptripcount_ln0' <Predicate = true> <Delay = 0.00>
ST_1 : Operation 34 [1/1] (1.36ns)   --->   "%x_12 = add i9 %x, i9 1" [prj/sol/.autopilot/db/v_frmbuf_wr.cpp:1333]   --->   Operation 34 'add' 'x_12' <Predicate = true> <Delay = 1.36> <CoreInst = "Adder">   --->   Core 1 'Adder' <Latency = 0> <II = 1> <Delay = 1.36> <FuncUnit> <Opcode : 'add' 'sub'> <InPorts = 2> <OutPorts = 1>
ST_1 : Operation 35 [1/1] (0.00ns)   --->   "%br_ln1333 = br i1 %icmp_ln1333, void %for.inc1003.exitStub, void %VITIS_LOOP_1336_30.split" [prj/sol/.autopilot/db/v_frmbuf_wr.cpp:1333]   --->   Operation 35 'br' 'br_ln1333' <Predicate = true> <Delay = 0.00>
ST_1 : Operation 36 [1/1] (1.41ns)   --->   "%icmp_ln1338 = icmp_slt  i10 %zext_ln1333, i10 %add_ln1338_read" [prj/sol/.autopilot/db/v_frmbuf_wr.cpp:1338]   --->   Operation 36 'icmp' 'icmp_ln1338' <Predicate = (icmp_ln1333)> <Delay = 1.41> <CoreInst = "Cmp">   --->   Core 9 'Cmp' <Latency = 0> <II = 1> <Delay = 1.41> <FuncUnit> <Opcode : 'seteq' 'setne' 'setle' 'setge' 'setlt' 'setgt'> <InPorts = 2> <OutPorts = 1>
ST_1 : Operation 37 [1/1] (0.80ns)   --->   "%or_ln1353 = or i1 %icmp_ln1338, i1 %tmp" [prj/sol/.autopilot/db/v_frmbuf_wr.cpp:1353]   --->   Operation 37 'or' 'or_ln1353' <Predicate = (icmp_ln1333)> <Delay = 0.80> <CoreInst = "LogicGate">   --->   Core 74 'LogicGate' <Latency = 0> <II = 1> <Delay = 0.80> <FuncUnit> <Opcode : 'and' 'or' 'xor'> <InPorts = 2> <OutPorts = 1>
ST_1 : Operation 38 [1/1] (0.00ns)   --->   "%br_ln1353 = br i1 %or_ln1353, void %for.inc997.1, void %if.then988.1" [prj/sol/.autopilot/db/v_frmbuf_wr.cpp:1353]   --->   Operation 38 'br' 'br_ln1353' <Predicate = (icmp_ln1333)> <Delay = 0.00>
ST_1 : Operation 39 [1/1] (0.80ns)   --->   "%or_ln1353_1 = or i1 %icmp_ln1338, i1 %icmp_ln1353_1_read" [prj/sol/.autopilot/db/v_frmbuf_wr.cpp:1353]   --->   Operation 39 'or' 'or_ln1353_1' <Predicate = (icmp_ln1333)> <Delay = 0.80> <CoreInst = "LogicGate">   --->   Core 74 'LogicGate' <Latency = 0> <II = 1> <Delay = 0.80> <FuncUnit> <Opcode : 'and' 'or' 'xor'> <InPorts = 2> <OutPorts = 1>
ST_1 : Operation 40 [1/1] (0.00ns)   --->   "%br_ln1353 = br i1 %or_ln1353_1, void %for.inc997.2, void %if.then988.2" [prj/sol/.autopilot/db/v_frmbuf_wr.cpp:1353]   --->   Operation 40 'br' 'br_ln1353' <Predicate = (icmp_ln1333)> <Delay = 0.00>
ST_1 : Operation 41 [1/1] (1.29ns)   --->   "%store_ln1333 = store i9 %x_12, i9 %x_9" [prj/sol/.autopilot/db/v_frmbuf_wr.cpp:1333]   --->   Operation 41 'store' 'store_ln1333' <Predicate = (icmp_ln1333)> <Delay = 1.29>
ST_1 : Operation 42 [1/1] (0.00ns)   --->   "%br_ln1333 = br void %VITIS_LOOP_1336_30" [prj/sol/.autopilot/db/v_frmbuf_wr.cpp:1333]   --->   Operation 42 'br' 'br_ln1333' <Predicate = (icmp_ln1333)> <Delay = 0.00>

State 2 <SV = 1> <Delay = 2.38>
ST_2 : Operation 43 [1/1] (0.00ns)   --->   "%specpipeline_ln1335 = specpipeline void @_ssdm_op_SpecPipeline, i32 8, i32 0, i32 0, i32 0, i32 4294967295, void @empty_53" [prj/sol/.autopilot/db/v_frmbuf_wr.cpp:1335]   --->   Operation 43 'specpipeline' 'specpipeline_ln1335' <Predicate = (icmp_ln1333)> <Delay = 0.00>
ST_2 : Operation 44 [1/1] (0.00ns)   --->   "%specloopname_ln1333 = specloopname void @_ssdm_op_SpecLoopName, void @empty_51" [prj/sol/.autopilot/db/v_frmbuf_wr.cpp:1333]   --->   Operation 44 'specloopname' 'specloopname_ln1333' <Predicate = (icmp_ln1333)> <Delay = 0.00>
ST_2 : Operation 45 [1/1] ( I:2.38ns O:2.38ns )   --->   "%img_read = read i24 @_ssdm_op_Read.ap_fifo.volatile.i24P0A, i24 %img" [prj/sol/.autopilot/db/v_frmbuf_wr.cpp:1339]   --->   Operation 45 'read' 'img_read' <Predicate = (icmp_ln1333)> <Delay = 2.38> <CoreInst = "FIFO_SRL">   --->   Core 80 'FIFO_SRL' <Latency = 0> <II = 1> <Delay = 3.40> <Storage> <Opcode : 'read' 'write' 'nbread' 'nbwrite'> <Ports = 0> <Width = 24> <Depth = 2> <FIFO>
ST_2 : Operation 46 [1/1] (0.00ns)   --->   "%pix = trunc i24 %img_read" [prj/sol/.autopilot/db/v_frmbuf_wr.cpp:1339]   --->   Operation 46 'trunc' 'pix' <Predicate = (icmp_ln1333)> <Delay = 0.00>
ST_2 : Operation 47 [1/1] (0.00ns)   --->   "%pix_108 = partselect i8 @_ssdm_op_PartSelect.i8.i24.i32.i32, i24 %img_read, i32 8, i32 15" [prj/sol/.autopilot/db/v_frmbuf_wr.cpp:1339]   --->   Operation 47 'partselect' 'pix_108' <Predicate = (icmp_ln1333)> <Delay = 0.00>
ST_2 : Operation 48 [1/1] (0.00ns)   --->   "%pix_11 = partselect i8 @_ssdm_op_PartSelect.i8.i24.i32.i32, i24 %img_read, i32 16, i32 23" [prj/sol/.autopilot/db/v_frmbuf_wr.cpp:1339]   --->   Operation 48 'partselect' 'pix_11' <Predicate = (icmp_ln1333)> <Delay = 0.00>
ST_2 : Operation 49 [1/1] (0.80ns)   --->   "%or_ln1338 = or i1 %icmp_ln1338, i1 %icmp44_read" [prj/sol/.autopilot/db/v_frmbuf_wr.cpp:1338]   --->   Operation 49 'or' 'or_ln1338' <Predicate = (icmp_ln1333)> <Delay = 0.80> <CoreInst = "LogicGate">   --->   Core 74 'LogicGate' <Latency = 0> <II = 1> <Delay = 0.80> <FuncUnit> <Opcode : 'and' 'or' 'xor'> <InPorts = 2> <OutPorts = 1>
ST_2 : Operation 50 [1/1] (1.29ns)   --->   "%br_ln1338 = br i1 %or_ln1338, void %for.inc964.1, void %if.then935.1" [prj/sol/.autopilot/db/v_frmbuf_wr.cpp:1338]   --->   Operation 50 'br' 'br_ln1338' <Predicate = (icmp_ln1333)> <Delay = 1.29>
ST_2 : Operation 127 [1/1] (1.29ns)   --->   "%ret_ln0 = ret"   --->   Operation 127 'ret' 'ret_ln0' <Predicate = (!icmp_ln1333)> <Delay = 1.29>

State 3 <SV = 2> <Delay = 2.38>
ST_3 : Operation 51 [1/1] ( I:2.38ns O:2.38ns )   --->   "%img_read_36 = read i24 @_ssdm_op_Read.ap_fifo.volatile.i24P0A, i24 %img" [prj/sol/.autopilot/db/v_frmbuf_wr.cpp:1339]   --->   Operation 51 'read' 'img_read_36' <Predicate = (icmp_ln1333 & or_ln1338)> <Delay = 2.38> <CoreInst = "FIFO_SRL">   --->   Core 80 'FIFO_SRL' <Latency = 0> <II = 1> <Delay = 3.40> <Storage> <Opcode : 'read' 'write' 'nbread' 'nbwrite'> <Ports = 0> <Width = 24> <Depth = 2> <FIFO>
ST_3 : Operation 52 [1/1] (0.00ns)   --->   "%pix_109 = trunc i24 %img_read_36" [prj/sol/.autopilot/db/v_frmbuf_wr.cpp:1339]   --->   Operation 52 'trunc' 'pix_109' <Predicate = (icmp_ln1333 & or_ln1338)> <Delay = 0.00>
ST_3 : Operation 53 [1/1] (0.00ns)   --->   "%pix_110 = partselect i8 @_ssdm_op_PartSelect.i8.i24.i32.i32, i24 %img_read_36, i32 8, i32 15" [prj/sol/.autopilot/db/v_frmbuf_wr.cpp:1339]   --->   Operation 53 'partselect' 'pix_110' <Predicate = (icmp_ln1333 & or_ln1338)> <Delay = 0.00>
ST_3 : Operation 54 [1/1] (0.00ns)   --->   "%pix_12 = partselect i8 @_ssdm_op_PartSelect.i8.i24.i32.i32, i24 %img_read_36, i32 16, i32 23" [prj/sol/.autopilot/db/v_frmbuf_wr.cpp:1339]   --->   Operation 54 'partselect' 'pix_12' <Predicate = (icmp_ln1333 & or_ln1338)> <Delay = 0.00>
ST_3 : Operation 55 [1/1] (1.29ns)   --->   "%br_ln1339 = br void %for.inc964.1" [prj/sol/.autopilot/db/v_frmbuf_wr.cpp:1339]   --->   Operation 55 'br' 'br_ln1339' <Predicate = (icmp_ln1333 & or_ln1338)> <Delay = 1.29>
ST_3 : Operation 56 [1/1] (0.80ns)   --->   "%or_ln1338_1 = or i1 %icmp_ln1338, i1 %icmp_ln1338_1_read" [prj/sol/.autopilot/db/v_frmbuf_wr.cpp:1338]   --->   Operation 56 'or' 'or_ln1338_1' <Predicate = (icmp_ln1333)> <Delay = 0.80> <CoreInst = "LogicGate">   --->   Core 74 'LogicGate' <Latency = 0> <II = 1> <Delay = 0.80> <FuncUnit> <Opcode : 'and' 'or' 'xor'> <InPorts = 2> <OutPorts = 1>

State 4 <SV = 3> <Delay = 2.38>
ST_4 : Operation 57 [1/1] (0.00ns)   --->   "%pix_57 = phi i8 %pix_12, void %if.then935.1, i8 %pix_11, void %VITIS_LOOP_1336_30.split"   --->   Operation 57 'phi' 'pix_57' <Predicate = (icmp_ln1333)> <Delay = 0.00>
ST_4 : Operation 58 [1/1] (0.00ns)   --->   "%pix_54 = phi i8 %pix_110, void %if.then935.1, i8 %pix_108, void %VITIS_LOOP_1336_30.split"   --->   Operation 58 'phi' 'pix_54' <Predicate = (icmp_ln1333)> <Delay = 0.00>
ST_4 : Operation 59 [1/1] (0.00ns)   --->   "%pix_53 = phi i8 %pix_109, void %if.then935.1, i8 %pix, void %VITIS_LOOP_1336_30.split"   --->   Operation 59 'phi' 'pix_53' <Predicate = (icmp_ln1333)> <Delay = 0.00>
ST_4 : Operation 60 [1/1] (1.29ns)   --->   "%br_ln1338 = br i1 %or_ln1338_1, void %for.inc964.2, void %if.then935.2" [prj/sol/.autopilot/db/v_frmbuf_wr.cpp:1338]   --->   Operation 60 'br' 'br_ln1338' <Predicate = (icmp_ln1333)> <Delay = 1.29>
ST_4 : Operation 61 [1/1] ( I:2.38ns O:2.38ns )   --->   "%img_read_37 = read i24 @_ssdm_op_Read.ap_fifo.volatile.i24P0A, i24 %img" [prj/sol/.autopilot/db/v_frmbuf_wr.cpp:1339]   --->   Operation 61 'read' 'img_read_37' <Predicate = (icmp_ln1333 & or_ln1338_1)> <Delay = 2.38> <CoreInst = "FIFO_SRL">   --->   Core 80 'FIFO_SRL' <Latency = 0> <II = 1> <Delay = 3.40> <Storage> <Opcode : 'read' 'write' 'nbread' 'nbwrite'> <Ports = 0> <Width = 24> <Depth = 2> <FIFO>
ST_4 : Operation 62 [1/1] (0.00ns)   --->   "%pix_111 = trunc i24 %img_read_37" [prj/sol/.autopilot/db/v_frmbuf_wr.cpp:1339]   --->   Operation 62 'trunc' 'pix_111' <Predicate = (icmp_ln1333 & or_ln1338_1)> <Delay = 0.00>
ST_4 : Operation 63 [1/1] (0.00ns)   --->   "%pix_112 = partselect i8 @_ssdm_op_PartSelect.i8.i24.i32.i32, i24 %img_read_37, i32 8, i32 15" [prj/sol/.autopilot/db/v_frmbuf_wr.cpp:1339]   --->   Operation 63 'partselect' 'pix_112' <Predicate = (icmp_ln1333 & or_ln1338_1)> <Delay = 0.00>
ST_4 : Operation 64 [1/1] (0.00ns)   --->   "%pix_13 = partselect i8 @_ssdm_op_PartSelect.i8.i24.i32.i32, i24 %img_read_37, i32 16, i32 23" [prj/sol/.autopilot/db/v_frmbuf_wr.cpp:1339]   --->   Operation 64 'partselect' 'pix_13' <Predicate = (icmp_ln1333 & or_ln1338_1)> <Delay = 0.00>
ST_4 : Operation 65 [1/1] (1.29ns)   --->   "%br_ln1339 = br void %for.inc964.2" [prj/sol/.autopilot/db/v_frmbuf_wr.cpp:1339]   --->   Operation 65 'br' 'br_ln1339' <Predicate = (icmp_ln1333 & or_ln1338_1)> <Delay = 1.29>
ST_4 : Operation 66 [1/1] (0.80ns)   --->   "%or_ln1338_2 = or i1 %icmp_ln1338, i1 %icmp47_read" [prj/sol/.autopilot/db/v_frmbuf_wr.cpp:1338]   --->   Operation 66 'or' 'or_ln1338_2' <Predicate = (icmp_ln1333)> <Delay = 0.80> <CoreInst = "LogicGate">   --->   Core 74 'LogicGate' <Latency = 0> <II = 1> <Delay = 0.80> <FuncUnit> <Opcode : 'and' 'or' 'xor'> <InPorts = 2> <OutPorts = 1>

State 5 <SV = 4> <Delay = 2.38>
ST_5 : Operation 67 [1/1] (0.00ns)   --->   "%pix_83 = phi i8 %pix_13, void %if.then935.2, i8 %pix_57, void %for.inc964.1"   --->   Operation 67 'phi' 'pix_83' <Predicate = (icmp_ln1333)> <Delay = 0.00>
ST_5 : Operation 68 [1/1] (0.00ns)   --->   "%pix_80 = phi i8 %pix_112, void %if.then935.2, i8 %pix_54, void %for.inc964.1"   --->   Operation 68 'phi' 'pix_80' <Predicate = (icmp_ln1333)> <Delay = 0.00>
ST_5 : Operation 69 [1/1] (0.00ns)   --->   "%pix_79 = phi i8 %pix_111, void %if.then935.2, i8 %pix_53, void %for.inc964.1"   --->   Operation 69 'phi' 'pix_79' <Predicate = (icmp_ln1333)> <Delay = 0.00>
ST_5 : Operation 70 [1/1] (1.29ns)   --->   "%br_ln1338 = br i1 %or_ln1338_2, void %for.inc964.3, void %if.then935.3" [prj/sol/.autopilot/db/v_frmbuf_wr.cpp:1338]   --->   Operation 70 'br' 'br_ln1338' <Predicate = (icmp_ln1333)> <Delay = 1.29>
ST_5 : Operation 71 [1/1] ( I:2.38ns O:2.38ns )   --->   "%img_read_38 = read i24 @_ssdm_op_Read.ap_fifo.volatile.i24P0A, i24 %img" [prj/sol/.autopilot/db/v_frmbuf_wr.cpp:1339]   --->   Operation 71 'read' 'img_read_38' <Predicate = (icmp_ln1333 & or_ln1338_2)> <Delay = 2.38> <CoreInst = "FIFO_SRL">   --->   Core 80 'FIFO_SRL' <Latency = 0> <II = 1> <Delay = 3.40> <Storage> <Opcode : 'read' 'write' 'nbread' 'nbwrite'> <Ports = 0> <Width = 24> <Depth = 2> <FIFO>
ST_5 : Operation 72 [1/1] (0.00ns)   --->   "%pix_113 = trunc i24 %img_read_38" [prj/sol/.autopilot/db/v_frmbuf_wr.cpp:1339]   --->   Operation 72 'trunc' 'pix_113' <Predicate = (icmp_ln1333 & or_ln1338_2)> <Delay = 0.00>
ST_5 : Operation 73 [1/1] (0.00ns)   --->   "%pix_114 = partselect i8 @_ssdm_op_PartSelect.i8.i24.i32.i32, i24 %img_read_38, i32 8, i32 15" [prj/sol/.autopilot/db/v_frmbuf_wr.cpp:1339]   --->   Operation 73 'partselect' 'pix_114' <Predicate = (icmp_ln1333 & or_ln1338_2)> <Delay = 0.00>
ST_5 : Operation 74 [1/1] (0.00ns)   --->   "%pix_14 = partselect i8 @_ssdm_op_PartSelect.i8.i24.i32.i32, i24 %img_read_38, i32 16, i32 23" [prj/sol/.autopilot/db/v_frmbuf_wr.cpp:1339]   --->   Operation 74 'partselect' 'pix_14' <Predicate = (icmp_ln1333 & or_ln1338_2)> <Delay = 0.00>
ST_5 : Operation 75 [1/1] (1.29ns)   --->   "%br_ln1339 = br void %for.inc964.3" [prj/sol/.autopilot/db/v_frmbuf_wr.cpp:1339]   --->   Operation 75 'br' 'br_ln1339' <Predicate = (icmp_ln1333 & or_ln1338_2)> <Delay = 1.29>
ST_5 : Operation 76 [1/1] (0.80ns)   --->   "%or_ln1338_3 = or i1 %icmp_ln1338, i1 %icmp_ln1338_3_read" [prj/sol/.autopilot/db/v_frmbuf_wr.cpp:1338]   --->   Operation 76 'or' 'or_ln1338_3' <Predicate = (icmp_ln1333)> <Delay = 0.80> <CoreInst = "LogicGate">   --->   Core 74 'LogicGate' <Latency = 0> <II = 1> <Delay = 0.80> <FuncUnit> <Opcode : 'and' 'or' 'xor'> <InPorts = 2> <OutPorts = 1>
ST_5 : Operation 77 [1/1] (0.80ns)   --->   "%or_ln1338_4 = or i1 %icmp_ln1338, i1 %icmp_ln1338_4_read" [prj/sol/.autopilot/db/v_frmbuf_wr.cpp:1338]   --->   Operation 77 'or' 'or_ln1338_4' <Predicate = (icmp_ln1333)> <Delay = 0.80> <CoreInst = "LogicGate">   --->   Core 74 'LogicGate' <Latency = 0> <II = 1> <Delay = 0.80> <FuncUnit> <Opcode : 'and' 'or' 'xor'> <InPorts = 2> <OutPorts = 1>
ST_5 : Operation 78 [1/1] (0.80ns)   --->   "%or_ln1338_5 = or i1 %icmp_ln1338, i1 %icmp_ln1338_5_read" [prj/sol/.autopilot/db/v_frmbuf_wr.cpp:1338]   --->   Operation 78 'or' 'or_ln1338_5' <Predicate = (icmp_ln1333)> <Delay = 0.80> <CoreInst = "LogicGate">   --->   Core 74 'LogicGate' <Latency = 0> <II = 1> <Delay = 0.80> <FuncUnit> <Opcode : 'and' 'or' 'xor'> <InPorts = 2> <OutPorts = 1>
ST_5 : Operation 79 [1/1] (0.80ns)   --->   "%or_ln1338_6 = or i1 %icmp_ln1338, i1 %icmp_ln1319_read" [prj/sol/.autopilot/db/v_frmbuf_wr.cpp:1338]   --->   Operation 79 'or' 'or_ln1338_6' <Predicate = (icmp_ln1333)> <Delay = 0.80> <CoreInst = "LogicGate">   --->   Core 74 'LogicGate' <Latency = 0> <II = 1> <Delay = 0.80> <FuncUnit> <Opcode : 'and' 'or' 'xor'> <InPorts = 2> <OutPorts = 1>
ST_5 : Operation 80 [1/1] (0.00ns)   --->   "%tmp_8 = bitconcatenate i64 @_ssdm_op_BitConcatenate.i64.i8.i8.i8.i8.i8.i8.i8.i8, i8 %pix_80, i8 %pix_83, i8 %pix_53, i8 %pix_54, i8 %pix_57, i8 %pix, i8 %pix_108, i8 %pix_11" [prj/sol/.autopilot/db/v_frmbuf_wr.cpp:1354]   --->   Operation 80 'bitconcatenate' 'tmp_8' <Predicate = (icmp_ln1333)> <Delay = 0.00>
ST_5 : Operation 81 [1/1] ( I:2.38ns O:2.38ns )   --->   "%write_ln1354 = write void @_ssdm_op_Write.ap_fifo.volatile.i64P0A, i64 %bytePlanes_plane0, i64 %tmp_8" [prj/sol/.autopilot/db/v_frmbuf_wr.cpp:1354]   --->   Operation 81 'write' 'write_ln1354' <Predicate = (icmp_ln1333)> <Delay = 2.38> <CoreInst = "FIFO_BRAM">   --->   Core 78 'FIFO_BRAM' <Latency = 0> <II = 1> <Delay = 3.41> <Storage> <Opcode : 'read' 'write' 'nbread' 'nbwrite'> <Ports = 0> <Width = 64> <Depth = 481> <FIFO>

State 6 <SV = 5> <Delay = 2.38>
ST_6 : Operation 82 [1/1] (0.00ns)   --->   "%pix_107 = phi i8 %pix_14, void %if.then935.3, i8 %pix_83, void %for.inc964.2"   --->   Operation 82 'phi' 'pix_107' <Predicate = (icmp_ln1333)> <Delay = 0.00>
ST_6 : Operation 83 [1/1] (0.00ns)   --->   "%pix_106 = phi i8 %pix_114, void %if.then935.3, i8 %pix_80, void %for.inc964.2"   --->   Operation 83 'phi' 'pix_106' <Predicate = (icmp_ln1333)> <Delay = 0.00>
ST_6 : Operation 84 [1/1] (0.00ns)   --->   "%pix_105 = phi i8 %pix_113, void %if.then935.3, i8 %pix_79, void %for.inc964.2"   --->   Operation 84 'phi' 'pix_105' <Predicate = (icmp_ln1333)> <Delay = 0.00>
ST_6 : Operation 85 [1/1] (1.29ns)   --->   "%br_ln1338 = br i1 %or_ln1338_3, void %for.inc964.4, void %if.then935.4" [prj/sol/.autopilot/db/v_frmbuf_wr.cpp:1338]   --->   Operation 85 'br' 'br_ln1338' <Predicate = (icmp_ln1333)> <Delay = 1.29>
ST_6 : Operation 86 [1/1] ( I:2.38ns O:2.38ns )   --->   "%img_read_39 = read i24 @_ssdm_op_Read.ap_fifo.volatile.i24P0A, i24 %img" [prj/sol/.autopilot/db/v_frmbuf_wr.cpp:1339]   --->   Operation 86 'read' 'img_read_39' <Predicate = (icmp_ln1333 & or_ln1338_3)> <Delay = 2.38> <CoreInst = "FIFO_SRL">   --->   Core 80 'FIFO_SRL' <Latency = 0> <II = 1> <Delay = 3.40> <Storage> <Opcode : 'read' 'write' 'nbread' 'nbwrite'> <Ports = 0> <Width = 24> <Depth = 2> <FIFO>
ST_6 : Operation 87 [1/1] (0.00ns)   --->   "%pix_115 = trunc i24 %img_read_39" [prj/sol/.autopilot/db/v_frmbuf_wr.cpp:1339]   --->   Operation 87 'trunc' 'pix_115' <Predicate = (icmp_ln1333 & or_ln1338_3)> <Delay = 0.00>
ST_6 : Operation 88 [1/1] (0.00ns)   --->   "%pix_116 = partselect i8 @_ssdm_op_PartSelect.i8.i24.i32.i32, i24 %img_read_39, i32 8, i32 15" [prj/sol/.autopilot/db/v_frmbuf_wr.cpp:1339]   --->   Operation 88 'partselect' 'pix_116' <Predicate = (icmp_ln1333 & or_ln1338_3)> <Delay = 0.00>
ST_6 : Operation 89 [1/1] (0.00ns)   --->   "%pix_15 = partselect i8 @_ssdm_op_PartSelect.i8.i24.i32.i32, i24 %img_read_39, i32 16, i32 23" [prj/sol/.autopilot/db/v_frmbuf_wr.cpp:1339]   --->   Operation 89 'partselect' 'pix_15' <Predicate = (icmp_ln1333 & or_ln1338_3)> <Delay = 0.00>
ST_6 : Operation 90 [1/1] (1.29ns)   --->   "%br_ln1339 = br void %for.inc964.4" [prj/sol/.autopilot/db/v_frmbuf_wr.cpp:1339]   --->   Operation 90 'br' 'br_ln1339' <Predicate = (icmp_ln1333 & or_ln1338_3)> <Delay = 1.29>

State 7 <SV = 6> <Delay = 2.38>
ST_7 : Operation 91 [1/1] (0.00ns)   --->   "%pix_119 = phi i8 %pix_15, void %if.then935.4, i8 %pix_107, void %for.inc964.3"   --->   Operation 91 'phi' 'pix_119' <Predicate = (icmp_ln1333)> <Delay = 0.00>
ST_7 : Operation 92 [1/1] (0.00ns)   --->   "%pix_118 = phi i8 %pix_116, void %if.then935.4, i8 %pix_106, void %for.inc964.3"   --->   Operation 92 'phi' 'pix_118' <Predicate = (icmp_ln1333)> <Delay = 0.00>
ST_7 : Operation 93 [1/1] (0.00ns)   --->   "%pix_117 = phi i8 %pix_115, void %if.then935.4, i8 %pix_105, void %for.inc964.3"   --->   Operation 93 'phi' 'pix_117' <Predicate = (icmp_ln1333)> <Delay = 0.00>
ST_7 : Operation 94 [1/1] (1.29ns)   --->   "%br_ln1338 = br i1 %or_ln1338_4, void %for.inc964.5, void %if.then935.5" [prj/sol/.autopilot/db/v_frmbuf_wr.cpp:1338]   --->   Operation 94 'br' 'br_ln1338' <Predicate = (icmp_ln1333)> <Delay = 1.29>
ST_7 : Operation 95 [1/1] ( I:2.38ns O:2.38ns )   --->   "%img_read_40 = read i24 @_ssdm_op_Read.ap_fifo.volatile.i24P0A, i24 %img" [prj/sol/.autopilot/db/v_frmbuf_wr.cpp:1339]   --->   Operation 95 'read' 'img_read_40' <Predicate = (icmp_ln1333 & or_ln1338_4)> <Delay = 2.38> <CoreInst = "FIFO_SRL">   --->   Core 80 'FIFO_SRL' <Latency = 0> <II = 1> <Delay = 3.40> <Storage> <Opcode : 'read' 'write' 'nbread' 'nbwrite'> <Ports = 0> <Width = 24> <Depth = 2> <FIFO>
ST_7 : Operation 96 [1/1] (0.00ns)   --->   "%pix_120 = trunc i24 %img_read_40" [prj/sol/.autopilot/db/v_frmbuf_wr.cpp:1339]   --->   Operation 96 'trunc' 'pix_120' <Predicate = (icmp_ln1333 & or_ln1338_4)> <Delay = 0.00>
ST_7 : Operation 97 [1/1] (0.00ns)   --->   "%pix_121 = partselect i8 @_ssdm_op_PartSelect.i8.i24.i32.i32, i24 %img_read_40, i32 8, i32 15" [prj/sol/.autopilot/db/v_frmbuf_wr.cpp:1339]   --->   Operation 97 'partselect' 'pix_121' <Predicate = (icmp_ln1333 & or_ln1338_4)> <Delay = 0.00>
ST_7 : Operation 98 [1/1] (0.00ns)   --->   "%pix_16 = partselect i8 @_ssdm_op_PartSelect.i8.i24.i32.i32, i24 %img_read_40, i32 16, i32 23" [prj/sol/.autopilot/db/v_frmbuf_wr.cpp:1339]   --->   Operation 98 'partselect' 'pix_16' <Predicate = (icmp_ln1333 & or_ln1338_4)> <Delay = 0.00>
ST_7 : Operation 99 [1/1] (1.29ns)   --->   "%br_ln1339 = br void %for.inc964.5" [prj/sol/.autopilot/db/v_frmbuf_wr.cpp:1339]   --->   Operation 99 'br' 'br_ln1339' <Predicate = (icmp_ln1333 & or_ln1338_4)> <Delay = 1.29>

State 8 <SV = 7> <Delay = 2.38>
ST_8 : Operation 100 [1/1] (0.00ns)   --->   "%pix_124 = phi i8 %pix_16, void %if.then935.5, i8 %pix_119, void %for.inc964.4"   --->   Operation 100 'phi' 'pix_124' <Predicate = (icmp_ln1333)> <Delay = 0.00>
ST_8 : Operation 101 [1/1] (0.00ns)   --->   "%pix_123 = phi i8 %pix_121, void %if.then935.5, i8 %pix_118, void %for.inc964.4"   --->   Operation 101 'phi' 'pix_123' <Predicate = (icmp_ln1333)> <Delay = 0.00>
ST_8 : Operation 102 [1/1] (0.00ns)   --->   "%pix_122 = phi i8 %pix_120, void %if.then935.5, i8 %pix_117, void %for.inc964.4"   --->   Operation 102 'phi' 'pix_122' <Predicate = (icmp_ln1333)> <Delay = 0.00>
ST_8 : Operation 103 [1/1] (1.29ns)   --->   "%br_ln1338 = br i1 %or_ln1338_5, void %for.inc964.6, void %if.then935.6" [prj/sol/.autopilot/db/v_frmbuf_wr.cpp:1338]   --->   Operation 103 'br' 'br_ln1338' <Predicate = (icmp_ln1333)> <Delay = 1.29>
ST_8 : Operation 104 [1/1] ( I:2.38ns O:2.38ns )   --->   "%img_read_41 = read i24 @_ssdm_op_Read.ap_fifo.volatile.i24P0A, i24 %img" [prj/sol/.autopilot/db/v_frmbuf_wr.cpp:1339]   --->   Operation 104 'read' 'img_read_41' <Predicate = (icmp_ln1333 & or_ln1338_5)> <Delay = 2.38> <CoreInst = "FIFO_SRL">   --->   Core 80 'FIFO_SRL' <Latency = 0> <II = 1> <Delay = 3.40> <Storage> <Opcode : 'read' 'write' 'nbread' 'nbwrite'> <Ports = 0> <Width = 24> <Depth = 2> <FIFO>
ST_8 : Operation 105 [1/1] (0.00ns)   --->   "%pix_125 = trunc i24 %img_read_41" [prj/sol/.autopilot/db/v_frmbuf_wr.cpp:1339]   --->   Operation 105 'trunc' 'pix_125' <Predicate = (icmp_ln1333 & or_ln1338_5)> <Delay = 0.00>
ST_8 : Operation 106 [1/1] (0.00ns)   --->   "%pix_126 = partselect i8 @_ssdm_op_PartSelect.i8.i24.i32.i32, i24 %img_read_41, i32 8, i32 15" [prj/sol/.autopilot/db/v_frmbuf_wr.cpp:1339]   --->   Operation 106 'partselect' 'pix_126' <Predicate = (icmp_ln1333 & or_ln1338_5)> <Delay = 0.00>
ST_8 : Operation 107 [1/1] (0.00ns)   --->   "%pix_17 = partselect i8 @_ssdm_op_PartSelect.i8.i24.i32.i32, i24 %img_read_41, i32 16, i32 23" [prj/sol/.autopilot/db/v_frmbuf_wr.cpp:1339]   --->   Operation 107 'partselect' 'pix_17' <Predicate = (icmp_ln1333 & or_ln1338_5)> <Delay = 0.00>
ST_8 : Operation 108 [1/1] (1.29ns)   --->   "%br_ln1339 = br void %for.inc964.6" [prj/sol/.autopilot/db/v_frmbuf_wr.cpp:1339]   --->   Operation 108 'br' 'br_ln1339' <Predicate = (icmp_ln1333 & or_ln1338_5)> <Delay = 1.29>
ST_8 : Operation 109 [1/1] (0.00ns)   --->   "%tmp_s = bitconcatenate i64 @_ssdm_op_BitConcatenate.i64.i8.i8.i8.i8.i8.i8.i8.i8, i8 %pix_124, i8 %pix_117, i8 %pix_118, i8 %pix_119, i8 %pix_105, i8 %pix_106, i8 %pix_107, i8 %pix_79" [prj/sol/.autopilot/db/v_frmbuf_wr.cpp:1354]   --->   Operation 109 'bitconcatenate' 'tmp_s' <Predicate = (icmp_ln1333 & or_ln1353)> <Delay = 0.00>
ST_8 : Operation 110 [1/1] ( I:2.38ns O:2.38ns )   --->   "%write_ln1354 = write void @_ssdm_op_Write.ap_fifo.volatile.i64P0A, i64 %bytePlanes_plane0, i64 %tmp_s" [prj/sol/.autopilot/db/v_frmbuf_wr.cpp:1354]   --->   Operation 110 'write' 'write_ln1354' <Predicate = (icmp_ln1333 & or_ln1353)> <Delay = 2.38> <CoreInst = "FIFO_BRAM">   --->   Core 78 'FIFO_BRAM' <Latency = 0> <II = 1> <Delay = 3.41> <Storage> <Opcode : 'read' 'write' 'nbread' 'nbwrite'> <Ports = 0> <Width = 64> <Depth = 481> <FIFO>
ST_8 : Operation 111 [1/1] (0.00ns)   --->   "%br_ln1354 = br void %for.inc997.1" [prj/sol/.autopilot/db/v_frmbuf_wr.cpp:1354]   --->   Operation 111 'br' 'br_ln1354' <Predicate = (icmp_ln1333 & or_ln1353)> <Delay = 0.00>

State 9 <SV = 8> <Delay = 2.38>
ST_9 : Operation 112 [1/1] (0.00ns)   --->   "%pix_129 = phi i8 %pix_17, void %if.then935.6, i8 %pix_124, void %for.inc964.5"   --->   Operation 112 'phi' 'pix_129' <Predicate = (icmp_ln1333)> <Delay = 0.00>
ST_9 : Operation 113 [1/1] (0.00ns)   --->   "%pix_128 = phi i8 %pix_126, void %if.then935.6, i8 %pix_123, void %for.inc964.5"   --->   Operation 113 'phi' 'pix_128' <Predicate = (icmp_ln1333)> <Delay = 0.00>
ST_9 : Operation 114 [1/1] (0.00ns)   --->   "%pix_127 = phi i8 %pix_125, void %if.then935.6, i8 %pix_122, void %for.inc964.5"   --->   Operation 114 'phi' 'pix_127' <Predicate = (icmp_ln1333)> <Delay = 0.00>
ST_9 : Operation 115 [1/1] (1.29ns)   --->   "%br_ln1338 = br i1 %or_ln1338_6, void %for.inc964.7, void %if.then935.7" [prj/sol/.autopilot/db/v_frmbuf_wr.cpp:1338]   --->   Operation 115 'br' 'br_ln1338' <Predicate = (icmp_ln1333)> <Delay = 1.29>
ST_9 : Operation 116 [1/1] ( I:2.38ns O:2.38ns )   --->   "%img_read_42 = read i24 @_ssdm_op_Read.ap_fifo.volatile.i24P0A, i24 %img" [prj/sol/.autopilot/db/v_frmbuf_wr.cpp:1339]   --->   Operation 116 'read' 'img_read_42' <Predicate = (icmp_ln1333 & or_ln1338_6)> <Delay = 2.38> <CoreInst = "FIFO_SRL">   --->   Core 80 'FIFO_SRL' <Latency = 0> <II = 1> <Delay = 3.40> <Storage> <Opcode : 'read' 'write' 'nbread' 'nbwrite'> <Ports = 0> <Width = 24> <Depth = 2> <FIFO>
ST_9 : Operation 117 [1/1] (0.00ns)   --->   "%pix_130 = trunc i24 %img_read_42" [prj/sol/.autopilot/db/v_frmbuf_wr.cpp:1339]   --->   Operation 117 'trunc' 'pix_130' <Predicate = (icmp_ln1333 & or_ln1338_6)> <Delay = 0.00>
ST_9 : Operation 118 [1/1] (0.00ns)   --->   "%pix_131 = partselect i8 @_ssdm_op_PartSelect.i8.i24.i32.i32, i24 %img_read_42, i32 8, i32 15" [prj/sol/.autopilot/db/v_frmbuf_wr.cpp:1339]   --->   Operation 118 'partselect' 'pix_131' <Predicate = (icmp_ln1333 & or_ln1338_6)> <Delay = 0.00>
ST_9 : Operation 119 [1/1] (0.00ns)   --->   "%pix_18 = partselect i8 @_ssdm_op_PartSelect.i8.i24.i32.i32, i24 %img_read_42, i32 16, i32 23" [prj/sol/.autopilot/db/v_frmbuf_wr.cpp:1339]   --->   Operation 119 'partselect' 'pix_18' <Predicate = (icmp_ln1333 & or_ln1338_6)> <Delay = 0.00>
ST_9 : Operation 120 [1/1] (1.29ns)   --->   "%br_ln1339 = br void %for.inc964.7" [prj/sol/.autopilot/db/v_frmbuf_wr.cpp:1339]   --->   Operation 120 'br' 'br_ln1339' <Predicate = (icmp_ln1333 & or_ln1338_6)> <Delay = 1.29>

State 10 <SV = 9> <Delay = 2.38>
ST_10 : Operation 121 [1/1] (0.00ns)   --->   "%pix_134 = phi i8 %pix_18, void %if.then935.7, i8 %pix_129, void %for.inc964.6"   --->   Operation 121 'phi' 'pix_134' <Predicate = true> <Delay = 0.00>
ST_10 : Operation 122 [1/1] (0.00ns)   --->   "%pix_133 = phi i8 %pix_131, void %if.then935.7, i8 %pix_128, void %for.inc964.6"   --->   Operation 122 'phi' 'pix_133' <Predicate = true> <Delay = 0.00>
ST_10 : Operation 123 [1/1] (0.00ns)   --->   "%pix_132 = phi i8 %pix_130, void %if.then935.7, i8 %pix_127, void %for.inc964.6"   --->   Operation 123 'phi' 'pix_132' <Predicate = true> <Delay = 0.00>
ST_10 : Operation 124 [1/1] (0.00ns)   --->   "%tmp_2 = bitconcatenate i64 @_ssdm_op_BitConcatenate.i64.i8.i8.i8.i8.i8.i8.i8.i8, i8 %pix_132, i8 %pix_133, i8 %pix_134, i8 %pix_127, i8 %pix_128, i8 %pix_129, i8 %pix_122, i8 %pix_123" [prj/sol/.autopilot/db/v_frmbuf_wr.cpp:1354]   --->   Operation 124 'bitconcatenate' 'tmp_2' <Predicate = (or_ln1353_1)> <Delay = 0.00>
ST_10 : Operation 125 [1/1] ( I:2.38ns O:2.38ns )   --->   "%write_ln1354 = write void @_ssdm_op_Write.ap_fifo.volatile.i64P0A, i64 %bytePlanes_plane0, i64 %tmp_2" [prj/sol/.autopilot/db/v_frmbuf_wr.cpp:1354]   --->   Operation 125 'write' 'write_ln1354' <Predicate = (or_ln1353_1)> <Delay = 2.38> <CoreInst = "FIFO_BRAM">   --->   Core 78 'FIFO_BRAM' <Latency = 0> <II = 1> <Delay = 3.41> <Storage> <Opcode : 'read' 'write' 'nbread' 'nbwrite'> <Ports = 0> <Width = 64> <Depth = 481> <FIFO>
ST_10 : Operation 126 [1/1] (0.00ns)   --->   "%br_ln1354 = br void %for.inc997.2" [prj/sol/.autopilot/db/v_frmbuf_wr.cpp:1354]   --->   Operation 126 'br' 'br_ln1354' <Predicate = (or_ln1353_1)> <Delay = 0.00>


============================================================
+ Verbose Summary: Binding
============================================================
STG Binding: 
---------------- STG Properties BEGIN ----------------
- Is combinational: 0
- Is one-state seq: 0
- Is datapath-only: 0
- Is pipelined: 0
- Is top level: 0
Port [ Return ] is wired: 1; IO mode=ap_ctrl_hs:ce=0
Port [ trunc_ln6]:  wired=1; compound=0; hidden=0; nouse=0; global=0; static=0; extern=0; dir=0; type=0; pingpong=0; private_global=0; IO mode=ap_stable:ce=0
Port [ icmp_ln1353_1]:  wired=1; compound=0; hidden=0; nouse=0; global=0; static=0; extern=0; dir=0; type=0; pingpong=0; private_global=0; IO mode=ap_stable:ce=0
Port [ bytePlanes_plane0]:  wired=1; compound=1; hidden=0; nouse=0; global=0; static=0; extern=0; dir=1; type=3; pingpong=0; private_global=0; IO mode=ap_fifo:ce=0
Port [ empty]:  wired=1; compound=0; hidden=0; nouse=0; global=0; static=0; extern=0; dir=0; type=0; pingpong=0; private_global=0; IO mode=ap_stable:ce=0
Port [ icmp_ln1319]:  wired=1; compound=0; hidden=0; nouse=0; global=0; static=0; extern=0; dir=0; type=0; pingpong=0; private_global=0; IO mode=ap_stable:ce=0
Port [ icmp_ln1338_5]:  wired=1; compound=0; hidden=0; nouse=0; global=0; static=0; extern=0; dir=0; type=0; pingpong=0; private_global=0; IO mode=ap_stable:ce=0
Port [ icmp_ln1338_4]:  wired=1; compound=0; hidden=0; nouse=0; global=0; static=0; extern=0; dir=0; type=0; pingpong=0; private_global=0; IO mode=ap_stable:ce=0
Port [ icmp_ln1338_3]:  wired=1; compound=0; hidden=0; nouse=0; global=0; static=0; extern=0; dir=0; type=0; pingpong=0; private_global=0; IO mode=ap_stable:ce=0
Port [ icmp47]:  wired=1; compound=0; hidden=0; nouse=0; global=0; static=0; extern=0; dir=0; type=0; pingpong=0; private_global=0; IO mode=ap_stable:ce=0
Port [ icmp_ln1338_1]:  wired=1; compound=0; hidden=0; nouse=0; global=0; static=0; extern=0; dir=0; type=0; pingpong=0; private_global=0; IO mode=ap_stable:ce=0
Port [ add_ln1338]:  wired=1; compound=0; hidden=0; nouse=0; global=0; static=0; extern=0; dir=0; type=0; pingpong=0; private_global=0; IO mode=ap_stable:ce=0
Port [ img]:  wired=1; compound=1; hidden=0; nouse=0; global=0; static=0; extern=0; dir=0; type=3; pingpong=0; private_global=0; IO mode=ap_fifo:ce=0
Port [ icmp44]:  wired=1; compound=0; hidden=0; nouse=0; global=0; static=0; extern=0; dir=0; type=0; pingpong=0; private_global=0; IO mode=ap_stable:ce=0
---------------- STG Properties END ------------------

---------------- Datapath Model BEGIN ----------------

<LifeTime>
<method=bitvector/>
x_9                   (alloca           ) [ 01000000000]
icmp44_read           (read             ) [ 00100000000]
add_ln1338_read       (read             ) [ 00000000000]
icmp_ln1338_1_read    (read             ) [ 00110000000]
icmp47_read           (read             ) [ 00111000000]
icmp_ln1338_3_read    (read             ) [ 00111100000]
icmp_ln1338_4_read    (read             ) [ 00111100000]
icmp_ln1338_5_read    (read             ) [ 00111100000]
icmp_ln1319_read      (read             ) [ 00111100000]
tmp                   (read             ) [ 00000000000]
icmp_ln1353_1_read    (read             ) [ 00000000000]
trunc_ln6_read        (read             ) [ 00000000000]
specmemcore_ln0       (specmemcore      ) [ 00000000000]
specinterface_ln0     (specinterface    ) [ 00000000000]
specinterface_ln0     (specinterface    ) [ 00000000000]
store_ln1333          (store            ) [ 00000000000]
br_ln1333             (br               ) [ 00000000000]
x                     (load             ) [ 00000000000]
zext_ln1333           (zext             ) [ 00000000000]
icmp_ln1333           (icmp             ) [ 01111111111]
speclooptripcount_ln0 (speclooptripcount) [ 00000000000]
x_12                  (add              ) [ 00000000000]
br_ln1333             (br               ) [ 00000000000]
icmp_ln1338           (icmp             ) [ 00111100000]
or_ln1353             (or               ) [ 00111111100]
br_ln1353             (br               ) [ 00000000000]
or_ln1353_1           (or               ) [ 01111111111]
br_ln1353             (br               ) [ 00000000000]
store_ln1333          (store            ) [ 00000000000]
br_ln1333             (br               ) [ 00000000000]
specpipeline_ln1335   (specpipeline     ) [ 00000000000]
specloopname_ln1333   (specloopname     ) [ 00000000000]
img_read              (read             ) [ 00000000000]
pix                   (trunc            ) [ 00111100000]
pix_108               (partselect       ) [ 00111100000]
pix_11                (partselect       ) [ 00111100000]
or_ln1338             (or               ) [ 01111111111]
br_ln1338             (br               ) [ 00111000000]
img_read_36           (read             ) [ 00000000000]
pix_109               (trunc            ) [ 00111000000]
pix_110               (partselect       ) [ 00111000000]
pix_12                (partselect       ) [ 00111000000]
br_ln1339             (br               ) [ 00111000000]
or_ln1338_1           (or               ) [ 01101111111]
pix_57                (phi              ) [ 00001100000]
pix_54                (phi              ) [ 00001100000]
pix_53                (phi              ) [ 00001100000]
br_ln1338             (br               ) [ 00001100000]
img_read_37           (read             ) [ 00000000000]
pix_111               (trunc            ) [ 00001100000]
pix_112               (partselect       ) [ 00001100000]
pix_13                (partselect       ) [ 00001100000]
br_ln1339             (br               ) [ 00001100000]
or_ln1338_2           (or               ) [ 01100111111]
pix_83                (phi              ) [ 00000110000]
pix_80                (phi              ) [ 00000110000]
pix_79                (phi              ) [ 00000111100]
br_ln1338             (br               ) [ 00000110000]
img_read_38           (read             ) [ 00000000000]
pix_113               (trunc            ) [ 00000110000]
pix_114               (partselect       ) [ 00000110000]
pix_14                (partselect       ) [ 00000110000]
br_ln1339             (br               ) [ 00000110000]
or_ln1338_3           (or               ) [ 01100011111]
or_ln1338_4           (or               ) [ 01100011111]
or_ln1338_5           (or               ) [ 01100011111]
or_ln1338_6           (or               ) [ 01100011111]
tmp_8                 (bitconcatenate   ) [ 00000000000]
write_ln1354          (write            ) [ 00000000000]
pix_107               (phi              ) [ 00000011100]
pix_106               (phi              ) [ 00000011100]
pix_105               (phi              ) [ 00000011100]
br_ln1338             (br               ) [ 00000011000]
img_read_39           (read             ) [ 00000000000]
pix_115               (trunc            ) [ 00000011000]
pix_116               (partselect       ) [ 00000011000]
pix_15                (partselect       ) [ 00000011000]
br_ln1339             (br               ) [ 00000011000]
pix_119               (phi              ) [ 00000001100]
pix_118               (phi              ) [ 00000001100]
pix_117               (phi              ) [ 00000001100]
br_ln1338             (br               ) [ 00000001100]
img_read_40           (read             ) [ 00000000000]
pix_120               (trunc            ) [ 00000001100]
pix_121               (partselect       ) [ 00000001100]
pix_16                (partselect       ) [ 00000001100]
br_ln1339             (br               ) [ 00000001100]
pix_124               (phi              ) [ 01000000110]
pix_123               (phi              ) [ 01100000111]
pix_122               (phi              ) [ 01100000111]
br_ln1338             (br               ) [ 01000000110]
img_read_41           (read             ) [ 00000000000]
pix_125               (trunc            ) [ 01000000110]
pix_126               (partselect       ) [ 01000000110]
pix_17                (partselect       ) [ 01000000110]
br_ln1339             (br               ) [ 01000000110]
tmp_s                 (bitconcatenate   ) [ 00000000000]
write_ln1354          (write            ) [ 00000000000]
br_ln1354             (br               ) [ 00000000000]
pix_129               (phi              ) [ 01100000011]
pix_128               (phi              ) [ 01100000011]
pix_127               (phi              ) [ 01100000011]
br_ln1338             (br               ) [ 01100000011]
img_read_42           (read             ) [ 00000000000]
pix_130               (trunc            ) [ 01100000011]
pix_131               (partselect       ) [ 01100000011]
pix_18                (partselect       ) [ 01100000011]
br_ln1339             (br               ) [ 01100000011]
pix_134               (phi              ) [ 00100000001]
pix_133               (phi              ) [ 00100000001]
pix_132               (phi              ) [ 00100000001]
tmp_2                 (bitconcatenate   ) [ 00000000000]
write_ln1354          (write            ) [ 00000000000]
br_ln1354             (br               ) [ 00000000000]
ret_ln0               (ret              ) [ 00000000000]
</LifeTime>

<model>

<comp_list>
<comp id="0" class="1000" name="trunc_ln6">
<pin_list>
<pin id="1" dir="1" index="0" bw="1" slack="0"/>
</pin_list>
<bind>
<StgValue><ssdm name="trunc_ln6"/></StgValue>
</bind>
</comp>

<comp id="2" class="1000" name="icmp_ln1353_1">
<pin_list>
<pin id="3" dir="1" index="0" bw="1" slack="0"/>
</pin_list>
<bind>
<StgValue><ssdm name="icmp_ln1353_1"/></StgValue>
</bind>
</comp>

<comp id="4" class="1000" name="bytePlanes_plane0">
<pin_list>
<pin id="5" dir="1" index="0" bw="1" slack="0"/>
</pin_list>
<bind>
<StgValue><ssdm name="bytePlanes_plane0"/></StgValue>
</bind>
</comp>

<comp id="6" class="1000" name="empty">
<pin_list>
<pin id="7" dir="1" index="0" bw="1" slack="0"/>
</pin_list>
<bind>
<StgValue><ssdm name="empty"/></StgValue>
</bind>
</comp>

<comp id="8" class="1000" name="icmp_ln1319">
<pin_list>
<pin id="9" dir="1" index="0" bw="1" slack="0"/>
</pin_list>
<bind>
<StgValue><ssdm name="icmp_ln1319"/></StgValue>
</bind>
</comp>

<comp id="10" class="1000" name="icmp_ln1338_5">
<pin_list>
<pin id="11" dir="1" index="0" bw="1" slack="0"/>
</pin_list>
<bind>
<StgValue><ssdm name="icmp_ln1338_5"/></StgValue>
</bind>
</comp>

<comp id="12" class="1000" name="icmp_ln1338_4">
<pin_list>
<pin id="13" dir="1" index="0" bw="1" slack="0"/>
</pin_list>
<bind>
<StgValue><ssdm name="icmp_ln1338_4"/></StgValue>
</bind>
</comp>

<comp id="14" class="1000" name="icmp_ln1338_3">
<pin_list>
<pin id="15" dir="1" index="0" bw="1" slack="0"/>
</pin_list>
<bind>
<StgValue><ssdm name="icmp_ln1338_3"/></StgValue>
</bind>
</comp>

<comp id="16" class="1000" name="icmp47">
<pin_list>
<pin id="17" dir="1" index="0" bw="1" slack="0"/>
</pin_list>
<bind>
<StgValue><ssdm name="icmp47"/></StgValue>
</bind>
</comp>

<comp id="18" class="1000" name="icmp_ln1338_1">
<pin_list>
<pin id="19" dir="1" index="0" bw="1" slack="0"/>
</pin_list>
<bind>
<StgValue><ssdm name="icmp_ln1338_1"/></StgValue>
</bind>
</comp>

<comp id="20" class="1000" name="add_ln1338">
<pin_list>
<pin id="21" dir="1" index="0" bw="1" slack="0"/>
</pin_list>
<bind>
<StgValue><ssdm name="add_ln1338"/></StgValue>
</bind>
</comp>

<comp id="22" class="1000" name="img">
<pin_list>
<pin id="23" dir="1" index="0" bw="1" slack="0"/>
</pin_list>
<bind>
<StgValue><ssdm name="img"/></StgValue>
</bind>
</comp>

<comp id="24" class="1000" name="icmp44">
<pin_list>
<pin id="25" dir="1" index="0" bw="1" slack="0"/>
</pin_list>
<bind>
<StgValue><ssdm name="icmp44"/></StgValue>
</bind>
</comp>

<comp id="26" class="1001" name="const_26">
<pin_list>
<pin id="27" dir="1" index="0" bw="1" slack="0"/>
</pin_list>
<bind>
<StgValue><ssdm name=""/></StgValue>
</bind>
</comp>

<comp id="28" class="1001" name="const_28">
<pin_list>
<pin id="29" dir="1" index="0" bw="1" slack="0"/>
</pin_list>
<bind>
<StgValue><ssdm name="_ssdm_op_Read.ap_auto.i1"/></StgValue>
</bind>
</comp>

<comp id="30" class="1001" name="const_30">
<pin_list>
<pin id="31" dir="1" index="0" bw="1" slack="0"/>
</pin_list>
<bind>
<StgValue><ssdm name="_ssdm_op_Read.ap_auto.i10"/></StgValue>
</bind>
</comp>

<comp id="32" class="1001" name="const_32">
<pin_list>
<pin id="33" dir="1" index="0" bw="1" slack="0"/>
</pin_list>
<bind>
<StgValue><ssdm name="_ssdm_op_Read.ap_auto.i9"/></StgValue>
</bind>
</comp>

<comp id="34" class="1001" name="const_34">
<pin_list>
<pin id="35" dir="1" index="0" bw="1" slack="2147483647"/>
</pin_list>
<bind>
<StgValue><ssdm name="_ssdm_op_SpecMemCore"/></StgValue>
</bind>
</comp>

<comp id="36" class="1001" name="const_36">
<pin_list>
<pin id="37" dir="1" index="0" bw="1" slack="2147483647"/>
</pin_list>
<bind>
<StgValue><ssdm name=""/></StgValue>
</bind>
</comp>

<comp id="38" class="1001" name="const_38">
<pin_list>
<pin id="39" dir="1" index="0" bw="1" slack="2147483647"/>
</pin_list>
<bind>
<StgValue><ssdm name=""/></StgValue>
</bind>
</comp>

<comp id="40" class="1001" name="const_40">
<pin_list>
<pin id="41" dir="1" index="0" bw="1" slack="2147483647"/>
</pin_list>
<bind>
<StgValue><ssdm name=""/></StgValue>
</bind>
</comp>

<comp id="42" class="1001" name="const_42">
<pin_list>
<pin id="43" dir="1" index="0" bw="1" slack="2147483647"/>
</pin_list>
<bind>
<StgValue><ssdm name=""/></StgValue>
</bind>
</comp>

<comp id="44" class="1001" name="const_44">
<pin_list>
<pin id="45" dir="1" index="0" bw="1" slack="2147483647"/>
</pin_list>
<bind>
<StgValue><ssdm name="_ssdm_op_SpecInterface"/></StgValue>
</bind>
</comp>

<comp id="46" class="1001" name="const_46">
<pin_list>
<pin id="47" dir="1" index="0" bw="1" slack="2147483647"/>
</pin_list>
<bind>
<StgValue><ssdm name="empty_20"/></StgValue>
</bind>
</comp>

<comp id="48" class="1001" name="const_48">
<pin_list>
<pin id="49" dir="1" index="0" bw="1" slack="2147483647"/>
</pin_list>
<bind>
<StgValue><ssdm name=""/></StgValue>
</bind>
</comp>

<comp id="50" class="1001" name="const_50">
<pin_list>
<pin id="51" dir="1" index="0" bw="1" slack="2147483647"/>
</pin_list>
<bind>
<StgValue><ssdm name="empty_53"/></StgValue>
</bind>
</comp>

<comp id="52" class="1001" name="const_52">
<pin_list>
<pin id="53" dir="1" index="0" bw="1" slack="2147483647"/>
</pin_list>
<bind>
<StgValue><ssdm name=""/></StgValue>
</bind>
</comp>

<comp id="54" class="1001" name="const_54">
<pin_list>
<pin id="55" dir="1" index="0" bw="1" slack="0"/>
</pin_list>
<bind>
<StgValue><ssdm name=""/></StgValue>
</bind>
</comp>

<comp id="56" class="1001" name="const_56">
<pin_list>
<pin id="57" dir="1" index="0" bw="1" slack="2147483647"/>
</pin_list>
<bind>
<StgValue><ssdm name="_ssdm_op_SpecLoopTripCount"/></StgValue>
</bind>
</comp>

<comp id="58" class="1001" name="const_58">
<pin_list>
<pin id="59" dir="1" index="0" bw="1" slack="2147483647"/>
</pin_list>
<bind>
<StgValue><ssdm name=""/></StgValue>
</bind>
</comp>

<comp id="60" class="1001" name="const_60">
<pin_list>
<pin id="61" dir="1" index="0" bw="1" slack="2147483647"/>
</pin_list>
<bind>
<StgValue><ssdm name=""/></StgValue>
</bind>
</comp>

<comp id="62" class="1001" name="const_62">
<pin_list>
<pin id="63" dir="1" index="0" bw="1" slack="0"/>
</pin_list>
<bind>
<StgValue><ssdm name=""/></StgValue>
</bind>
</comp>

<comp id="64" class="1001" name="const_64">
<pin_list>
<pin id="65" dir="1" index="0" bw="1" slack="2147483647"/>
</pin_list>
<bind>
<StgValue><ssdm name="_ssdm_op_SpecPipeline"/></StgValue>
</bind>
</comp>

<comp id="66" class="1001" name="const_66">
<pin_list>
<pin id="67" dir="1" index="0" bw="1" slack="0"/>
</pin_list>
<bind>
<StgValue><ssdm name=""/></StgValue>
</bind>
</comp>

<comp id="68" class="1001" name="const_68">
<pin_list>
<pin id="69" dir="1" index="0" bw="1" slack="2147483647"/>
</pin_list>
<bind>
<StgValue><ssdm name="_ssdm_op_SpecLoopName"/></StgValue>
</bind>
</comp>

<comp id="70" class="1001" name="const_70">
<pin_list>
<pin id="71" dir="1" index="0" bw="1" slack="2147483647"/>
</pin_list>
<bind>
<StgValue><ssdm name="empty_51"/></StgValue>
</bind>
</comp>

<comp id="72" class="1001" name="const_72">
<pin_list>
<pin id="73" dir="1" index="0" bw="1" slack="0"/>
</pin_list>
<bind>
<StgValue><ssdm name="_ssdm_op_Read.ap_fifo.volatile.i24P0A"/></StgValue>
</bind>
</comp>

<comp id="74" class="1001" name="const_74">
<pin_list>
<pin id="75" dir="1" index="0" bw="1" slack="0"/>
</pin_list>
<bind>
<StgValue><ssdm name="_ssdm_op_PartSelect.i8.i24.i32.i32"/></StgValue>
</bind>
</comp>

<comp id="76" class="1001" name="const_76">
<pin_list>
<pin id="77" dir="1" index="0" bw="1" slack="0"/>
</pin_list>
<bind>
<StgValue><ssdm name=""/></StgValue>
</bind>
</comp>

<comp id="78" class="1001" name="const_78">
<pin_list>
<pin id="79" dir="1" index="0" bw="1" slack="0"/>
</pin_list>
<bind>
<StgValue><ssdm name=""/></StgValue>
</bind>
</comp>

<comp id="80" class="1001" name="const_80">
<pin_list>
<pin id="81" dir="1" index="0" bw="1" slack="0"/>
</pin_list>
<bind>
<StgValue><ssdm name=""/></StgValue>
</bind>
</comp>

<comp id="82" class="1001" name="const_82">
<pin_list>
<pin id="83" dir="1" index="0" bw="1" slack="0"/>
</pin_list>
<bind>
<StgValue><ssdm name="_ssdm_op_BitConcatenate.i64.i8.i8.i8.i8.i8.i8.i8.i8"/></StgValue>
</bind>
</comp>

<comp id="84" class="1001" name="const_84">
<pin_list>
<pin id="85" dir="1" index="0" bw="1" slack="0"/>
</pin_list>
<bind>
<StgValue><ssdm name="_ssdm_op_Write.ap_fifo.volatile.i64P0A"/></StgValue>
</bind>
</comp>

<comp id="86" class="1004" name="x_9_fu_86">
<pin_list>
<pin id="87" dir="0" index="0" bw="1" slack="0"/>
<pin id="88" dir="1" index="1" bw="9" slack="0"/>
</pin_list>
<bind>
<opcode="alloca(26) " fcode="alloca"/>
<opset="x_9/1 "/>
</bind>
</comp>

<comp id="90" class="1004" name="icmp44_read_read_fu_90">
<pin_list>
<pin id="91" dir="0" index="0" bw="1" slack="0"/>
<pin id="92" dir="0" index="1" bw="1" slack="0"/>
<pin id="93" dir="1" index="2" bw="1" slack="1"/>
</pin_list>
<bind>
<opcode="read(1150) " fcode="read"/>
<opset="icmp44_read/1 "/>
</bind>
</comp>

<comp id="96" class="1004" name="add_ln1338_read_read_fu_96">
<pin_list>
<pin id="97" dir="0" index="0" bw="10" slack="0"/>
<pin id="98" dir="0" index="1" bw="10" slack="0"/>
<pin id="99" dir="1" index="2" bw="10" slack="0"/>
</pin_list>
<bind>
<opcode="read(1150) " fcode="read"/>
<opset="add_ln1338_read/1 "/>
</bind>
</comp>

<comp id="102" class="1004" name="icmp_ln1338_1_read_read_fu_102">
<pin_list>
<pin id="103" dir="0" index="0" bw="1" slack="0"/>
<pin id="104" dir="0" index="1" bw="1" slack="0"/>
<pin id="105" dir="1" index="2" bw="1" slack="2"/>
</pin_list>
<bind>
<opcode="read(1150) " fcode="read"/>
<opset="icmp_ln1338_1_read/1 "/>
</bind>
</comp>

<comp id="108" class="1004" name="icmp47_read_read_fu_108">
<pin_list>
<pin id="109" dir="0" index="0" bw="1" slack="0"/>
<pin id="110" dir="0" index="1" bw="1" slack="0"/>
<pin id="111" dir="1" index="2" bw="1" slack="3"/>
</pin_list>
<bind>
<opcode="read(1150) " fcode="read"/>
<opset="icmp47_read/1 "/>
</bind>
</comp>

<comp id="114" class="1004" name="icmp_ln1338_3_read_read_fu_114">
<pin_list>
<pin id="115" dir="0" index="0" bw="1" slack="0"/>
<pin id="116" dir="0" index="1" bw="1" slack="0"/>
<pin id="117" dir="1" index="2" bw="1" slack="4"/>
</pin_list>
<bind>
<opcode="read(1150) " fcode="read"/>
<opset="icmp_ln1338_3_read/1 "/>
</bind>
</comp>

<comp id="120" class="1004" name="icmp_ln1338_4_read_read_fu_120">
<pin_list>
<pin id="121" dir="0" index="0" bw="1" slack="0"/>
<pin id="122" dir="0" index="1" bw="1" slack="0"/>
<pin id="123" dir="1" index="2" bw="1" slack="4"/>
</pin_list>
<bind>
<opcode="read(1150) " fcode="read"/>
<opset="icmp_ln1338_4_read/1 "/>
</bind>
</comp>

<comp id="126" class="1004" name="icmp_ln1338_5_read_read_fu_126">
<pin_list>
<pin id="127" dir="0" index="0" bw="1" slack="0"/>
<pin id="128" dir="0" index="1" bw="1" slack="0"/>
<pin id="129" dir="1" index="2" bw="1" slack="4"/>
</pin_list>
<bind>
<opcode="read(1150) " fcode="read"/>
<opset="icmp_ln1338_5_read/1 "/>
</bind>
</comp>

<comp id="132" class="1004" name="icmp_ln1319_read_read_fu_132">
<pin_list>
<pin id="133" dir="0" index="0" bw="1" slack="0"/>
<pin id="134" dir="0" index="1" bw="1" slack="0"/>
<pin id="135" dir="1" index="2" bw="1" slack="4"/>
</pin_list>
<bind>
<opcode="read(1150) " fcode="read"/>
<opset="icmp_ln1319_read/1 "/>
</bind>
</comp>

<comp id="138" class="1004" name="tmp_read_fu_138">
<pin_list>
<pin id="139" dir="0" index="0" bw="1" slack="0"/>
<pin id="140" dir="0" index="1" bw="1" slack="0"/>
<pin id="141" dir="1" index="2" bw="1" slack="0"/>
</pin_list>
<bind>
<opcode="read(1150) " fcode="read"/>
<opset="tmp/1 "/>
</bind>
</comp>

<comp id="144" class="1004" name="icmp_ln1353_1_read_read_fu_144">
<pin_list>
<pin id="145" dir="0" index="0" bw="1" slack="0"/>
<pin id="146" dir="0" index="1" bw="1" slack="0"/>
<pin id="147" dir="1" index="2" bw="1" slack="0"/>
</pin_list>
<bind>
<opcode="read(1150) " fcode="read"/>
<opset="icmp_ln1353_1_read/1 "/>
</bind>
</comp>

<comp id="150" class="1004" name="trunc_ln6_read_read_fu_150">
<pin_list>
<pin id="151" dir="0" index="0" bw="9" slack="0"/>
<pin id="152" dir="0" index="1" bw="9" slack="0"/>
<pin id="153" dir="1" index="2" bw="9" slack="0"/>
</pin_list>
<bind>
<opcode="read(1150) " fcode="read"/>
<opset="trunc_ln6_read/1 "/>
</bind>
</comp>

<comp id="156" class="1004" name="grp_read_fu_156">
<pin_list>
<pin id="157" dir="0" index="0" bw="24" slack="0"/>
<pin id="158" dir="0" index="1" bw="24" slack="0"/>
<pin id="159" dir="1" index="2" bw="24" slack="0"/>
</pin_list>
<bind>
<opcode="read(1150) " fcode="read"/>
<opset="img_read/2 img_read_36/3 img_read_37/4 img_read_38/5 img_read_39/6 img_read_40/7 img_read_41/8 img_read_42/9 "/>
</bind>
</comp>

<comp id="162" class="1004" name="grp_write_fu_162">
<pin_list>
<pin id="163" dir="0" index="0" bw="0" slack="0"/>
<pin id="164" dir="0" index="1" bw="64" slack="0"/>
<pin id="165" dir="0" index="2" bw="64" slack="0"/>
<pin id="166" dir="1" index="3" bw="0" slack="2147483647"/>
</pin_list>
<bind>
<opcode="write(1151) " fcode="write"/>
<opset="write_ln1354/5 write_ln1354/8 write_ln1354/10 "/>
</bind>
</comp>

<comp id="169" class="1005" name="pix_57_reg_169">
<pin_list>
<pin id="170" dir="0" index="0" bw="8" slack="1"/>
<pin id="171" dir="1" index="1" bw="8" slack="1"/>
</pin_list>
<bind>
<opset="pix_57 (phireg) "/>
</bind>
</comp>

<comp id="172" class="1004" name="pix_57_phi_fu_172">
<pin_list>
<pin id="173" dir="0" index="0" bw="8" slack="1"/>
<pin id="174" dir="0" index="1" bw="0" slack="2147483647"/>
<pin id="175" dir="0" index="2" bw="8" slack="2"/>
<pin id="176" dir="0" index="3" bw="0" slack="2147483647"/>
<pin id="177" dir="1" index="4" bw="8" slack="1"/>
</pin_list>
<bind>
<opcode="phi(47) " fcode="phi"/>
<opset="pix_57/4 "/>
</bind>
</comp>

<comp id="179" class="1005" name="pix_54_reg_179">
<pin_list>
<pin id="180" dir="0" index="0" bw="8" slack="1"/>
<pin id="181" dir="1" index="1" bw="8" slack="1"/>
</pin_list>
<bind>
<opset="pix_54 (phireg) "/>
</bind>
</comp>

<comp id="182" class="1004" name="pix_54_phi_fu_182">
<pin_list>
<pin id="183" dir="0" index="0" bw="8" slack="1"/>
<pin id="184" dir="0" index="1" bw="0" slack="2147483647"/>
<pin id="185" dir="0" index="2" bw="8" slack="2"/>
<pin id="186" dir="0" index="3" bw="0" slack="2147483647"/>
<pin id="187" dir="1" index="4" bw="8" slack="1"/>
</pin_list>
<bind>
<opcode="phi(47) " fcode="phi"/>
<opset="pix_54/4 "/>
</bind>
</comp>

<comp id="189" class="1005" name="pix_53_reg_189">
<pin_list>
<pin id="190" dir="0" index="0" bw="8" slack="1"/>
<pin id="191" dir="1" index="1" bw="8" slack="1"/>
</pin_list>
<bind>
<opset="pix_53 (phireg) "/>
</bind>
</comp>

<comp id="192" class="1004" name="pix_53_phi_fu_192">
<pin_list>
<pin id="193" dir="0" index="0" bw="8" slack="1"/>
<pin id="194" dir="0" index="1" bw="0" slack="2147483647"/>
<pin id="195" dir="0" index="2" bw="8" slack="2"/>
<pin id="196" dir="0" index="3" bw="0" slack="2147483647"/>
<pin id="197" dir="1" index="4" bw="8" slack="1"/>
</pin_list>
<bind>
<opcode="phi(47) " fcode="phi"/>
<opset="pix_53/4 "/>
</bind>
</comp>

<comp id="199" class="1005" name="pix_83_reg_199">
<pin_list>
<pin id="200" dir="0" index="0" bw="8" slack="1"/>
<pin id="201" dir="1" index="1" bw="8" slack="1"/>
</pin_list>
<bind>
<opset="pix_83 (phireg) "/>
</bind>
</comp>

<comp id="202" class="1004" name="pix_83_phi_fu_202">
<pin_list>
<pin id="203" dir="0" index="0" bw="8" slack="1"/>
<pin id="204" dir="0" index="1" bw="0" slack="2147483647"/>
<pin id="205" dir="0" index="2" bw="8" slack="1"/>
<pin id="206" dir="0" index="3" bw="0" slack="2147483647"/>
<pin id="207" dir="1" index="4" bw="8" slack="0"/>
</pin_list>
<bind>
<opcode="phi(47) " fcode="phi"/>
<opset="pix_83/5 "/>
</bind>
</comp>

<comp id="210" class="1005" name="pix_80_reg_210">
<pin_list>
<pin id="211" dir="0" index="0" bw="8" slack="1"/>
<pin id="212" dir="1" index="1" bw="8" slack="1"/>
</pin_list>
<bind>
<opset="pix_80 (phireg) "/>
</bind>
</comp>

<comp id="213" class="1004" name="pix_80_phi_fu_213">
<pin_list>
<pin id="214" dir="0" index="0" bw="8" slack="1"/>
<pin id="215" dir="0" index="1" bw="0" slack="2147483647"/>
<pin id="216" dir="0" index="2" bw="8" slack="1"/>
<pin id="217" dir="0" index="3" bw="0" slack="2147483647"/>
<pin id="218" dir="1" index="4" bw="8" slack="0"/>
</pin_list>
<bind>
<opcode="phi(47) " fcode="phi"/>
<opset="pix_80/5 "/>
</bind>
</comp>

<comp id="221" class="1005" name="pix_79_reg_221">
<pin_list>
<pin id="222" dir="0" index="0" bw="8" slack="1"/>
<pin id="223" dir="1" index="1" bw="8" slack="1"/>
</pin_list>
<bind>
<opset="pix_79 (phireg) "/>
</bind>
</comp>

<comp id="224" class="1004" name="pix_79_phi_fu_224">
<pin_list>
<pin id="225" dir="0" index="0" bw="8" slack="1"/>
<pin id="226" dir="0" index="1" bw="0" slack="2147483647"/>
<pin id="227" dir="0" index="2" bw="8" slack="1"/>
<pin id="228" dir="0" index="3" bw="0" slack="2147483647"/>
<pin id="229" dir="1" index="4" bw="8" slack="1"/>
</pin_list>
<bind>
<opcode="phi(47) " fcode="phi"/>
<opset="pix_79/5 "/>
</bind>
</comp>

<comp id="232" class="1005" name="pix_107_reg_232">
<pin_list>
<pin id="233" dir="0" index="0" bw="8" slack="1"/>
<pin id="234" dir="1" index="1" bw="8" slack="1"/>
</pin_list>
<bind>
<opset="pix_107 (phireg) "/>
</bind>
</comp>

<comp id="235" class="1004" name="pix_107_phi_fu_235">
<pin_list>
<pin id="236" dir="0" index="0" bw="8" slack="1"/>
<pin id="237" dir="0" index="1" bw="0" slack="2147483647"/>
<pin id="238" dir="0" index="2" bw="8" slack="1"/>
<pin id="239" dir="0" index="3" bw="0" slack="2147483647"/>
<pin id="240" dir="1" index="4" bw="8" slack="1"/>
</pin_list>
<bind>
<opcode="phi(47) " fcode="phi"/>
<opset="pix_107/6 "/>
</bind>
</comp>

<comp id="243" class="1005" name="pix_106_reg_243">
<pin_list>
<pin id="244" dir="0" index="0" bw="8" slack="1"/>
<pin id="245" dir="1" index="1" bw="8" slack="1"/>
</pin_list>
<bind>
<opset="pix_106 (phireg) "/>
</bind>
</comp>

<comp id="246" class="1004" name="pix_106_phi_fu_246">
<pin_list>
<pin id="247" dir="0" index="0" bw="8" slack="1"/>
<pin id="248" dir="0" index="1" bw="0" slack="2147483647"/>
<pin id="249" dir="0" index="2" bw="8" slack="1"/>
<pin id="250" dir="0" index="3" bw="0" slack="2147483647"/>
<pin id="251" dir="1" index="4" bw="8" slack="1"/>
</pin_list>
<bind>
<opcode="phi(47) " fcode="phi"/>
<opset="pix_106/6 "/>
</bind>
</comp>

<comp id="254" class="1005" name="pix_105_reg_254">
<pin_list>
<pin id="255" dir="0" index="0" bw="8" slack="1"/>
<pin id="256" dir="1" index="1" bw="8" slack="1"/>
</pin_list>
<bind>
<opset="pix_105 (phireg) "/>
</bind>
</comp>

<comp id="257" class="1004" name="pix_105_phi_fu_257">
<pin_list>
<pin id="258" dir="0" index="0" bw="8" slack="1"/>
<pin id="259" dir="0" index="1" bw="0" slack="2147483647"/>
<pin id="260" dir="0" index="2" bw="8" slack="1"/>
<pin id="261" dir="0" index="3" bw="0" slack="2147483647"/>
<pin id="262" dir="1" index="4" bw="8" slack="1"/>
</pin_list>
<bind>
<opcode="phi(47) " fcode="phi"/>
<opset="pix_105/6 "/>
</bind>
</comp>

<comp id="265" class="1005" name="pix_119_reg_265">
<pin_list>
<pin id="266" dir="0" index="0" bw="8" slack="1"/>
<pin id="267" dir="1" index="1" bw="8" slack="1"/>
</pin_list>
<bind>
<opset="pix_119 (phireg) "/>
</bind>
</comp>

<comp id="268" class="1004" name="pix_119_phi_fu_268">
<pin_list>
<pin id="269" dir="0" index="0" bw="8" slack="1"/>
<pin id="270" dir="0" index="1" bw="0" slack="2147483647"/>
<pin id="271" dir="0" index="2" bw="8" slack="1"/>
<pin id="272" dir="0" index="3" bw="0" slack="2147483647"/>
<pin id="273" dir="1" index="4" bw="8" slack="1"/>
</pin_list>
<bind>
<opcode="phi(47) " fcode="phi"/>
<opset="pix_119/7 "/>
</bind>
</comp>

<comp id="276" class="1005" name="pix_118_reg_276">
<pin_list>
<pin id="277" dir="0" index="0" bw="8" slack="1"/>
<pin id="278" dir="1" index="1" bw="8" slack="1"/>
</pin_list>
<bind>
<opset="pix_118 (phireg) "/>
</bind>
</comp>

<comp id="279" class="1004" name="pix_118_phi_fu_279">
<pin_list>
<pin id="280" dir="0" index="0" bw="8" slack="1"/>
<pin id="281" dir="0" index="1" bw="0" slack="2147483647"/>
<pin id="282" dir="0" index="2" bw="8" slack="1"/>
<pin id="283" dir="0" index="3" bw="0" slack="2147483647"/>
<pin id="284" dir="1" index="4" bw="8" slack="1"/>
</pin_list>
<bind>
<opcode="phi(47) " fcode="phi"/>
<opset="pix_118/7 "/>
</bind>
</comp>

<comp id="287" class="1005" name="pix_117_reg_287">
<pin_list>
<pin id="288" dir="0" index="0" bw="8" slack="1"/>
<pin id="289" dir="1" index="1" bw="8" slack="1"/>
</pin_list>
<bind>
<opset="pix_117 (phireg) "/>
</bind>
</comp>

<comp id="290" class="1004" name="pix_117_phi_fu_290">
<pin_list>
<pin id="291" dir="0" index="0" bw="8" slack="1"/>
<pin id="292" dir="0" index="1" bw="0" slack="2147483647"/>
<pin id="293" dir="0" index="2" bw="8" slack="1"/>
<pin id="294" dir="0" index="3" bw="0" slack="2147483647"/>
<pin id="295" dir="1" index="4" bw="8" slack="1"/>
</pin_list>
<bind>
<opcode="phi(47) " fcode="phi"/>
<opset="pix_117/7 "/>
</bind>
</comp>

<comp id="298" class="1005" name="pix_124_reg_298">
<pin_list>
<pin id="299" dir="0" index="0" bw="8" slack="1"/>
<pin id="300" dir="1" index="1" bw="8" slack="1"/>
</pin_list>
<bind>
<opset="pix_124 (phireg) "/>
</bind>
</comp>

<comp id="301" class="1004" name="pix_124_phi_fu_301">
<pin_list>
<pin id="302" dir="0" index="0" bw="8" slack="1"/>
<pin id="303" dir="0" index="1" bw="0" slack="2147483647"/>
<pin id="304" dir="0" index="2" bw="8" slack="1"/>
<pin id="305" dir="0" index="3" bw="0" slack="2147483647"/>
<pin id="306" dir="1" index="4" bw="8" slack="0"/>
</pin_list>
<bind>
<opcode="phi(47) " fcode="phi"/>
<opset="pix_124/8 "/>
</bind>
</comp>

<comp id="309" class="1005" name="pix_123_reg_309">
<pin_list>
<pin id="310" dir="0" index="0" bw="8" slack="1"/>
<pin id="311" dir="1" index="1" bw="8" slack="1"/>
</pin_list>
<bind>
<opset="pix_123 (phireg) "/>
</bind>
</comp>

<comp id="312" class="1004" name="pix_123_phi_fu_312">
<pin_list>
<pin id="313" dir="0" index="0" bw="8" slack="1"/>
<pin id="314" dir="0" index="1" bw="0" slack="2147483647"/>
<pin id="315" dir="0" index="2" bw="8" slack="1"/>
<pin id="316" dir="0" index="3" bw="0" slack="2147483647"/>
<pin id="317" dir="1" index="4" bw="8" slack="1"/>
</pin_list>
<bind>
<opcode="phi(47) " fcode="phi"/>
<opset="pix_123/8 "/>
</bind>
</comp>

<comp id="320" class="1005" name="pix_122_reg_320">
<pin_list>
<pin id="321" dir="0" index="0" bw="8" slack="1"/>
<pin id="322" dir="1" index="1" bw="8" slack="1"/>
</pin_list>
<bind>
<opset="pix_122 (phireg) "/>
</bind>
</comp>

<comp id="323" class="1004" name="pix_122_phi_fu_323">
<pin_list>
<pin id="324" dir="0" index="0" bw="8" slack="1"/>
<pin id="325" dir="0" index="1" bw="0" slack="2147483647"/>
<pin id="326" dir="0" index="2" bw="8" slack="1"/>
<pin id="327" dir="0" index="3" bw="0" slack="2147483647"/>
<pin id="328" dir="1" index="4" bw="8" slack="1"/>
</pin_list>
<bind>
<opcode="phi(47) " fcode="phi"/>
<opset="pix_122/8 "/>
</bind>
</comp>

<comp id="331" class="1005" name="pix_129_reg_331">
<pin_list>
<pin id="332" dir="0" index="0" bw="8" slack="1"/>
<pin id="333" dir="1" index="1" bw="8" slack="1"/>
</pin_list>
<bind>
<opset="pix_129 (phireg) "/>
</bind>
</comp>

<comp id="334" class="1004" name="pix_129_phi_fu_334">
<pin_list>
<pin id="335" dir="0" index="0" bw="8" slack="1"/>
<pin id="336" dir="0" index="1" bw="0" slack="2147483647"/>
<pin id="337" dir="0" index="2" bw="8" slack="1"/>
<pin id="338" dir="0" index="3" bw="0" slack="2147483647"/>
<pin id="339" dir="1" index="4" bw="8" slack="1"/>
</pin_list>
<bind>
<opcode="phi(47) " fcode="phi"/>
<opset="pix_129/9 "/>
</bind>
</comp>

<comp id="342" class="1005" name="pix_128_reg_342">
<pin_list>
<pin id="343" dir="0" index="0" bw="8" slack="1"/>
<pin id="344" dir="1" index="1" bw="8" slack="1"/>
</pin_list>
<bind>
<opset="pix_128 (phireg) "/>
</bind>
</comp>

<comp id="345" class="1004" name="pix_128_phi_fu_345">
<pin_list>
<pin id="346" dir="0" index="0" bw="8" slack="1"/>
<pin id="347" dir="0" index="1" bw="0" slack="2147483647"/>
<pin id="348" dir="0" index="2" bw="8" slack="1"/>
<pin id="349" dir="0" index="3" bw="0" slack="2147483647"/>
<pin id="350" dir="1" index="4" bw="8" slack="1"/>
</pin_list>
<bind>
<opcode="phi(47) " fcode="phi"/>
<opset="pix_128/9 "/>
</bind>
</comp>

<comp id="353" class="1005" name="pix_127_reg_353">
<pin_list>
<pin id="354" dir="0" index="0" bw="8" slack="1"/>
<pin id="355" dir="1" index="1" bw="8" slack="1"/>
</pin_list>
<bind>
<opset="pix_127 (phireg) "/>
</bind>
</comp>

<comp id="356" class="1004" name="pix_127_phi_fu_356">
<pin_list>
<pin id="357" dir="0" index="0" bw="8" slack="1"/>
<pin id="358" dir="0" index="1" bw="0" slack="2147483647"/>
<pin id="359" dir="0" index="2" bw="8" slack="1"/>
<pin id="360" dir="0" index="3" bw="0" slack="2147483647"/>
<pin id="361" dir="1" index="4" bw="8" slack="1"/>
</pin_list>
<bind>
<opcode="phi(47) " fcode="phi"/>
<opset="pix_127/9 "/>
</bind>
</comp>

<comp id="364" class="1005" name="pix_134_reg_364">
<pin_list>
<pin id="365" dir="0" index="0" bw="8" slack="2147483647"/>
<pin id="366" dir="1" index="1" bw="8" slack="2147483647"/>
</pin_list>
<bind>
<opset="pix_134 (phireg) "/>
</bind>
</comp>

<comp id="367" class="1004" name="pix_134_phi_fu_367">
<pin_list>
<pin id="368" dir="0" index="0" bw="8" slack="1"/>
<pin id="369" dir="0" index="1" bw="0" slack="2147483647"/>
<pin id="370" dir="0" index="2" bw="8" slack="1"/>
<pin id="371" dir="0" index="3" bw="0" slack="2147483647"/>
<pin id="372" dir="1" index="4" bw="8" slack="0"/>
</pin_list>
<bind>
<opcode="phi(47) " fcode="phi"/>
<opset="pix_134/10 "/>
</bind>
</comp>

<comp id="374" class="1005" name="pix_133_reg_374">
<pin_list>
<pin id="375" dir="0" index="0" bw="8" slack="2147483647"/>
<pin id="376" dir="1" index="1" bw="8" slack="2147483647"/>
</pin_list>
<bind>
<opset="pix_133 (phireg) "/>
</bind>
</comp>

<comp id="377" class="1004" name="pix_133_phi_fu_377">
<pin_list>
<pin id="378" dir="0" index="0" bw="8" slack="1"/>
<pin id="379" dir="0" index="1" bw="0" slack="2147483647"/>
<pin id="380" dir="0" index="2" bw="8" slack="1"/>
<pin id="381" dir="0" index="3" bw="0" slack="2147483647"/>
<pin id="382" dir="1" index="4" bw="8" slack="0"/>
</pin_list>
<bind>
<opcode="phi(47) " fcode="phi"/>
<opset="pix_133/10 "/>
</bind>
</comp>

<comp id="384" class="1005" name="pix_132_reg_384">
<pin_list>
<pin id="385" dir="0" index="0" bw="8" slack="2147483647"/>
<pin id="386" dir="1" index="1" bw="8" slack="2147483647"/>
</pin_list>
<bind>
<opset="pix_132 (phireg) "/>
</bind>
</comp>

<comp id="387" class="1004" name="pix_132_phi_fu_387">
<pin_list>
<pin id="388" dir="0" index="0" bw="8" slack="1"/>
<pin id="389" dir="0" index="1" bw="0" slack="2147483647"/>
<pin id="390" dir="0" index="2" bw="8" slack="1"/>
<pin id="391" dir="0" index="3" bw="0" slack="2147483647"/>
<pin id="392" dir="1" index="4" bw="8" slack="0"/>
</pin_list>
<bind>
<opcode="phi(47) " fcode="phi"/>
<opset="pix_132/10 "/>
</bind>
</comp>

<comp id="394" class="1004" name="grp_fu_394">
<pin_list>
<pin id="395" dir="0" index="0" bw="8" slack="0"/>
<pin id="396" dir="0" index="1" bw="24" slack="0"/>
<pin id="397" dir="0" index="2" bw="5" slack="0"/>
<pin id="398" dir="0" index="3" bw="5" slack="0"/>
<pin id="399" dir="1" index="4" bw="8" slack="1"/>
</pin_list>
<bind>
<opcode="partselect(1002) " fcode="partselect"/>
<opset="pix_108/2 pix_110/3 pix_112/4 pix_114/5 pix_116/6 pix_121/7 pix_126/8 pix_131/9 "/>
</bind>
</comp>

<comp id="404" class="1004" name="grp_fu_404">
<pin_list>
<pin id="405" dir="0" index="0" bw="8" slack="0"/>
<pin id="406" dir="0" index="1" bw="24" slack="0"/>
<pin id="407" dir="0" index="2" bw="6" slack="0"/>
<pin id="408" dir="0" index="3" bw="6" slack="0"/>
<pin id="409" dir="1" index="4" bw="8" slack="1"/>
</pin_list>
<bind>
<opcode="partselect(1002) " fcode="partselect"/>
<opset="pix_11/2 pix_12/3 pix_13/4 pix_14/5 pix_15/6 pix_16/7 pix_17/8 pix_18/9 "/>
</bind>
</comp>

<comp id="414" class="1005" name="reg_414">
<pin_list>
<pin id="415" dir="0" index="0" bw="8" slack="1"/>
<pin id="416" dir="1" index="1" bw="8" slack="1"/>
</pin_list>
<bind>
<opset="pix_108 pix_116 pix_126 "/>
</bind>
</comp>

<comp id="421" class="1005" name="reg_421">
<pin_list>
<pin id="422" dir="0" index="0" bw="8" slack="1"/>
<pin id="423" dir="1" index="1" bw="8" slack="1"/>
</pin_list>
<bind>
<opset="pix_11 pix_15 pix_17 "/>
</bind>
</comp>

<comp id="428" class="1005" name="reg_428">
<pin_list>
<pin id="429" dir="0" index="0" bw="8" slack="1"/>
<pin id="430" dir="1" index="1" bw="8" slack="1"/>
</pin_list>
<bind>
<opset="pix_110 pix_114 pix_121 "/>
</bind>
</comp>

<comp id="435" class="1005" name="reg_435">
<pin_list>
<pin id="436" dir="0" index="0" bw="8" slack="1"/>
<pin id="437" dir="1" index="1" bw="8" slack="1"/>
</pin_list>
<bind>
<opset="pix_12 pix_14 pix_16 "/>
</bind>
</comp>

<comp id="442" class="1005" name="reg_442">
<pin_list>
<pin id="443" dir="0" index="0" bw="8" slack="1"/>
<pin id="444" dir="1" index="1" bw="8" slack="1"/>
</pin_list>
<bind>
<opset="pix_112 pix_131 "/>
</bind>
</comp>

<comp id="448" class="1005" name="reg_448">
<pin_list>
<pin id="449" dir="0" index="0" bw="8" slack="1"/>
<pin id="450" dir="1" index="1" bw="8" slack="1"/>
</pin_list>
<bind>
<opset="pix_13 pix_18 "/>
</bind>
</comp>

<comp id="454" class="1004" name="store_ln1333_store_fu_454">
<pin_list>
<pin id="455" dir="0" index="0" bw="1" slack="0"/>
<pin id="456" dir="0" index="1" bw="9" slack="0"/>
<pin id="457" dir="1" index="2" bw="0" slack="2147483647"/>
</pin_list>
<bind>
<opcode="store(28) " fcode="store"/>
<opset="store_ln1333/1 "/>
</bind>
</comp>

<comp id="459" class="1004" name="x_load_fu_459">
<pin_list>
<pin id="460" dir="0" index="0" bw="9" slack="0"/>
<pin id="461" dir="1" index="1" bw="9" slack="0"/>
</pin_list>
<bind>
<opcode="load(27) " fcode="load"/>
<opset="x/1 "/>
</bind>
</comp>

<comp id="462" class="1004" name="zext_ln1333_fu_462">
<pin_list>
<pin id="463" dir="0" index="0" bw="9" slack="0"/>
<pin id="464" dir="1" index="1" bw="10" slack="0"/>
</pin_list>
<bind>
<opcode="zext(34) " fcode="zext"/>
<opset="zext_ln1333/1 "/>
</bind>
</comp>

<comp id="466" class="1004" name="icmp_ln1333_fu_466">
<pin_list>
<pin id="467" dir="0" index="0" bw="9" slack="0"/>
<pin id="468" dir="0" index="1" bw="9" slack="0"/>
<pin id="469" dir="1" index="2" bw="1" slack="1"/>
</pin_list>
<bind>
<opcode="icmp(45) " fcode="icmp"/>
<opset="icmp_ln1333/1 "/>
</bind>
</comp>

<comp id="472" class="1004" name="x_12_fu_472">
<pin_list>
<pin id="473" dir="0" index="0" bw="9" slack="0"/>
<pin id="474" dir="0" index="1" bw="1" slack="0"/>
<pin id="475" dir="1" index="2" bw="9" slack="0"/>
</pin_list>
<bind>
<opcode="add(8) " fcode="add"/>
<opset="x_12/1 "/>
</bind>
</comp>

<comp id="478" class="1004" name="icmp_ln1338_fu_478">
<pin_list>
<pin id="479" dir="0" index="0" bw="9" slack="0"/>
<pin id="480" dir="0" index="1" bw="10" slack="0"/>
<pin id="481" dir="1" index="2" bw="1" slack="0"/>
</pin_list>
<bind>
<opcode="icmp(45) " fcode="icmp"/>
<opset="icmp_ln1338/1 "/>
</bind>
</comp>

<comp id="484" class="1004" name="or_ln1353_fu_484">
<pin_list>
<pin id="485" dir="0" index="0" bw="1" slack="0"/>
<pin id="486" dir="0" index="1" bw="1" slack="0"/>
<pin id="487" dir="1" index="2" bw="1" slack="7"/>
</pin_list>
<bind>
<opcode="or(24) " fcode="or"/>
<opset="or_ln1353/1 "/>
</bind>
</comp>

<comp id="490" class="1004" name="or_ln1353_1_fu_490">
<pin_list>
<pin id="491" dir="0" index="0" bw="1" slack="0"/>
<pin id="492" dir="0" index="1" bw="1" slack="0"/>
<pin id="493" dir="1" index="2" bw="1" slack="9"/>
</pin_list>
<bind>
<opcode="or(24) " fcode="or"/>
<opset="or_ln1353_1/1 "/>
</bind>
</comp>

<comp id="496" class="1004" name="store_ln1333_store_fu_496">
<pin_list>
<pin id="497" dir="0" index="0" bw="9" slack="0"/>
<pin id="498" dir="0" index="1" bw="9" slack="0"/>
<pin id="499" dir="1" index="2" bw="0" slack="2147483647"/>
</pin_list>
<bind>
<opcode="store(28) " fcode="store"/>
<opset="store_ln1333/1 "/>
</bind>
</comp>

<comp id="501" class="1004" name="pix_fu_501">
<pin_list>
<pin id="502" dir="0" index="0" bw="24" slack="0"/>
<pin id="503" dir="1" index="1" bw="8" slack="2"/>
</pin_list>
<bind>
<opcode="trunc(33) " fcode="trunc"/>
<opset="pix/2 "/>
</bind>
</comp>

<comp id="505" class="1004" name="or_ln1338_fu_505">
<pin_list>
<pin id="506" dir="0" index="0" bw="1" slack="1"/>
<pin id="507" dir="0" index="1" bw="1" slack="1"/>
<pin id="508" dir="1" index="2" bw="1" slack="1"/>
</pin_list>
<bind>
<opcode="or(24) " fcode="or"/>
<opset="or_ln1338/2 "/>
</bind>
</comp>

<comp id="509" class="1004" name="pix_109_fu_509">
<pin_list>
<pin id="510" dir="0" index="0" bw="24" slack="0"/>
<pin id="511" dir="1" index="1" bw="8" slack="1"/>
</pin_list>
<bind>
<opcode="trunc(33) " fcode="trunc"/>
<opset="pix_109/3 "/>
</bind>
</comp>

<comp id="513" class="1004" name="or_ln1338_1_fu_513">
<pin_list>
<pin id="514" dir="0" index="0" bw="1" slack="2"/>
<pin id="515" dir="0" index="1" bw="1" slack="2"/>
<pin id="516" dir="1" index="2" bw="1" slack="1"/>
</pin_list>
<bind>
<opcode="or(24) " fcode="or"/>
<opset="or_ln1338_1/3 "/>
</bind>
</comp>

<comp id="517" class="1004" name="pix_111_fu_517">
<pin_list>
<pin id="518" dir="0" index="0" bw="24" slack="0"/>
<pin id="519" dir="1" index="1" bw="8" slack="1"/>
</pin_list>
<bind>
<opcode="trunc(33) " fcode="trunc"/>
<opset="pix_111/4 "/>
</bind>
</comp>

<comp id="521" class="1004" name="or_ln1338_2_fu_521">
<pin_list>
<pin id="522" dir="0" index="0" bw="1" slack="3"/>
<pin id="523" dir="0" index="1" bw="1" slack="3"/>
<pin id="524" dir="1" index="2" bw="1" slack="1"/>
</pin_list>
<bind>
<opcode="or(24) " fcode="or"/>
<opset="or_ln1338_2/4 "/>
</bind>
</comp>

<comp id="525" class="1004" name="pix_113_fu_525">
<pin_list>
<pin id="526" dir="0" index="0" bw="24" slack="0"/>
<pin id="527" dir="1" index="1" bw="8" slack="1"/>
</pin_list>
<bind>
<opcode="trunc(33) " fcode="trunc"/>
<opset="pix_113/5 "/>
</bind>
</comp>

<comp id="529" class="1004" name="or_ln1338_3_fu_529">
<pin_list>
<pin id="530" dir="0" index="0" bw="1" slack="4"/>
<pin id="531" dir="0" index="1" bw="1" slack="4"/>
<pin id="532" dir="1" index="2" bw="1" slack="1"/>
</pin_list>
<bind>
<opcode="or(24) " fcode="or"/>
<opset="or_ln1338_3/5 "/>
</bind>
</comp>

<comp id="533" class="1004" name="or_ln1338_4_fu_533">
<pin_list>
<pin id="534" dir="0" index="0" bw="1" slack="4"/>
<pin id="535" dir="0" index="1" bw="1" slack="4"/>
<pin id="536" dir="1" index="2" bw="1" slack="2"/>
</pin_list>
<bind>
<opcode="or(24) " fcode="or"/>
<opset="or_ln1338_4/5 "/>
</bind>
</comp>

<comp id="537" class="1004" name="or_ln1338_5_fu_537">
<pin_list>
<pin id="538" dir="0" index="0" bw="1" slack="4"/>
<pin id="539" dir="0" index="1" bw="1" slack="4"/>
<pin id="540" dir="1" index="2" bw="1" slack="3"/>
</pin_list>
<bind>
<opcode="or(24) " fcode="or"/>
<opset="or_ln1338_5/5 "/>
</bind>
</comp>

<comp id="541" class="1004" name="or_ln1338_6_fu_541">
<pin_list>
<pin id="542" dir="0" index="0" bw="1" slack="4"/>
<pin id="543" dir="0" index="1" bw="1" slack="4"/>
<pin id="544" dir="1" index="2" bw="1" slack="4"/>
</pin_list>
<bind>
<opcode="or(24) " fcode="or"/>
<opset="or_ln1338_6/5 "/>
</bind>
</comp>

<comp id="545" class="1004" name="tmp_8_fu_545">
<pin_list>
<pin id="546" dir="0" index="0" bw="64" slack="0"/>
<pin id="547" dir="0" index="1" bw="8" slack="0"/>
<pin id="548" dir="0" index="2" bw="8" slack="0"/>
<pin id="549" dir="0" index="3" bw="8" slack="1"/>
<pin id="550" dir="0" index="4" bw="8" slack="1"/>
<pin id="551" dir="0" index="5" bw="8" slack="1"/>
<pin id="552" dir="0" index="6" bw="8" slack="3"/>
<pin id="553" dir="0" index="7" bw="8" slack="3"/>
<pin id="554" dir="0" index="8" bw="8" slack="3"/>
<pin id="555" dir="1" index="9" bw="64" slack="0"/>
</pin_list>
<bind>
<opcode="bitconcatenate(1004) " fcode="bitconcatenate"/>
<opset="tmp_8/5 "/>
</bind>
</comp>

<comp id="565" class="1004" name="pix_115_fu_565">
<pin_list>
<pin id="566" dir="0" index="0" bw="24" slack="0"/>
<pin id="567" dir="1" index="1" bw="8" slack="1"/>
</pin_list>
<bind>
<opcode="trunc(33) " fcode="trunc"/>
<opset="pix_115/6 "/>
</bind>
</comp>

<comp id="569" class="1004" name="pix_120_fu_569">
<pin_list>
<pin id="570" dir="0" index="0" bw="24" slack="0"/>
<pin id="571" dir="1" index="1" bw="8" slack="1"/>
</pin_list>
<bind>
<opcode="trunc(33) " fcode="trunc"/>
<opset="pix_120/7 "/>
</bind>
</comp>

<comp id="573" class="1004" name="pix_125_fu_573">
<pin_list>
<pin id="574" dir="0" index="0" bw="24" slack="0"/>
<pin id="575" dir="1" index="1" bw="8" slack="1"/>
</pin_list>
<bind>
<opcode="trunc(33) " fcode="trunc"/>
<opset="pix_125/8 "/>
</bind>
</comp>

<comp id="577" class="1004" name="tmp_s_fu_577">
<pin_list>
<pin id="578" dir="0" index="0" bw="64" slack="0"/>
<pin id="579" dir="0" index="1" bw="8" slack="0"/>
<pin id="580" dir="0" index="2" bw="8" slack="1"/>
<pin id="581" dir="0" index="3" bw="8" slack="1"/>
<pin id="582" dir="0" index="4" bw="8" slack="1"/>
<pin id="583" dir="0" index="5" bw="8" slack="2"/>
<pin id="584" dir="0" index="6" bw="8" slack="2"/>
<pin id="585" dir="0" index="7" bw="8" slack="2"/>
<pin id="586" dir="0" index="8" bw="8" slack="3"/>
<pin id="587" dir="1" index="9" bw="64" slack="0"/>
</pin_list>
<bind>
<opcode="bitconcatenate(1004) " fcode="bitconcatenate"/>
<opset="tmp_s/8 "/>
</bind>
</comp>

<comp id="598" class="1004" name="pix_130_fu_598">
<pin_list>
<pin id="599" dir="0" index="0" bw="24" slack="0"/>
<pin id="600" dir="1" index="1" bw="8" slack="1"/>
</pin_list>
<bind>
<opcode="trunc(33) " fcode="trunc"/>
<opset="pix_130/9 "/>
</bind>
</comp>

<comp id="602" class="1004" name="tmp_2_fu_602">
<pin_list>
<pin id="603" dir="0" index="0" bw="64" slack="0"/>
<pin id="604" dir="0" index="1" bw="8" slack="0"/>
<pin id="605" dir="0" index="2" bw="8" slack="0"/>
<pin id="606" dir="0" index="3" bw="8" slack="0"/>
<pin id="607" dir="0" index="4" bw="8" slack="1"/>
<pin id="608" dir="0" index="5" bw="8" slack="1"/>
<pin id="609" dir="0" index="6" bw="8" slack="1"/>
<pin id="610" dir="0" index="7" bw="8" slack="2"/>
<pin id="611" dir="0" index="8" bw="8" slack="2"/>
<pin id="612" dir="1" index="9" bw="64" slack="0"/>
</pin_list>
<bind>
<opcode="bitconcatenate(1004) " fcode="bitconcatenate"/>
<opset="tmp_2/10 "/>
</bind>
</comp>

<comp id="623" class="1005" name="x_9_reg_623">
<pin_list>
<pin id="624" dir="0" index="0" bw="9" slack="0"/>
<pin id="625" dir="1" index="1" bw="9" slack="0"/>
</pin_list>
<bind>
<opset="x_9 "/>
</bind>
</comp>

<comp id="630" class="1005" name="icmp44_read_reg_630">
<pin_list>
<pin id="631" dir="0" index="0" bw="1" slack="1"/>
<pin id="632" dir="1" index="1" bw="1" slack="1"/>
</pin_list>
<bind>
<opset="icmp44_read "/>
</bind>
</comp>

<comp id="635" class="1005" name="icmp_ln1338_1_read_reg_635">
<pin_list>
<pin id="636" dir="0" index="0" bw="1" slack="2"/>
<pin id="637" dir="1" index="1" bw="1" slack="2"/>
</pin_list>
<bind>
<opset="icmp_ln1338_1_read "/>
</bind>
</comp>

<comp id="640" class="1005" name="icmp47_read_reg_640">
<pin_list>
<pin id="641" dir="0" index="0" bw="1" slack="3"/>
<pin id="642" dir="1" index="1" bw="1" slack="3"/>
</pin_list>
<bind>
<opset="icmp47_read "/>
</bind>
</comp>

<comp id="645" class="1005" name="icmp_ln1338_3_read_reg_645">
<pin_list>
<pin id="646" dir="0" index="0" bw="1" slack="4"/>
<pin id="647" dir="1" index="1" bw="1" slack="4"/>
</pin_list>
<bind>
<opset="icmp_ln1338_3_read "/>
</bind>
</comp>

<comp id="650" class="1005" name="icmp_ln1338_4_read_reg_650">
<pin_list>
<pin id="651" dir="0" index="0" bw="1" slack="4"/>
<pin id="652" dir="1" index="1" bw="1" slack="4"/>
</pin_list>
<bind>
<opset="icmp_ln1338_4_read "/>
</bind>
</comp>

<comp id="655" class="1005" name="icmp_ln1338_5_read_reg_655">
<pin_list>
<pin id="656" dir="0" index="0" bw="1" slack="4"/>
<pin id="657" dir="1" index="1" bw="1" slack="4"/>
</pin_list>
<bind>
<opset="icmp_ln1338_5_read "/>
</bind>
</comp>

<comp id="660" class="1005" name="icmp_ln1319_read_reg_660">
<pin_list>
<pin id="661" dir="0" index="0" bw="1" slack="4"/>
<pin id="662" dir="1" index="1" bw="1" slack="4"/>
</pin_list>
<bind>
<opset="icmp_ln1319_read "/>
</bind>
</comp>

<comp id="665" class="1005" name="icmp_ln1333_reg_665">
<pin_list>
<pin id="666" dir="0" index="0" bw="1" slack="1"/>
<pin id="667" dir="1" index="1" bw="1" slack="2147483647"/>
</pin_list>
<bind>
<opset="icmp_ln1333 "/>
</bind>
</comp>

<comp id="669" class="1005" name="icmp_ln1338_reg_669">
<pin_list>
<pin id="670" dir="0" index="0" bw="1" slack="1"/>
<pin id="671" dir="1" index="1" bw="1" slack="1"/>
</pin_list>
<bind>
<opset="icmp_ln1338 "/>
</bind>
</comp>

<comp id="680" class="1005" name="or_ln1353_reg_680">
<pin_list>
<pin id="681" dir="0" index="0" bw="1" slack="7"/>
<pin id="682" dir="1" index="1" bw="1" slack="2147483647"/>
</pin_list>
<bind>
<opset="or_ln1353 "/>
</bind>
</comp>

<comp id="684" class="1005" name="or_ln1353_1_reg_684">
<pin_list>
<pin id="685" dir="0" index="0" bw="1" slack="9"/>
<pin id="686" dir="1" index="1" bw="1" slack="2147483647"/>
</pin_list>
<bind>
<opset="or_ln1353_1 "/>
</bind>
</comp>

<comp id="688" class="1005" name="pix_reg_688">
<pin_list>
<pin id="689" dir="0" index="0" bw="8" slack="2"/>
<pin id="690" dir="1" index="1" bw="8" slack="2"/>
</pin_list>
<bind>
<opset="pix "/>
</bind>
</comp>

<comp id="694" class="1005" name="or_ln1338_reg_694">
<pin_list>
<pin id="695" dir="0" index="0" bw="1" slack="1"/>
<pin id="696" dir="1" index="1" bw="1" slack="2147483647"/>
</pin_list>
<bind>
<opset="or_ln1338 "/>
</bind>
</comp>

<comp id="698" class="1005" name="pix_109_reg_698">
<pin_list>
<pin id="699" dir="0" index="0" bw="8" slack="1"/>
<pin id="700" dir="1" index="1" bw="8" slack="1"/>
</pin_list>
<bind>
<opset="pix_109 "/>
</bind>
</comp>

<comp id="703" class="1005" name="or_ln1338_1_reg_703">
<pin_list>
<pin id="704" dir="0" index="0" bw="1" slack="1"/>
<pin id="705" dir="1" index="1" bw="1" slack="2147483647"/>
</pin_list>
<bind>
<opset="or_ln1338_1 "/>
</bind>
</comp>

<comp id="707" class="1005" name="pix_111_reg_707">
<pin_list>
<pin id="708" dir="0" index="0" bw="8" slack="1"/>
<pin id="709" dir="1" index="1" bw="8" slack="1"/>
</pin_list>
<bind>
<opset="pix_111 "/>
</bind>
</comp>

<comp id="712" class="1005" name="or_ln1338_2_reg_712">
<pin_list>
<pin id="713" dir="0" index="0" bw="1" slack="1"/>
<pin id="714" dir="1" index="1" bw="1" slack="2147483647"/>
</pin_list>
<bind>
<opset="or_ln1338_2 "/>
</bind>
</comp>

<comp id="716" class="1005" name="pix_113_reg_716">
<pin_list>
<pin id="717" dir="0" index="0" bw="8" slack="1"/>
<pin id="718" dir="1" index="1" bw="8" slack="1"/>
</pin_list>
<bind>
<opset="pix_113 "/>
</bind>
</comp>

<comp id="721" class="1005" name="or_ln1338_3_reg_721">
<pin_list>
<pin id="722" dir="0" index="0" bw="1" slack="1"/>
<pin id="723" dir="1" index="1" bw="1" slack="2147483647"/>
</pin_list>
<bind>
<opset="or_ln1338_3 "/>
</bind>
</comp>

<comp id="725" class="1005" name="or_ln1338_4_reg_725">
<pin_list>
<pin id="726" dir="0" index="0" bw="1" slack="2"/>
<pin id="727" dir="1" index="1" bw="1" slack="2147483647"/>
</pin_list>
<bind>
<opset="or_ln1338_4 "/>
</bind>
</comp>

<comp id="729" class="1005" name="or_ln1338_5_reg_729">
<pin_list>
<pin id="730" dir="0" index="0" bw="1" slack="3"/>
<pin id="731" dir="1" index="1" bw="1" slack="2147483647"/>
</pin_list>
<bind>
<opset="or_ln1338_5 "/>
</bind>
</comp>

<comp id="733" class="1005" name="or_ln1338_6_reg_733">
<pin_list>
<pin id="734" dir="0" index="0" bw="1" slack="4"/>
<pin id="735" dir="1" index="1" bw="1" slack="2147483647"/>
</pin_list>
<bind>
<opset="or_ln1338_6 "/>
</bind>
</comp>

<comp id="737" class="1005" name="pix_115_reg_737">
<pin_list>
<pin id="738" dir="0" index="0" bw="8" slack="1"/>
<pin id="739" dir="1" index="1" bw="8" slack="1"/>
</pin_list>
<bind>
<opset="pix_115 "/>
</bind>
</comp>

<comp id="742" class="1005" name="pix_120_reg_742">
<pin_list>
<pin id="743" dir="0" index="0" bw="8" slack="1"/>
<pin id="744" dir="1" index="1" bw="8" slack="1"/>
</pin_list>
<bind>
<opset="pix_120 "/>
</bind>
</comp>

<comp id="747" class="1005" name="pix_125_reg_747">
<pin_list>
<pin id="748" dir="0" index="0" bw="8" slack="1"/>
<pin id="749" dir="1" index="1" bw="8" slack="1"/>
</pin_list>
<bind>
<opset="pix_125 "/>
</bind>
</comp>

<comp id="752" class="1005" name="pix_130_reg_752">
<pin_list>
<pin id="753" dir="0" index="0" bw="8" slack="1"/>
<pin id="754" dir="1" index="1" bw="8" slack="1"/>
</pin_list>
<bind>
<opset="pix_130 "/>
</bind>
</comp>

</comp_list>

<net_list>
<net id="89"><net_src comp="26" pin="0"/><net_sink comp="86" pin=0"/></net>

<net id="94"><net_src comp="28" pin="0"/><net_sink comp="90" pin=0"/></net>

<net id="95"><net_src comp="24" pin="0"/><net_sink comp="90" pin=1"/></net>

<net id="100"><net_src comp="30" pin="0"/><net_sink comp="96" pin=0"/></net>

<net id="101"><net_src comp="20" pin="0"/><net_sink comp="96" pin=1"/></net>

<net id="106"><net_src comp="28" pin="0"/><net_sink comp="102" pin=0"/></net>

<net id="107"><net_src comp="18" pin="0"/><net_sink comp="102" pin=1"/></net>

<net id="112"><net_src comp="28" pin="0"/><net_sink comp="108" pin=0"/></net>

<net id="113"><net_src comp="16" pin="0"/><net_sink comp="108" pin=1"/></net>

<net id="118"><net_src comp="28" pin="0"/><net_sink comp="114" pin=0"/></net>

<net id="119"><net_src comp="14" pin="0"/><net_sink comp="114" pin=1"/></net>

<net id="124"><net_src comp="28" pin="0"/><net_sink comp="120" pin=0"/></net>

<net id="125"><net_src comp="12" pin="0"/><net_sink comp="120" pin=1"/></net>

<net id="130"><net_src comp="28" pin="0"/><net_sink comp="126" pin=0"/></net>

<net id="131"><net_src comp="10" pin="0"/><net_sink comp="126" pin=1"/></net>

<net id="136"><net_src comp="28" pin="0"/><net_sink comp="132" pin=0"/></net>

<net id="137"><net_src comp="8" pin="0"/><net_sink comp="132" pin=1"/></net>

<net id="142"><net_src comp="28" pin="0"/><net_sink comp="138" pin=0"/></net>

<net id="143"><net_src comp="6" pin="0"/><net_sink comp="138" pin=1"/></net>

<net id="148"><net_src comp="28" pin="0"/><net_sink comp="144" pin=0"/></net>

<net id="149"><net_src comp="2" pin="0"/><net_sink comp="144" pin=1"/></net>

<net id="154"><net_src comp="32" pin="0"/><net_sink comp="150" pin=0"/></net>

<net id="155"><net_src comp="0" pin="0"/><net_sink comp="150" pin=1"/></net>

<net id="160"><net_src comp="72" pin="0"/><net_sink comp="156" pin=0"/></net>

<net id="161"><net_src comp="22" pin="0"/><net_sink comp="156" pin=1"/></net>

<net id="167"><net_src comp="84" pin="0"/><net_sink comp="162" pin=0"/></net>

<net id="168"><net_src comp="4" pin="0"/><net_sink comp="162" pin=1"/></net>

<net id="178"><net_src comp="172" pin="4"/><net_sink comp="169" pin=0"/></net>

<net id="188"><net_src comp="182" pin="4"/><net_sink comp="179" pin=0"/></net>

<net id="198"><net_src comp="192" pin="4"/><net_sink comp="189" pin=0"/></net>

<net id="208"><net_src comp="169" pin="1"/><net_sink comp="202" pin=2"/></net>

<net id="209"><net_src comp="202" pin="4"/><net_sink comp="199" pin=0"/></net>

<net id="219"><net_src comp="179" pin="1"/><net_sink comp="213" pin=2"/></net>

<net id="220"><net_src comp="213" pin="4"/><net_sink comp="210" pin=0"/></net>

<net id="230"><net_src comp="189" pin="1"/><net_sink comp="224" pin=2"/></net>

<net id="231"><net_src comp="224" pin="4"/><net_sink comp="221" pin=0"/></net>

<net id="241"><net_src comp="199" pin="1"/><net_sink comp="235" pin=2"/></net>

<net id="242"><net_src comp="235" pin="4"/><net_sink comp="232" pin=0"/></net>

<net id="252"><net_src comp="210" pin="1"/><net_sink comp="246" pin=2"/></net>

<net id="253"><net_src comp="246" pin="4"/><net_sink comp="243" pin=0"/></net>

<net id="263"><net_src comp="221" pin="1"/><net_sink comp="257" pin=2"/></net>

<net id="264"><net_src comp="257" pin="4"/><net_sink comp="254" pin=0"/></net>

<net id="274"><net_src comp="232" pin="1"/><net_sink comp="268" pin=2"/></net>

<net id="275"><net_src comp="268" pin="4"/><net_sink comp="265" pin=0"/></net>

<net id="285"><net_src comp="243" pin="1"/><net_sink comp="279" pin=2"/></net>

<net id="286"><net_src comp="279" pin="4"/><net_sink comp="276" pin=0"/></net>

<net id="296"><net_src comp="254" pin="1"/><net_sink comp="290" pin=2"/></net>

<net id="297"><net_src comp="290" pin="4"/><net_sink comp="287" pin=0"/></net>

<net id="307"><net_src comp="265" pin="1"/><net_sink comp="301" pin=2"/></net>

<net id="308"><net_src comp="301" pin="4"/><net_sink comp="298" pin=0"/></net>

<net id="318"><net_src comp="276" pin="1"/><net_sink comp="312" pin=2"/></net>

<net id="319"><net_src comp="312" pin="4"/><net_sink comp="309" pin=0"/></net>

<net id="329"><net_src comp="287" pin="1"/><net_sink comp="323" pin=2"/></net>

<net id="330"><net_src comp="323" pin="4"/><net_sink comp="320" pin=0"/></net>

<net id="340"><net_src comp="298" pin="1"/><net_sink comp="334" pin=2"/></net>

<net id="341"><net_src comp="334" pin="4"/><net_sink comp="331" pin=0"/></net>

<net id="351"><net_src comp="309" pin="1"/><net_sink comp="345" pin=2"/></net>

<net id="352"><net_src comp="345" pin="4"/><net_sink comp="342" pin=0"/></net>

<net id="362"><net_src comp="320" pin="1"/><net_sink comp="356" pin=2"/></net>

<net id="363"><net_src comp="356" pin="4"/><net_sink comp="353" pin=0"/></net>

<net id="373"><net_src comp="331" pin="1"/><net_sink comp="367" pin=2"/></net>

<net id="383"><net_src comp="342" pin="1"/><net_sink comp="377" pin=2"/></net>

<net id="393"><net_src comp="353" pin="1"/><net_sink comp="387" pin=2"/></net>

<net id="400"><net_src comp="74" pin="0"/><net_sink comp="394" pin=0"/></net>

<net id="401"><net_src comp="156" pin="2"/><net_sink comp="394" pin=1"/></net>

<net id="402"><net_src comp="66" pin="0"/><net_sink comp="394" pin=2"/></net>

<net id="403"><net_src comp="76" pin="0"/><net_sink comp="394" pin=3"/></net>

<net id="410"><net_src comp="74" pin="0"/><net_sink comp="404" pin=0"/></net>

<net id="411"><net_src comp="156" pin="2"/><net_sink comp="404" pin=1"/></net>

<net id="412"><net_src comp="78" pin="0"/><net_sink comp="404" pin=2"/></net>

<net id="413"><net_src comp="80" pin="0"/><net_sink comp="404" pin=3"/></net>

<net id="417"><net_src comp="394" pin="4"/><net_sink comp="414" pin=0"/></net>

<net id="418"><net_src comp="414" pin="1"/><net_sink comp="182" pin=2"/></net>

<net id="419"><net_src comp="414" pin="1"/><net_sink comp="279" pin=0"/></net>

<net id="420"><net_src comp="414" pin="1"/><net_sink comp="345" pin=0"/></net>

<net id="424"><net_src comp="404" pin="4"/><net_sink comp="421" pin=0"/></net>

<net id="425"><net_src comp="421" pin="1"/><net_sink comp="172" pin=2"/></net>

<net id="426"><net_src comp="421" pin="1"/><net_sink comp="268" pin=0"/></net>

<net id="427"><net_src comp="421" pin="1"/><net_sink comp="334" pin=0"/></net>

<net id="431"><net_src comp="394" pin="4"/><net_sink comp="428" pin=0"/></net>

<net id="432"><net_src comp="428" pin="1"/><net_sink comp="182" pin=0"/></net>

<net id="433"><net_src comp="428" pin="1"/><net_sink comp="246" pin=0"/></net>

<net id="434"><net_src comp="428" pin="1"/><net_sink comp="312" pin=0"/></net>

<net id="438"><net_src comp="404" pin="4"/><net_sink comp="435" pin=0"/></net>

<net id="439"><net_src comp="435" pin="1"/><net_sink comp="172" pin=0"/></net>

<net id="440"><net_src comp="435" pin="1"/><net_sink comp="235" pin=0"/></net>

<net id="441"><net_src comp="435" pin="1"/><net_sink comp="301" pin=0"/></net>

<net id="445"><net_src comp="394" pin="4"/><net_sink comp="442" pin=0"/></net>

<net id="446"><net_src comp="442" pin="1"/><net_sink comp="213" pin=0"/></net>

<net id="447"><net_src comp="442" pin="1"/><net_sink comp="377" pin=0"/></net>

<net id="451"><net_src comp="404" pin="4"/><net_sink comp="448" pin=0"/></net>

<net id="452"><net_src comp="448" pin="1"/><net_sink comp="202" pin=0"/></net>

<net id="453"><net_src comp="448" pin="1"/><net_sink comp="367" pin=0"/></net>

<net id="458"><net_src comp="54" pin="0"/><net_sink comp="454" pin=0"/></net>

<net id="465"><net_src comp="459" pin="1"/><net_sink comp="462" pin=0"/></net>

<net id="470"><net_src comp="459" pin="1"/><net_sink comp="466" pin=0"/></net>

<net id="471"><net_src comp="150" pin="2"/><net_sink comp="466" pin=1"/></net>

<net id="476"><net_src comp="459" pin="1"/><net_sink comp="472" pin=0"/></net>

<net id="477"><net_src comp="62" pin="0"/><net_sink comp="472" pin=1"/></net>

<net id="482"><net_src comp="462" pin="1"/><net_sink comp="478" pin=0"/></net>

<net id="483"><net_src comp="96" pin="2"/><net_sink comp="478" pin=1"/></net>

<net id="488"><net_src comp="478" pin="2"/><net_sink comp="484" pin=0"/></net>

<net id="489"><net_src comp="138" pin="2"/><net_sink comp="484" pin=1"/></net>

<net id="494"><net_src comp="478" pin="2"/><net_sink comp="490" pin=0"/></net>

<net id="495"><net_src comp="144" pin="2"/><net_sink comp="490" pin=1"/></net>

<net id="500"><net_src comp="472" pin="2"/><net_sink comp="496" pin=0"/></net>

<net id="504"><net_src comp="156" pin="2"/><net_sink comp="501" pin=0"/></net>

<net id="512"><net_src comp="156" pin="2"/><net_sink comp="509" pin=0"/></net>

<net id="520"><net_src comp="156" pin="2"/><net_sink comp="517" pin=0"/></net>

<net id="528"><net_src comp="156" pin="2"/><net_sink comp="525" pin=0"/></net>

<net id="556"><net_src comp="82" pin="0"/><net_sink comp="545" pin=0"/></net>

<net id="557"><net_src comp="213" pin="4"/><net_sink comp="545" pin=1"/></net>

<net id="558"><net_src comp="202" pin="4"/><net_sink comp="545" pin=2"/></net>

<net id="559"><net_src comp="189" pin="1"/><net_sink comp="545" pin=3"/></net>

<net id="560"><net_src comp="179" pin="1"/><net_sink comp="545" pin=4"/></net>

<net id="561"><net_src comp="169" pin="1"/><net_sink comp="545" pin=5"/></net>

<net id="562"><net_src comp="414" pin="1"/><net_sink comp="545" pin=7"/></net>

<net id="563"><net_src comp="421" pin="1"/><net_sink comp="545" pin=8"/></net>

<net id="564"><net_src comp="545" pin="9"/><net_sink comp="162" pin=2"/></net>

<net id="568"><net_src comp="156" pin="2"/><net_sink comp="565" pin=0"/></net>

<net id="572"><net_src comp="156" pin="2"/><net_sink comp="569" pin=0"/></net>

<net id="576"><net_src comp="156" pin="2"/><net_sink comp="573" pin=0"/></net>

<net id="588"><net_src comp="82" pin="0"/><net_sink comp="577" pin=0"/></net>

<net id="589"><net_src comp="301" pin="4"/><net_sink comp="577" pin=1"/></net>

<net id="590"><net_src comp="287" pin="1"/><net_sink comp="577" pin=2"/></net>

<net id="591"><net_src comp="276" pin="1"/><net_sink comp="577" pin=3"/></net>

<net id="592"><net_src comp="265" pin="1"/><net_sink comp="577" pin=4"/></net>

<net id="593"><net_src comp="254" pin="1"/><net_sink comp="577" pin=5"/></net>

<net id="594"><net_src comp="243" pin="1"/><net_sink comp="577" pin=6"/></net>

<net id="595"><net_src comp="232" pin="1"/><net_sink comp="577" pin=7"/></net>

<net id="596"><net_src comp="221" pin="1"/><net_sink comp="577" pin=8"/></net>

<net id="597"><net_src comp="577" pin="9"/><net_sink comp="162" pin=2"/></net>

<net id="601"><net_src comp="156" pin="2"/><net_sink comp="598" pin=0"/></net>

<net id="613"><net_src comp="82" pin="0"/><net_sink comp="602" pin=0"/></net>

<net id="614"><net_src comp="387" pin="4"/><net_sink comp="602" pin=1"/></net>

<net id="615"><net_src comp="377" pin="4"/><net_sink comp="602" pin=2"/></net>

<net id="616"><net_src comp="367" pin="4"/><net_sink comp="602" pin=3"/></net>

<net id="617"><net_src comp="353" pin="1"/><net_sink comp="602" pin=4"/></net>

<net id="618"><net_src comp="342" pin="1"/><net_sink comp="602" pin=5"/></net>

<net id="619"><net_src comp="331" pin="1"/><net_sink comp="602" pin=6"/></net>

<net id="620"><net_src comp="320" pin="1"/><net_sink comp="602" pin=7"/></net>

<net id="621"><net_src comp="309" pin="1"/><net_sink comp="602" pin=8"/></net>

<net id="622"><net_src comp="602" pin="9"/><net_sink comp="162" pin=2"/></net>

<net id="626"><net_src comp="86" pin="1"/><net_sink comp="623" pin=0"/></net>

<net id="627"><net_src comp="623" pin="1"/><net_sink comp="454" pin=1"/></net>

<net id="628"><net_src comp="623" pin="1"/><net_sink comp="459" pin=0"/></net>

<net id="629"><net_src comp="623" pin="1"/><net_sink comp="496" pin=1"/></net>

<net id="633"><net_src comp="90" pin="2"/><net_sink comp="630" pin=0"/></net>

<net id="634"><net_src comp="630" pin="1"/><net_sink comp="505" pin=1"/></net>

<net id="638"><net_src comp="102" pin="2"/><net_sink comp="635" pin=0"/></net>

<net id="639"><net_src comp="635" pin="1"/><net_sink comp="513" pin=1"/></net>

<net id="643"><net_src comp="108" pin="2"/><net_sink comp="640" pin=0"/></net>

<net id="644"><net_src comp="640" pin="1"/><net_sink comp="521" pin=1"/></net>

<net id="648"><net_src comp="114" pin="2"/><net_sink comp="645" pin=0"/></net>

<net id="649"><net_src comp="645" pin="1"/><net_sink comp="529" pin=1"/></net>

<net id="653"><net_src comp="120" pin="2"/><net_sink comp="650" pin=0"/></net>

<net id="654"><net_src comp="650" pin="1"/><net_sink comp="533" pin=1"/></net>

<net id="658"><net_src comp="126" pin="2"/><net_sink comp="655" pin=0"/></net>

<net id="659"><net_src comp="655" pin="1"/><net_sink comp="537" pin=1"/></net>

<net id="663"><net_src comp="132" pin="2"/><net_sink comp="660" pin=0"/></net>

<net id="664"><net_src comp="660" pin="1"/><net_sink comp="541" pin=1"/></net>

<net id="668"><net_src comp="466" pin="2"/><net_sink comp="665" pin=0"/></net>

<net id="672"><net_src comp="478" pin="2"/><net_sink comp="669" pin=0"/></net>

<net id="673"><net_src comp="669" pin="1"/><net_sink comp="505" pin=0"/></net>

<net id="674"><net_src comp="669" pin="1"/><net_sink comp="513" pin=0"/></net>

<net id="675"><net_src comp="669" pin="1"/><net_sink comp="521" pin=0"/></net>

<net id="676"><net_src comp="669" pin="1"/><net_sink comp="529" pin=0"/></net>

<net id="677"><net_src comp="669" pin="1"/><net_sink comp="533" pin=0"/></net>

<net id="678"><net_src comp="669" pin="1"/><net_sink comp="537" pin=0"/></net>

<net id="679"><net_src comp="669" pin="1"/><net_sink comp="541" pin=0"/></net>

<net id="683"><net_src comp="484" pin="2"/><net_sink comp="680" pin=0"/></net>

<net id="687"><net_src comp="490" pin="2"/><net_sink comp="684" pin=0"/></net>

<net id="691"><net_src comp="501" pin="1"/><net_sink comp="688" pin=0"/></net>

<net id="692"><net_src comp="688" pin="1"/><net_sink comp="192" pin=2"/></net>

<net id="693"><net_src comp="688" pin="1"/><net_sink comp="545" pin=6"/></net>

<net id="697"><net_src comp="505" pin="2"/><net_sink comp="694" pin=0"/></net>

<net id="701"><net_src comp="509" pin="1"/><net_sink comp="698" pin=0"/></net>

<net id="702"><net_src comp="698" pin="1"/><net_sink comp="192" pin=0"/></net>

<net id="706"><net_src comp="513" pin="2"/><net_sink comp="703" pin=0"/></net>

<net id="710"><net_src comp="517" pin="1"/><net_sink comp="707" pin=0"/></net>

<net id="711"><net_src comp="707" pin="1"/><net_sink comp="224" pin=0"/></net>

<net id="715"><net_src comp="521" pin="2"/><net_sink comp="712" pin=0"/></net>

<net id="719"><net_src comp="525" pin="1"/><net_sink comp="716" pin=0"/></net>

<net id="720"><net_src comp="716" pin="1"/><net_sink comp="257" pin=0"/></net>

<net id="724"><net_src comp="529" pin="2"/><net_sink comp="721" pin=0"/></net>

<net id="728"><net_src comp="533" pin="2"/><net_sink comp="725" pin=0"/></net>

<net id="732"><net_src comp="537" pin="2"/><net_sink comp="729" pin=0"/></net>

<net id="736"><net_src comp="541" pin="2"/><net_sink comp="733" pin=0"/></net>

<net id="740"><net_src comp="565" pin="1"/><net_sink comp="737" pin=0"/></net>

<net id="741"><net_src comp="737" pin="1"/><net_sink comp="290" pin=0"/></net>

<net id="745"><net_src comp="569" pin="1"/><net_sink comp="742" pin=0"/></net>

<net id="746"><net_src comp="742" pin="1"/><net_sink comp="323" pin=0"/></net>

<net id="750"><net_src comp="573" pin="1"/><net_sink comp="747" pin=0"/></net>

<net id="751"><net_src comp="747" pin="1"/><net_sink comp="356" pin=0"/></net>

<net id="755"><net_src comp="598" pin="1"/><net_sink comp="752" pin=0"/></net>

<net id="756"><net_src comp="752" pin="1"/><net_sink comp="387" pin=0"/></net>

</net_list>

</model> 
---------------- Datapath Model END ------------------

* FSMD analyzer results:
  - Output states:
	Port: bytePlanes_plane0 | {5 8 10 }
 - Input state : 
	Port: MultiPixStream2Bytes_Pipeline_VITIS_LOOP_1333_29 : trunc_ln6 | {1 }
	Port: MultiPixStream2Bytes_Pipeline_VITIS_LOOP_1333_29 : icmp_ln1353_1 | {1 }
	Port: MultiPixStream2Bytes_Pipeline_VITIS_LOOP_1333_29 : empty | {1 }
	Port: MultiPixStream2Bytes_Pipeline_VITIS_LOOP_1333_29 : icmp_ln1319 | {1 }
	Port: MultiPixStream2Bytes_Pipeline_VITIS_LOOP_1333_29 : icmp_ln1338_5 | {1 }
	Port: MultiPixStream2Bytes_Pipeline_VITIS_LOOP_1333_29 : icmp_ln1338_4 | {1 }
	Port: MultiPixStream2Bytes_Pipeline_VITIS_LOOP_1333_29 : icmp_ln1338_3 | {1 }
	Port: MultiPixStream2Bytes_Pipeline_VITIS_LOOP_1333_29 : icmp47 | {1 }
	Port: MultiPixStream2Bytes_Pipeline_VITIS_LOOP_1333_29 : icmp_ln1338_1 | {1 }
	Port: MultiPixStream2Bytes_Pipeline_VITIS_LOOP_1333_29 : add_ln1338 | {1 }
	Port: MultiPixStream2Bytes_Pipeline_VITIS_LOOP_1333_29 : img | {2 3 4 5 6 7 8 9 }
	Port: MultiPixStream2Bytes_Pipeline_VITIS_LOOP_1333_29 : icmp44 | {1 }
  - Chain level:
	State 1
		store_ln1333 : 1
		x : 1
		zext_ln1333 : 2
		icmp_ln1333 : 2
		x_12 : 2
		br_ln1333 : 3
		icmp_ln1338 : 3
		or_ln1353 : 4
		br_ln1353 : 4
		or_ln1353_1 : 4
		br_ln1353 : 4
		store_ln1333 : 3
	State 2
	State 3
	State 4
	State 5
		tmp_8 : 1
		write_ln1354 : 2
	State 6
	State 7
	State 8
		tmp_s : 1
		write_ln1354 : 2
	State 9
	State 10
		tmp_2 : 1
		write_ln1354 : 2


============================================================
+ Verbose Summary: Datapath Resource usage 
============================================================

* Functional unit list:
|----------|--------------------------------|---------|---------|
| Operation|         Functional Unit        |    FF   |   LUT   |
|----------|--------------------------------|---------|---------|
|   icmp   |       icmp_ln1333_fu_466       |    0    |    9    |
|          |       icmp_ln1338_fu_478       |    0    |    10   |
|----------|--------------------------------|---------|---------|
|    add   |           x_12_fu_472          |    0    |    9    |
|----------|--------------------------------|---------|---------|
|          |        or_ln1353_fu_484        |    0    |    1    |
|          |       or_ln1353_1_fu_490       |    0    |    1    |
|          |        or_ln1338_fu_505        |    0    |    1    |
|          |       or_ln1338_1_fu_513       |    0    |    1    |
|    or    |       or_ln1338_2_fu_521       |    0    |    1    |
|          |       or_ln1338_3_fu_529       |    0    |    1    |
|          |       or_ln1338_4_fu_533       |    0    |    1    |
|          |       or_ln1338_5_fu_537       |    0    |    1    |
|          |       or_ln1338_6_fu_541       |    0    |    1    |
|----------|--------------------------------|---------|---------|
|          |     icmp44_read_read_fu_90     |    0    |    0    |
|          |   add_ln1338_read_read_fu_96   |    0    |    0    |
|          | icmp_ln1338_1_read_read_fu_102 |    0    |    0    |
|          |     icmp47_read_read_fu_108    |    0    |    0    |
|          | icmp_ln1338_3_read_read_fu_114 |    0    |    0    |
|   read   | icmp_ln1338_4_read_read_fu_120 |    0    |    0    |
|          | icmp_ln1338_5_read_read_fu_126 |    0    |    0    |
|          |  icmp_ln1319_read_read_fu_132  |    0    |    0    |
|          |         tmp_read_fu_138        |    0    |    0    |
|          | icmp_ln1353_1_read_read_fu_144 |    0    |    0    |
|          |   trunc_ln6_read_read_fu_150   |    0    |    0    |
|          |         grp_read_fu_156        |    0    |    0    |
|----------|--------------------------------|---------|---------|
|   write  |        grp_write_fu_162        |    0    |    0    |
|----------|--------------------------------|---------|---------|
|partselect|           grp_fu_394           |    0    |    0    |
|          |           grp_fu_404           |    0    |    0    |
|----------|--------------------------------|---------|---------|
|   zext   |       zext_ln1333_fu_462       |    0    |    0    |
|----------|--------------------------------|---------|---------|
|          |           pix_fu_501           |    0    |    0    |
|          |         pix_109_fu_509         |    0    |    0    |
|          |         pix_111_fu_517         |    0    |    0    |
|   trunc  |         pix_113_fu_525         |    0    |    0    |
|          |         pix_115_fu_565         |    0    |    0    |
|          |         pix_120_fu_569         |    0    |    0    |
|          |         pix_125_fu_573         |    0    |    0    |
|          |         pix_130_fu_598         |    0    |    0    |
|----------|--------------------------------|---------|---------|
|          |          tmp_8_fu_545          |    0    |    0    |
|bitconcatenate|          tmp_s_fu_577          |    0    |    0    |
|          |          tmp_2_fu_602          |    0    |    0    |
|----------|--------------------------------|---------|---------|
|   Total  |                                |    0    |    37   |
|----------|--------------------------------|---------|---------|

Memories:
N/A

* Register list:
+--------------------------+--------+
|                          |   FF   |
+--------------------------+--------+
|    icmp44_read_reg_630   |    1   |
|    icmp47_read_reg_640   |    1   |
| icmp_ln1319_read_reg_660 |    1   |
|    icmp_ln1333_reg_665   |    1   |
|icmp_ln1338_1_read_reg_635|    1   |
|icmp_ln1338_3_read_reg_645|    1   |
|icmp_ln1338_4_read_reg_650|    1   |
|icmp_ln1338_5_read_reg_655|    1   |
|    icmp_ln1338_reg_669   |    1   |
|    or_ln1338_1_reg_703   |    1   |
|    or_ln1338_2_reg_712   |    1   |
|    or_ln1338_3_reg_721   |    1   |
|    or_ln1338_4_reg_725   |    1   |
|    or_ln1338_5_reg_729   |    1   |
|    or_ln1338_6_reg_733   |    1   |
|     or_ln1338_reg_694    |    1   |
|    or_ln1353_1_reg_684   |    1   |
|     or_ln1353_reg_680    |    1   |
|      pix_105_reg_254     |    8   |
|      pix_106_reg_243     |    8   |
|      pix_107_reg_232     |    8   |
|      pix_109_reg_698     |    8   |
|      pix_111_reg_707     |    8   |
|      pix_113_reg_716     |    8   |
|      pix_115_reg_737     |    8   |
|      pix_117_reg_287     |    8   |
|      pix_118_reg_276     |    8   |
|      pix_119_reg_265     |    8   |
|      pix_120_reg_742     |    8   |
|      pix_122_reg_320     |    8   |
|      pix_123_reg_309     |    8   |
|      pix_124_reg_298     |    8   |
|      pix_125_reg_747     |    8   |
|      pix_127_reg_353     |    8   |
|      pix_128_reg_342     |    8   |
|      pix_129_reg_331     |    8   |
|      pix_130_reg_752     |    8   |
|      pix_132_reg_384     |    8   |
|      pix_133_reg_374     |    8   |
|      pix_134_reg_364     |    8   |
|      pix_53_reg_189      |    8   |
|      pix_54_reg_179      |    8   |
|      pix_57_reg_169      |    8   |
|      pix_79_reg_221      |    8   |
|      pix_80_reg_210      |    8   |
|      pix_83_reg_199      |    8   |
|        pix_reg_688       |    8   |
|          reg_414         |    8   |
|          reg_421         |    8   |
|          reg_428         |    8   |
|          reg_435         |    8   |
|          reg_442         |    8   |
|          reg_448         |    8   |
|        x_9_reg_623       |    9   |
+--------------------------+--------+
|           Total          |   307  |
+--------------------------+--------+

* Multiplexer (MUX) list: 
|------------------|------|------|------|--------||---------||---------||---------|
|       Comp       |  Pin | Size |  BW  | S x BW ||  Delay  ||    FF   ||   LUT   |
|------------------|------|------|------|--------||---------||---------||---------|
| grp_write_fu_162 |  p2  |   3  |  64  |   192  ||    0    ||    13   |
|------------------|------|------|------|--------||---------||---------||---------|
|       Total      |      |      |      |   192  || 1.32507 ||    0    ||    13   |
|------------------|------|------|------|--------||---------||---------||---------|



* Summary:
+-----------+--------+--------+--------+
|           |  Delay |   FF   |   LUT  |
+-----------+--------+--------+--------+
|  Function |    -   |    0   |   37   |
|   Memory  |    -   |    -   |    -   |
|Multiplexer|    1   |    0   |   13   |
|  Register |    -   |   307  |    -   |
+-----------+--------+--------+--------+
|   Total   |    1   |   307  |   50   |
+-----------+--------+--------+--------+
