==============================================================
Vitis HLS - High-Level Synthesis from C, C++ and OpenCL v2025.2 (64-bit)
Tool Version Limit: 2025.11
Copyright 1986-2022 Xilinx, Inc. All Rights Reserved.
Copyright 2022-2025 Advanced Micro Devices, Inc. All Rights Reserved.

==============================================================
INFO: [HLS 200-1505] Using default flow_target 'vivado'
INFO: [HLS 200-1510] Running: set_part xc7z020clg400-2 
INFO: [HLS 200-1611] Setting target device to 'xc7z020-clg400-2'
INFO: [HLS 200-1510] Running: add_files -cflags  -I /home/serg/Documents/Xilinx/z700_hdmi/HDMI_MIXER/hdmi_mixer.gen/sources_1/bd/design_1/ip/design_1_v_frmbuf_rd_0_0/src/hls -I /home/serg/Documents/Xilinx/z700_hdmi/HDMI_MIXER/hdmi_mixer.gen/sources_1/bd/design_1/ip/design_1_v_frmbuf_rd_0_0/src  /home/serg/Documents/Xilinx/z700_hdmi/HDMI_MIXER/hdmi_mixer.gen/sources_1/bd/design_1/ip/design_1_v_frmbuf_rd_0_0/src/v_frmbuf_rd_config.h 
INFO: [HLS 200-10] Adding design file '/home/serg/Documents/Xilinx/z700_hdmi/HDMI_MIXER/hdmi_mixer.gen/sources_1/bd/design_1/ip/design_1_v_frmbuf_rd_0_0/src/v_frmbuf_rd_config.h' to the project
INFO: [HLS 200-1510] Running: add_files -cflags  -I /home/serg/Documents/Xilinx/z700_hdmi/HDMI_MIXER/hdmi_mixer.gen/sources_1/bd/design_1/ip/design_1_v_frmbuf_rd_0_0/src/hls -I /home/serg/Documents/Xilinx/z700_hdmi/HDMI_MIXER/hdmi_mixer.gen/sources_1/bd/design_1/ip/design_1_v_frmbuf_rd_0_0/src  /home/serg/Documents/Xilinx/z700_hdmi/HDMI_MIXER/hdmi_mixer.gen/sources_1/bd/design_1/ip/design_1_v_frmbuf_rd_0_0/src/v_frmbuf_rd.cpp 
INFO: [HLS 200-10] Adding design file '/home/serg/Documents/Xilinx/z700_hdmi/HDMI_MIXER/hdmi_mixer.gen/sources_1/bd/design_1/ip/design_1_v_frmbuf_rd_0_0/src/v_frmbuf_rd.cpp' to the project
INFO: [HLS 200-1510] Running: add_files -cflags  -I /home/serg/Documents/Xilinx/z700_hdmi/HDMI_MIXER/hdmi_mixer.gen/sources_1/bd/design_1/ip/design_1_v_frmbuf_rd_0_0/src/hls -I /home/serg/Documents/Xilinx/z700_hdmi/HDMI_MIXER/hdmi_mixer.gen/sources_1/bd/design_1/ip/design_1_v_frmbuf_rd_0_0/src  /home/serg/Documents/Xilinx/z700_hdmi/HDMI_MIXER/hdmi_mixer.gen/sources_1/bd/design_1/ip/design_1_v_frmbuf_rd_0_0/src/v_frmbuf_rd.h 
INFO: [HLS 200-10] Adding design file '/home/serg/Documents/Xilinx/z700_hdmi/HDMI_MIXER/hdmi_mixer.gen/sources_1/bd/design_1/ip/design_1_v_frmbuf_rd_0_0/src/v_frmbuf_rd.h' to the project
INFO: [HLS 200-1510] Running: add_files -cflags  -I /home/serg/Documents/Xilinx/z700_hdmi/HDMI_MIXER/hdmi_mixer.gen/sources_1/bd/design_1/ip/design_1_v_frmbuf_rd_0_0/src/hls -I /home/serg/Documents/Xilinx/z700_hdmi/HDMI_MIXER/hdmi_mixer.gen/sources_1/bd/design_1/ip/design_1_v_frmbuf_rd_0_0/src  /home/serg/Documents/Xilinx/z700_hdmi/HDMI_MIXER/hdmi_mixer.gen/sources_1/bd/design_1/ip/design_1_v_frmbuf_rd_0_0/src/hls_video.h 
INFO: [HLS 200-10] Adding design file '/home/serg/Documents/Xilinx/z700_hdmi/HDMI_MIXER/hdmi_mixer.gen/sources_1/bd/design_1/ip/design_1_v_frmbuf_rd_0_0/src/hls_video.h' to the project
INFO: [HLS 200-1510] Running: add_files -cflags  -I /home/serg/Documents/Xilinx/z700_hdmi/HDMI_MIXER/hdmi_mixer.gen/sources_1/bd/design_1/ip/design_1_v_frmbuf_rd_0_0/src/hls -I /home/serg/Documents/Xilinx/z700_hdmi/HDMI_MIXER/hdmi_mixer.gen/sources_1/bd/design_1/ip/design_1_v_frmbuf_rd_0_0/src  /home/serg/Documents/Xilinx/z700_hdmi/HDMI_MIXER/hdmi_mixer.gen/sources_1/bd/design_1/ip/design_1_v_frmbuf_rd_0_0/src/hls_opencv.h 
INFO: [HLS 200-10] Adding design file '/home/serg/Documents/Xilinx/z700_hdmi/HDMI_MIXER/hdmi_mixer.gen/sources_1/bd/design_1/ip/design_1_v_frmbuf_rd_0_0/src/hls_opencv.h' to the project
INFO: [HLS 200-1510] Running: add_files -cflags  -I /home/serg/Documents/Xilinx/z700_hdmi/HDMI_MIXER/hdmi_mixer.gen/sources_1/bd/design_1/ip/design_1_v_frmbuf_rd_0_0/src/hls -I /home/serg/Documents/Xilinx/z700_hdmi/HDMI_MIXER/hdmi_mixer.gen/sources_1/bd/design_1/ip/design_1_v_frmbuf_rd_0_0/src  /home/serg/Documents/Xilinx/z700_hdmi/HDMI_MIXER/hdmi_mixer.gen/sources_1/bd/design_1/ip/design_1_v_frmbuf_rd_0_0/src/hls/hls_axi_io.h 
INFO: [HLS 200-10] Adding design file '/home/serg/Documents/Xilinx/z700_hdmi/HDMI_MIXER/hdmi_mixer.gen/sources_1/bd/design_1/ip/design_1_v_frmbuf_rd_0_0/src/hls/hls_axi_io.h' to the project
INFO: [HLS 200-1510] Running: add_files -cflags  -I /home/serg/Documents/Xilinx/z700_hdmi/HDMI_MIXER/hdmi_mixer.gen/sources_1/bd/design_1/ip/design_1_v_frmbuf_rd_0_0/src/hls -I /home/serg/Documents/Xilinx/z700_hdmi/HDMI_MIXER/hdmi_mixer.gen/sources_1/bd/design_1/ip/design_1_v_frmbuf_rd_0_0/src  /home/serg/Documents/Xilinx/z700_hdmi/HDMI_MIXER/hdmi_mixer.gen/sources_1/bd/design_1/ip/design_1_v_frmbuf_rd_0_0/src/hls/hls_video_arithm.h 
INFO: [HLS 200-10] Adding design file '/home/serg/Documents/Xilinx/z700_hdmi/HDMI_MIXER/hdmi_mixer.gen/sources_1/bd/design_1/ip/design_1_v_frmbuf_rd_0_0/src/hls/hls_video_arithm.h' to the project
INFO: [HLS 200-1510] Running: add_files -cflags  -I /home/serg/Documents/Xilinx/z700_hdmi/HDMI_MIXER/hdmi_mixer.gen/sources_1/bd/design_1/ip/design_1_v_frmbuf_rd_0_0/src/hls -I /home/serg/Documents/Xilinx/z700_hdmi/HDMI_MIXER/hdmi_mixer.gen/sources_1/bd/design_1/ip/design_1_v_frmbuf_rd_0_0/src  /home/serg/Documents/Xilinx/z700_hdmi/HDMI_MIXER/hdmi_mixer.gen/sources_1/bd/design_1/ip/design_1_v_frmbuf_rd_0_0/src/hls/hls_video_core.h 
INFO: [HLS 200-10] Adding design file '/home/serg/Documents/Xilinx/z700_hdmi/HDMI_MIXER/hdmi_mixer.gen/sources_1/bd/design_1/ip/design_1_v_frmbuf_rd_0_0/src/hls/hls_video_core.h' to the project
INFO: [HLS 200-1510] Running: add_files -cflags  -I /home/serg/Documents/Xilinx/z700_hdmi/HDMI_MIXER/hdmi_mixer.gen/sources_1/bd/design_1/ip/design_1_v_frmbuf_rd_0_0/src/hls -I /home/serg/Documents/Xilinx/z700_hdmi/HDMI_MIXER/hdmi_mixer.gen/sources_1/bd/design_1/ip/design_1_v_frmbuf_rd_0_0/src  /home/serg/Documents/Xilinx/z700_hdmi/HDMI_MIXER/hdmi_mixer.gen/sources_1/bd/design_1/ip/design_1_v_frmbuf_rd_0_0/src/hls/hls_video_fast.h 
INFO: [HLS 200-10] Adding design file '/home/serg/Documents/Xilinx/z700_hdmi/HDMI_MIXER/hdmi_mixer.gen/sources_1/bd/design_1/ip/design_1_v_frmbuf_rd_0_0/src/hls/hls_video_fast.h' to the project
INFO: [HLS 200-1510] Running: add_files -cflags  -I /home/serg/Documents/Xilinx/z700_hdmi/HDMI_MIXER/hdmi_mixer.gen/sources_1/bd/design_1/ip/design_1_v_frmbuf_rd_0_0/src/hls -I /home/serg/Documents/Xilinx/z700_hdmi/HDMI_MIXER/hdmi_mixer.gen/sources_1/bd/design_1/ip/design_1_v_frmbuf_rd_0_0/src  /home/serg/Documents/Xilinx/z700_hdmi/HDMI_MIXER/hdmi_mixer.gen/sources_1/bd/design_1/ip/design_1_v_frmbuf_rd_0_0/src/hls/hls_video_haar.h 
INFO: [HLS 200-10] Adding design file '/home/serg/Documents/Xilinx/z700_hdmi/HDMI_MIXER/hdmi_mixer.gen/sources_1/bd/design_1/ip/design_1_v_frmbuf_rd_0_0/src/hls/hls_video_haar.h' to the project
INFO: [HLS 200-1510] Running: add_files -cflags  -I /home/serg/Documents/Xilinx/z700_hdmi/HDMI_MIXER/hdmi_mixer.gen/sources_1/bd/design_1/ip/design_1_v_frmbuf_rd_0_0/src/hls -I /home/serg/Documents/Xilinx/z700_hdmi/HDMI_MIXER/hdmi_mixer.gen/sources_1/bd/design_1/ip/design_1_v_frmbuf_rd_0_0/src  /home/serg/Documents/Xilinx/z700_hdmi/HDMI_MIXER/hdmi_mixer.gen/sources_1/bd/design_1/ip/design_1_v_frmbuf_rd_0_0/src/hls/hls_video_harris.h 
INFO: [HLS 200-10] Adding design file '/home/serg/Documents/Xilinx/z700_hdmi/HDMI_MIXER/hdmi_mixer.gen/sources_1/bd/design_1/ip/design_1_v_frmbuf_rd_0_0/src/hls/hls_video_harris.h' to the project
INFO: [HLS 200-1510] Running: add_files -cflags  -I /home/serg/Documents/Xilinx/z700_hdmi/HDMI_MIXER/hdmi_mixer.gen/sources_1/bd/design_1/ip/design_1_v_frmbuf_rd_0_0/src/hls -I /home/serg/Documents/Xilinx/z700_hdmi/HDMI_MIXER/hdmi_mixer.gen/sources_1/bd/design_1/ip/design_1_v_frmbuf_rd_0_0/src  /home/serg/Documents/Xilinx/z700_hdmi/HDMI_MIXER/hdmi_mixer.gen/sources_1/bd/design_1/ip/design_1_v_frmbuf_rd_0_0/src/hls/hls_video_histogram.h 
INFO: [HLS 200-10] Adding design file '/home/serg/Documents/Xilinx/z700_hdmi/HDMI_MIXER/hdmi_mixer.gen/sources_1/bd/design_1/ip/design_1_v_frmbuf_rd_0_0/src/hls/hls_video_histogram.h' to the project
INFO: [HLS 200-1510] Running: add_files -cflags  -I /home/serg/Documents/Xilinx/z700_hdmi/HDMI_MIXER/hdmi_mixer.gen/sources_1/bd/design_1/ip/design_1_v_frmbuf_rd_0_0/src/hls -I /home/serg/Documents/Xilinx/z700_hdmi/HDMI_MIXER/hdmi_mixer.gen/sources_1/bd/design_1/ip/design_1_v_frmbuf_rd_0_0/src  /home/serg/Documents/Xilinx/z700_hdmi/HDMI_MIXER/hdmi_mixer.gen/sources_1/bd/design_1/ip/design_1_v_frmbuf_rd_0_0/src/hls/hls_video_hough.h 
INFO: [HLS 200-10] Adding design file '/home/serg/Documents/Xilinx/z700_hdmi/HDMI_MIXER/hdmi_mixer.gen/sources_1/bd/design_1/ip/design_1_v_frmbuf_rd_0_0/src/hls/hls_video_hough.h' to the project
INFO: [HLS 200-1510] Running: add_files -cflags  -I /home/serg/Documents/Xilinx/z700_hdmi/HDMI_MIXER/hdmi_mixer.gen/sources_1/bd/design_1/ip/design_1_v_frmbuf_rd_0_0/src/hls -I /home/serg/Documents/Xilinx/z700_hdmi/HDMI_MIXER/hdmi_mixer.gen/sources_1/bd/design_1/ip/design_1_v_frmbuf_rd_0_0/src  /home/serg/Documents/Xilinx/z700_hdmi/HDMI_MIXER/hdmi_mixer.gen/sources_1/bd/design_1/ip/design_1_v_frmbuf_rd_0_0/src/hls/hls_video_imgbase.h 
INFO: [HLS 200-10] Adding design file '/home/serg/Documents/Xilinx/z700_hdmi/HDMI_MIXER/hdmi_mixer.gen/sources_1/bd/design_1/ip/design_1_v_frmbuf_rd_0_0/src/hls/hls_video_imgbase.h' to the project
INFO: [HLS 200-1510] Running: add_files -cflags  -I /home/serg/Documents/Xilinx/z700_hdmi/HDMI_MIXER/hdmi_mixer.gen/sources_1/bd/design_1/ip/design_1_v_frmbuf_rd_0_0/src/hls -I /home/serg/Documents/Xilinx/z700_hdmi/HDMI_MIXER/hdmi_mixer.gen/sources_1/bd/design_1/ip/design_1_v_frmbuf_rd_0_0/src  /home/serg/Documents/Xilinx/z700_hdmi/HDMI_MIXER/hdmi_mixer.gen/sources_1/bd/design_1/ip/design_1_v_frmbuf_rd_0_0/src/hls/hls_video_imgproc.h 
INFO: [HLS 200-10] Adding design file '/home/serg/Documents/Xilinx/z700_hdmi/HDMI_MIXER/hdmi_mixer.gen/sources_1/bd/design_1/ip/design_1_v_frmbuf_rd_0_0/src/hls/hls_video_imgproc.h' to the project
INFO: [HLS 200-1510] Running: add_files -cflags  -I /home/serg/Documents/Xilinx/z700_hdmi/HDMI_MIXER/hdmi_mixer.gen/sources_1/bd/design_1/ip/design_1_v_frmbuf_rd_0_0/src/hls -I /home/serg/Documents/Xilinx/z700_hdmi/HDMI_MIXER/hdmi_mixer.gen/sources_1/bd/design_1/ip/design_1_v_frmbuf_rd_0_0/src  /home/serg/Documents/Xilinx/z700_hdmi/HDMI_MIXER/hdmi_mixer.gen/sources_1/bd/design_1/ip/design_1_v_frmbuf_rd_0_0/src/hls/hls_video_io.h 
INFO: [HLS 200-10] Adding design file '/home/serg/Documents/Xilinx/z700_hdmi/HDMI_MIXER/hdmi_mixer.gen/sources_1/bd/design_1/ip/design_1_v_frmbuf_rd_0_0/src/hls/hls_video_io.h' to the project
INFO: [HLS 200-1510] Running: add_files -cflags  -I /home/serg/Documents/Xilinx/z700_hdmi/HDMI_MIXER/hdmi_mixer.gen/sources_1/bd/design_1/ip/design_1_v_frmbuf_rd_0_0/src/hls -I /home/serg/Documents/Xilinx/z700_hdmi/HDMI_MIXER/hdmi_mixer.gen/sources_1/bd/design_1/ip/design_1_v_frmbuf_rd_0_0/src  /home/serg/Documents/Xilinx/z700_hdmi/HDMI_MIXER/hdmi_mixer.gen/sources_1/bd/design_1/ip/design_1_v_frmbuf_rd_0_0/src/hls/hls_video_mem.h 
INFO: [HLS 200-10] Adding design file '/home/serg/Documents/Xilinx/z700_hdmi/HDMI_MIXER/hdmi_mixer.gen/sources_1/bd/design_1/ip/design_1_v_frmbuf_rd_0_0/src/hls/hls_video_mem.h' to the project
INFO: [HLS 200-1510] Running: add_files -cflags  -I /home/serg/Documents/Xilinx/z700_hdmi/HDMI_MIXER/hdmi_mixer.gen/sources_1/bd/design_1/ip/design_1_v_frmbuf_rd_0_0/src/hls -I /home/serg/Documents/Xilinx/z700_hdmi/HDMI_MIXER/hdmi_mixer.gen/sources_1/bd/design_1/ip/design_1_v_frmbuf_rd_0_0/src  /home/serg/Documents/Xilinx/z700_hdmi/HDMI_MIXER/hdmi_mixer.gen/sources_1/bd/design_1/ip/design_1_v_frmbuf_rd_0_0/src/hls/hls_video_stereobm.h 
INFO: [HLS 200-10] Adding design file '/home/serg/Documents/Xilinx/z700_hdmi/HDMI_MIXER/hdmi_mixer.gen/sources_1/bd/design_1/ip/design_1_v_frmbuf_rd_0_0/src/hls/hls_video_stereobm.h' to the project
INFO: [HLS 200-1510] Running: add_files -cflags  -I /home/serg/Documents/Xilinx/z700_hdmi/HDMI_MIXER/hdmi_mixer.gen/sources_1/bd/design_1/ip/design_1_v_frmbuf_rd_0_0/src/hls -I /home/serg/Documents/Xilinx/z700_hdmi/HDMI_MIXER/hdmi_mixer.gen/sources_1/bd/design_1/ip/design_1_v_frmbuf_rd_0_0/src  /home/serg/Documents/Xilinx/z700_hdmi/HDMI_MIXER/hdmi_mixer.gen/sources_1/bd/design_1/ip/design_1_v_frmbuf_rd_0_0/src/hls/hls_video_types.h 
INFO: [HLS 200-10] Adding design file '/home/serg/Documents/Xilinx/z700_hdmi/HDMI_MIXER/hdmi_mixer.gen/sources_1/bd/design_1/ip/design_1_v_frmbuf_rd_0_0/src/hls/hls_video_types.h' to the project
INFO: [HLS 200-1510] Running: add_files -cflags  -I /home/serg/Documents/Xilinx/z700_hdmi/HDMI_MIXER/hdmi_mixer.gen/sources_1/bd/design_1/ip/design_1_v_frmbuf_rd_0_0/src/hls -I /home/serg/Documents/Xilinx/z700_hdmi/HDMI_MIXER/hdmi_mixer.gen/sources_1/bd/design_1/ip/design_1_v_frmbuf_rd_0_0/src  /home/serg/Documents/Xilinx/z700_hdmi/HDMI_MIXER/hdmi_mixer.gen/sources_1/bd/design_1/ip/design_1_v_frmbuf_rd_0_0/src/hls/hls_video_undistort.h 
INFO: [HLS 200-10] Adding design file '/home/serg/Documents/Xilinx/z700_hdmi/HDMI_MIXER/hdmi_mixer.gen/sources_1/bd/design_1/ip/design_1_v_frmbuf_rd_0_0/src/hls/hls_video_undistort.h' to the project
INFO: [HLS 200-1510] Running: create_clock -period 6.522 -name ap_clk 
INFO: [SYN 201-201] Setting up clock 'ap_clk' with a period of 6.522ns.
INFO: [HLS 200-1510] Running: config_rtl -reset all 
INFO: [HLS 200-1510] Running: config_interface -m_axi_flush_mode 
INFO: [HLS 200-1510] Running: config_interface -m_axi_conservative_mode 
INFO: [HLS 200-1510] Running: config_interface -m_axi_addr64=false 
INFO: [HLS 200-1510] Running: config_rtl -module_prefix design_1_v_frmbuf_rd_0_0_ 
INFO: [HLS 200-1510] Running: config_export -vendor xilinx.com -library ip -version 3.0 
INFO: [HLS 200-1510] Running: csynth_design 
INFO: [HLS 200-111] Finished File checks and directory preparation: CPU user time: 0.06 seconds. CPU system time: 0.06 seconds. Elapsed time: 0.11 seconds; current allocated memory: 234.625 MB.
INFO: [HLS 200-2191] C-Synthesis will use clang-16 as the compiler
INFO: [HLS 200-10] Analyzing design file '/home/serg/Documents/Xilinx/z700_hdmi/HDMI_MIXER/hdmi_mixer.gen/sources_1/bd/design_1/ip/design_1_v_frmbuf_rd_0_0/src/v_frmbuf_rd.cpp' ... 
INFO: [HLS 200-111] Finished Source Code Analysis and Preprocessing: CPU user time: 29.1 seconds. CPU system time: 1.14 seconds. Elapsed time: 31.15 seconds; current allocated memory: 263.816 MB.
INFO: [HLS 200-777] Using interface defaults for 'Vivado' flow target.
INFO: [HLS 200-1995] There were 10,524 instructions in the design after the 'Compile/Link' phase of compilation. See the Design Size Report for more details (/home/serg/Documents/Xilinx/z700_hdmi/HDMI_MIXER/hdmi_mixer.runs/design_1_v_frmbuf_rd_0_0_synth_1/prj/sol/syn/report/csynth_design_size.rpt:2)
INFO: [HLS 200-1995] There were 2,959 instructions in the design after the 'Unroll/Inline (step 1)' phase of compilation. See the Design Size Report for more details (/home/serg/Documents/Xilinx/z700_hdmi/HDMI_MIXER/hdmi_mixer.runs/design_1_v_frmbuf_rd_0_0_synth_1/prj/sol/syn/report/csynth_design_size.rpt:2)
INFO: [HLS 200-1995] There were 1,841 instructions in the design after the 'Unroll/Inline (step 2)' phase of compilation. See the Design Size Report for more details (/home/serg/Documents/Xilinx/z700_hdmi/HDMI_MIXER/hdmi_mixer.runs/design_1_v_frmbuf_rd_0_0_synth_1/prj/sol/syn/report/csynth_design_size.rpt:2)
INFO: [HLS 200-1995] There were 1,534 instructions in the design after the 'Unroll/Inline (step 3)' phase of compilation. See the Design Size Report for more details (/home/serg/Documents/Xilinx/z700_hdmi/HDMI_MIXER/hdmi_mixer.runs/design_1_v_frmbuf_rd_0_0_synth_1/prj/sol/syn/report/csynth_design_size.rpt:2)
INFO: [HLS 200-1995] There were 1,504 instructions in the design after the 'Unroll/Inline (step 4)' phase of compilation. See the Design Size Report for more details (/home/serg/Documents/Xilinx/z700_hdmi/HDMI_MIXER/hdmi_mixer.runs/design_1_v_frmbuf_rd_0_0_synth_1/prj/sol/syn/report/csynth_design_size.rpt:2)
INFO: [HLS 200-1995] There were 1,430 instructions in the design after the 'Array/Struct (step 1)' phase of compilation. See the Design Size Report for more details (/home/serg/Documents/Xilinx/z700_hdmi/HDMI_MIXER/hdmi_mixer.runs/design_1_v_frmbuf_rd_0_0_synth_1/prj/sol/syn/report/csynth_design_size.rpt:2)
INFO: [HLS 200-1995] There were 1,332 instructions in the design after the 'Array/Struct (step 2)' phase of compilation. See the Design Size Report for more details (/home/serg/Documents/Xilinx/z700_hdmi/HDMI_MIXER/hdmi_mixer.runs/design_1_v_frmbuf_rd_0_0_synth_1/prj/sol/syn/report/csynth_design_size.rpt:2)
INFO: [HLS 200-1995] There were 1,393 instructions in the design after the 'Array/Struct (step 3)' phase of compilation. See the Design Size Report for more details (/home/serg/Documents/Xilinx/z700_hdmi/HDMI_MIXER/hdmi_mixer.runs/design_1_v_frmbuf_rd_0_0_synth_1/prj/sol/syn/report/csynth_design_size.rpt:2)
INFO: [HLS 200-1995] There were 2,661 instructions in the design after the 'Array/Struct (step 4)' phase of compilation. See the Design Size Report for more details (/home/serg/Documents/Xilinx/z700_hdmi/HDMI_MIXER/hdmi_mixer.runs/design_1_v_frmbuf_rd_0_0_synth_1/prj/sol/syn/report/csynth_design_size.rpt:2)
INFO: [HLS 200-1995] There were 2,788 instructions in the design after the 'Array/Struct (step 5)' phase of compilation. See the Design Size Report for more details (/home/serg/Documents/Xilinx/z700_hdmi/HDMI_MIXER/hdmi_mixer.runs/design_1_v_frmbuf_rd_0_0_synth_1/prj/sol/syn/report/csynth_design_size.rpt:2)
INFO: [HLS 200-1995] There were 2,740 instructions in the design after the 'Performance (step 1)' phase of compilation. See the Design Size Report for more details (/home/serg/Documents/Xilinx/z700_hdmi/HDMI_MIXER/hdmi_mixer.runs/design_1_v_frmbuf_rd_0_0_synth_1/prj/sol/syn/report/csynth_design_size.rpt:2)
INFO: [HLS 200-1995] There were 2,707 instructions in the design after the 'Performance (step 2)' phase of compilation. See the Design Size Report for more details (/home/serg/Documents/Xilinx/z700_hdmi/HDMI_MIXER/hdmi_mixer.runs/design_1_v_frmbuf_rd_0_0_synth_1/prj/sol/syn/report/csynth_design_size.rpt:2)
INFO: [HLS 200-1995] There were 2,651 instructions in the design after the 'Performance (step 3)' phase of compilation. See the Design Size Report for more details (/home/serg/Documents/Xilinx/z700_hdmi/HDMI_MIXER/hdmi_mixer.runs/design_1_v_frmbuf_rd_0_0_synth_1/prj/sol/syn/report/csynth_design_size.rpt:2)
INFO: [HLS 200-1995] There were 2,651 instructions in the design after the 'Performance (step 4)' phase of compilation. See the Design Size Report for more details (/home/serg/Documents/Xilinx/z700_hdmi/HDMI_MIXER/hdmi_mixer.runs/design_1_v_frmbuf_rd_0_0_synth_1/prj/sol/syn/report/csynth_design_size.rpt:2)
INFO: [HLS 200-1995] There were 2,127 instructions in the design after the 'HW Transforms (step 1)' phase of compilation. See the Design Size Report for more details (/home/serg/Documents/Xilinx/z700_hdmi/HDMI_MIXER/hdmi_mixer.runs/design_1_v_frmbuf_rd_0_0_synth_1/prj/sol/syn/report/csynth_design_size.rpt:2)
INFO: [HLS 200-1995] There were 2,190 instructions in the design after the 'HW Transforms (step 2)' phase of compilation. See the Design Size Report for more details (/home/serg/Documents/Xilinx/z700_hdmi/HDMI_MIXER/hdmi_mixer.runs/design_1_v_frmbuf_rd_0_0_synth_1/prj/sol/syn/report/csynth_design_size.rpt:2)
INFO: [HLS 214-131] Inlining function 'hls::Scalar<3, ap_uint<8> >::Scalar()' into 'Bytes2MultiPixStream(STREAM_PLANES&, hls::stream<hls::Scalar<3, ap_uint<8> >, 0>&, unsigned short const&, unsigned short const&, unsigned short const&, unsigned short const&)' (prj/sol/.autopilot/db/v_frmbuf_rd.cpp:753:20)
INFO: [HLS 214-131] Inlining function 'hls::Scalar<3, ap_uint<8> >::Scalar()' into 'MultiPixStream2AXIvideo(hls::stream<hls::Scalar<3, ap_uint<8> >, 0>&, hls::stream<hls::axis<ap_uint<24>, 1ul, 1ul, 1ul, (unsigned char)56, false>, 0>&, unsigned short&, unsigned short&, unsigned short&)' (prj/sol/.autopilot/db/v_frmbuf_rd.cpp:311:18)
INFO: [HLS 214-377] Adding 'pix' into disaggregation list because there's array-partition pragma applied on the struct field (hdmi_mixer.gen/sources_1/bd/design_1/ip/design_1_v_frmbuf_rd_0_0/src/hls/hls_video_core.h:198:1)
INFO: [HLS 214-377] Adding 'pix103' into disaggregation list because there's array-partition pragma applied on the struct field (hdmi_mixer.gen/sources_1/bd/design_1/ip/design_1_v_frmbuf_rd_0_0/src/hls/hls_video_core.h:198:1)
INFO: [HLS 214-377] Adding 'pix234' into disaggregation list because there's array-partition pragma applied on the struct field (hdmi_mixer.gen/sources_1/bd/design_1/ip/design_1_v_frmbuf_rd_0_0/src/hls/hls_video_core.h:198:1)
INFO: [HLS 214-377] Adding 'pix369' into disaggregation list because there's array-partition pragma applied on the struct field (hdmi_mixer.gen/sources_1/bd/design_1/ip/design_1_v_frmbuf_rd_0_0/src/hls/hls_video_core.h:198:1)
INFO: [HLS 214-377] Adding 'pix462' into disaggregation list because there's array-partition pragma applied on the struct field (hdmi_mixer.gen/sources_1/bd/design_1/ip/design_1_v_frmbuf_rd_0_0/src/hls/hls_video_core.h:198:1)
INFO: [HLS 214-377] Adding 'pix560' into disaggregation list because there's array-partition pragma applied on the struct field (hdmi_mixer.gen/sources_1/bd/design_1/ip/design_1_v_frmbuf_rd_0_0/src/hls/hls_video_core.h:198:1)
INFO: [HLS 214-377] Adding 'pix739' into disaggregation list because there's array-partition pragma applied on the struct field (hdmi_mixer.gen/sources_1/bd/design_1/ip/design_1_v_frmbuf_rd_0_0/src/hls/hls_video_core.h:198:1)
INFO: [HLS 214-377] Adding 'pix901' into disaggregation list because there's array-partition pragma applied on the struct field (hdmi_mixer.gen/sources_1/bd/design_1/ip/design_1_v_frmbuf_rd_0_0/src/hls/hls_video_core.h:198:1)
INFO: [HLS 214-377] Adding 'pix1016' into disaggregation list because there's array-partition pragma applied on the struct field (hdmi_mixer.gen/sources_1/bd/design_1/ip/design_1_v_frmbuf_rd_0_0/src/hls/hls_video_core.h:198:1)
INFO: [HLS 214-377] Adding 'pix1128' into disaggregation list because there's array-partition pragma applied on the struct field (hdmi_mixer.gen/sources_1/bd/design_1/ip/design_1_v_frmbuf_rd_0_0/src/hls/hls_video_core.h:198:1)
INFO: [HLS 214-377] Adding 'bytePlanes' into disaggregation list because there's stream pragma applied on the struct field (prj/sol/.autopilot/db/v_frmbuf_rd.cpp:105:1)
INFO: [HLS 214-377] Adding 'bytePlanes' into disaggregation list because there's stream pragma applied on the struct field (prj/sol/.autopilot/db/v_frmbuf_rd.cpp:100:1)
INFO: [HLS 214-377] Adding 'bytePlanes' into disaggregation list because there's stream pragma applied on the struct field (prj/sol/.autopilot/db/v_frmbuf_rd.cpp:96:1)
INFO: [HLS 214-210] Disaggregating variable 'pix1128' (prj/sol/.autopilot/db/v_frmbuf_rd.cpp:1769:20)
INFO: [HLS 214-210] Disaggregating variable 'pix1016' (prj/sol/.autopilot/db/v_frmbuf_rd.cpp:1529:20)
INFO: [HLS 214-210] Disaggregating variable 'pix901' (prj/sol/.autopilot/db/v_frmbuf_rd.cpp:1447:20)
INFO: [HLS 214-210] Disaggregating variable 'pix739' (prj/sol/.autopilot/db/v_frmbuf_rd.cpp:1395:20)
INFO: [HLS 214-210] Disaggregating variable 'pix560' (prj/sol/.autopilot/db/v_frmbuf_rd.cpp:1237:20)
INFO: [HLS 214-210] Disaggregating variable 'pix462' (prj/sol/.autopilot/db/v_frmbuf_rd.cpp:1194:20)
INFO: [HLS 214-210] Disaggregating variable 'pix369' (prj/sol/.autopilot/db/v_frmbuf_rd.cpp:1154:20)
INFO: [HLS 214-210] Disaggregating variable 'pix234' (prj/sol/.autopilot/db/v_frmbuf_rd.cpp:951:20)
INFO: [HLS 214-210] Disaggregating variable 'pix103' (prj/sol/.autopilot/db/v_frmbuf_rd.cpp:860:20)
INFO: [HLS 214-210] Disaggregating variable 'pix' (prj/sol/.autopilot/db/v_frmbuf_rd.cpp:753:20)
INFO: [HLS 214-210] Disaggregating variable 'pix' (prj/sol/.autopilot/db/v_frmbuf_rd.cpp:311:18)
INFO: [HLS 214-210] Disaggregating variable 'bytePlanes' (prj/sol/.autopilot/db/v_frmbuf_rd.cpp:95:16)
INFO: [HLS 214-291] Loop 'VITIS_LOOP_403_4' is marked as complete unroll implied by the pipeline pragma (prj/sol/.autopilot/db/v_frmbuf_rd.cpp:403:22)
INFO: [HLS 214-291] Loop 'VITIS_LOOP_405_5' is marked as complete unroll implied by the pipeline pragma (prj/sol/.autopilot/db/v_frmbuf_rd.cpp:405:23)
INFO: [HLS 214-291] Loop 'VITIS_LOOP_762_2' is marked as complete unroll implied by the pipeline pragma (prj/sol/.autopilot/db/v_frmbuf_rd.cpp:762:23)
INFO: [HLS 214-291] Loop 'VITIS_LOOP_764_3' is marked as complete unroll implied by the pipeline pragma (prj/sol/.autopilot/db/v_frmbuf_rd.cpp:764:24)
INFO: [HLS 214-291] Loop 'VITIS_LOOP_876_6' is marked as complete unroll implied by the pipeline pragma (prj/sol/.autopilot/db/v_frmbuf_rd.cpp:876:23)
INFO: [HLS 214-291] Loop 'VITIS_LOOP_878_7' is marked as complete unroll implied by the pipeline pragma (prj/sol/.autopilot/db/v_frmbuf_rd.cpp:878:24)
INFO: [HLS 214-291] Loop 'VITIS_LOOP_966_9' is marked as complete unroll implied by the pipeline pragma (prj/sol/.autopilot/db/v_frmbuf_rd.cpp:966:23)
INFO: [HLS 214-291] Loop 'VITIS_LOOP_968_10' is marked as complete unroll implied by the pipeline pragma (prj/sol/.autopilot/db/v_frmbuf_rd.cpp:968:25)
INFO: [HLS 214-291] Loop 'VITIS_LOOP_1164_12' is marked as complete unroll implied by the pipeline pragma (prj/sol/.autopilot/db/v_frmbuf_rd.cpp:1164:25)
INFO: [HLS 214-291] Loop 'VITIS_LOOP_1166_13' is marked as complete unroll implied by the pipeline pragma (prj/sol/.autopilot/db/v_frmbuf_rd.cpp:1166:26)
INFO: [HLS 214-291] Loop 'VITIS_LOOP_1204_15' is marked as complete unroll implied by the pipeline pragma (prj/sol/.autopilot/db/v_frmbuf_rd.cpp:1204:25)
INFO: [HLS 214-291] Loop 'VITIS_LOOP_1206_16' is marked as complete unroll implied by the pipeline pragma (prj/sol/.autopilot/db/v_frmbuf_rd.cpp:1206:26)
INFO: [HLS 214-291] Loop 'VITIS_LOOP_1254_18' is marked as complete unroll implied by the pipeline pragma (prj/sol/.autopilot/db/v_frmbuf_rd.cpp:1254:25)
INFO: [HLS 214-291] Loop 'VITIS_LOOP_1256_19' is marked as complete unroll implied by the pipeline pragma (prj/sol/.autopilot/db/v_frmbuf_rd.cpp:1256:26)
INFO: [HLS 214-291] Loop 'VITIS_LOOP_1412_21' is marked as complete unroll implied by the pipeline pragma (prj/sol/.autopilot/db/v_frmbuf_rd.cpp:1412:25)
INFO: [HLS 214-291] Loop 'VITIS_LOOP_1414_22' is marked as complete unroll implied by the pipeline pragma (prj/sol/.autopilot/db/v_frmbuf_rd.cpp:1414:26)
INFO: [HLS 214-291] Loop 'VITIS_LOOP_1456_24' is marked as complete unroll implied by the pipeline pragma (prj/sol/.autopilot/db/v_frmbuf_rd.cpp:1456:25)
INFO: [HLS 214-291] Loop 'VITIS_LOOP_1458_25' is marked as complete unroll implied by the pipeline pragma (prj/sol/.autopilot/db/v_frmbuf_rd.cpp:1458:26)
INFO: [HLS 214-291] Loop 'VITIS_LOOP_1539_27' is marked as complete unroll implied by the pipeline pragma (prj/sol/.autopilot/db/v_frmbuf_rd.cpp:1539:25)
INFO: [HLS 214-291] Loop 'VITIS_LOOP_1541_28' is marked as complete unroll implied by the pipeline pragma (prj/sol/.autopilot/db/v_frmbuf_rd.cpp:1541:26)
INFO: [HLS 214-291] Loop 'VITIS_LOOP_1778_30' is marked as complete unroll implied by the pipeline pragma (prj/sol/.autopilot/db/v_frmbuf_rd.cpp:1778:25)
INFO: [HLS 214-291] Loop 'VITIS_LOOP_1780_31' is marked as complete unroll implied by the pipeline pragma (prj/sol/.autopilot/db/v_frmbuf_rd.cpp:1780:26)
INFO: [HLS 214-186] Unrolling loop 'VITIS_LOOP_403_4' (prj/sol/.autopilot/db/v_frmbuf_rd.cpp:403:22) in function 'MultiPixStream2AXIvideo' completely with a factor of 1 (prj/sol/.autopilot/db/v_frmbuf_rd.cpp:310:0)
INFO: [HLS 214-186] Unrolling loop 'VITIS_LOOP_405_5' (prj/sol/.autopilot/db/v_frmbuf_rd.cpp:405:23) in function 'MultiPixStream2AXIvideo' completely with a factor of 3 (prj/sol/.autopilot/db/v_frmbuf_rd.cpp:310:0)
INFO: [HLS 214-186] Unrolling loop 'VITIS_LOOP_762_2' (prj/sol/.autopilot/db/v_frmbuf_rd.cpp:762:23) in function 'Bytes2MultiPixStream' completely with a factor of 8 (prj/sol/.autopilot/db/v_frmbuf_rd.cpp:688:0)
INFO: [HLS 214-186] Unrolling loop 'VITIS_LOOP_764_3' (prj/sol/.autopilot/db/v_frmbuf_rd.cpp:764:24) in function 'Bytes2MultiPixStream' completely with a factor of 1 (prj/sol/.autopilot/db/v_frmbuf_rd.cpp:688:0)
INFO: [HLS 214-186] Unrolling loop 'VITIS_LOOP_876_6' (prj/sol/.autopilot/db/v_frmbuf_rd.cpp:876:23) in function 'Bytes2MultiPixStream' completely with a factor of 8 (prj/sol/.autopilot/db/v_frmbuf_rd.cpp:688:0)
INFO: [HLS 214-186] Unrolling loop 'VITIS_LOOP_878_7' (prj/sol/.autopilot/db/v_frmbuf_rd.cpp:878:24) in function 'Bytes2MultiPixStream' completely with a factor of 1 (prj/sol/.autopilot/db/v_frmbuf_rd.cpp:688:0)
INFO: [HLS 214-186] Unrolling loop 'VITIS_LOOP_966_9' (prj/sol/.autopilot/db/v_frmbuf_rd.cpp:966:23) in function 'Bytes2MultiPixStream' completely with a factor of 8 (prj/sol/.autopilot/db/v_frmbuf_rd.cpp:688:0)
INFO: [HLS 214-186] Unrolling loop 'VITIS_LOOP_968_10' (prj/sol/.autopilot/db/v_frmbuf_rd.cpp:968:25) in function 'Bytes2MultiPixStream' completely with a factor of 1 (prj/sol/.autopilot/db/v_frmbuf_rd.cpp:688:0)
INFO: [HLS 214-186] Unrolling loop 'VITIS_LOOP_1164_12' (prj/sol/.autopilot/db/v_frmbuf_rd.cpp:1164:25) in function 'Bytes2MultiPixStream' completely with a factor of 4 (prj/sol/.autopilot/db/v_frmbuf_rd.cpp:688:0)
INFO: [HLS 214-186] Unrolling loop 'VITIS_LOOP_1166_13' (prj/sol/.autopilot/db/v_frmbuf_rd.cpp:1166:26) in function 'Bytes2MultiPixStream' completely with a factor of 1 (prj/sol/.autopilot/db/v_frmbuf_rd.cpp:688:0)
INFO: [HLS 214-186] Unrolling loop 'VITIS_LOOP_1204_15' (prj/sol/.autopilot/db/v_frmbuf_rd.cpp:1204:25) in function 'Bytes2MultiPixStream' completely with a factor of 4 (prj/sol/.autopilot/db/v_frmbuf_rd.cpp:688:0)
INFO: [HLS 214-186] Unrolling loop 'VITIS_LOOP_1206_16' (prj/sol/.autopilot/db/v_frmbuf_rd.cpp:1206:26) in function 'Bytes2MultiPixStream' completely with a factor of 1 (prj/sol/.autopilot/db/v_frmbuf_rd.cpp:688:0)
INFO: [HLS 214-186] Unrolling loop 'VITIS_LOOP_1254_18' (prj/sol/.autopilot/db/v_frmbuf_rd.cpp:1254:25) in function 'Bytes2MultiPixStream' completely with a factor of 8 (prj/sol/.autopilot/db/v_frmbuf_rd.cpp:688:0)
INFO: [HLS 214-186] Unrolling loop 'VITIS_LOOP_1256_19' (prj/sol/.autopilot/db/v_frmbuf_rd.cpp:1256:26) in function 'Bytes2MultiPixStream' completely with a factor of 1 (prj/sol/.autopilot/db/v_frmbuf_rd.cpp:688:0)
INFO: [HLS 214-186] Unrolling loop 'VITIS_LOOP_1412_21' (prj/sol/.autopilot/db/v_frmbuf_rd.cpp:1412:25) in function 'Bytes2MultiPixStream' completely with a factor of 8 (prj/sol/.autopilot/db/v_frmbuf_rd.cpp:688:0)
INFO: [HLS 214-186] Unrolling loop 'VITIS_LOOP_1414_22' (prj/sol/.autopilot/db/v_frmbuf_rd.cpp:1414:26) in function 'Bytes2MultiPixStream' completely with a factor of 1 (prj/sol/.autopilot/db/v_frmbuf_rd.cpp:688:0)
INFO: [HLS 214-186] Unrolling loop 'VITIS_LOOP_1456_24' (prj/sol/.autopilot/db/v_frmbuf_rd.cpp:1456:25) in function 'Bytes2MultiPixStream' completely with a factor of 2 (prj/sol/.autopilot/db/v_frmbuf_rd.cpp:688:0)
INFO: [HLS 214-186] Unrolling loop 'VITIS_LOOP_1458_25' (prj/sol/.autopilot/db/v_frmbuf_rd.cpp:1458:26) in function 'Bytes2MultiPixStream' completely with a factor of 1 (prj/sol/.autopilot/db/v_frmbuf_rd.cpp:688:0)
INFO: [HLS 214-186] Unrolling loop 'VITIS_LOOP_1539_27' (prj/sol/.autopilot/db/v_frmbuf_rd.cpp:1539:25) in function 'Bytes2MultiPixStream' completely with a factor of 8 (prj/sol/.autopilot/db/v_frmbuf_rd.cpp:688:0)
INFO: [HLS 214-186] Unrolling loop 'VITIS_LOOP_1541_28' (prj/sol/.autopilot/db/v_frmbuf_rd.cpp:1541:26) in function 'Bytes2MultiPixStream' completely with a factor of 1 (prj/sol/.autopilot/db/v_frmbuf_rd.cpp:688:0)
INFO: [HLS 214-186] Unrolling loop 'VITIS_LOOP_1778_30' (prj/sol/.autopilot/db/v_frmbuf_rd.cpp:1778:25) in function 'Bytes2MultiPixStream' completely with a factor of 2 (prj/sol/.autopilot/db/v_frmbuf_rd.cpp:688:0)
INFO: [HLS 214-186] Unrolling loop 'VITIS_LOOP_1780_31' (prj/sol/.autopilot/db/v_frmbuf_rd.cpp:1780:26) in function 'Bytes2MultiPixStream' completely with a factor of 1 (prj/sol/.autopilot/db/v_frmbuf_rd.cpp:688:0)
WARNING: [HLS 214-464] Skipping array undecay on variable length array 'HwReg_frm_buffer'. (prj/sol/.autopilot/db/v_frmbuf_rd.cpp:84:0)
WARNING: [HLS 214-464] Skipping array undecay on variable length array 'HwReg_frm_buffer2'. (prj/sol/.autopilot/db/v_frmbuf_rd.cpp:84:0)
WARNING: [HLS 214-464] Skipping array undecay on variable length array 'HwReg_frm_buffer3'. (prj/sol/.autopilot/db/v_frmbuf_rd.cpp:84:0)
INFO: [HLS 214-248] Applying array_partition to 'pix103': Complete partitioning on dimension 1. (prj/sol/.autopilot/db/v_frmbuf_rd.cpp:860:20)
INFO: [HLS 214-248] Applying array_partition to 'pix234': Complete partitioning on dimension 1. (prj/sol/.autopilot/db/v_frmbuf_rd.cpp:951:20)
INFO: [HLS 214-248] Applying array_partition to 'pix369': Complete partitioning on dimension 1. (prj/sol/.autopilot/db/v_frmbuf_rd.cpp:1154:20)
INFO: [HLS 214-248] Applying array_partition to 'pix462': Complete partitioning on dimension 1. (prj/sol/.autopilot/db/v_frmbuf_rd.cpp:1194:20)
INFO: [HLS 214-248] Applying array_partition to 'pix': Complete partitioning on dimension 1. (prj/sol/.autopilot/db/v_frmbuf_rd.cpp:311:18)
INFO: [HLS 214-248] Applying array_partition to 'map': Complete partitioning on dimension 1. (prj/sol/.autopilot/db/v_frmbuf_rd.cpp:365:13)
WARNING: [HLS 214-358] Array transformation on index using bit extension logic may lead to poor performance. Please use int or long for array index computation to benefit from optimizations. (prj/sol/.autopilot/db/v_frmbuf_rd.cpp:407:17)
INFO: [HLS 214-241] Aggregating fifo (hls::stream) variable 'img' with compact=bit mode in 24-bits (prj/sol/.autopilot/db/v_frmbuf_rd.cpp:90:18)
INFO: [HLS 214-376] Pipelining loop< VITIS_LOOP_367_1> at prj/sol/.autopilot/db/v_frmbuf_rd.cpp:367:20 due to pipeline_loops threshold
INFO: [HLS 214-115] Multiple burst reads of variable length and bit width 64 in loop 'VITIS_LOOP_591_1'(prj/sol/.autopilot/db/v_frmbuf_rd.cpp:591:22) has been inferred on bundle 'mm_video'. These burst requests might be further partitioned into multiple requests during RTL generation, based on max_read_burst_length or max_write_burst_length settings. (prj/sol/.autopilot/db/v_frmbuf_rd.cpp:591:22)
INFO: [HLS 214-115] Multiple burst reads of variable length and bit width 64 in loop 'VITIS_LOOP_597_2'(prj/sol/.autopilot/db/v_frmbuf_rd.cpp:597:22) has been inferred on bundle 'mm_video'. These burst requests might be further partitioned into multiple requests during RTL generation, based on max_read_burst_length or max_write_burst_length settings. (prj/sol/.autopilot/db/v_frmbuf_rd.cpp:597:22)
INFO: [HLS 214-115] Multiple burst reads of variable length and bit width 64 in loop 'VITIS_LOOP_603_3'(prj/sol/.autopilot/db/v_frmbuf_rd.cpp:603:22) has been inferred on bundle 'mm_video'. These burst requests might be further partitioned into multiple requests during RTL generation, based on max_read_burst_length or max_write_burst_length settings. (prj/sol/.autopilot/db/v_frmbuf_rd.cpp:603:22)
INFO: [HLS 214-115] Multiple burst reads of variable length and bit width 64 in loop 'VITIS_LOOP_625_4'(prj/sol/.autopilot/db/v_frmbuf_rd.cpp:625:22) has been inferred on bundle 'mm_video'. These burst requests might be further partitioned into multiple requests during RTL generation, based on max_read_burst_length or max_write_burst_length settings. (prj/sol/.autopilot/db/v_frmbuf_rd.cpp:625:22)
INFO: [HLS 214-115] Multiple burst reads of variable length and bit width 64 in loop 'VITIS_LOOP_634_5'(prj/sol/.autopilot/db/v_frmbuf_rd.cpp:634:23) has been inferred on bundle 'mm_video'. These burst requests might be further partitioned into multiple requests during RTL generation, based on max_read_burst_length or max_write_burst_length settings. (prj/sol/.autopilot/db/v_frmbuf_rd.cpp:634:23)
INFO: [HLS 214-115] Multiple burst reads of variable length and bit width 64 in loop 'VITIS_LOOP_640_6'(prj/sol/.autopilot/db/v_frmbuf_rd.cpp:640:23) has been inferred on bundle 'mm_video'. These burst requests might be further partitioned into multiple requests during RTL generation, based on max_read_burst_length or max_write_burst_length settings. (prj/sol/.autopilot/db/v_frmbuf_rd.cpp:640:23)
INFO: [HLS 214-115] Multiple burst reads of variable length and bit width 64 in loop 'VITIS_LOOP_660_7'(prj/sol/.autopilot/db/v_frmbuf_rd.cpp:660:22) has been inferred on bundle 'mm_video'. These burst requests might be further partitioned into multiple requests during RTL generation, based on max_read_burst_length or max_write_burst_length settings. (prj/sol/.autopilot/db/v_frmbuf_rd.cpp:660:22)
INFO: [HLS 214-115] Multiple burst reads of variable length and bit width 64 in loop 'VITIS_LOOP_670_8'(prj/sol/.autopilot/db/v_frmbuf_rd.cpp:670:23) has been inferred on bundle 'mm_video'. These burst requests might be further partitioned into multiple requests during RTL generation, based on max_read_burst_length or max_write_burst_length settings. (prj/sol/.autopilot/db/v_frmbuf_rd.cpp:670:23)
INFO: [HLS 200-111] Finished Compiling Optimization and Transform: CPU user time: 3.34 seconds. CPU system time: 0.32 seconds. Elapsed time: 7.73 seconds; current allocated memory: 271.816 MB.
INFO: [HLS 200-111] Finished Checking Pragmas: CPU user time: 0 seconds. CPU system time: 0 seconds. Elapsed time: 0 seconds; current allocated memory: 271.816 MB.
INFO: [HLS 200-10] Starting code transformations ...
INFO: [HLS 200-111] Finished Standard Transforms: CPU user time: 0.06 seconds. CPU system time: 0 seconds. Elapsed time: 0.06 seconds; current allocated memory: 271.816 MB.
INFO: [HLS 200-10] Checking synthesizability ...
WARNING: [SYNCHK 200-23] prj/sol/.autopilot/db/v_frmbuf_rd.cpp:891: variable-indexed range selection may cause suboptimal QoR.
INFO: [SYNCHK 200-10] 0 error(s), 1 warning(s).
INFO: [HLS 200-111] Finished Checking Synthesizability: CPU user time: 0.08 seconds. CPU system time: 0 seconds. Elapsed time: 0.08 seconds; current allocated memory: 271.816 MB.
WARNING: [XFORM 203-561] Updating loop upper bound from 65535 to 1920 for loop 'VITIS_LOOP_376_3' (prj/sol/.autopilot/db/v_frmbuf_rd.cpp:372:7) in function 'MultiPixStream2AXIvideo'.
WARNING: [XFORM 203-561] Ignored invalid trip count directive (MAX (= 1920) < AVE (= 32767)) for loop 'VITIS_LOOP_376_3' (prj/sol/.autopilot/db/v_frmbuf_rd.cpp:372:7) in function 'MultiPixStream2AXIvideo'.
WARNING: [XFORM 203-561] Updating loop upper bound from 65535 to 1080 for loop 'VITIS_LOOP_374_2' (prj/sol/.autopilot/db/v_frmbuf_rd.cpp:372:7) in function 'MultiPixStream2AXIvideo'.
WARNING: [XFORM 203-561] Ignored invalid trip count directive (MAX (= 1080) < AVE (= 32767)) for loop 'VITIS_LOOP_374_2' (prj/sol/.autopilot/db/v_frmbuf_rd.cpp:372:7) in function 'MultiPixStream2AXIvideo'.
WARNING: [XFORM 203-561] Updating loop upper bound from 8192 to 1440 for loop 'VITIS_LOOP_755_1' (prj/sol/.autopilot/db/v_frmbuf_rd.cpp:755:31) in function 'Bytes2MultiPixStream'.
WARNING: [XFORM 203-561] Ignored invalid trip count directive (MAX (= 1440) < AVE (= 4096)) for loop 'VITIS_LOOP_755_1' (prj/sol/.autopilot/db/v_frmbuf_rd.cpp:755:31) in function 'Bytes2MultiPixStream'.
WARNING: [XFORM 203-561] Updating loop upper bound from 4320 to 1080 for loop 'loop_Bytes2MulPxStrm_Y_U_V8' (prj/sol/.autopilot/db/v_frmbuf_rd.cpp:752:1) in function 'Bytes2MultiPixStream'.
WARNING: [XFORM 203-561] Updating loop lower bound from 0 to 64 for loop 'loop_Bytes2MulPxStrm_Y_U_V8' (prj/sol/.autopilot/db/v_frmbuf_rd.cpp:752:1) in function 'Bytes2MultiPixStream'.
WARNING: [XFORM 203-561] Ignored invalid trip count directive (MAX (= 1080) < AVE (= 2160)) for loop 'loop_Bytes2MulPxStrm_Y_U_V8' (prj/sol/.autopilot/db/v_frmbuf_rd.cpp:752:1) in function 'Bytes2MultiPixStream'.
WARNING: [XFORM 203-561] Updating loop upper bound from 8192 to 1440 for loop 'VITIS_LOOP_862_5' (prj/sol/.autopilot/db/v_frmbuf_rd.cpp:856:21) in function 'Bytes2MultiPixStream'.
WARNING: [XFORM 203-561] Ignored invalid trip count directive (MAX (= 1440) < AVE (= 4096)) for loop 'VITIS_LOOP_862_5' (prj/sol/.autopilot/db/v_frmbuf_rd.cpp:856:21) in function 'Bytes2MultiPixStream'.
WARNING: [XFORM 203-561] Updating loop upper bound from 4320 to 1080 for loop 'VITIS_LOOP_857_4' (prj/sol/.autopilot/db/v_frmbuf_rd.cpp:859:1) in function 'Bytes2MultiPixStream'.
WARNING: [XFORM 203-561] Updating loop lower bound from 0 to 64 for loop 'VITIS_LOOP_857_4' (prj/sol/.autopilot/db/v_frmbuf_rd.cpp:859:1) in function 'Bytes2MultiPixStream'.
WARNING: [XFORM 203-561] Ignored invalid trip count directive (MAX (= 1080) < AVE (= 2160)) for loop 'VITIS_LOOP_857_4' (prj/sol/.autopilot/db/v_frmbuf_rd.cpp:859:1) in function 'Bytes2MultiPixStream'.
WARNING: [XFORM 203-561] Updating loop upper bound from 8192 to 1440 for loop 'VITIS_LOOP_954_8' (prj/sol/.autopilot/db/v_frmbuf_rd.cpp:954:31) in function 'Bytes2MultiPixStream'.
WARNING: [XFORM 203-561] Ignored invalid trip count directive (MAX (= 1440) < AVE (= 4096)) for loop 'VITIS_LOOP_954_8' (prj/sol/.autopilot/db/v_frmbuf_rd.cpp:954:31) in function 'Bytes2MultiPixStream'.
WARNING: [XFORM 203-561] Updating loop upper bound from 4320 to 1080 for loop 'loop_Y_UV8_Y_UV8_420' (prj/sol/.autopilot/db/v_frmbuf_rd.cpp:949:1) in function 'Bytes2MultiPixStream'.
WARNING: [XFORM 203-561] Updating loop lower bound from 0 to 64 for loop 'loop_Y_UV8_Y_UV8_420' (prj/sol/.autopilot/db/v_frmbuf_rd.cpp:949:1) in function 'Bytes2MultiPixStream'.
WARNING: [XFORM 203-561] Ignored invalid trip count directive (MAX (= 1080) < AVE (= 2160)) for loop 'loop_Y_UV8_Y_UV8_420' (prj/sol/.autopilot/db/v_frmbuf_rd.cpp:949:1) in function 'Bytes2MultiPixStream'.
WARNING: [XFORM 203-561] Updating loop upper bound from 8192 to 1440 for loop 'VITIS_LOOP_1157_11' (prj/sol/.autopilot/db/v_frmbuf_rd.cpp:1157:33) in function 'Bytes2MultiPixStream'.
WARNING: [XFORM 203-561] Ignored invalid trip count directive (MAX (= 1440) < AVE (= 4096)) for loop 'VITIS_LOOP_1157_11' (prj/sol/.autopilot/db/v_frmbuf_rd.cpp:1157:33) in function 'Bytes2MultiPixStream'.
WARNING: [XFORM 203-561] Updating loop upper bound from 4320 to 1080 for loop 'loop_YUYV8' (prj/sol/.autopilot/db/v_frmbuf_rd.cpp:1152:1) in function 'Bytes2MultiPixStream'.
WARNING: [XFORM 203-561] Updating loop lower bound from 0 to 64 for loop 'loop_YUYV8' (prj/sol/.autopilot/db/v_frmbuf_rd.cpp:1152:1) in function 'Bytes2MultiPixStream'.
WARNING: [XFORM 203-561] Ignored invalid trip count directive (MAX (= 1080) < AVE (= 2160)) for loop 'loop_YUYV8' (prj/sol/.autopilot/db/v_frmbuf_rd.cpp:1152:1) in function 'Bytes2MultiPixStream'.
WARNING: [XFORM 203-561] Updating loop upper bound from 8192 to 1440 for loop 'VITIS_LOOP_1197_14' (prj/sol/.autopilot/db/v_frmbuf_rd.cpp:1197:33) in function 'Bytes2MultiPixStream'.
WARNING: [XFORM 203-561] Ignored invalid trip count directive (MAX (= 1440) < AVE (= 4096)) for loop 'VITIS_LOOP_1197_14' (prj/sol/.autopilot/db/v_frmbuf_rd.cpp:1197:33) in function 'Bytes2MultiPixStream'.
WARNING: [XFORM 203-561] Updating loop upper bound from 4320 to 1080 for loop 'loop_UYVY8' (prj/sol/.autopilot/db/v_frmbuf_rd.cpp:1192:1) in function 'Bytes2MultiPixStream'.
WARNING: [XFORM 203-561] Updating loop lower bound from 0 to 64 for loop 'loop_UYVY8' (prj/sol/.autopilot/db/v_frmbuf_rd.cpp:1192:1) in function 'Bytes2MultiPixStream'.
WARNING: [XFORM 203-561] Ignored invalid trip count directive (MAX (= 1080) < AVE (= 2160)) for loop 'loop_UYVY8' (prj/sol/.autopilot/db/v_frmbuf_rd.cpp:1192:1) in function 'Bytes2MultiPixStream'.
WARNING: [XFORM 203-561] Updating loop upper bound from 2731 to 480 for loop 'VITIS_LOOP_1240_17' (prj/sol/.autopilot/db/v_frmbuf_rd.cpp:1236:21) in function 'Bytes2MultiPixStream'.
WARNING: [XFORM 203-561] Ignored invalid trip count directive (MAX (= 480) < AVE (= 1365)) for loop 'VITIS_LOOP_1240_17' (prj/sol/.autopilot/db/v_frmbuf_rd.cpp:1236:21) in function 'Bytes2MultiPixStream'.
WARNING: [XFORM 203-561] Updating loop upper bound from 4320 to 1080 for loop 'loop_RGB8_YUV8' (prj/sol/.autopilot/db/v_frmbuf_rd.cpp:1234:1) in function 'Bytes2MultiPixStream'.
WARNING: [XFORM 203-561] Updating loop lower bound from 0 to 64 for loop 'loop_RGB8_YUV8' (prj/sol/.autopilot/db/v_frmbuf_rd.cpp:1234:1) in function 'Bytes2MultiPixStream'.
WARNING: [XFORM 203-561] Ignored invalid trip count directive (MAX (= 1080) < AVE (= 2160)) for loop 'loop_RGB8_YUV8' (prj/sol/.autopilot/db/v_frmbuf_rd.cpp:1234:1) in function 'Bytes2MultiPixStream'.
WARNING: [XFORM 203-561] Updating loop upper bound from 2731 to 480 for loop 'VITIS_LOOP_1398_20' (prj/sol/.autopilot/db/v_frmbuf_rd.cpp:1394:21) in function 'Bytes2MultiPixStream'.
WARNING: [XFORM 203-561] Ignored invalid trip count directive (MAX (= 480) < AVE (= 1365)) for loop 'VITIS_LOOP_1398_20' (prj/sol/.autopilot/db/v_frmbuf_rd.cpp:1394:21) in function 'Bytes2MultiPixStream'.
WARNING: [XFORM 203-561] Updating loop upper bound from 4320 to 1080 for loop 'loop_BGR8' (prj/sol/.autopilot/db/v_frmbuf_rd.cpp:1392:1) in function 'Bytes2MultiPixStream'.
WARNING: [XFORM 203-561] Updating loop lower bound from 0 to 64 for loop 'loop_BGR8' (prj/sol/.autopilot/db/v_frmbuf_rd.cpp:1392:1) in function 'Bytes2MultiPixStream'.
WARNING: [XFORM 203-561] Ignored invalid trip count directive (MAX (= 1080) < AVE (= 2160)) for loop 'loop_BGR8' (prj/sol/.autopilot/db/v_frmbuf_rd.cpp:1392:1) in function 'Bytes2MultiPixStream'.
WARNING: [XFORM 203-561] Updating loop upper bound from 8192 to 1440 for loop 'VITIS_LOOP_1450_23' (prj/sol/.autopilot/db/v_frmbuf_rd.cpp:1450:33) in function 'Bytes2MultiPixStream'.
WARNING: [XFORM 203-561] Ignored invalid trip count directive (MAX (= 1440) < AVE (= 4096)) for loop 'VITIS_LOOP_1450_23' (prj/sol/.autopilot/db/v_frmbuf_rd.cpp:1450:33) in function 'Bytes2MultiPixStream'.
WARNING: [XFORM 203-561] Updating loop upper bound from 4320 to 1080 for loop 'loop_RGBX8_YUVX8' (prj/sol/.autopilot/db/v_frmbuf_rd.cpp:1445:1) in function 'Bytes2MultiPixStream'.
WARNING: [XFORM 203-561] Updating loop lower bound from 0 to 64 for loop 'loop_RGBX8_YUVX8' (prj/sol/.autopilot/db/v_frmbuf_rd.cpp:1445:1) in function 'Bytes2MultiPixStream'.
WARNING: [XFORM 203-561] Ignored invalid trip count directive (MAX (= 1080) < AVE (= 2160)) for loop 'loop_RGBX8_YUVX8' (prj/sol/.autopilot/db/v_frmbuf_rd.cpp:1445:1) in function 'Bytes2MultiPixStream'.
WARNING: [XFORM 203-561] Updating loop upper bound from 8192 to 1440 for loop 'VITIS_LOOP_1532_26' (prj/sol/.autopilot/db/v_frmbuf_rd.cpp:1532:33) in function 'Bytes2MultiPixStream'.
WARNING: [XFORM 203-561] Ignored invalid trip count directive (MAX (= 1440) < AVE (= 4096)) for loop 'VITIS_LOOP_1532_26' (prj/sol/.autopilot/db/v_frmbuf_rd.cpp:1532:33) in function 'Bytes2MultiPixStream'.
WARNING: [XFORM 203-561] Updating loop upper bound from 4320 to 1080 for loop 'loop_Y8' (prj/sol/.autopilot/db/v_frmbuf_rd.cpp:1527:1) in function 'Bytes2MultiPixStream'.
WARNING: [XFORM 203-561] Updating loop lower bound from 0 to 64 for loop 'loop_Y8' (prj/sol/.autopilot/db/v_frmbuf_rd.cpp:1527:1) in function 'Bytes2MultiPixStream'.
WARNING: [XFORM 203-561] Ignored invalid trip count directive (MAX (= 1080) < AVE (= 2160)) for loop 'loop_Y8' (prj/sol/.autopilot/db/v_frmbuf_rd.cpp:1527:1) in function 'Bytes2MultiPixStream'.
WARNING: [XFORM 203-561] Updating loop upper bound from 8192 to 1440 for loop 'VITIS_LOOP_1772_29' (prj/sol/.autopilot/db/v_frmbuf_rd.cpp:1772:33) in function 'Bytes2MultiPixStream'.
WARNING: [XFORM 203-561] Ignored invalid trip count directive (MAX (= 1440) < AVE (= 4096)) for loop 'VITIS_LOOP_1772_29' (prj/sol/.autopilot/db/v_frmbuf_rd.cpp:1772:33) in function 'Bytes2MultiPixStream'.
WARNING: [XFORM 203-561] Updating loop upper bound from 4320 to 1080 for loop 'loop_BGRX8' (prj/sol/.autopilot/db/v_frmbuf_rd.cpp:1767:1) in function 'Bytes2MultiPixStream'.
WARNING: [XFORM 203-561] Updating loop lower bound from 0 to 64 for loop 'loop_BGRX8' (prj/sol/.autopilot/db/v_frmbuf_rd.cpp:1767:1) in function 'Bytes2MultiPixStream'.
WARNING: [XFORM 203-561] Ignored invalid trip count directive (MAX (= 1080) < AVE (= 2160)) for loop 'loop_BGRX8' (prj/sol/.autopilot/db/v_frmbuf_rd.cpp:1767:1) in function 'Bytes2MultiPixStream'.
WARNING: [XFORM 203-561] Updating loop upper bound from 8192 to 1440 for loop 'VITIS_LOOP_591_1' (prj/sol/.autopilot/db/v_frmbuf_rd.cpp:591:31) in function 'AXIMMvideo2Bytes'.
WARNING: [XFORM 203-561] Updating loop lower bound from 0 to 1 for loop 'VITIS_LOOP_591_1' (prj/sol/.autopilot/db/v_frmbuf_rd.cpp:591:31) in function 'AXIMMvideo2Bytes'.
WARNING: [XFORM 203-561] Ignored invalid trip count directive (MAX (= 1440) < AVE (= 4096)) for loop 'VITIS_LOOP_591_1' (prj/sol/.autopilot/db/v_frmbuf_rd.cpp:591:31) in function 'AXIMMvideo2Bytes'.
WARNING: [XFORM 203-561] Updating loop upper bound from 8192 to 1440 for loop 'VITIS_LOOP_597_2' (prj/sol/.autopilot/db/v_frmbuf_rd.cpp:597:31) in function 'AXIMMvideo2Bytes'.
WARNING: [XFORM 203-561] Updating loop lower bound from 0 to 1 for loop 'VITIS_LOOP_597_2' (prj/sol/.autopilot/db/v_frmbuf_rd.cpp:597:31) in function 'AXIMMvideo2Bytes'.
WARNING: [XFORM 203-561] Ignored invalid trip count directive (MAX (= 1440) < AVE (= 4096)) for loop 'VITIS_LOOP_597_2' (prj/sol/.autopilot/db/v_frmbuf_rd.cpp:597:31) in function 'AXIMMvideo2Bytes'.
WARNING: [XFORM 203-561] Updating loop upper bound from 8192 to 1440 for loop 'VITIS_LOOP_603_3' (prj/sol/.autopilot/db/v_frmbuf_rd.cpp:603:31) in function 'AXIMMvideo2Bytes'.
WARNING: [XFORM 203-561] Updating loop lower bound from 0 to 1 for loop 'VITIS_LOOP_603_3' (prj/sol/.autopilot/db/v_frmbuf_rd.cpp:603:31) in function 'AXIMMvideo2Bytes'.
WARNING: [XFORM 203-561] Ignored invalid trip count directive (MAX (= 1440) < AVE (= 4096)) for loop 'VITIS_LOOP_603_3' (prj/sol/.autopilot/db/v_frmbuf_rd.cpp:603:31) in function 'AXIMMvideo2Bytes'.
WARNING: [XFORM 203-561] Updating loop upper bound from 4320 to 1080 for loop 'loop_AXIMMvideo2Bytes_y_u_v_3planes' (prj/sol/.autopilot/db/v_frmbuf_rd.cpp:589:1) in function 'AXIMMvideo2Bytes'.
WARNING: [XFORM 203-561] Updating loop lower bound from 0 to 64 for loop 'loop_AXIMMvideo2Bytes_y_u_v_3planes' (prj/sol/.autopilot/db/v_frmbuf_rd.cpp:589:1) in function 'AXIMMvideo2Bytes'.
WARNING: [XFORM 203-561] Ignored invalid trip count directive (MAX (= 1080) < AVE (= 2160)) for loop 'loop_AXIMMvideo2Bytes_y_u_v_3planes' (prj/sol/.autopilot/db/v_frmbuf_rd.cpp:589:1) in function 'AXIMMvideo2Bytes'.
WARNING: [XFORM 203-561] Updating loop upper bound from 8192 to 1440 for loop 'VITIS_LOOP_625_4' (prj/sol/.autopilot/db/v_frmbuf_rd.cpp:625:31) in function 'AXIMMvideo2Bytes'.
WARNING: [XFORM 203-561] Ignored invalid trip count directive (MAX (= 1440) < AVE (= 4096)) for loop 'VITIS_LOOP_625_4' (prj/sol/.autopilot/db/v_frmbuf_rd.cpp:625:31) in function 'AXIMMvideo2Bytes'.
WARNING: [XFORM 203-561] Updating loop upper bound from 4096 to 720 for loop 'VITIS_LOOP_634_5' (prj/sol/.autopilot/db/v_frmbuf_rd.cpp:634:32) in function 'AXIMMvideo2Bytes'.
WARNING: [XFORM 203-561] Updating loop lower bound from 0 to 1 for loop 'VITIS_LOOP_634_5' (prj/sol/.autopilot/db/v_frmbuf_rd.cpp:634:32) in function 'AXIMMvideo2Bytes'.
WARNING: [XFORM 203-561] Ignored invalid trip count directive (MAX (= 720) < AVE (= 2048)) for loop 'VITIS_LOOP_634_5' (prj/sol/.autopilot/db/v_frmbuf_rd.cpp:634:32) in function 'AXIMMvideo2Bytes'.
WARNING: [XFORM 203-561] Updating loop upper bound from 4096 to 720 for loop 'VITIS_LOOP_640_6' (prj/sol/.autopilot/db/v_frmbuf_rd.cpp:640:32) in function 'AXIMMvideo2Bytes'.
WARNING: [XFORM 203-561] Updating loop lower bound from 0 to 1 for loop 'VITIS_LOOP_640_6' (prj/sol/.autopilot/db/v_frmbuf_rd.cpp:640:32) in function 'AXIMMvideo2Bytes'.
WARNING: [XFORM 203-561] Ignored invalid trip count directive (MAX (= 720) < AVE (= 2048)) for loop 'VITIS_LOOP_640_6' (prj/sol/.autopilot/db/v_frmbuf_rd.cpp:640:32) in function 'AXIMMvideo2Bytes'.
WARNING: [XFORM 203-561] Updating loop upper bound from 4320 to 1080 for loop 'loop_AXIMMvideo2BytesYuv_3planes' (prj/sol/.autopilot/db/v_frmbuf_rd.cpp:623:1) in function 'AXIMMvideo2Bytes'.
WARNING: [XFORM 203-561] Updating loop lower bound from 0 to 64 for loop 'loop_AXIMMvideo2BytesYuv_3planes' (prj/sol/.autopilot/db/v_frmbuf_rd.cpp:623:1) in function 'AXIMMvideo2Bytes'.
WARNING: [XFORM 203-561] Ignored invalid trip count directive (MAX (= 1080) < AVE (= 2160)) for loop 'loop_AXIMMvideo2BytesYuv_3planes' (prj/sol/.autopilot/db/v_frmbuf_rd.cpp:623:1) in function 'AXIMMvideo2Bytes'.
WARNING: [XFORM 203-561] Updating loop upper bound from 8192 to 1440 for loop 'VITIS_LOOP_660_7' (prj/sol/.autopilot/db/v_frmbuf_rd.cpp:660:31) in function 'AXIMMvideo2Bytes'.
WARNING: [XFORM 203-561] Ignored invalid trip count directive (MAX (= 1440) < AVE (= 4096)) for loop 'VITIS_LOOP_660_7' (prj/sol/.autopilot/db/v_frmbuf_rd.cpp:660:31) in function 'AXIMMvideo2Bytes'.
WARNING: [XFORM 203-561] Updating loop upper bound from 8192 to 1440 for loop 'VITIS_LOOP_670_8' (prj/sol/.autopilot/db/v_frmbuf_rd.cpp:670:32) in function 'AXIMMvideo2Bytes'.
WARNING: [XFORM 203-561] Ignored invalid trip count directive (MAX (= 1440) < AVE (= 4096)) for loop 'VITIS_LOOP_670_8' (prj/sol/.autopilot/db/v_frmbuf_rd.cpp:670:32) in function 'AXIMMvideo2Bytes'.
WARNING: [XFORM 203-561] Updating loop upper bound from 4320 to 1080 for loop 'loop_AXIMMvideo2Bytes_2planes' (prj/sol/.autopilot/db/v_frmbuf_rd.cpp:658:1) in function 'AXIMMvideo2Bytes'.
WARNING: [XFORM 203-561] Updating loop lower bound from 0 to 64 for loop 'loop_AXIMMvideo2Bytes_2planes' (prj/sol/.autopilot/db/v_frmbuf_rd.cpp:658:1) in function 'AXIMMvideo2Bytes'.
WARNING: [XFORM 203-561] Ignored invalid trip count directive (MAX (= 1080) < AVE (= 2160)) for loop 'loop_AXIMMvideo2Bytes_2planes' (prj/sol/.autopilot/db/v_frmbuf_rd.cpp:658:1) in function 'AXIMMvideo2Bytes'.
WARNING: [HLS 200-805] An internal stream 'img' (prj/sol/.autopilot/db/v_frmbuf_rd.cpp:90) with default size can result in deadlock. Please consider resizing the stream using the directive 'set_directive_stream' or the 'HLS stream' pragma.
INFO: [HLS 200-1947] Using 'stable' for argument 'mm_video' of dataflow function 'FrmbufRdHlsDataFlow' (prj/sol/.autopilot/db/v_frmbuf_rd.cpp:90:1).
INFO: [HLS 200-1947] Using 'stable' for argument 'HwReg_frm_buffer' of dataflow function 'FrmbufRdHlsDataFlow' (prj/sol/.autopilot/db/v_frmbuf_rd.cpp:90:1).
INFO: [HLS 200-1947] Using 'stable' for argument 'HwReg_frm_buffer2' of dataflow function 'FrmbufRdHlsDataFlow' (prj/sol/.autopilot/db/v_frmbuf_rd.cpp:90:1).
INFO: [HLS 200-1947] Using 'stable' for argument 'HwReg_frm_buffer3' of dataflow function 'FrmbufRdHlsDataFlow' (prj/sol/.autopilot/db/v_frmbuf_rd.cpp:90:1).
INFO: [HLS 200-1947] Using 'stable' for argument 'WidthInBytes.val10' of dataflow function 'FrmbufRdHlsDataFlow' (prj/sol/.autopilot/db/v_frmbuf_rd.cpp:90:1).
INFO: [HLS 200-1947] Using 'stable' for argument 'colorFormat.val11' of dataflow function 'FrmbufRdHlsDataFlow' (prj/sol/.autopilot/db/v_frmbuf_rd.cpp:90:1).
INFO: [XFORM 203-712] Applying dataflow to function 'FrmbufRdHlsDataFlow' (prj/sol/.autopilot/db/v_frmbuf_rd.cpp:90:1), detected/extracted 3 process function(s): 
	 'AXIMMvideo2Bytes'
	 'Bytes2MultiPixStream'
	 'MultiPixStream2AXIvideo'.
INFO: [XFORM 203-11] Balancing expressions in function 'AXIMMvideo2Bytes' (prj/sol/.autopilot/db/v_frmbuf_rd.cpp:576:23)...3 expression(s) balanced.
INFO: [HLS 200-111] Finished Loop, function and other optimizations: CPU user time: 0.36 seconds. CPU system time: 0.01 seconds. Elapsed time: 0.36 seconds; current allocated memory: 291.117 MB.
INFO: [HLS 200-111] Finished Architecture Synthesis: CPU user time: 0.42 seconds. CPU system time: 0.06 seconds. Elapsed time: 0.49 seconds; current allocated memory: 527.758 MB.
INFO: [HLS 200-10] Starting hardware synthesis ...
INFO: [HLS 200-10] Synthesizing 'v_frmbuf_rd' ...
WARNING: [SYN 201-103] Legalizing function name 'reg<unsigned short>' to 'reg_unsigned_short_s'.
INFO: [HLS 200-10] ----------------------------------------------------------------
INFO: [HLS 200-42] -- Implementing module 'AXIMMvideo2Bytes_Pipeline_VITIS_LOOP_625_4' 
INFO: [HLS 200-10] ----------------------------------------------------------------
INFO: [SCHED 204-11] Starting scheduling ...
INFO: [SCHED 204-61] Pipelining loop 'VITIS_LOOP_625_4'.
INFO: [HLS 200-1470] Pipelining result : Target II = 1, Final II = 1, Depth = 3, loop 'VITIS_LOOP_625_4'
INFO: [SCHED 204-11] Finished scheduling.
INFO: [HLS 200-111] Finished Scheduling: CPU user time: 0.05 seconds. CPU system time: 0.01 seconds. Elapsed time: 0.07 seconds; current allocated memory: 529.473 MB.
INFO: [BIND 205-100] Starting micro-architecture generation ...
INFO: [BIND 205-101] Performing variable lifetime analysis.
INFO: [BIND 205-101] Exploring resource sharing.
INFO: [BIND 205-101] Binding ...
INFO: [BIND 205-100] Finished micro-architecture generation.
INFO: [HLS 200-111] Finished Binding: CPU user time: 0.01 seconds. CPU system time: 0 seconds. Elapsed time: 0 seconds; current allocated memory: 529.473 MB.
INFO: [HLS 200-10] ----------------------------------------------------------------
INFO: [HLS 200-42] -- Implementing module 'AXIMMvideo2Bytes_Pipeline_VITIS_LOOP_634_5' 
INFO: [HLS 200-10] ----------------------------------------------------------------
INFO: [SCHED 204-11] Starting scheduling ...
INFO: [SCHED 204-61] Pipelining loop 'VITIS_LOOP_634_5'.
INFO: [HLS 200-1470] Pipelining result : Target II = 1, Final II = 1, Depth = 3, loop 'VITIS_LOOP_634_5'
INFO: [SCHED 204-11] Finished scheduling.
INFO: [HLS 200-111] Finished Scheduling: CPU user time: 0.01 seconds. CPU system time: 0.01 seconds. Elapsed time: 0.02 seconds; current allocated memory: 529.719 MB.
INFO: [BIND 205-100] Starting micro-architecture generation ...
INFO: [BIND 205-101] Performing variable lifetime analysis.
INFO: [BIND 205-101] Exploring resource sharing.
INFO: [BIND 205-101] Binding ...
INFO: [BIND 205-100] Finished micro-architecture generation.
INFO: [HLS 200-111] Finished Binding: CPU user time: 0 seconds. CPU system time: 0 seconds. Elapsed time: 0 seconds; current allocated memory: 529.719 MB.
INFO: [HLS 200-10] ----------------------------------------------------------------
INFO: [HLS 200-42] -- Implementing module 'AXIMMvideo2Bytes_Pipeline_VITIS_LOOP_640_6' 
INFO: [HLS 200-10] ----------------------------------------------------------------
INFO: [SCHED 204-11] Starting scheduling ...
INFO: [SCHED 204-61] Pipelining loop 'VITIS_LOOP_640_6'.
INFO: [HLS 200-1470] Pipelining result : Target II = 1, Final II = 1, Depth = 3, loop 'VITIS_LOOP_640_6'
INFO: [SCHED 204-11] Finished scheduling.
INFO: [HLS 200-111] Finished Scheduling: CPU user time: 0.01 seconds. CPU system time: 0 seconds. Elapsed time: 0.01 seconds; current allocated memory: 530.000 MB.
INFO: [BIND 205-100] Starting micro-architecture generation ...
INFO: [BIND 205-101] Performing variable lifetime analysis.
INFO: [BIND 205-101] Exploring resource sharing.
INFO: [BIND 205-101] Binding ...
INFO: [BIND 205-100] Finished micro-architecture generation.
INFO: [HLS 200-111] Finished Binding: CPU user time: 0.01 seconds. CPU system time: 0 seconds. Elapsed time: 0.01 seconds; current allocated memory: 530.000 MB.
INFO: [HLS 200-10] ----------------------------------------------------------------
INFO: [HLS 200-42] -- Implementing module 'AXIMMvideo2Bytes_Pipeline_VITIS_LOOP_591_1' 
INFO: [HLS 200-10] ----------------------------------------------------------------
INFO: [SCHED 204-11] Starting scheduling ...
INFO: [SCHED 204-61] Pipelining loop 'VITIS_LOOP_591_1'.
INFO: [HLS 200-1470] Pipelining result : Target II = 1, Final II = 1, Depth = 3, loop 'VITIS_LOOP_591_1'
INFO: [SCHED 204-11] Finished scheduling.
INFO: [HLS 200-111] Finished Scheduling: CPU user time: 0.01 seconds. CPU system time: 0 seconds. Elapsed time: 0.01 seconds; current allocated memory: 530.246 MB.
INFO: [BIND 205-100] Starting micro-architecture generation ...
INFO: [BIND 205-101] Performing variable lifetime analysis.
INFO: [BIND 205-101] Exploring resource sharing.
INFO: [BIND 205-101] Binding ...
INFO: [BIND 205-100] Finished micro-architecture generation.
INFO: [HLS 200-111] Finished Binding: CPU user time: 0.01 seconds. CPU system time: 0 seconds. Elapsed time: 0.01 seconds; current allocated memory: 530.246 MB.
INFO: [HLS 200-10] ----------------------------------------------------------------
INFO: [HLS 200-42] -- Implementing module 'AXIMMvideo2Bytes_Pipeline_VITIS_LOOP_597_2' 
INFO: [HLS 200-10] ----------------------------------------------------------------
INFO: [SCHED 204-11] Starting scheduling ...
INFO: [SCHED 204-61] Pipelining loop 'VITIS_LOOP_597_2'.
INFO: [HLS 200-1470] Pipelining result : Target II = 1, Final II = 1, Depth = 3, loop 'VITIS_LOOP_597_2'
INFO: [SCHED 204-11] Finished scheduling.
INFO: [HLS 200-111] Finished Scheduling: CPU user time: 0.01 seconds. CPU system time: 0 seconds. Elapsed time: 0.01 seconds; current allocated memory: 530.523 MB.
INFO: [BIND 205-100] Starting micro-architecture generation ...
INFO: [BIND 205-101] Performing variable lifetime analysis.
INFO: [BIND 205-101] Exploring resource sharing.
INFO: [BIND 205-101] Binding ...
INFO: [BIND 205-100] Finished micro-architecture generation.
INFO: [HLS 200-111] Finished Binding: CPU user time: 0 seconds. CPU system time: 0 seconds. Elapsed time: 0 seconds; current allocated memory: 530.523 MB.
INFO: [HLS 200-10] ----------------------------------------------------------------
INFO: [HLS 200-42] -- Implementing module 'AXIMMvideo2Bytes_Pipeline_VITIS_LOOP_603_3' 
INFO: [HLS 200-10] ----------------------------------------------------------------
INFO: [SCHED 204-11] Starting scheduling ...
INFO: [SCHED 204-61] Pipelining loop 'VITIS_LOOP_603_3'.
INFO: [HLS 200-1470] Pipelining result : Target II = 1, Final II = 1, Depth = 3, loop 'VITIS_LOOP_603_3'
INFO: [SCHED 204-11] Finished scheduling.
INFO: [HLS 200-111] Finished Scheduling: CPU user time: 0.01 seconds. CPU system time: 0 seconds. Elapsed time: 0.02 seconds; current allocated memory: 530.773 MB.
INFO: [BIND 205-100] Starting micro-architecture generation ...
INFO: [BIND 205-101] Performing variable lifetime analysis.
INFO: [BIND 205-101] Exploring resource sharing.
INFO: [BIND 205-101] Binding ...
INFO: [BIND 205-100] Finished micro-architecture generation.
INFO: [HLS 200-111] Finished Binding: CPU user time: 0.01 seconds. CPU system time: 0 seconds. Elapsed time: 0 seconds; current allocated memory: 530.773 MB.
INFO: [HLS 200-10] ----------------------------------------------------------------
INFO: [HLS 200-42] -- Implementing module 'AXIMMvideo2Bytes_Pipeline_VITIS_LOOP_660_7' 
INFO: [HLS 200-10] ----------------------------------------------------------------
INFO: [SCHED 204-11] Starting scheduling ...
INFO: [SCHED 204-61] Pipelining loop 'VITIS_LOOP_660_7'.
INFO: [HLS 200-1470] Pipelining result : Target II = 1, Final II = 1, Depth = 3, loop 'VITIS_LOOP_660_7'
INFO: [SCHED 204-11] Finished scheduling.
INFO: [HLS 200-111] Finished Scheduling: CPU user time: 0.01 seconds. CPU system time: 0 seconds. Elapsed time: 0.01 seconds; current allocated memory: 531.051 MB.
INFO: [BIND 205-100] Starting micro-architecture generation ...
INFO: [BIND 205-101] Performing variable lifetime analysis.
INFO: [BIND 205-101] Exploring resource sharing.
INFO: [BIND 205-101] Binding ...
INFO: [BIND 205-100] Finished micro-architecture generation.
INFO: [HLS 200-111] Finished Binding: CPU user time: 0 seconds. CPU system time: 0 seconds. Elapsed time: 0.01 seconds; current allocated memory: 531.051 MB.
INFO: [HLS 200-10] ----------------------------------------------------------------
INFO: [HLS 200-42] -- Implementing module 'AXIMMvideo2Bytes_Pipeline_VITIS_LOOP_670_8' 
INFO: [HLS 200-10] ----------------------------------------------------------------
INFO: [SCHED 204-11] Starting scheduling ...
INFO: [SCHED 204-61] Pipelining loop 'VITIS_LOOP_670_8'.
INFO: [HLS 200-1470] Pipelining result : Target II = 1, Final II = 1, Depth = 3, loop 'VITIS_LOOP_670_8'
INFO: [SCHED 204-11] Finished scheduling.
INFO: [HLS 200-111] Finished Scheduling: CPU user time: 0.01 seconds. CPU system time: 0 seconds. Elapsed time: 0.01 seconds; current allocated memory: 531.297 MB.
INFO: [BIND 205-100] Starting micro-architecture generation ...
INFO: [BIND 205-101] Performing variable lifetime analysis.
INFO: [BIND 205-101] Exploring resource sharing.
INFO: [BIND 205-101] Binding ...
INFO: [BIND 205-100] Finished micro-architecture generation.
INFO: [HLS 200-111] Finished Binding: CPU user time: 0.01 seconds. CPU system time: 0.01 seconds. Elapsed time: 0.01 seconds; current allocated memory: 531.297 MB.
INFO: [HLS 200-10] ----------------------------------------------------------------
INFO: [HLS 200-42] -- Implementing module 'AXIMMvideo2Bytes' 
INFO: [HLS 200-10] ----------------------------------------------------------------
INFO: [SCHED 204-11] Starting scheduling ...
INFO: [SCHED 204-11] Finished scheduling.
INFO: [HLS 200-111] Finished Scheduling: CPU user time: 0.05 seconds. CPU system time: 0 seconds. Elapsed time: 0.05 seconds; current allocated memory: 534.309 MB.
INFO: [BIND 205-100] Starting micro-architecture generation ...
INFO: [BIND 205-101] Performing variable lifetime analysis.
INFO: [BIND 205-101] Exploring resource sharing.
INFO: [BIND 205-101] Binding ...
INFO: [BIND 205-100] Finished micro-architecture generation.
INFO: [HLS 200-111] Finished Binding: CPU user time: 0.19 seconds. CPU system time: 0 seconds. Elapsed time: 0.19 seconds; current allocated memory: 538.859 MB.
INFO: [HLS 200-10] ----------------------------------------------------------------
INFO: [HLS 200-42] -- Implementing module 'Bytes2MultiPixStream_Pipeline_VITIS_LOOP_1772_29' 
INFO: [HLS 200-10] ----------------------------------------------------------------
INFO: [SCHED 204-11] Starting scheduling ...
INFO: [SCHED 204-61] Pipelining loop 'VITIS_LOOP_1772_29'.
INFO: [HLS 200-1470] Pipelining result : Target II = 2, Final II = 2, Depth = 3, loop 'VITIS_LOOP_1772_29'
INFO: [SCHED 204-11] Finished scheduling.
INFO: [HLS 200-111] Finished Scheduling: CPU user time: 0.08 seconds. CPU system time: 0 seconds. Elapsed time: 0.08 seconds; current allocated memory: 540.293 MB.
INFO: [BIND 205-100] Starting micro-architecture generation ...
INFO: [BIND 205-101] Performing variable lifetime analysis.
INFO: [BIND 205-101] Exploring resource sharing.
INFO: [BIND 205-101] Binding ...
INFO: [BIND 205-100] Finished micro-architecture generation.
INFO: [HLS 200-111] Finished Binding: CPU user time: 0 seconds. CPU system time: 0 seconds. Elapsed time: 0.01 seconds; current allocated memory: 540.293 MB.
INFO: [HLS 200-10] ----------------------------------------------------------------
INFO: [HLS 200-42] -- Implementing module 'Bytes2MultiPixStream_Pipeline_VITIS_LOOP_1532_26' 
INFO: [HLS 200-10] ----------------------------------------------------------------
INFO: [SCHED 204-11] Starting scheduling ...
INFO: [SCHED 204-61] Pipelining loop 'VITIS_LOOP_1532_26'.
INFO: [HLS 200-1470] Pipelining result : Target II = 8, Final II = 8, Depth = 9, loop 'VITIS_LOOP_1532_26'
INFO: [SCHED 204-11] Finished scheduling.
INFO: [HLS 200-111] Finished Scheduling: CPU user time: 0.02 seconds. CPU system time: 0 seconds. Elapsed time: 0.02 seconds; current allocated memory: 541.523 MB.
INFO: [BIND 205-100] Starting micro-architecture generation ...
INFO: [BIND 205-101] Performing variable lifetime analysis.
INFO: [BIND 205-101] Exploring resource sharing.
INFO: [BIND 205-101] Binding ...
INFO: [BIND 205-100] Finished micro-architecture generation.
INFO: [HLS 200-111] Finished Binding: CPU user time: 0 seconds. CPU system time: 0 seconds. Elapsed time: 0.01 seconds; current allocated memory: 541.523 MB.
INFO: [HLS 200-10] ----------------------------------------------------------------
INFO: [HLS 200-42] -- Implementing module 'Bytes2MultiPixStream_Pipeline_VITIS_LOOP_1450_23' 
INFO: [HLS 200-10] ----------------------------------------------------------------
INFO: [SCHED 204-11] Starting scheduling ...
INFO: [SCHED 204-61] Pipelining loop 'VITIS_LOOP_1450_23'.
INFO: [HLS 200-1470] Pipelining result : Target II = 2, Final II = 2, Depth = 3, loop 'VITIS_LOOP_1450_23'
INFO: [SCHED 204-11] Finished scheduling.
INFO: [HLS 200-111] Finished Scheduling: CPU user time: 0.02 seconds. CPU system time: 0 seconds. Elapsed time: 0.02 seconds; current allocated memory: 541.523 MB.
INFO: [BIND 205-100] Starting micro-architecture generation ...
INFO: [BIND 205-101] Performing variable lifetime analysis.
INFO: [BIND 205-101] Exploring resource sharing.
INFO: [BIND 205-101] Binding ...
INFO: [BIND 205-100] Finished micro-architecture generation.
INFO: [HLS 200-111] Finished Binding: CPU user time: 0 seconds. CPU system time: 0.01 seconds. Elapsed time: 0 seconds; current allocated memory: 541.523 MB.
INFO: [HLS 200-10] ----------------------------------------------------------------
INFO: [HLS 200-42] -- Implementing module 'Bytes2MultiPixStream_Pipeline_VITIS_LOOP_1398_20' 
INFO: [HLS 200-10] ----------------------------------------------------------------
INFO: [SCHED 204-11] Starting scheduling ...
INFO: [SCHED 204-61] Pipelining loop 'VITIS_LOOP_1398_20'.
INFO: [HLS 200-1470] Pipelining result : Target II = 8, Final II = 8, Depth = 9, loop 'VITIS_LOOP_1398_20'
INFO: [SCHED 204-11] Finished scheduling.
INFO: [HLS 200-111] Finished Scheduling: CPU user time: 0.04 seconds. CPU system time: 0 seconds. Elapsed time: 0.04 seconds; current allocated memory: 542.895 MB.
INFO: [BIND 205-100] Starting micro-architecture generation ...
INFO: [BIND 205-101] Performing variable lifetime analysis.
INFO: [BIND 205-101] Exploring resource sharing.
INFO: [BIND 205-101] Binding ...
INFO: [BIND 205-100] Finished micro-architecture generation.
INFO: [HLS 200-111] Finished Binding: CPU user time: 0.01 seconds. CPU system time: 0 seconds. Elapsed time: 0.01 seconds; current allocated memory: 542.895 MB.
INFO: [HLS 200-10] ----------------------------------------------------------------
INFO: [HLS 200-42] -- Implementing module 'Bytes2MultiPixStream_Pipeline_VITIS_LOOP_1240_17' 
INFO: [HLS 200-10] ----------------------------------------------------------------
INFO: [SCHED 204-11] Starting scheduling ...
INFO: [SCHED 204-61] Pipelining loop 'VITIS_LOOP_1240_17'.
INFO: [HLS 200-1470] Pipelining result : Target II = 8, Final II = 8, Depth = 9, loop 'VITIS_LOOP_1240_17'
INFO: [SCHED 204-11] Finished scheduling.
INFO: [HLS 200-111] Finished Scheduling: CPU user time: 0.02 seconds. CPU system time: 0 seconds. Elapsed time: 0.03 seconds; current allocated memory: 543.613 MB.
INFO: [BIND 205-100] Starting micro-architecture generation ...
INFO: [BIND 205-101] Performing variable lifetime analysis.
INFO: [BIND 205-101] Exploring resource sharing.
INFO: [BIND 205-101] Binding ...
INFO: [BIND 205-100] Finished micro-architecture generation.
INFO: [HLS 200-111] Finished Binding: CPU user time: 0 seconds. CPU system time: 0 seconds. Elapsed time: 0.01 seconds; current allocated memory: 543.613 MB.
INFO: [HLS 200-10] ----------------------------------------------------------------
INFO: [HLS 200-42] -- Implementing module 'Bytes2MultiPixStream_Pipeline_VITIS_LOOP_1197_14' 
INFO: [HLS 200-10] ----------------------------------------------------------------
INFO: [SCHED 204-11] Starting scheduling ...
INFO: [SCHED 204-61] Pipelining loop 'VITIS_LOOP_1197_14'.
INFO: [HLS 200-1470] Pipelining result : Target II = 4, Final II = 4, Depth = 5, loop 'VITIS_LOOP_1197_14'
INFO: [SCHED 204-11] Finished scheduling.
INFO: [HLS 200-111] Finished Scheduling: CPU user time: 0.02 seconds. CPU system time: 0 seconds. Elapsed time: 0.02 seconds; current allocated memory: 543.613 MB.
INFO: [BIND 205-100] Starting micro-architecture generation ...
INFO: [BIND 205-101] Performing variable lifetime analysis.
INFO: [BIND 205-101] Exploring resource sharing.
INFO: [BIND 205-101] Binding ...
INFO: [BIND 205-100] Finished micro-architecture generation.
INFO: [HLS 200-111] Finished Binding: CPU user time: 0.01 seconds. CPU system time: 0 seconds. Elapsed time: 0 seconds; current allocated memory: 543.613 MB.
INFO: [HLS 200-10] ----------------------------------------------------------------
INFO: [HLS 200-42] -- Implementing module 'Bytes2MultiPixStream_Pipeline_VITIS_LOOP_1157_11' 
INFO: [HLS 200-10] ----------------------------------------------------------------
INFO: [SCHED 204-11] Starting scheduling ...
INFO: [SCHED 204-61] Pipelining loop 'VITIS_LOOP_1157_11'.
INFO: [HLS 200-1470] Pipelining result : Target II = 4, Final II = 4, Depth = 5, loop 'VITIS_LOOP_1157_11'
INFO: [SCHED 204-11] Finished scheduling.
INFO: [HLS 200-111] Finished Scheduling: CPU user time: 0.01 seconds. CPU system time: 0 seconds. Elapsed time: 0.02 seconds; current allocated memory: 544.043 MB.
INFO: [BIND 205-100] Starting micro-architecture generation ...
INFO: [BIND 205-101] Performing variable lifetime analysis.
INFO: [BIND 205-101] Exploring resource sharing.
INFO: [BIND 205-101] Binding ...
INFO: [BIND 205-100] Finished micro-architecture generation.
INFO: [HLS 200-111] Finished Binding: CPU user time: 0.01 seconds. CPU system time: 0 seconds. Elapsed time: 0 seconds; current allocated memory: 544.043 MB.
INFO: [HLS 200-10] ----------------------------------------------------------------
INFO: [HLS 200-42] -- Implementing module 'Bytes2MultiPixStream_Pipeline_VITIS_LOOP_954_8' 
INFO: [HLS 200-10] ----------------------------------------------------------------
INFO: [SCHED 204-11] Starting scheduling ...
INFO: [SCHED 204-61] Pipelining loop 'VITIS_LOOP_954_8'.
INFO: [HLS 200-1470] Pipelining result : Target II = 8, Final II = 8, Depth = 9, loop 'VITIS_LOOP_954_8'
INFO: [SCHED 204-11] Finished scheduling.
INFO: [HLS 200-111] Finished Scheduling: CPU user time: 0.02 seconds. CPU system time: 0.01 seconds. Elapsed time: 0.03 seconds; current allocated memory: 545.445 MB.
INFO: [BIND 205-100] Starting micro-architecture generation ...
INFO: [BIND 205-101] Performing variable lifetime analysis.
INFO: [BIND 205-101] Exploring resource sharing.
INFO: [BIND 205-101] Binding ...
INFO: [BIND 205-100] Finished micro-architecture generation.
INFO: [HLS 200-111] Finished Binding: CPU user time: 0.01 seconds. CPU system time: 0 seconds. Elapsed time: 0.01 seconds; current allocated memory: 545.445 MB.
INFO: [HLS 200-10] ----------------------------------------------------------------
INFO: [HLS 200-42] -- Implementing module 'Bytes2MultiPixStream_Pipeline_VITIS_LOOP_862_5' 
INFO: [HLS 200-10] ----------------------------------------------------------------
INFO: [SCHED 204-11] Starting scheduling ...
INFO: [SCHED 204-61] Pipelining loop 'VITIS_LOOP_862_5'.
INFO: [HLS 200-1470] Pipelining result : Target II = 8, Final II = 8, Depth = 10, loop 'VITIS_LOOP_862_5'
INFO: [SCHED 204-11] Finished scheduling.
INFO: [HLS 200-111] Finished Scheduling: CPU user time: 0.03 seconds. CPU system time: 0 seconds. Elapsed time: 0.03 seconds; current allocated memory: 546.656 MB.
INFO: [BIND 205-100] Starting micro-architecture generation ...
INFO: [BIND 205-101] Performing variable lifetime analysis.
INFO: [BIND 205-101] Exploring resource sharing.
INFO: [BIND 205-101] Binding ...
INFO: [BIND 205-100] Finished micro-architecture generation.
INFO: [HLS 200-111] Finished Binding: CPU user time: 0.01 seconds. CPU system time: 0 seconds. Elapsed time: 0.02 seconds; current allocated memory: 546.656 MB.
INFO: [HLS 200-10] ----------------------------------------------------------------
INFO: [HLS 200-42] -- Implementing module 'Bytes2MultiPixStream_Pipeline_VITIS_LOOP_755_1' 
INFO: [HLS 200-10] ----------------------------------------------------------------
INFO: [SCHED 204-11] Starting scheduling ...
INFO: [SCHED 204-61] Pipelining loop 'VITIS_LOOP_755_1'.
INFO: [HLS 200-1470] Pipelining result : Target II = 8, Final II = 8, Depth = 9, loop 'VITIS_LOOP_755_1'
INFO: [SCHED 204-11] Finished scheduling.
INFO: [HLS 200-111] Finished Scheduling: CPU user time: 0.03 seconds. CPU system time: 0 seconds. Elapsed time: 0.02 seconds; current allocated memory: 547.270 MB.
INFO: [BIND 205-100] Starting micro-architecture generation ...
INFO: [BIND 205-101] Performing variable lifetime analysis.
INFO: [BIND 205-101] Exploring resource sharing.
INFO: [BIND 205-101] Binding ...
INFO: [BIND 205-100] Finished micro-architecture generation.
INFO: [HLS 200-111] Finished Binding: CPU user time: 0.01 seconds. CPU system time: 0 seconds. Elapsed time: 0.01 seconds; current allocated memory: 547.270 MB.
INFO: [HLS 200-10] ----------------------------------------------------------------
INFO: [HLS 200-42] -- Implementing module 'Bytes2MultiPixStream' 
INFO: [HLS 200-10] ----------------------------------------------------------------
INFO: [SCHED 204-11] Starting scheduling ...
INFO: [SCHED 204-11] Finished scheduling.
INFO: [HLS 200-111] Finished Scheduling: CPU user time: 0.06 seconds. CPU system time: 0 seconds. Elapsed time: 0.07 seconds; current allocated memory: 550.148 MB.
INFO: [BIND 205-100] Starting micro-architecture generation ...
INFO: [BIND 205-101] Performing variable lifetime analysis.
INFO: [BIND 205-101] Exploring resource sharing.
INFO: [BIND 205-101] Binding ...
INFO: [BIND 205-100] Finished micro-architecture generation.
INFO: [HLS 200-111] Finished Binding: CPU user time: 0.03 seconds. CPU system time: 0 seconds. Elapsed time: 0.03 seconds; current allocated memory: 550.148 MB.
INFO: [HLS 200-10] ----------------------------------------------------------------
INFO: [HLS 200-42] -- Implementing module 'reg_unsigned_short_s' 
INFO: [HLS 200-10] ----------------------------------------------------------------
INFO: [SCHED 204-11] Starting scheduling ...
INFO: [SCHED 204-61] Pipelining function 'reg<unsigned short>'.
INFO: [HLS 200-1470] Pipelining result : Target II = 1, Final II = 1, Depth = 2, function 'reg<unsigned short>'
INFO: [SCHED 204-11] Finished scheduling.
INFO: [HLS 200-111] Finished Scheduling: CPU user time: 0.03 seconds. CPU system time: 0 seconds. Elapsed time: 0.03 seconds; current allocated memory: 550.148 MB.
INFO: [BIND 205-100] Starting micro-architecture generation ...
INFO: [BIND 205-101] Performing variable lifetime analysis.
INFO: [BIND 205-101] Exploring resource sharing.
INFO: [BIND 205-101] Binding ...
INFO: [BIND 205-100] Finished micro-architecture generation.
INFO: [HLS 200-111] Finished Binding: CPU user time: 0 seconds. CPU system time: 0 seconds. Elapsed time: 0 seconds; current allocated memory: 550.148 MB.
INFO: [HLS 200-10] ----------------------------------------------------------------
INFO: [HLS 200-42] -- Implementing module 'MultiPixStream2AXIvideo_Pipeline_VITIS_LOOP_367_1' 
INFO: [HLS 200-10] ----------------------------------------------------------------
INFO: [SCHED 204-11] Starting scheduling ...
INFO: [SCHED 204-61] Pipelining loop 'VITIS_LOOP_367_1'.
INFO: [HLS 200-1470] Pipelining result : Target II = NA, Final II = 1, Depth = 2, loop 'VITIS_LOOP_367_1'
INFO: [SCHED 204-11] Finished scheduling.
INFO: [HLS 200-111] Finished Scheduling: CPU user time: 0.01 seconds. CPU system time: 0 seconds. Elapsed time: 0.01 seconds; current allocated memory: 550.148 MB.
INFO: [BIND 205-100] Starting micro-architecture generation ...
INFO: [BIND 205-101] Performing variable lifetime analysis.
INFO: [BIND 205-101] Exploring resource sharing.
INFO: [BIND 205-101] Binding ...
INFO: [BIND 205-100] Finished micro-architecture generation.
INFO: [HLS 200-111] Finished Binding: CPU user time: 0.01 seconds. CPU system time: 0.01 seconds. Elapsed time: 0.01 seconds; current allocated memory: 550.148 MB.
INFO: [HLS 200-10] ----------------------------------------------------------------
INFO: [HLS 200-42] -- Implementing module 'MultiPixStream2AXIvideo_Pipeline_VITIS_LOOP_376_3' 
INFO: [HLS 200-10] ----------------------------------------------------------------
INFO: [SCHED 204-11] Starting scheduling ...
INFO: [SCHED 204-61] Pipelining loop 'VITIS_LOOP_376_3'.
INFO: [HLS 200-1470] Pipelining result : Target II = 1, Final II = 1, Depth = 3, loop 'VITIS_LOOP_376_3'
INFO: [SCHED 204-11] Finished scheduling.
INFO: [HLS 200-111] Finished Scheduling: CPU user time: 0.01 seconds. CPU system time: 0 seconds. Elapsed time: 0.01 seconds; current allocated memory: 550.246 MB.
INFO: [BIND 205-100] Starting micro-architecture generation ...
INFO: [BIND 205-101] Performing variable lifetime analysis.
INFO: [BIND 205-101] Exploring resource sharing.
INFO: [BIND 205-101] Binding ...
INFO: [BIND 205-100] Finished micro-architecture generation.
INFO: [HLS 200-111] Finished Binding: CPU user time: 0.01 seconds. CPU system time: 0 seconds. Elapsed time: 0.01 seconds; current allocated memory: 550.246 MB.
INFO: [HLS 200-10] ----------------------------------------------------------------
INFO: [HLS 200-42] -- Implementing module 'MultiPixStream2AXIvideo' 
INFO: [HLS 200-10] ----------------------------------------------------------------
INFO: [SCHED 204-11] Starting scheduling ...
INFO: [SCHED 204-11] Finished scheduling.
INFO: [HLS 200-111] Finished Scheduling: CPU user time: 0.01 seconds. CPU system time: 0 seconds. Elapsed time: 0.01 seconds; current allocated memory: 550.617 MB.
INFO: [BIND 205-100] Starting micro-architecture generation ...
INFO: [BIND 205-101] Performing variable lifetime analysis.
INFO: [BIND 205-101] Exploring resource sharing.
INFO: [BIND 205-101] Binding ...
INFO: [BIND 205-100] Finished micro-architecture generation.
INFO: [HLS 200-111] Finished Binding: CPU user time: 0.01 seconds. CPU system time: 0 seconds. Elapsed time: 0 seconds; current allocated memory: 550.617 MB.
INFO: [HLS 200-10] ----------------------------------------------------------------
INFO: [HLS 200-42] -- Implementing module 'FrmbufRdHlsDataFlow' 
INFO: [HLS 200-10] ----------------------------------------------------------------
INFO: [SCHED 204-11] Starting scheduling ...
INFO: [SCHED 204-11] Finished scheduling.
INFO: [HLS 200-111] Finished Scheduling: CPU user time: 0.01 seconds. CPU system time: 0 seconds. Elapsed time: 0.01 seconds; current allocated memory: 550.965 MB.
INFO: [BIND 205-100] Starting micro-architecture generation ...
INFO: [BIND 205-101] Performing variable lifetime analysis.
INFO: [BIND 205-101] Exploring resource sharing.
INFO: [BIND 205-101] Binding ...
INFO: [BIND 205-100] Finished micro-architecture generation.
INFO: [HLS 200-111] Finished Binding: CPU user time: 0.01 seconds. CPU system time: 0 seconds. Elapsed time: 0.01 seconds; current allocated memory: 550.965 MB.
INFO: [HLS 200-10] ----------------------------------------------------------------
INFO: [HLS 200-42] -- Implementing module 'v_frmbuf_rd' 
INFO: [HLS 200-10] ----------------------------------------------------------------
INFO: [SCHED 204-11] Starting scheduling ...
INFO: [SCHED 204-11] Finished scheduling.
INFO: [HLS 200-111] Finished Scheduling: CPU user time: 0.02 seconds. CPU system time: 0 seconds. Elapsed time: 0.02 seconds; current allocated memory: 551.469 MB.
INFO: [BIND 205-100] Starting micro-architecture generation ...
INFO: [BIND 205-101] Performing variable lifetime analysis.
INFO: [BIND 205-101] Exploring resource sharing.
INFO: [BIND 205-101] Binding ...
INFO: [BIND 205-100] Finished micro-architecture generation.
INFO: [HLS 200-111] Finished Binding: CPU user time: 0.01 seconds. CPU system time: 0 seconds. Elapsed time: 0.01 seconds; current allocated memory: 551.469 MB.
INFO: [HLS 200-10] ----------------------------------------------------------------
INFO: [HLS 200-10] -- Generating RTL for module 'AXIMMvideo2Bytes_Pipeline_VITIS_LOOP_625_4' 
INFO: [HLS 200-10] ----------------------------------------------------------------
INFO: [HLS 200-1030] Apply Unified Pipeline Control on module 'AXIMMvideo2Bytes_Pipeline_VITIS_LOOP_625_4' pipeline 'VITIS_LOOP_625_4' pipeline type 'loop pipeline'
WARNING: [RTGEN 206-101] Setting dangling out port 'AXIMMvideo2Bytes_Pipeline_VITIS_LOOP_625_4/m_axi_mm_video_0_ARVALID' to 0.
WARNING: [RTGEN 206-101] Setting dangling out port 'AXIMMvideo2Bytes_Pipeline_VITIS_LOOP_625_4/m_axi_mm_video_0_ARADDR' to 0.
WARNING: [RTGEN 206-101] Setting dangling out port 'AXIMMvideo2Bytes_Pipeline_VITIS_LOOP_625_4/m_axi_mm_video_0_ARID' to 0.
WARNING: [RTGEN 206-101] Setting dangling out port 'AXIMMvideo2Bytes_Pipeline_VITIS_LOOP_625_4/m_axi_mm_video_0_ARLEN' to 0.
WARNING: [RTGEN 206-101] Setting dangling out port 'AXIMMvideo2Bytes_Pipeline_VITIS_LOOP_625_4/m_axi_mm_video_0_ARSIZE' to 0.
WARNING: [RTGEN 206-101] Setting dangling out port 'AXIMMvideo2Bytes_Pipeline_VITIS_LOOP_625_4/m_axi_mm_video_0_ARBURST' to 0.
WARNING: [RTGEN 206-101] Setting dangling out port 'AXIMMvideo2Bytes_Pipeline_VITIS_LOOP_625_4/m_axi_mm_video_0_ARLOCK' to 0.
WARNING: [RTGEN 206-101] Setting dangling out port 'AXIMMvideo2Bytes_Pipeline_VITIS_LOOP_625_4/m_axi_mm_video_0_ARCACHE' to 0.
WARNING: [RTGEN 206-101] Setting dangling out port 'AXIMMvideo2Bytes_Pipeline_VITIS_LOOP_625_4/m_axi_mm_video_0_ARPROT' to 0.
WARNING: [RTGEN 206-101] Setting dangling out port 'AXIMMvideo2Bytes_Pipeline_VITIS_LOOP_625_4/m_axi_mm_video_0_ARQOS' to 0.
WARNING: [RTGEN 206-101] Setting dangling out port 'AXIMMvideo2Bytes_Pipeline_VITIS_LOOP_625_4/m_axi_mm_video_0_ARREGION' to 0.
WARNING: [RTGEN 206-101] Setting dangling out port 'AXIMMvideo2Bytes_Pipeline_VITIS_LOOP_625_4/m_axi_mm_video_0_ARUSER' to 0.
INFO: [RTGEN 206-100] Finished creating RTL model for 'AXIMMvideo2Bytes_Pipeline_VITIS_LOOP_625_4'.
INFO: [HLS 200-111] Finished Creating RTL model: CPU user time: 0.03 seconds. CPU system time: 0 seconds. Elapsed time: 0.03 seconds; current allocated memory: 551.469 MB.
INFO: [HLS 200-10] ----------------------------------------------------------------
INFO: [HLS 200-10] -- Generating RTL for module 'AXIMMvideo2Bytes_Pipeline_VITIS_LOOP_634_5' 
INFO: [HLS 200-10] ----------------------------------------------------------------
INFO: [HLS 200-1030] Apply Unified Pipeline Control on module 'AXIMMvideo2Bytes_Pipeline_VITIS_LOOP_634_5' pipeline 'VITIS_LOOP_634_5' pipeline type 'loop pipeline'
WARNING: [RTGEN 206-101] Setting dangling out port 'AXIMMvideo2Bytes_Pipeline_VITIS_LOOP_634_5/m_axi_mm_video_0_ARVALID' to 0.
WARNING: [RTGEN 206-101] Setting dangling out port 'AXIMMvideo2Bytes_Pipeline_VITIS_LOOP_634_5/m_axi_mm_video_0_ARADDR' to 0.
WARNING: [RTGEN 206-101] Setting dangling out port 'AXIMMvideo2Bytes_Pipeline_VITIS_LOOP_634_5/m_axi_mm_video_0_ARID' to 0.
WARNING: [RTGEN 206-101] Setting dangling out port 'AXIMMvideo2Bytes_Pipeline_VITIS_LOOP_634_5/m_axi_mm_video_0_ARLEN' to 0.
WARNING: [RTGEN 206-101] Setting dangling out port 'AXIMMvideo2Bytes_Pipeline_VITIS_LOOP_634_5/m_axi_mm_video_0_ARSIZE' to 0.
WARNING: [RTGEN 206-101] Setting dangling out port 'AXIMMvideo2Bytes_Pipeline_VITIS_LOOP_634_5/m_axi_mm_video_0_ARBURST' to 0.
WARNING: [RTGEN 206-101] Setting dangling out port 'AXIMMvideo2Bytes_Pipeline_VITIS_LOOP_634_5/m_axi_mm_video_0_ARLOCK' to 0.
WARNING: [RTGEN 206-101] Setting dangling out port 'AXIMMvideo2Bytes_Pipeline_VITIS_LOOP_634_5/m_axi_mm_video_0_ARCACHE' to 0.
WARNING: [RTGEN 206-101] Setting dangling out port 'AXIMMvideo2Bytes_Pipeline_VITIS_LOOP_634_5/m_axi_mm_video_0_ARPROT' to 0.
WARNING: [RTGEN 206-101] Setting dangling out port 'AXIMMvideo2Bytes_Pipeline_VITIS_LOOP_634_5/m_axi_mm_video_0_ARQOS' to 0.
WARNING: [RTGEN 206-101] Setting dangling out port 'AXIMMvideo2Bytes_Pipeline_VITIS_LOOP_634_5/m_axi_mm_video_0_ARREGION' to 0.
WARNING: [RTGEN 206-101] Setting dangling out port 'AXIMMvideo2Bytes_Pipeline_VITIS_LOOP_634_5/m_axi_mm_video_0_ARUSER' to 0.
INFO: [RTGEN 206-100] Finished creating RTL model for 'AXIMMvideo2Bytes_Pipeline_VITIS_LOOP_634_5'.
INFO: [HLS 200-111] Finished Creating RTL model: CPU user time: 0.02 seconds. CPU system time: 0 seconds. Elapsed time: 0.02 seconds; current allocated memory: 551.852 MB.
INFO: [HLS 200-10] ----------------------------------------------------------------
INFO: [HLS 200-10] -- Generating RTL for module 'AXIMMvideo2Bytes_Pipeline_VITIS_LOOP_640_6' 
INFO: [HLS 200-10] ----------------------------------------------------------------
INFO: [HLS 200-1030] Apply Unified Pipeline Control on module 'AXIMMvideo2Bytes_Pipeline_VITIS_LOOP_640_6' pipeline 'VITIS_LOOP_640_6' pipeline type 'loop pipeline'
WARNING: [RTGEN 206-101] Setting dangling out port 'AXIMMvideo2Bytes_Pipeline_VITIS_LOOP_640_6/m_axi_mm_video_0_ARVALID' to 0.
WARNING: [RTGEN 206-101] Setting dangling out port 'AXIMMvideo2Bytes_Pipeline_VITIS_LOOP_640_6/m_axi_mm_video_0_ARADDR' to 0.
WARNING: [RTGEN 206-101] Setting dangling out port 'AXIMMvideo2Bytes_Pipeline_VITIS_LOOP_640_6/m_axi_mm_video_0_ARID' to 0.
WARNING: [RTGEN 206-101] Setting dangling out port 'AXIMMvideo2Bytes_Pipeline_VITIS_LOOP_640_6/m_axi_mm_video_0_ARLEN' to 0.
WARNING: [RTGEN 206-101] Setting dangling out port 'AXIMMvideo2Bytes_Pipeline_VITIS_LOOP_640_6/m_axi_mm_video_0_ARSIZE' to 0.
WARNING: [RTGEN 206-101] Setting dangling out port 'AXIMMvideo2Bytes_Pipeline_VITIS_LOOP_640_6/m_axi_mm_video_0_ARBURST' to 0.
WARNING: [RTGEN 206-101] Setting dangling out port 'AXIMMvideo2Bytes_Pipeline_VITIS_LOOP_640_6/m_axi_mm_video_0_ARLOCK' to 0.
WARNING: [RTGEN 206-101] Setting dangling out port 'AXIMMvideo2Bytes_Pipeline_VITIS_LOOP_640_6/m_axi_mm_video_0_ARCACHE' to 0.
WARNING: [RTGEN 206-101] Setting dangling out port 'AXIMMvideo2Bytes_Pipeline_VITIS_LOOP_640_6/m_axi_mm_video_0_ARPROT' to 0.
WARNING: [RTGEN 206-101] Setting dangling out port 'AXIMMvideo2Bytes_Pipeline_VITIS_LOOP_640_6/m_axi_mm_video_0_ARQOS' to 0.
WARNING: [RTGEN 206-101] Setting dangling out port 'AXIMMvideo2Bytes_Pipeline_VITIS_LOOP_640_6/m_axi_mm_video_0_ARREGION' to 0.
WARNING: [RTGEN 206-101] Setting dangling out port 'AXIMMvideo2Bytes_Pipeline_VITIS_LOOP_640_6/m_axi_mm_video_0_ARUSER' to 0.
INFO: [RTGEN 206-100] Finished creating RTL model for 'AXIMMvideo2Bytes_Pipeline_VITIS_LOOP_640_6'.
INFO: [HLS 200-111] Finished Creating RTL model: CPU user time: 0.02 seconds. CPU system time: 0 seconds. Elapsed time: 0.03 seconds; current allocated memory: 552.633 MB.
INFO: [HLS 200-10] ----------------------------------------------------------------
INFO: [HLS 200-10] -- Generating RTL for module 'AXIMMvideo2Bytes_Pipeline_VITIS_LOOP_591_1' 
INFO: [HLS 200-10] ----------------------------------------------------------------
INFO: [HLS 200-1030] Apply Unified Pipeline Control on module 'AXIMMvideo2Bytes_Pipeline_VITIS_LOOP_591_1' pipeline 'VITIS_LOOP_591_1' pipeline type 'loop pipeline'
WARNING: [RTGEN 206-101] Setting dangling out port 'AXIMMvideo2Bytes_Pipeline_VITIS_LOOP_591_1/m_axi_mm_video_0_ARVALID' to 0.
WARNING: [RTGEN 206-101] Setting dangling out port 'AXIMMvideo2Bytes_Pipeline_VITIS_LOOP_591_1/m_axi_mm_video_0_ARADDR' to 0.
WARNING: [RTGEN 206-101] Setting dangling out port 'AXIMMvideo2Bytes_Pipeline_VITIS_LOOP_591_1/m_axi_mm_video_0_ARID' to 0.
WARNING: [RTGEN 206-101] Setting dangling out port 'AXIMMvideo2Bytes_Pipeline_VITIS_LOOP_591_1/m_axi_mm_video_0_ARLEN' to 0.
WARNING: [RTGEN 206-101] Setting dangling out port 'AXIMMvideo2Bytes_Pipeline_VITIS_LOOP_591_1/m_axi_mm_video_0_ARSIZE' to 0.
WARNING: [RTGEN 206-101] Setting dangling out port 'AXIMMvideo2Bytes_Pipeline_VITIS_LOOP_591_1/m_axi_mm_video_0_ARBURST' to 0.
WARNING: [RTGEN 206-101] Setting dangling out port 'AXIMMvideo2Bytes_Pipeline_VITIS_LOOP_591_1/m_axi_mm_video_0_ARLOCK' to 0.
WARNING: [RTGEN 206-101] Setting dangling out port 'AXIMMvideo2Bytes_Pipeline_VITIS_LOOP_591_1/m_axi_mm_video_0_ARCACHE' to 0.
WARNING: [RTGEN 206-101] Setting dangling out port 'AXIMMvideo2Bytes_Pipeline_VITIS_LOOP_591_1/m_axi_mm_video_0_ARPROT' to 0.
WARNING: [RTGEN 206-101] Setting dangling out port 'AXIMMvideo2Bytes_Pipeline_VITIS_LOOP_591_1/m_axi_mm_video_0_ARQOS' to 0.
WARNING: [RTGEN 206-101] Setting dangling out port 'AXIMMvideo2Bytes_Pipeline_VITIS_LOOP_591_1/m_axi_mm_video_0_ARREGION' to 0.
WARNING: [RTGEN 206-101] Setting dangling out port 'AXIMMvideo2Bytes_Pipeline_VITIS_LOOP_591_1/m_axi_mm_video_0_ARUSER' to 0.
INFO: [RTGEN 206-100] Finished creating RTL model for 'AXIMMvideo2Bytes_Pipeline_VITIS_LOOP_591_1'.
INFO: [HLS 200-111] Finished Creating RTL model: CPU user time: 0.02 seconds. CPU system time: 0 seconds. Elapsed time: 0.02 seconds; current allocated memory: 553.414 MB.
INFO: [HLS 200-10] ----------------------------------------------------------------
INFO: [HLS 200-10] -- Generating RTL for module 'AXIMMvideo2Bytes_Pipeline_VITIS_LOOP_597_2' 
INFO: [HLS 200-10] ----------------------------------------------------------------
INFO: [HLS 200-1030] Apply Unified Pipeline Control on module 'AXIMMvideo2Bytes_Pipeline_VITIS_LOOP_597_2' pipeline 'VITIS_LOOP_597_2' pipeline type 'loop pipeline'
WARNING: [RTGEN 206-101] Setting dangling out port 'AXIMMvideo2Bytes_Pipeline_VITIS_LOOP_597_2/m_axi_mm_video_0_ARVALID' to 0.
WARNING: [RTGEN 206-101] Setting dangling out port 'AXIMMvideo2Bytes_Pipeline_VITIS_LOOP_597_2/m_axi_mm_video_0_ARADDR' to 0.
WARNING: [RTGEN 206-101] Setting dangling out port 'AXIMMvideo2Bytes_Pipeline_VITIS_LOOP_597_2/m_axi_mm_video_0_ARID' to 0.
WARNING: [RTGEN 206-101] Setting dangling out port 'AXIMMvideo2Bytes_Pipeline_VITIS_LOOP_597_2/m_axi_mm_video_0_ARLEN' to 0.
WARNING: [RTGEN 206-101] Setting dangling out port 'AXIMMvideo2Bytes_Pipeline_VITIS_LOOP_597_2/m_axi_mm_video_0_ARSIZE' to 0.
WARNING: [RTGEN 206-101] Setting dangling out port 'AXIMMvideo2Bytes_Pipeline_VITIS_LOOP_597_2/m_axi_mm_video_0_ARBURST' to 0.
WARNING: [RTGEN 206-101] Setting dangling out port 'AXIMMvideo2Bytes_Pipeline_VITIS_LOOP_597_2/m_axi_mm_video_0_ARLOCK' to 0.
WARNING: [RTGEN 206-101] Setting dangling out port 'AXIMMvideo2Bytes_Pipeline_VITIS_LOOP_597_2/m_axi_mm_video_0_ARCACHE' to 0.
WARNING: [RTGEN 206-101] Setting dangling out port 'AXIMMvideo2Bytes_Pipeline_VITIS_LOOP_597_2/m_axi_mm_video_0_ARPROT' to 0.
WARNING: [RTGEN 206-101] Setting dangling out port 'AXIMMvideo2Bytes_Pipeline_VITIS_LOOP_597_2/m_axi_mm_video_0_ARQOS' to 0.
WARNING: [RTGEN 206-101] Setting dangling out port 'AXIMMvideo2Bytes_Pipeline_VITIS_LOOP_597_2/m_axi_mm_video_0_ARREGION' to 0.
WARNING: [RTGEN 206-101] Setting dangling out port 'AXIMMvideo2Bytes_Pipeline_VITIS_LOOP_597_2/m_axi_mm_video_0_ARUSER' to 0.
INFO: [RTGEN 206-100] Finished creating RTL model for 'AXIMMvideo2Bytes_Pipeline_VITIS_LOOP_597_2'.
INFO: [HLS 200-111] Finished Creating RTL model: CPU user time: 0.02 seconds. CPU system time: 0.01 seconds. Elapsed time: 0.02 seconds; current allocated memory: 554.195 MB.
INFO: [HLS 200-10] ----------------------------------------------------------------
INFO: [HLS 200-10] -- Generating RTL for module 'AXIMMvideo2Bytes_Pipeline_VITIS_LOOP_603_3' 
INFO: [HLS 200-10] ----------------------------------------------------------------
INFO: [HLS 200-1030] Apply Unified Pipeline Control on module 'AXIMMvideo2Bytes_Pipeline_VITIS_LOOP_603_3' pipeline 'VITIS_LOOP_603_3' pipeline type 'loop pipeline'
WARNING: [RTGEN 206-101] Setting dangling out port 'AXIMMvideo2Bytes_Pipeline_VITIS_LOOP_603_3/m_axi_mm_video_0_ARVALID' to 0.
WARNING: [RTGEN 206-101] Setting dangling out port 'AXIMMvideo2Bytes_Pipeline_VITIS_LOOP_603_3/m_axi_mm_video_0_ARADDR' to 0.
WARNING: [RTGEN 206-101] Setting dangling out port 'AXIMMvideo2Bytes_Pipeline_VITIS_LOOP_603_3/m_axi_mm_video_0_ARID' to 0.
WARNING: [RTGEN 206-101] Setting dangling out port 'AXIMMvideo2Bytes_Pipeline_VITIS_LOOP_603_3/m_axi_mm_video_0_ARLEN' to 0.
WARNING: [RTGEN 206-101] Setting dangling out port 'AXIMMvideo2Bytes_Pipeline_VITIS_LOOP_603_3/m_axi_mm_video_0_ARSIZE' to 0.
WARNING: [RTGEN 206-101] Setting dangling out port 'AXIMMvideo2Bytes_Pipeline_VITIS_LOOP_603_3/m_axi_mm_video_0_ARBURST' to 0.
WARNING: [RTGEN 206-101] Setting dangling out port 'AXIMMvideo2Bytes_Pipeline_VITIS_LOOP_603_3/m_axi_mm_video_0_ARLOCK' to 0.
WARNING: [RTGEN 206-101] Setting dangling out port 'AXIMMvideo2Bytes_Pipeline_VITIS_LOOP_603_3/m_axi_mm_video_0_ARCACHE' to 0.
WARNING: [RTGEN 206-101] Setting dangling out port 'AXIMMvideo2Bytes_Pipeline_VITIS_LOOP_603_3/m_axi_mm_video_0_ARPROT' to 0.
WARNING: [RTGEN 206-101] Setting dangling out port 'AXIMMvideo2Bytes_Pipeline_VITIS_LOOP_603_3/m_axi_mm_video_0_ARQOS' to 0.
WARNING: [RTGEN 206-101] Setting dangling out port 'AXIMMvideo2Bytes_Pipeline_VITIS_LOOP_603_3/m_axi_mm_video_0_ARREGION' to 0.
WARNING: [RTGEN 206-101] Setting dangling out port 'AXIMMvideo2Bytes_Pipeline_VITIS_LOOP_603_3/m_axi_mm_video_0_ARUSER' to 0.
INFO: [RTGEN 206-100] Finished creating RTL model for 'AXIMMvideo2Bytes_Pipeline_VITIS_LOOP_603_3'.
INFO: [HLS 200-111] Finished Creating RTL model: CPU user time: 0.03 seconds. CPU system time: 0 seconds. Elapsed time: 0.03 seconds; current allocated memory: 554.977 MB.
INFO: [HLS 200-10] ----------------------------------------------------------------
INFO: [HLS 200-10] -- Generating RTL for module 'AXIMMvideo2Bytes_Pipeline_VITIS_LOOP_660_7' 
INFO: [HLS 200-10] ----------------------------------------------------------------
INFO: [HLS 200-1030] Apply Unified Pipeline Control on module 'AXIMMvideo2Bytes_Pipeline_VITIS_LOOP_660_7' pipeline 'VITIS_LOOP_660_7' pipeline type 'loop pipeline'
WARNING: [RTGEN 206-101] Setting dangling out port 'AXIMMvideo2Bytes_Pipeline_VITIS_LOOP_660_7/m_axi_mm_video_0_ARVALID' to 0.
WARNING: [RTGEN 206-101] Setting dangling out port 'AXIMMvideo2Bytes_Pipeline_VITIS_LOOP_660_7/m_axi_mm_video_0_ARADDR' to 0.
WARNING: [RTGEN 206-101] Setting dangling out port 'AXIMMvideo2Bytes_Pipeline_VITIS_LOOP_660_7/m_axi_mm_video_0_ARID' to 0.
WARNING: [RTGEN 206-101] Setting dangling out port 'AXIMMvideo2Bytes_Pipeline_VITIS_LOOP_660_7/m_axi_mm_video_0_ARLEN' to 0.
WARNING: [RTGEN 206-101] Setting dangling out port 'AXIMMvideo2Bytes_Pipeline_VITIS_LOOP_660_7/m_axi_mm_video_0_ARSIZE' to 0.
WARNING: [RTGEN 206-101] Setting dangling out port 'AXIMMvideo2Bytes_Pipeline_VITIS_LOOP_660_7/m_axi_mm_video_0_ARBURST' to 0.
WARNING: [RTGEN 206-101] Setting dangling out port 'AXIMMvideo2Bytes_Pipeline_VITIS_LOOP_660_7/m_axi_mm_video_0_ARLOCK' to 0.
WARNING: [RTGEN 206-101] Setting dangling out port 'AXIMMvideo2Bytes_Pipeline_VITIS_LOOP_660_7/m_axi_mm_video_0_ARCACHE' to 0.
WARNING: [RTGEN 206-101] Setting dangling out port 'AXIMMvideo2Bytes_Pipeline_VITIS_LOOP_660_7/m_axi_mm_video_0_ARPROT' to 0.
WARNING: [RTGEN 206-101] Setting dangling out port 'AXIMMvideo2Bytes_Pipeline_VITIS_LOOP_660_7/m_axi_mm_video_0_ARQOS' to 0.
WARNING: [RTGEN 206-101] Setting dangling out port 'AXIMMvideo2Bytes_Pipeline_VITIS_LOOP_660_7/m_axi_mm_video_0_ARREGION' to 0.
WARNING: [RTGEN 206-101] Setting dangling out port 'AXIMMvideo2Bytes_Pipeline_VITIS_LOOP_660_7/m_axi_mm_video_0_ARUSER' to 0.
INFO: [RTGEN 206-100] Finished creating RTL model for 'AXIMMvideo2Bytes_Pipeline_VITIS_LOOP_660_7'.
INFO: [HLS 200-111] Finished Creating RTL model: CPU user time: 0.02 seconds. CPU system time: 0 seconds. Elapsed time: 0.02 seconds; current allocated memory: 555.762 MB.
INFO: [HLS 200-10] ----------------------------------------------------------------
INFO: [HLS 200-10] -- Generating RTL for module 'AXIMMvideo2Bytes_Pipeline_VITIS_LOOP_670_8' 
INFO: [HLS 200-10] ----------------------------------------------------------------
INFO: [HLS 200-1030] Apply Unified Pipeline Control on module 'AXIMMvideo2Bytes_Pipeline_VITIS_LOOP_670_8' pipeline 'VITIS_LOOP_670_8' pipeline type 'loop pipeline'
WARNING: [RTGEN 206-101] Setting dangling out port 'AXIMMvideo2Bytes_Pipeline_VITIS_LOOP_670_8/m_axi_mm_video_0_ARVALID' to 0.
WARNING: [RTGEN 206-101] Setting dangling out port 'AXIMMvideo2Bytes_Pipeline_VITIS_LOOP_670_8/m_axi_mm_video_0_ARADDR' to 0.
WARNING: [RTGEN 206-101] Setting dangling out port 'AXIMMvideo2Bytes_Pipeline_VITIS_LOOP_670_8/m_axi_mm_video_0_ARID' to 0.
WARNING: [RTGEN 206-101] Setting dangling out port 'AXIMMvideo2Bytes_Pipeline_VITIS_LOOP_670_8/m_axi_mm_video_0_ARLEN' to 0.
WARNING: [RTGEN 206-101] Setting dangling out port 'AXIMMvideo2Bytes_Pipeline_VITIS_LOOP_670_8/m_axi_mm_video_0_ARSIZE' to 0.
WARNING: [RTGEN 206-101] Setting dangling out port 'AXIMMvideo2Bytes_Pipeline_VITIS_LOOP_670_8/m_axi_mm_video_0_ARBURST' to 0.
WARNING: [RTGEN 206-101] Setting dangling out port 'AXIMMvideo2Bytes_Pipeline_VITIS_LOOP_670_8/m_axi_mm_video_0_ARLOCK' to 0.
WARNING: [RTGEN 206-101] Setting dangling out port 'AXIMMvideo2Bytes_Pipeline_VITIS_LOOP_670_8/m_axi_mm_video_0_ARCACHE' to 0.
WARNING: [RTGEN 206-101] Setting dangling out port 'AXIMMvideo2Bytes_Pipeline_VITIS_LOOP_670_8/m_axi_mm_video_0_ARPROT' to 0.
WARNING: [RTGEN 206-101] Setting dangling out port 'AXIMMvideo2Bytes_Pipeline_VITIS_LOOP_670_8/m_axi_mm_video_0_ARQOS' to 0.
WARNING: [RTGEN 206-101] Setting dangling out port 'AXIMMvideo2Bytes_Pipeline_VITIS_LOOP_670_8/m_axi_mm_video_0_ARREGION' to 0.
WARNING: [RTGEN 206-101] Setting dangling out port 'AXIMMvideo2Bytes_Pipeline_VITIS_LOOP_670_8/m_axi_mm_video_0_ARUSER' to 0.
INFO: [RTGEN 206-100] Finished creating RTL model for 'AXIMMvideo2Bytes_Pipeline_VITIS_LOOP_670_8'.
INFO: [HLS 200-111] Finished Creating RTL model: CPU user time: 0.02 seconds. CPU system time: 0 seconds. Elapsed time: 0.02 seconds; current allocated memory: 556.543 MB.
INFO: [HLS 200-10] ----------------------------------------------------------------
INFO: [HLS 200-10] -- Generating RTL for module 'AXIMMvideo2Bytes' 
INFO: [HLS 200-10] ----------------------------------------------------------------
WARNING: [RTGEN 206-101] RTL name 'ap_sig_allocacmp_offsetUV_load' is changed to 'ap_sig_allocacmp_offsetUV_load_x' due to conflict.
INFO: [RTGEN 206-100] Finished creating RTL model for 'AXIMMvideo2Bytes'.
INFO: [HLS 200-111] Finished Creating RTL model: CPU user time: 0.18 seconds. CPU system time: 0.01 seconds. Elapsed time: 0.18 seconds; current allocated memory: 571.863 MB.
INFO: [HLS 200-10] ----------------------------------------------------------------
INFO: [HLS 200-10] -- Generating RTL for module 'Bytes2MultiPixStream_Pipeline_VITIS_LOOP_1772_29' 
INFO: [HLS 200-10] ----------------------------------------------------------------
INFO: [HLS 200-1030] Apply Unified Pipeline Control on module 'Bytes2MultiPixStream_Pipeline_VITIS_LOOP_1772_29' pipeline 'VITIS_LOOP_1772_29' pipeline type 'loop pipeline'
INFO: [RTGEN 206-100] Finished creating RTL model for 'Bytes2MultiPixStream_Pipeline_VITIS_LOOP_1772_29'.
INFO: [HLS 200-111] Finished Creating RTL model: CPU user time: 0.22 seconds. CPU system time: 0 seconds. Elapsed time: 0.23 seconds; current allocated memory: 580.203 MB.
INFO: [HLS 200-10] ----------------------------------------------------------------
INFO: [HLS 200-10] -- Generating RTL for module 'Bytes2MultiPixStream_Pipeline_VITIS_LOOP_1532_26' 
INFO: [HLS 200-10] ----------------------------------------------------------------
INFO: [HLS 200-1030] Apply Unified Pipeline Control on module 'Bytes2MultiPixStream_Pipeline_VITIS_LOOP_1532_26' pipeline 'VITIS_LOOP_1532_26' pipeline type 'loop pipeline'
INFO: [RTGEN 206-100] Finished creating RTL model for 'Bytes2MultiPixStream_Pipeline_VITIS_LOOP_1532_26'.
INFO: [HLS 200-111] Finished Creating RTL model: CPU user time: 0.03 seconds. CPU system time: 0.01 seconds. Elapsed time: 0.04 seconds; current allocated memory: 580.203 MB.
INFO: [HLS 200-10] ----------------------------------------------------------------
INFO: [HLS 200-10] -- Generating RTL for module 'Bytes2MultiPixStream_Pipeline_VITIS_LOOP_1450_23' 
INFO: [HLS 200-10] ----------------------------------------------------------------
INFO: [HLS 200-1030] Apply Unified Pipeline Control on module 'Bytes2MultiPixStream_Pipeline_VITIS_LOOP_1450_23' pipeline 'VITIS_LOOP_1450_23' pipeline type 'loop pipeline'
INFO: [RTGEN 206-100] Finished creating RTL model for 'Bytes2MultiPixStream_Pipeline_VITIS_LOOP_1450_23'.
INFO: [HLS 200-111] Finished Creating RTL model: CPU user time: 0.03 seconds. CPU system time: 0 seconds. Elapsed time: 0.04 seconds; current allocated memory: 580.203 MB.
INFO: [HLS 200-10] ----------------------------------------------------------------
INFO: [HLS 200-10] -- Generating RTL for module 'Bytes2MultiPixStream_Pipeline_VITIS_LOOP_1398_20' 
INFO: [HLS 200-10] ----------------------------------------------------------------
INFO: [HLS 200-1030] Apply Unified Pipeline Control on module 'Bytes2MultiPixStream_Pipeline_VITIS_LOOP_1398_20' pipeline 'VITIS_LOOP_1398_20' pipeline type 'loop pipeline'
INFO: [RTGEN 206-100] Finished creating RTL model for 'Bytes2MultiPixStream_Pipeline_VITIS_LOOP_1398_20'.
INFO: [HLS 200-111] Finished Creating RTL model: CPU user time: 0.04 seconds. CPU system time: 0 seconds. Elapsed time: 0.03 seconds; current allocated memory: 580.910 MB.
INFO: [HLS 200-10] ----------------------------------------------------------------
INFO: [HLS 200-10] -- Generating RTL for module 'Bytes2MultiPixStream_Pipeline_VITIS_LOOP_1240_17' 
INFO: [HLS 200-10] ----------------------------------------------------------------
INFO: [HLS 200-1030] Apply Unified Pipeline Control on module 'Bytes2MultiPixStream_Pipeline_VITIS_LOOP_1240_17' pipeline 'VITIS_LOOP_1240_17' pipeline type 'loop pipeline'
INFO: [RTGEN 206-100] Finished creating RTL model for 'Bytes2MultiPixStream_Pipeline_VITIS_LOOP_1240_17'.
INFO: [HLS 200-111] Finished Creating RTL model: CPU user time: 0.05 seconds. CPU system time: 0.01 seconds. Elapsed time: 0.08 seconds; current allocated memory: 583.605 MB.
INFO: [HLS 200-10] ----------------------------------------------------------------
INFO: [HLS 200-10] -- Generating RTL for module 'Bytes2MultiPixStream_Pipeline_VITIS_LOOP_1197_14' 
INFO: [HLS 200-10] ----------------------------------------------------------------
INFO: [HLS 200-1030] Apply Unified Pipeline Control on module 'Bytes2MultiPixStream_Pipeline_VITIS_LOOP_1197_14' pipeline 'VITIS_LOOP_1197_14' pipeline type 'loop pipeline'
INFO: [RTGEN 206-100] Finished creating RTL model for 'Bytes2MultiPixStream_Pipeline_VITIS_LOOP_1197_14'.
INFO: [HLS 200-111] Finished Creating RTL model: CPU user time: 0.04 seconds. CPU system time: 0 seconds. Elapsed time: 0.05 seconds; current allocated memory: 585.973 MB.
INFO: [HLS 200-10] ----------------------------------------------------------------
INFO: [HLS 200-10] -- Generating RTL for module 'Bytes2MultiPixStream_Pipeline_VITIS_LOOP_1157_11' 
INFO: [HLS 200-10] ----------------------------------------------------------------
INFO: [HLS 200-1030] Apply Unified Pipeline Control on module 'Bytes2MultiPixStream_Pipeline_VITIS_LOOP_1157_11' pipeline 'VITIS_LOOP_1157_11' pipeline type 'loop pipeline'
INFO: [RTGEN 206-100] Finished creating RTL model for 'Bytes2MultiPixStream_Pipeline_VITIS_LOOP_1157_11'.
INFO: [HLS 200-111] Finished Creating RTL model: CPU user time: 0.03 seconds. CPU system time: 0.01 seconds. Elapsed time: 0.03 seconds; current allocated memory: 587.129 MB.
INFO: [HLS 200-10] ----------------------------------------------------------------
INFO: [HLS 200-10] -- Generating RTL for module 'Bytes2MultiPixStream_Pipeline_VITIS_LOOP_954_8' 
INFO: [HLS 200-10] ----------------------------------------------------------------
INFO: [HLS 200-1030] Apply Unified Pipeline Control on module 'Bytes2MultiPixStream_Pipeline_VITIS_LOOP_954_8' pipeline 'VITIS_LOOP_954_8' pipeline type 'loop pipeline'
INFO: [RTGEN 206-100] Finished creating RTL model for 'Bytes2MultiPixStream_Pipeline_VITIS_LOOP_954_8'.
INFO: [HLS 200-111] Finished Creating RTL model: CPU user time: 0.04 seconds. CPU system time: 0 seconds. Elapsed time: 0.04 seconds; current allocated memory: 588.746 MB.
INFO: [HLS 200-10] ----------------------------------------------------------------
INFO: [HLS 200-10] -- Generating RTL for module 'Bytes2MultiPixStream_Pipeline_VITIS_LOOP_862_5' 
INFO: [HLS 200-10] ----------------------------------------------------------------
INFO: [HLS 200-1030] Apply Unified Pipeline Control on module 'Bytes2MultiPixStream_Pipeline_VITIS_LOOP_862_5' pipeline 'VITIS_LOOP_862_5' pipeline type 'loop pipeline'
INFO: [RTGEN 206-100] Generating core module 'partselect_8ns_64ns_6ns_8_1_1': 8 instance(s).
INFO: [RTGEN 206-100] Finished creating RTL model for 'Bytes2MultiPixStream_Pipeline_VITIS_LOOP_862_5'.
INFO: [HLS 200-111] Finished Creating RTL model: CPU user time: 0.05 seconds. CPU system time: 0.01 seconds. Elapsed time: 0.06 seconds; current allocated memory: 591.586 MB.
INFO: [HLS 200-10] ----------------------------------------------------------------
INFO: [HLS 200-10] -- Generating RTL for module 'Bytes2MultiPixStream_Pipeline_VITIS_LOOP_755_1' 
INFO: [HLS 200-10] ----------------------------------------------------------------
INFO: [HLS 200-1030] Apply Unified Pipeline Control on module 'Bytes2MultiPixStream_Pipeline_VITIS_LOOP_755_1' pipeline 'VITIS_LOOP_755_1' pipeline type 'loop pipeline'
INFO: [RTGEN 206-100] Finished creating RTL model for 'Bytes2MultiPixStream_Pipeline_VITIS_LOOP_755_1'.
INFO: [HLS 200-111] Finished Creating RTL model: CPU user time: 0.06 seconds. CPU system time: 0 seconds. Elapsed time: 0.06 seconds; current allocated memory: 594.480 MB.
INFO: [HLS 200-10] ----------------------------------------------------------------
INFO: [HLS 200-10] -- Generating RTL for module 'Bytes2MultiPixStream' 
INFO: [HLS 200-10] ----------------------------------------------------------------
INFO: [RTGEN 206-100] Generating core module 'mul_11ns_13ns_23_1_1': 2 instance(s).
INFO: [RTGEN 206-100] Generating core module 'urem_11ns_3ns_2_15_seq_1': 1 instance(s).
INFO: [RTGEN 206-100] Finished creating RTL model for 'Bytes2MultiPixStream'.
INFO: [HLS 200-111] Finished Creating RTL model: CPU user time: 0.07 seconds. CPU system time: 0.01 seconds. Elapsed time: 0.08 seconds; current allocated memory: 600.094 MB.
INFO: [HLS 200-10] ----------------------------------------------------------------
INFO: [HLS 200-10] -- Generating RTL for module 'reg_unsigned_short_s' 
INFO: [HLS 200-10] ----------------------------------------------------------------
INFO: [HLS 200-1030] Apply Unified Pipeline Control on module 'reg_unsigned_short_s' pipeline 'reg<unsigned short>' pipeline type 'function pipeline'
INFO: [RTGEN 206-100] Finished creating RTL model for 'reg_unsigned_short_s'.
INFO: [HLS 200-111] Finished Creating RTL model: CPU user time: 0.1 seconds. CPU system time: 0 seconds. Elapsed time: 0.11 seconds; current allocated memory: 609.320 MB.
INFO: [HLS 200-10] ----------------------------------------------------------------
INFO: [HLS 200-10] -- Generating RTL for module 'MultiPixStream2AXIvideo_Pipeline_VITIS_LOOP_367_1' 
INFO: [HLS 200-10] ----------------------------------------------------------------
INFO: [HLS 200-1030] Apply Unified Pipeline Control on module 'MultiPixStream2AXIvideo_Pipeline_VITIS_LOOP_367_1' pipeline 'VITIS_LOOP_367_1' pipeline type 'loop pipeline'
INFO: [RTGEN 206-100] Finished creating RTL model for 'MultiPixStream2AXIvideo_Pipeline_VITIS_LOOP_367_1'.
INFO: [RTMG 210-279] Implementing memory 'design_1_v_frmbuf_rd_0_0_MultiPixStream2AXIvideo_Pipeline_VITIS_LOOP_367_1_mapComp_ROM_AUTO_1R' using auto ROMs.
INFO: [HLS 200-111] Finished Creating RTL model: CPU user time: 0.02 seconds. CPU system time: 0.01 seconds. Elapsed time: 0.02 seconds; current allocated memory: 609.320 MB.
INFO: [HLS 200-10] ----------------------------------------------------------------
INFO: [HLS 200-10] -- Generating RTL for module 'MultiPixStream2AXIvideo_Pipeline_VITIS_LOOP_376_3' 
INFO: [HLS 200-10] ----------------------------------------------------------------
INFO: [HLS 200-1030] Apply Unified Pipeline Control on module 'MultiPixStream2AXIvideo_Pipeline_VITIS_LOOP_376_3' pipeline 'VITIS_LOOP_376_3' pipeline type 'loop pipeline'
INFO: [RTGEN 206-100] Generating core module 'sparsemux_7_2_8_1_1': 3 instance(s).
INFO: [RTGEN 206-100] Finished creating RTL model for 'MultiPixStream2AXIvideo_Pipeline_VITIS_LOOP_376_3'.
INFO: [HLS 200-111] Finished Creating RTL model: CPU user time: 0.02 seconds. CPU system time: 0 seconds. Elapsed time: 0.03 seconds; current allocated memory: 609.320 MB.
INFO: [HLS 200-10] ----------------------------------------------------------------
INFO: [HLS 200-10] -- Generating RTL for module 'MultiPixStream2AXIvideo' 
INFO: [HLS 200-10] ----------------------------------------------------------------
INFO: [RTGEN 206-100] Finished creating RTL model for 'MultiPixStream2AXIvideo'.
INFO: [HLS 200-111] Finished Creating RTL model: CPU user time: 0.03 seconds. CPU system time: 0 seconds. Elapsed time: 0.03 seconds; current allocated memory: 609.859 MB.
INFO: [HLS 200-10] ----------------------------------------------------------------
INFO: [HLS 200-10] -- Generating RTL for module 'FrmbufRdHlsDataFlow' 
INFO: [HLS 200-10] ----------------------------------------------------------------
WARNING: [RTGEN 206-101] Setting dangling out port 'FrmbufRdHlsDataFlow/m_axi_mm_video_0_AWVALID' to 0.
WARNING: [RTGEN 206-101] Setting dangling out port 'FrmbufRdHlsDataFlow/m_axi_mm_video_0_AWADDR' to 0.
WARNING: [RTGEN 206-101] Setting dangling out port 'FrmbufRdHlsDataFlow/m_axi_mm_video_0_AWID' to 0.
WARNING: [RTGEN 206-101] Setting dangling out port 'FrmbufRdHlsDataFlow/m_axi_mm_video_0_AWLEN' to 0.
WARNING: [RTGEN 206-101] Setting dangling out port 'FrmbufRdHlsDataFlow/m_axi_mm_video_0_AWSIZE' to 0.
WARNING: [RTGEN 206-101] Setting dangling out port 'FrmbufRdHlsDataFlow/m_axi_mm_video_0_AWBURST' to 0.
WARNING: [RTGEN 206-101] Setting dangling out port 'FrmbufRdHlsDataFlow/m_axi_mm_video_0_AWLOCK' to 0.
WARNING: [RTGEN 206-101] Setting dangling out port 'FrmbufRdHlsDataFlow/m_axi_mm_video_0_AWCACHE' to 0.
WARNING: [RTGEN 206-101] Setting dangling out port 'FrmbufRdHlsDataFlow/m_axi_mm_video_0_AWPROT' to 0.
WARNING: [RTGEN 206-101] Setting dangling out port 'FrmbufRdHlsDataFlow/m_axi_mm_video_0_AWQOS' to 0.
WARNING: [RTGEN 206-101] Setting dangling out port 'FrmbufRdHlsDataFlow/m_axi_mm_video_0_AWREGION' to 0.
WARNING: [RTGEN 206-101] Setting dangling out port 'FrmbufRdHlsDataFlow/m_axi_mm_video_0_AWUSER' to 0.
WARNING: [RTGEN 206-101] Setting dangling out port 'FrmbufRdHlsDataFlow/m_axi_mm_video_0_WVALID' to 0.
WARNING: [RTGEN 206-101] Setting dangling out port 'FrmbufRdHlsDataFlow/m_axi_mm_video_0_WDATA' to 0.
WARNING: [RTGEN 206-101] Setting dangling out port 'FrmbufRdHlsDataFlow/m_axi_mm_video_0_WSTRB' to 0.
WARNING: [RTGEN 206-101] Setting dangling out port 'FrmbufRdHlsDataFlow/m_axi_mm_video_0_WLAST' to 0.
WARNING: [RTGEN 206-101] Setting dangling out port 'FrmbufRdHlsDataFlow/m_axi_mm_video_0_WID' to 0.
WARNING: [RTGEN 206-101] Setting dangling out port 'FrmbufRdHlsDataFlow/m_axi_mm_video_0_WUSER' to 0.
WARNING: [RTGEN 206-101] Setting dangling out port 'FrmbufRdHlsDataFlow/m_axi_mm_video_0_BREADY' to 0.
INFO: [RTGEN 206-100] Finished creating RTL model for 'FrmbufRdHlsDataFlow'.
INFO: [RTMG 210-285] Implementing FIFO 'bytePlanes_plane0_U(design_1_v_frmbuf_rd_0_0_fifo_w64_d481_B)' using Block RAMs.
INFO: [RTMG 210-285] Implementing FIFO 'bytePlanes_plane1_U(design_1_v_frmbuf_rd_0_0_fifo_w64_d481_B)' using Block RAMs.
INFO: [RTMG 210-285] Implementing FIFO 'bytePlanes_plane2_U(design_1_v_frmbuf_rd_0_0_fifo_w64_d481_B)' using Block RAMs.
INFO: [RTMG 210-285] Implementing FIFO 'img_U(design_1_v_frmbuf_rd_0_0_fifo_w24_d2_S)' using Shift Registers.
INFO: [RTMG 210-285] Implementing FIFO 'start_for_Bytes2MultiPixStream_U0_U(design_1_v_frmbuf_rd_0_0_start_for_Bytes2MultiPixStream_U0)' using Shift Registers.
INFO: [RTMG 210-285] Implementing FIFO 'start_for_MultiPixStream2AXIvideo_U0_U(design_1_v_frmbuf_rd_0_0_start_for_MultiPixStream2AXIvideo_U0)' using Shift Registers.
INFO: [HLS 200-111] Finished Creating RTL model: CPU user time: 0.04 seconds. CPU system time: 0 seconds. Elapsed time: 0.03 seconds; current allocated memory: 611.215 MB.
INFO: [HLS 200-10] ----------------------------------------------------------------
INFO: [HLS 200-10] -- Generating RTL for module 'v_frmbuf_rd' 
INFO: [HLS 200-10] ----------------------------------------------------------------
WARNING: [RTGEN 206-101] Design contains AXI ports. Reset is fixed to synchronous and active low.
INFO: [RTGEN 206-500] Setting interface mode on port 'v_frmbuf_rd/mm_video' to 'm_axi'.
INFO: [RTGEN 206-500] Setting interface mode on port 'v_frmbuf_rd/width' to 's_axilite & ap_none'.
INFO: [RTGEN 206-500] Setting interface mode on port 'v_frmbuf_rd/height' to 's_axilite & ap_none'.
INFO: [RTGEN 206-500] Setting interface mode on port 'v_frmbuf_rd/stride' to 's_axilite & ap_none'.
INFO: [RTGEN 206-500] Setting interface mode on port 'v_frmbuf_rd/video_format' to 's_axilite & ap_none'.
INFO: [RTGEN 206-500] Setting interface mode on port 'v_frmbuf_rd/frm_buffer' to 's_axilite & ap_none'.
INFO: [RTGEN 206-500] Setting interface mode on port 'v_frmbuf_rd/frm_buffer2' to 's_axilite & ap_none'.
INFO: [RTGEN 206-500] Setting interface mode on port 'v_frmbuf_rd/frm_buffer3' to 's_axilite & ap_none'.
INFO: [RTGEN 206-500] Setting interface mode on port 'v_frmbuf_rd/m_axis_video_V_data_V' to 'axis' (register, both mode).
INFO: [RTGEN 206-500] Setting interface mode on port 'v_frmbuf_rd/m_axis_video_V_keep_V' to 'axis' (register, both mode).
INFO: [RTGEN 206-500] Setting interface mode on port 'v_frmbuf_rd/m_axis_video_V_strb_V' to 'axis' (register, both mode).
INFO: [RTGEN 206-500] Setting interface mode on port 'v_frmbuf_rd/m_axis_video_V_user_V' to 'axis' (register, both mode).
INFO: [RTGEN 206-500] Setting interface mode on port 'v_frmbuf_rd/m_axis_video_V_last_V' to 'axis' (register, both mode).
INFO: [RTGEN 206-500] Setting interface mode on port 'v_frmbuf_rd/m_axis_video_V_id_V' to 'axis' (register, both mode).
INFO: [RTGEN 206-500] Setting interface mode on port 'v_frmbuf_rd/m_axis_video_V_dest_V' to 'axis' (register, both mode).
INFO: [RTGEN 206-500] Setting interface mode on function 'v_frmbuf_rd' to 's_axilite & ap_ctrl_hs'.
INFO: [RTGEN 206-100] Bundling port 'width', 'height', 'stride', 'video_format', 'frm_buffer', 'frm_buffer2', 'frm_buffer3' and 'return' to AXI-Lite port CTRL.
INFO: [RTGEN 206-100] Generating core module 'mul_14s_3ns_14_1_1': 1 instance(s).
INFO: [RTGEN 206-100] Finished creating RTL model for 'v_frmbuf_rd'.
INFO: [RTMG 210-279] Implementing memory 'design_1_v_frmbuf_rd_0_0_BYTES_PER_PIXEL_ROM_AUTO_1R' using auto ROMs.
INFO: [RTMG 210-279] Implementing memory 'design_1_v_frmbuf_rd_0_0_MEMORY2LIVE_ROM_AUTO_1R' using auto ROMs.
INFO: [HLS 200-111] Finished Creating RTL model: CPU user time: 0.05 seconds. CPU system time: 0 seconds. Elapsed time: 0.06 seconds; current allocated memory: 612.812 MB.
INFO: [HLS 200-111] Finished Generating all RTL models: CPU user time: 0.2 seconds. CPU system time: 0.03 seconds. Elapsed time: 0.23 seconds; current allocated memory: 616.598 MB.
INFO: [HLS 200-1603] Design has inferred MAXI bursts and missed bursts, see Vitis HLS GUI synthesis summary report for detailed information.
INFO: [HLS 200-2225] Wrote inferred directives to file /home/serg/Documents/Xilinx/z700_hdmi/HDMI_MIXER/hdmi_mixer.runs/design_1_v_frmbuf_rd_0_0_synth_1/prj/sol/syn/inferred_directives.ini
INFO: [HLS 200-111] Finished Updating report files: CPU user time: 0.67 seconds. CPU system time: 0.05 seconds. Elapsed time: 0.72 seconds; current allocated memory: 631.316 MB.
INFO: [VHDL 208-304] Generating VHDL RTL for v_frmbuf_rd with prefix design_1_v_frmbuf_rd_0_0_.
INFO: [VLOG 209-307] Generating Verilog RTL for v_frmbuf_rd with prefix design_1_v_frmbuf_rd_0_0_.
INFO: [HLS 200-789] **** Estimated Fmax: 210.04 MHz
INFO: [HLS 200-2161] Finished Command csynth_design Elapsed time: 00:00:43; Allocated memory: 396.691 MB.
INFO: [HLS 200-1510] Running: export_design -format ip_catalog 
INFO: [IMPL 213-8] Exporting RTL as a Vivado IP.
INFO: [HLS 200-802] Generated output file prj/sol/impl/export.zip
INFO: [HLS 200-2161] Finished Command export_design Elapsed time: 00:00:05; Allocated memory: 3.516 MB.
