/home/serg/Documents/Xilinx/z700_hdmi/HDMI_VMIX/hdmi_vmix.runs/top_design_v_mix_0_0_synth_1/prj/sol/.autopilot/db/v_dma.pp.0.cpp:2319:5: remark: Added loop label VITIS_LOOP_676_1:   [xilinx-label-all-loops]
    for (unsigned i = low; i != high+1; ++i) {
    ^
    VITIS_LOOP_676_1: 
/home/serg/Documents/Xilinx/z700_hdmi/HDMI_VMIX/hdmi_vmix.runs/top_design_v_mix_0_0_synth_1/prj/sol/.autopilot/db/v_dma.pp.0.cpp:2319:5: note: FIX-IT applied suggested code changes
/home/serg/Documents/Xilinx/z700_hdmi/HDMI_VMIX/hdmi_vmix.runs/top_design_v_mix_0_0_synth_1/prj/sol/.autopilot/db/v_dma.pp.0.cpp:2333:5: remark: Added loop label VITIS_LOOP_690_1:   [xilinx-label-all-loops]
    for (unsigned i = low; i != high+1; ++i) {
    ^
    VITIS_LOOP_690_1: 
/home/serg/Documents/Xilinx/z700_hdmi/HDMI_VMIX/hdmi_vmix.runs/top_design_v_mix_0_0_synth_1/prj/sol/.autopilot/db/v_dma.pp.0.cpp:2333:5: note: FIX-IT applied suggested code changes
/home/serg/Documents/Xilinx/z700_hdmi/HDMI_VMIX/hdmi_vmix.runs/top_design_v_mix_0_0_synth_1/prj/sol/.autopilot/db/v_dma.pp.0.cpp:2347:5: remark: Added loop label VITIS_LOOP_704_1:   [xilinx-label-all-loops]
    for (unsigned i = low; i != high+1; ++i) {
    ^
    VITIS_LOOP_704_1: 
/home/serg/Documents/Xilinx/z700_hdmi/HDMI_VMIX/hdmi_vmix.runs/top_design_v_mix_0_0_synth_1/prj/sol/.autopilot/db/v_dma.pp.0.cpp:2347:5: note: FIX-IT applied suggested code changes
/home/serg/Documents/Xilinx/z700_hdmi/HDMI_VMIX/hdmi_vmix.runs/top_design_v_mix_0_0_synth_1/prj/sol/.autopilot/db/v_dma.pp.0.cpp:5867:7: remark: Added loop label VITIS_LOOP_1251_1:   [xilinx-label-all-loops]
      for (i = 0; i < __N - 1; ++i) {
      ^
      VITIS_LOOP_1251_1: 
/home/serg/Documents/Xilinx/z700_hdmi/HDMI_VMIX/hdmi_vmix.runs/top_design_v_mix_0_0_synth_1/prj/sol/.autopilot/db/v_dma.pp.0.cpp:5867:7: note: FIX-IT applied suggested code changes
/home/serg/Documents/Xilinx/z700_hdmi/HDMI_VMIX/hdmi_vmix.runs/top_design_v_mix_0_0_synth_1/prj/sol/.autopilot/db/v_dma.pp.0.cpp:57585:5: remark: Added loop label VITIS_LOOP_61_1:   [xilinx-label-all-loops]
    for (int n=0; n<Nmax; n++){
    ^
    VITIS_LOOP_61_1: 
/home/serg/Documents/Xilinx/z700_hdmi/HDMI_VMIX/hdmi_vmix.runs/top_design_v_mix_0_0_synth_1/prj/sol/.autopilot/db/v_dma.pp.0.cpp:57585:5: note: FIX-IT applied suggested code changes
/home/serg/Documents/Xilinx/z700_hdmi/HDMI_VMIX/hdmi_vmix.runs/top_design_v_mix_0_0_synth_1/prj/sol/.autopilot/db/v_dma.pp.0.cpp:57631:5: remark: Added loop label VITIS_LOOP_117_1:   [xilinx-label-all-loops]
    for (int n=0; n<Nmax; n++){
    ^
    VITIS_LOOP_117_1: 
/home/serg/Documents/Xilinx/z700_hdmi/HDMI_VMIX/hdmi_vmix.runs/top_design_v_mix_0_0_synth_1/prj/sol/.autopilot/db/v_dma.pp.0.cpp:57631:5: note: FIX-IT applied suggested code changes
/home/serg/Documents/Xilinx/z700_hdmi/HDMI_VMIX/hdmi_vmix.runs/top_design_v_mix_0_0_synth_1/prj/sol/.autopilot/db/v_dma.pp.0.cpp:57794:9: remark: Added loop label VITIS_LOOP_289_1:   [xilinx-label-all-loops]
        for(int i=0;i<W-1;i++){
        ^
        VITIS_LOOP_289_1: 
/home/serg/Documents/Xilinx/z700_hdmi/HDMI_VMIX/hdmi_vmix.runs/top_design_v_mix_0_0_synth_1/prj/sol/.autopilot/db/v_dma.pp.0.cpp:57794:9: note: FIX-IT applied suggested code changes
/home/serg/Documents/Xilinx/z700_hdmi/HDMI_VMIX/hdmi_vmix.runs/top_design_v_mix_0_0_synth_1/prj/sol/.autopilot/db/v_dma.pp.0.cpp:57946:9: remark: Added loop label VITIS_LOOP_449_1:   [xilinx-label-all-loops]
        for(int i=0;i<W-1;i++){
        ^
        VITIS_LOOP_449_1: 
/home/serg/Documents/Xilinx/z700_hdmi/HDMI_VMIX/hdmi_vmix.runs/top_design_v_mix_0_0_synth_1/prj/sol/.autopilot/db/v_dma.pp.0.cpp:57946:9: note: FIX-IT applied suggested code changes
/home/serg/Documents/Xilinx/z700_hdmi/HDMI_VMIX/hdmi_vmix.runs/top_design_v_mix_0_0_synth_1/prj/sol/.autopilot/db/v_dma.pp.0.cpp:58126:5: remark: Added loop label VITIS_LOOP_629_1:   [xilinx-label-all-loops]
    for(int i=0;i<W+1;i++){
    ^
    VITIS_LOOP_629_1: 
/home/serg/Documents/Xilinx/z700_hdmi/HDMI_VMIX/hdmi_vmix.runs/top_design_v_mix_0_0_synth_1/prj/sol/.autopilot/db/v_dma.pp.0.cpp:58126:5: note: FIX-IT applied suggested code changes
/home/serg/Documents/Xilinx/z700_hdmi/HDMI_VMIX/hdmi_vmix.runs/top_design_v_mix_0_0_synth_1/prj/sol/.autopilot/db/v_dma.pp.0.cpp:58130:5: remark: Added loop label VITIS_LOOP_633_2:   [xilinx-label-all-loops]
    for(int i=0;i<W+1;i++){
    ^
    VITIS_LOOP_633_2: 
/home/serg/Documents/Xilinx/z700_hdmi/HDMI_VMIX/hdmi_vmix.runs/top_design_v_mix_0_0_synth_1/prj/sol/.autopilot/db/v_dma.pp.0.cpp:58130:5: note: FIX-IT applied suggested code changes
/home/serg/Documents/Xilinx/z700_hdmi/HDMI_VMIX/hdmi_vmix.runs/top_design_v_mix_0_0_synth_1/prj/sol/.autopilot/db/v_dma.pp.0.cpp:58240:5: remark: Added loop label VITIS_LOOP_743_1:   [xilinx-label-all-loops]
    for (int n=0; n<Nmax; n++){
    ^
    VITIS_LOOP_743_1: 
/home/serg/Documents/Xilinx/z700_hdmi/HDMI_VMIX/hdmi_vmix.runs/top_design_v_mix_0_0_synth_1/prj/sol/.autopilot/db/v_dma.pp.0.cpp:58240:5: note: FIX-IT applied suggested code changes
/home/serg/Documents/Xilinx/z700_hdmi/HDMI_VMIX/hdmi_vmix.runs/top_design_v_mix_0_0_synth_1/prj/sol/.autopilot/db/v_dma.pp.0.cpp:58330:7: remark: Added loop label VITIS_LOOP_840_1:   [xilinx-label-all-loops]
      for(int i=0;i<W-1;i++){
      ^
      VITIS_LOOP_840_1: 
/home/serg/Documents/Xilinx/z700_hdmi/HDMI_VMIX/hdmi_vmix.runs/top_design_v_mix_0_0_synth_1/prj/sol/.autopilot/db/v_dma.pp.0.cpp:58330:7: note: FIX-IT applied suggested code changes
/home/serg/Documents/Xilinx/z700_hdmi/HDMI_VMIX/hdmi_vmix.runs/top_design_v_mix_0_0_synth_1/prj/sol/.autopilot/db/v_dma.pp.0.cpp:58349:7: remark: Added loop label VITIS_LOOP_859_2:   [xilinx-label-all-loops]
      for(int i=0;i<W-1;i++){
      ^
      VITIS_LOOP_859_2: 
/home/serg/Documents/Xilinx/z700_hdmi/HDMI_VMIX/hdmi_vmix.runs/top_design_v_mix_0_0_synth_1/prj/sol/.autopilot/db/v_dma.pp.0.cpp:58349:7: note: FIX-IT applied suggested code changes
/home/serg/Documents/Xilinx/z700_hdmi/HDMI_VMIX/hdmi_vmix.runs/top_design_v_mix_0_0_synth_1/prj/sol/.autopilot/db/v_dma.pp.0.cpp:58642:5: remark: Added loop label VITIS_LOOP_1176_1:   [xilinx-label-all-loops]
    for(int i=0; i<Nmax; i++) {
    ^
    VITIS_LOOP_1176_1: 
/home/serg/Documents/Xilinx/z700_hdmi/HDMI_VMIX/hdmi_vmix.runs/top_design_v_mix_0_0_synth_1/prj/sol/.autopilot/db/v_dma.pp.0.cpp:58642:5: note: FIX-IT applied suggested code changes
/home/serg/Documents/Xilinx/z700_hdmi/HDMI_VMIX/hdmi_vmix.runs/top_design_v_mix_0_0_synth_1/prj/sol/.autopilot/db/v_dma.pp.0.cpp:58725:5: remark: Added loop label VITIS_LOOP_1259_1:   [xilinx-label-all-loops]
    for(int i=0; i<Nmax; i++) {
    ^
    VITIS_LOOP_1259_1: 
/home/serg/Documents/Xilinx/z700_hdmi/HDMI_VMIX/hdmi_vmix.runs/top_design_v_mix_0_0_synth_1/prj/sol/.autopilot/db/v_dma.pp.0.cpp:58725:5: note: FIX-IT applied suggested code changes
/home/serg/Documents/Xilinx/z700_hdmi/HDMI_VMIX/hdmi_vmix.runs/top_design_v_mix_0_0_synth_1/prj/sol/.autopilot/db/v_dma.pp.0.cpp:59131:13: remark: Added loop label VITIS_LOOP_68_1:   [xilinx-label-all-loops]
            for (int j = 3; j >= I_+1; j--) {
            ^
            VITIS_LOOP_68_1: 
/home/serg/Documents/Xilinx/z700_hdmi/HDMI_VMIX/hdmi_vmix.runs/top_design_v_mix_0_0_synth_1/prj/sol/.autopilot/db/v_dma.pp.0.cpp:59131:13: note: FIX-IT applied suggested code changes
/home/serg/Documents/Xilinx/z700_hdmi/HDMI_VMIX/hdmi_vmix.runs/top_design_v_mix_0_0_synth_1/prj/sol/.autopilot/db/v_dma.pp.0.cpp:59137:17: remark: Added loop label VITIS_LOOP_74_2:   [xilinx-label-all-loops]
                for (int j = 3; j >= I_+1; j--){
                ^
                VITIS_LOOP_74_2: 
/home/serg/Documents/Xilinx/z700_hdmi/HDMI_VMIX/hdmi_vmix.runs/top_design_v_mix_0_0_synth_1/prj/sol/.autopilot/db/v_dma.pp.0.cpp:59137:17: note: FIX-IT applied suggested code changes
/home/serg/Documents/Xilinx/z700_hdmi/HDMI_VMIX/hdmi_vmix.runs/top_design_v_mix_0_0_synth_1/prj/sol/.autopilot/db/v_dma.pp.0.cpp:59141:17: remark: Added loop label VITIS_LOOP_78_3:   [xilinx-label-all-loops]
                for (int j = I_; j >= 0; j--){
                ^
                VITIS_LOOP_78_3: 
/home/serg/Documents/Xilinx/z700_hdmi/HDMI_VMIX/hdmi_vmix.runs/top_design_v_mix_0_0_synth_1/prj/sol/.autopilot/db/v_dma.pp.0.cpp:59141:17: note: FIX-IT applied suggested code changes
/home/serg/Documents/Xilinx/z700_hdmi/HDMI_VMIX/hdmi_vmix.runs/top_design_v_mix_0_0_synth_1/prj/sol/.autopilot/db/v_dma.pp.0.cpp:59188:13: remark: Added loop label VITIS_LOOP_145_4:   [xilinx-label-all-loops]
            for (int j = 9; j >= I_+4; j--) {
            ^
            VITIS_LOOP_145_4: 
/home/serg/Documents/Xilinx/z700_hdmi/HDMI_VMIX/hdmi_vmix.runs/top_design_v_mix_0_0_synth_1/prj/sol/.autopilot/db/v_dma.pp.0.cpp:59188:13: note: FIX-IT applied suggested code changes
/home/serg/Documents/Xilinx/z700_hdmi/HDMI_VMIX/hdmi_vmix.runs/top_design_v_mix_0_0_synth_1/prj/sol/.autopilot/db/v_dma.pp.0.cpp:59194:17: remark: Added loop label VITIS_LOOP_151_5:   [xilinx-label-all-loops]
                for (int j = 9; j >= I_+4; j--){
                ^
                VITIS_LOOP_151_5: 
/home/serg/Documents/Xilinx/z700_hdmi/HDMI_VMIX/hdmi_vmix.runs/top_design_v_mix_0_0_synth_1/prj/sol/.autopilot/db/v_dma.pp.0.cpp:59194:17: note: FIX-IT applied suggested code changes
/home/serg/Documents/Xilinx/z700_hdmi/HDMI_VMIX/hdmi_vmix.runs/top_design_v_mix_0_0_synth_1/prj/sol/.autopilot/db/v_dma.pp.0.cpp:59198:17: remark: Added loop label VITIS_LOOP_155_6:   [xilinx-label-all-loops]
                for (int j = I_+3; j >= 0; j--){
                ^
                VITIS_LOOP_155_6: 
/home/serg/Documents/Xilinx/z700_hdmi/HDMI_VMIX/hdmi_vmix.runs/top_design_v_mix_0_0_synth_1/prj/sol/.autopilot/db/v_dma.pp.0.cpp:59198:17: note: FIX-IT applied suggested code changes
/home/serg/Documents/Xilinx/z700_hdmi/HDMI_VMIX/hdmi_vmix.runs/top_design_v_mix_0_0_synth_1/prj/sol/.autopilot/db/v_dma.pp.0.cpp:59213:9: remark: Added loop label VITIS_LOOP_170_7:   [xilinx-label-all-loops]
        for (int j = 14; j < 22; j++){
        ^
        VITIS_LOOP_170_7: 
/home/serg/Documents/Xilinx/z700_hdmi/HDMI_VMIX/hdmi_vmix.runs/top_design_v_mix_0_0_synth_1/prj/sol/.autopilot/db/v_dma.pp.0.cpp:59213:9: note: FIX-IT applied suggested code changes
/home/serg/Documents/Xilinx/z700_hdmi/HDMI_VMIX/hdmi_vmix.runs/top_design_v_mix_0_0_synth_1/prj/sol/.autopilot/db/v_dma.pp.0.cpp:59221:17: remark: Added loop label VITIS_LOOP_178_8:   [xilinx-label-all-loops]
                for (int j = 0; j < 22; j++){
                ^
                VITIS_LOOP_178_8: 
/home/serg/Documents/Xilinx/z700_hdmi/HDMI_VMIX/hdmi_vmix.runs/top_design_v_mix_0_0_synth_1/prj/sol/.autopilot/db/v_dma.pp.0.cpp:59221:17: note: FIX-IT applied suggested code changes
/home/serg/Documents/Xilinx/z700_hdmi/HDMI_VMIX/hdmi_vmix.runs/top_design_v_mix_0_0_synth_1/prj/sol/.autopilot/db/v_dma.pp.0.cpp:59286:13: remark: Added loop label VITIS_LOOP_243_9:   [xilinx-label-all-loops]
            for (int j = 21; j >= I_+10; j--) {
            ^
            VITIS_LOOP_243_9: 
/home/serg/Documents/Xilinx/z700_hdmi/HDMI_VMIX/hdmi_vmix.runs/top_design_v_mix_0_0_synth_1/prj/sol/.autopilot/db/v_dma.pp.0.cpp:59286:13: note: FIX-IT applied suggested code changes
/home/serg/Documents/Xilinx/z700_hdmi/HDMI_VMIX/hdmi_vmix.runs/top_design_v_mix_0_0_synth_1/prj/sol/.autopilot/db/v_dma.pp.0.cpp:59292:17: remark: Added loop label VITIS_LOOP_249_10:   [xilinx-label-all-loops]
                for (int j = 21; j >= I_+10; j--) {
                ^
                VITIS_LOOP_249_10: 
/home/serg/Documents/Xilinx/z700_hdmi/HDMI_VMIX/hdmi_vmix.runs/top_design_v_mix_0_0_synth_1/prj/sol/.autopilot/db/v_dma.pp.0.cpp:59292:17: note: FIX-IT applied suggested code changes
/home/serg/Documents/Xilinx/z700_hdmi/HDMI_VMIX/hdmi_vmix.runs/top_design_v_mix_0_0_synth_1/prj/sol/.autopilot/db/v_dma.pp.0.cpp:59296:17: remark: Added loop label VITIS_LOOP_253_11:   [xilinx-label-all-loops]
                for (int j = I_+9; j >= 0; j--) {
                ^
                VITIS_LOOP_253_11: 
/home/serg/Documents/Xilinx/z700_hdmi/HDMI_VMIX/hdmi_vmix.runs/top_design_v_mix_0_0_synth_1/prj/sol/.autopilot/db/v_dma.pp.0.cpp:59296:17: note: FIX-IT applied suggested code changes
/home/serg/Documents/Xilinx/z700_hdmi/HDMI_VMIX/hdmi_vmix.runs/top_design_v_mix_0_0_synth_1/prj/sol/.autopilot/db/v_dma.pp.0.cpp:59311:9: remark: Added loop label VITIS_LOOP_268_12:   [xilinx-label-all-loops]
        for (int j = 27; j < 46; j++){
        ^
        VITIS_LOOP_268_12: 
/home/serg/Documents/Xilinx/z700_hdmi/HDMI_VMIX/hdmi_vmix.runs/top_design_v_mix_0_0_synth_1/prj/sol/.autopilot/db/v_dma.pp.0.cpp:59311:9: note: FIX-IT applied suggested code changes
/home/serg/Documents/Xilinx/z700_hdmi/HDMI_VMIX/hdmi_vmix.runs/top_design_v_mix_0_0_synth_1/prj/sol/.autopilot/db/v_dma.pp.0.cpp:59319:17: remark: Added loop label VITIS_LOOP_276_13:   [xilinx-label-all-loops]
                for (int j = 0; j < 46; j++) {
                ^
                VITIS_LOOP_276_13: 
/home/serg/Documents/Xilinx/z700_hdmi/HDMI_VMIX/hdmi_vmix.runs/top_design_v_mix_0_0_synth_1/prj/sol/.autopilot/db/v_dma.pp.0.cpp:59319:17: note: FIX-IT applied suggested code changes
/home/serg/Documents/Xilinx/z700_hdmi/HDMI_VMIX/hdmi_vmix.runs/top_design_v_mix_0_0_synth_1/prj/sol/.autopilot/db/v_dma.pp.0.cpp:59548:13: remark: Added loop label VITIS_LOOP_505_14:   [xilinx-label-all-loops]
            for (int j = 45; j >= I_+22; j--) {
            ^
            VITIS_LOOP_505_14: 
/home/serg/Documents/Xilinx/z700_hdmi/HDMI_VMIX/hdmi_vmix.runs/top_design_v_mix_0_0_synth_1/prj/sol/.autopilot/db/v_dma.pp.0.cpp:59548:13: note: FIX-IT applied suggested code changes
/home/serg/Documents/Xilinx/z700_hdmi/HDMI_VMIX/hdmi_vmix.runs/top_design_v_mix_0_0_synth_1/prj/sol/.autopilot/db/v_dma.pp.0.cpp:59554:17: remark: Added loop label VITIS_LOOP_511_15:   [xilinx-label-all-loops]
                for (int j = 45; j >= I_+22; j--){
                ^
                VITIS_LOOP_511_15: 
/home/serg/Documents/Xilinx/z700_hdmi/HDMI_VMIX/hdmi_vmix.runs/top_design_v_mix_0_0_synth_1/prj/sol/.autopilot/db/v_dma.pp.0.cpp:59554:17: note: FIX-IT applied suggested code changes
/home/serg/Documents/Xilinx/z700_hdmi/HDMI_VMIX/hdmi_vmix.runs/top_design_v_mix_0_0_synth_1/prj/sol/.autopilot/db/v_dma.pp.0.cpp:59558:17: remark: Added loop label VITIS_LOOP_515_16:   [xilinx-label-all-loops]
                for (int j = I_+21; j >= 0; j--) {
                ^
                VITIS_LOOP_515_16: 
/home/serg/Documents/Xilinx/z700_hdmi/HDMI_VMIX/hdmi_vmix.runs/top_design_v_mix_0_0_synth_1/prj/sol/.autopilot/db/v_dma.pp.0.cpp:59558:17: note: FIX-IT applied suggested code changes
/home/serg/Documents/Xilinx/z700_hdmi/HDMI_VMIX/hdmi_vmix.runs/top_design_v_mix_0_0_synth_1/prj/sol/.autopilot/db/v_dma.pp.0.cpp:59568:9: remark: Added loop label VITIS_LOOP_525_17:   [xilinx-label-all-loops]
        for (int j = 32-F_; j < 32+I_; j++){
        ^
        VITIS_LOOP_525_17: 
/home/serg/Documents/Xilinx/z700_hdmi/HDMI_VMIX/hdmi_vmix.runs/top_design_v_mix_0_0_synth_1/prj/sol/.autopilot/db/v_dma.pp.0.cpp:59568:9: note: FIX-IT applied suggested code changes
/home/serg/Documents/Xilinx/z700_hdmi/HDMI_VMIX/hdmi_vmix.runs/top_design_v_mix_0_0_synth_1/prj/sol/.autopilot/db/v_dma.pp.0.cpp:59572:9: remark: Added loop label VITIS_LOOP_529_18:   [xilinx-label-all-loops]
        for (int j = 32+I_; j <= 64; j++){
        ^
        VITIS_LOOP_529_18: 
/home/serg/Documents/Xilinx/z700_hdmi/HDMI_VMIX/hdmi_vmix.runs/top_design_v_mix_0_0_synth_1/prj/sol/.autopilot/db/v_dma.pp.0.cpp:59572:9: note: FIX-IT applied suggested code changes
/home/serg/Documents/Xilinx/z700_hdmi/HDMI_VMIX/hdmi_vmix.runs/top_design_v_mix_0_0_synth_1/prj/sol/.autopilot/db/v_dma.pp.0.cpp:59582:9: remark: Added loop label VITIS_LOOP_539_19:   [xilinx-label-all-loops]
        for (int j = 37; j < 64; j++) {
        ^
        VITIS_LOOP_539_19: 
/home/serg/Documents/Xilinx/z700_hdmi/HDMI_VMIX/hdmi_vmix.runs/top_design_v_mix_0_0_synth_1/prj/sol/.autopilot/db/v_dma.pp.0.cpp:59582:9: note: FIX-IT applied suggested code changes
/home/serg/Documents/Xilinx/z700_hdmi/HDMI_VMIX/hdmi_vmix.runs/top_design_v_mix_0_0_synth_1/prj/sol/.autopilot/db/v_dma.pp.0.cpp:59590:17: remark: Added loop label VITIS_LOOP_547_20:   [xilinx-label-all-loops]
                for (int j = 0; j < 64; j++){
                ^
                VITIS_LOOP_547_20: 
/home/serg/Documents/Xilinx/z700_hdmi/HDMI_VMIX/hdmi_vmix.runs/top_design_v_mix_0_0_synth_1/prj/sol/.autopilot/db/v_dma.pp.0.cpp:59590:17: note: FIX-IT applied suggested code changes
/home/serg/Documents/Xilinx/z700_hdmi/HDMI_VMIX/hdmi_vmix.runs/top_design_v_mix_0_0_synth_1/prj/sol/.autopilot/db/v_dma.pp.0.cpp:59951:13: remark: Added loop label VITIS_LOOP_908_21:   [xilinx-label-all-loops]
            for (int j = 63; j >= I_+31; j--) {
            ^
            VITIS_LOOP_908_21: 
/home/serg/Documents/Xilinx/z700_hdmi/HDMI_VMIX/hdmi_vmix.runs/top_design_v_mix_0_0_synth_1/prj/sol/.autopilot/db/v_dma.pp.0.cpp:59951:13: note: FIX-IT applied suggested code changes
/home/serg/Documents/Xilinx/z700_hdmi/HDMI_VMIX/hdmi_vmix.runs/top_design_v_mix_0_0_synth_1/prj/sol/.autopilot/db/v_dma.pp.0.cpp:59957:17: remark: Added loop label VITIS_LOOP_914_22:   [xilinx-label-all-loops]
                for (int j = 63; j >= I_+31; j--) {
                ^
                VITIS_LOOP_914_22: 
/home/serg/Documents/Xilinx/z700_hdmi/HDMI_VMIX/hdmi_vmix.runs/top_design_v_mix_0_0_synth_1/prj/sol/.autopilot/db/v_dma.pp.0.cpp:59957:17: note: FIX-IT applied suggested code changes
/home/serg/Documents/Xilinx/z700_hdmi/HDMI_VMIX/hdmi_vmix.runs/top_design_v_mix_0_0_synth_1/prj/sol/.autopilot/db/v_dma.pp.0.cpp:59961:17: remark: Added loop label VITIS_LOOP_918_23:   [xilinx-label-all-loops]
                for (int j = I_+30; j >= 0; j--) {
                ^
                VITIS_LOOP_918_23: 
/home/serg/Documents/Xilinx/z700_hdmi/HDMI_VMIX/hdmi_vmix.runs/top_design_v_mix_0_0_synth_1/prj/sol/.autopilot/db/v_dma.pp.0.cpp:59961:17: note: FIX-IT applied suggested code changes
/home/serg/Documents/Xilinx/z700_hdmi/HDMI_VMIX/hdmi_vmix.runs/top_design_v_mix_0_0_synth_1/prj/sol/.autopilot/db/v_dma.pp.0.cpp:60077:13: remark: Added loop label VITIS_LOOP_1034_1:   [xilinx-label-all-loops]
            for (int j = 4; j >= I_+1; j--) {
            ^
            VITIS_LOOP_1034_1: 
/home/serg/Documents/Xilinx/z700_hdmi/HDMI_VMIX/hdmi_vmix.runs/top_design_v_mix_0_0_synth_1/prj/sol/.autopilot/db/v_dma.pp.0.cpp:60077:13: note: FIX-IT applied suggested code changes
/home/serg/Documents/Xilinx/z700_hdmi/HDMI_VMIX/hdmi_vmix.runs/top_design_v_mix_0_0_synth_1/prj/sol/.autopilot/db/v_dma.pp.0.cpp:60083:17: remark: Added loop label VITIS_LOOP_1040_2:   [xilinx-label-all-loops]
                for (int j = 4; j >= I_+1; j--) {
                ^
                VITIS_LOOP_1040_2: 
/home/serg/Documents/Xilinx/z700_hdmi/HDMI_VMIX/hdmi_vmix.runs/top_design_v_mix_0_0_synth_1/prj/sol/.autopilot/db/v_dma.pp.0.cpp:60083:17: note: FIX-IT applied suggested code changes
/home/serg/Documents/Xilinx/z700_hdmi/HDMI_VMIX/hdmi_vmix.runs/top_design_v_mix_0_0_synth_1/prj/sol/.autopilot/db/v_dma.pp.0.cpp:60087:17: remark: Added loop label VITIS_LOOP_1044_3:   [xilinx-label-all-loops]
                for (int j = I_; j >= 0; j--) {
                ^
                VITIS_LOOP_1044_3: 
/home/serg/Documents/Xilinx/z700_hdmi/HDMI_VMIX/hdmi_vmix.runs/top_design_v_mix_0_0_synth_1/prj/sol/.autopilot/db/v_dma.pp.0.cpp:60087:17: note: FIX-IT applied suggested code changes
/home/serg/Documents/Xilinx/z700_hdmi/HDMI_VMIX/hdmi_vmix.runs/top_design_v_mix_0_0_synth_1/prj/sol/.autopilot/db/v_dma.pp.0.cpp:60174:13: remark: Added loop label VITIS_LOOP_1131_4:   [xilinx-label-all-loops]
            for (int j = 10; j >= I_+4; j--) {
            ^
            VITIS_LOOP_1131_4: 
/home/serg/Documents/Xilinx/z700_hdmi/HDMI_VMIX/hdmi_vmix.runs/top_design_v_mix_0_0_synth_1/prj/sol/.autopilot/db/v_dma.pp.0.cpp:60174:13: note: FIX-IT applied suggested code changes
/home/serg/Documents/Xilinx/z700_hdmi/HDMI_VMIX/hdmi_vmix.runs/top_design_v_mix_0_0_synth_1/prj/sol/.autopilot/db/v_dma.pp.0.cpp:60180:17: remark: Added loop label VITIS_LOOP_1137_5:   [xilinx-label-all-loops]
                for (int j = 10; j >= I_+4; j--) {
                ^
                VITIS_LOOP_1137_5: 
/home/serg/Documents/Xilinx/z700_hdmi/HDMI_VMIX/hdmi_vmix.runs/top_design_v_mix_0_0_synth_1/prj/sol/.autopilot/db/v_dma.pp.0.cpp:60180:17: note: FIX-IT applied suggested code changes
/home/serg/Documents/Xilinx/z700_hdmi/HDMI_VMIX/hdmi_vmix.runs/top_design_v_mix_0_0_synth_1/prj/sol/.autopilot/db/v_dma.pp.0.cpp:60184:17: remark: Added loop label VITIS_LOOP_1141_6:   [xilinx-label-all-loops]
                for (int j = I_+3; j >= 0; j--) {
                ^
                VITIS_LOOP_1141_6: 
/home/serg/Documents/Xilinx/z700_hdmi/HDMI_VMIX/hdmi_vmix.runs/top_design_v_mix_0_0_synth_1/prj/sol/.autopilot/db/v_dma.pp.0.cpp:60184:17: note: FIX-IT applied suggested code changes
/home/serg/Documents/Xilinx/z700_hdmi/HDMI_VMIX/hdmi_vmix.runs/top_design_v_mix_0_0_synth_1/prj/sol/.autopilot/db/v_dma.pp.0.cpp:60203:9: remark: Added loop label VITIS_LOOP_1160_7:   [xilinx-label-all-loops]
        for (int j = wf+3; j < w-1; j++) {
        ^
        VITIS_LOOP_1160_7: 
/home/serg/Documents/Xilinx/z700_hdmi/HDMI_VMIX/hdmi_vmix.runs/top_design_v_mix_0_0_synth_1/prj/sol/.autopilot/db/v_dma.pp.0.cpp:60203:9: note: FIX-IT applied suggested code changes
/home/serg/Documents/Xilinx/z700_hdmi/HDMI_VMIX/hdmi_vmix.runs/top_design_v_mix_0_0_synth_1/prj/sol/.autopilot/db/v_dma.pp.0.cpp:60210:17: remark: Added loop label VITIS_LOOP_1167_8:   [xilinx-label-all-loops]
                for (int j = 0; j < 22; j++) {
                ^
                VITIS_LOOP_1167_8: 
/home/serg/Documents/Xilinx/z700_hdmi/HDMI_VMIX/hdmi_vmix.runs/top_design_v_mix_0_0_synth_1/prj/sol/.autopilot/db/v_dma.pp.0.cpp:60210:17: note: FIX-IT applied suggested code changes
/home/serg/Documents/Xilinx/z700_hdmi/HDMI_VMIX/hdmi_vmix.runs/top_design_v_mix_0_0_synth_1/prj/sol/.autopilot/db/v_dma.pp.0.cpp:60326:13: remark: Added loop label VITIS_LOOP_1283_9:   [xilinx-label-all-loops]
            for (int j = 22; j >= I_+10; j--) {
            ^
            VITIS_LOOP_1283_9: 
/home/serg/Documents/Xilinx/z700_hdmi/HDMI_VMIX/hdmi_vmix.runs/top_design_v_mix_0_0_synth_1/prj/sol/.autopilot/db/v_dma.pp.0.cpp:60326:13: note: FIX-IT applied suggested code changes
/home/serg/Documents/Xilinx/z700_hdmi/HDMI_VMIX/hdmi_vmix.runs/top_design_v_mix_0_0_synth_1/prj/sol/.autopilot/db/v_dma.pp.0.cpp:60332:17: remark: Added loop label VITIS_LOOP_1289_10:   [xilinx-label-all-loops]
                for (int j = 22; j >= I_+10; j--){
                ^
                VITIS_LOOP_1289_10: 
/home/serg/Documents/Xilinx/z700_hdmi/HDMI_VMIX/hdmi_vmix.runs/top_design_v_mix_0_0_synth_1/prj/sol/.autopilot/db/v_dma.pp.0.cpp:60332:17: note: FIX-IT applied suggested code changes
/home/serg/Documents/Xilinx/z700_hdmi/HDMI_VMIX/hdmi_vmix.runs/top_design_v_mix_0_0_synth_1/prj/sol/.autopilot/db/v_dma.pp.0.cpp:60336:17: remark: Added loop label VITIS_LOOP_1293_11:   [xilinx-label-all-loops]
                for (int j = I_+9; j >= 0; j--) {
                ^
                VITIS_LOOP_1293_11: 
/home/serg/Documents/Xilinx/z700_hdmi/HDMI_VMIX/hdmi_vmix.runs/top_design_v_mix_0_0_synth_1/prj/sol/.autopilot/db/v_dma.pp.0.cpp:60336:17: note: FIX-IT applied suggested code changes
/home/serg/Documents/Xilinx/z700_hdmi/HDMI_VMIX/hdmi_vmix.runs/top_design_v_mix_0_0_synth_1/prj/sol/.autopilot/db/v_dma.pp.0.cpp:60356:9: remark: Added loop label VITIS_LOOP_1313_12:   [xilinx-label-all-loops]
        for (int j = wf+4; j < w-1; j++){
        ^
        VITIS_LOOP_1313_12: 
/home/serg/Documents/Xilinx/z700_hdmi/HDMI_VMIX/hdmi_vmix.runs/top_design_v_mix_0_0_synth_1/prj/sol/.autopilot/db/v_dma.pp.0.cpp:60356:9: note: FIX-IT applied suggested code changes
/home/serg/Documents/Xilinx/z700_hdmi/HDMI_VMIX/hdmi_vmix.runs/top_design_v_mix_0_0_synth_1/prj/sol/.autopilot/db/v_dma.pp.0.cpp:60363:17: remark: Added loop label VITIS_LOOP_1320_13:   [xilinx-label-all-loops]
                for (int j = 0; j < 46; j++) {
                ^
                VITIS_LOOP_1320_13: 
/home/serg/Documents/Xilinx/z700_hdmi/HDMI_VMIX/hdmi_vmix.runs/top_design_v_mix_0_0_synth_1/prj/sol/.autopilot/db/v_dma.pp.0.cpp:60363:17: note: FIX-IT applied suggested code changes
/home/serg/Documents/Xilinx/z700_hdmi/HDMI_VMIX/hdmi_vmix.runs/top_design_v_mix_0_0_synth_1/prj/sol/.autopilot/db/v_dma.pp.0.cpp:60625:13: remark: Added loop label VITIS_LOOP_1582_14:   [xilinx-label-all-loops]
            for (int j = 46; j >= I_+22; j--) {
            ^
            VITIS_LOOP_1582_14: 
/home/serg/Documents/Xilinx/z700_hdmi/HDMI_VMIX/hdmi_vmix.runs/top_design_v_mix_0_0_synth_1/prj/sol/.autopilot/db/v_dma.pp.0.cpp:60625:13: note: FIX-IT applied suggested code changes
/home/serg/Documents/Xilinx/z700_hdmi/HDMI_VMIX/hdmi_vmix.runs/top_design_v_mix_0_0_synth_1/prj/sol/.autopilot/db/v_dma.pp.0.cpp:60631:17: remark: Added loop label VITIS_LOOP_1588_15:   [xilinx-label-all-loops]
                for (int j = 46; j >= I_+22; j--) {
                ^
                VITIS_LOOP_1588_15: 
/home/serg/Documents/Xilinx/z700_hdmi/HDMI_VMIX/hdmi_vmix.runs/top_design_v_mix_0_0_synth_1/prj/sol/.autopilot/db/v_dma.pp.0.cpp:60631:17: note: FIX-IT applied suggested code changes
/home/serg/Documents/Xilinx/z700_hdmi/HDMI_VMIX/hdmi_vmix.runs/top_design_v_mix_0_0_synth_1/prj/sol/.autopilot/db/v_dma.pp.0.cpp:60635:17: remark: Added loop label VITIS_LOOP_1592_16:   [xilinx-label-all-loops]
                for (int j = I_+21; j >= 0; j--) {
                ^
                VITIS_LOOP_1592_16: 
/home/serg/Documents/Xilinx/z700_hdmi/HDMI_VMIX/hdmi_vmix.runs/top_design_v_mix_0_0_synth_1/prj/sol/.autopilot/db/v_dma.pp.0.cpp:60635:17: note: FIX-IT applied suggested code changes
/home/serg/Documents/Xilinx/z700_hdmi/HDMI_VMIX/hdmi_vmix.runs/top_design_v_mix_0_0_synth_1/prj/sol/.autopilot/db/v_dma.pp.0.cpp:60659:9: remark: Added loop label VITIS_LOOP_1616_17:   [xilinx-label-all-loops]
        for (int j = wf+5; j < w-1; j++){
        ^
        VITIS_LOOP_1616_17: 
/home/serg/Documents/Xilinx/z700_hdmi/HDMI_VMIX/hdmi_vmix.runs/top_design_v_mix_0_0_synth_1/prj/sol/.autopilot/db/v_dma.pp.0.cpp:60659:9: note: FIX-IT applied suggested code changes
/home/serg/Documents/Xilinx/z700_hdmi/HDMI_VMIX/hdmi_vmix.runs/top_design_v_mix_0_0_synth_1/prj/sol/.autopilot/db/v_dma.pp.0.cpp:60666:17: remark: Added loop label VITIS_LOOP_1623_18:   [xilinx-label-all-loops]
                for (int j = 0; j < 64; j++) {
                ^
                VITIS_LOOP_1623_18: 
/home/serg/Documents/Xilinx/z700_hdmi/HDMI_VMIX/hdmi_vmix.runs/top_design_v_mix_0_0_synth_1/prj/sol/.autopilot/db/v_dma.pp.0.cpp:60666:17: note: FIX-IT applied suggested code changes
/home/serg/Documents/Xilinx/z700_hdmi/HDMI_VMIX/hdmi_vmix.runs/top_design_v_mix_0_0_synth_1/prj/sol/.autopilot/db/v_dma.pp.0.cpp:61096:13: remark: Added loop label VITIS_LOOP_2053_19:   [xilinx-label-all-loops]
            for (int j = 64; j >= I_+31; j--) {
            ^
            VITIS_LOOP_2053_19: 
/home/serg/Documents/Xilinx/z700_hdmi/HDMI_VMIX/hdmi_vmix.runs/top_design_v_mix_0_0_synth_1/prj/sol/.autopilot/db/v_dma.pp.0.cpp:61096:13: note: FIX-IT applied suggested code changes
/home/serg/Documents/Xilinx/z700_hdmi/HDMI_VMIX/hdmi_vmix.runs/top_design_v_mix_0_0_synth_1/prj/sol/.autopilot/db/v_dma.pp.0.cpp:61102:17: remark: Added loop label VITIS_LOOP_2059_20:   [xilinx-label-all-loops]
                for (int j = 64; j >= I_+31; j--) {
                ^
                VITIS_LOOP_2059_20: 
/home/serg/Documents/Xilinx/z700_hdmi/HDMI_VMIX/hdmi_vmix.runs/top_design_v_mix_0_0_synth_1/prj/sol/.autopilot/db/v_dma.pp.0.cpp:61102:17: note: FIX-IT applied suggested code changes
/home/serg/Documents/Xilinx/z700_hdmi/HDMI_VMIX/hdmi_vmix.runs/top_design_v_mix_0_0_synth_1/prj/sol/.autopilot/db/v_dma.pp.0.cpp:61106:17: remark: Added loop label VITIS_LOOP_2063_21:   [xilinx-label-all-loops]
                for (int j = I_+30; j >= 0; j--) {
                ^
                VITIS_LOOP_2063_21: 
/home/serg/Documents/Xilinx/z700_hdmi/HDMI_VMIX/hdmi_vmix.runs/top_design_v_mix_0_0_synth_1/prj/sol/.autopilot/db/v_dma.pp.0.cpp:61106:17: note: FIX-IT applied suggested code changes
/home/serg/Documents/Xilinx/z700_hdmi/HDMI_VMIX/hdmi_vmix.runs/top_design_v_mix_0_0_synth_1/prj/sol/.autopilot/db/v_dma.pp.0.cpp:61235:13: remark: Added loop label VITIS_LOOP_2192_1:   [xilinx-label-all-loops]
            for(int j=3; j>=I+1; j--) {
            ^
            VITIS_LOOP_2192_1: 
/home/serg/Documents/Xilinx/z700_hdmi/HDMI_VMIX/hdmi_vmix.runs/top_design_v_mix_0_0_synth_1/prj/sol/.autopilot/db/v_dma.pp.0.cpp:61235:13: note: FIX-IT applied suggested code changes
/home/serg/Documents/Xilinx/z700_hdmi/HDMI_VMIX/hdmi_vmix.runs/top_design_v_mix_0_0_synth_1/prj/sol/.autopilot/db/v_dma.pp.0.cpp:61242:17: remark: Added loop label VITIS_LOOP_2199_2:   [xilinx-label-all-loops]
                for(int j=3; j>=I+1; j--) {
                ^
                VITIS_LOOP_2199_2: 
/home/serg/Documents/Xilinx/z700_hdmi/HDMI_VMIX/hdmi_vmix.runs/top_design_v_mix_0_0_synth_1/prj/sol/.autopilot/db/v_dma.pp.0.cpp:61242:17: note: FIX-IT applied suggested code changes
/home/serg/Documents/Xilinx/z700_hdmi/HDMI_VMIX/hdmi_vmix.runs/top_design_v_mix_0_0_synth_1/prj/sol/.autopilot/db/v_dma.pp.0.cpp:61246:17: remark: Added loop label VITIS_LOOP_2203_3:   [xilinx-label-all-loops]
                for(int j=I; j>=0; j--) {
                ^
                VITIS_LOOP_2203_3: 
/home/serg/Documents/Xilinx/z700_hdmi/HDMI_VMIX/hdmi_vmix.runs/top_design_v_mix_0_0_synth_1/prj/sol/.autopilot/db/v_dma.pp.0.cpp:61246:17: note: FIX-IT applied suggested code changes
/home/serg/Documents/Xilinx/z700_hdmi/HDMI_VMIX/hdmi_vmix.runs/top_design_v_mix_0_0_synth_1/prj/sol/.autopilot/db/v_dma.pp.0.cpp:61293:13: remark: Added loop label VITIS_LOOP_2250_4:   [xilinx-label-all-loops]
            for(int j=7; j>=3+I; j--) {
            ^
            VITIS_LOOP_2250_4: 
/home/serg/Documents/Xilinx/z700_hdmi/HDMI_VMIX/hdmi_vmix.runs/top_design_v_mix_0_0_synth_1/prj/sol/.autopilot/db/v_dma.pp.0.cpp:61293:13: note: FIX-IT applied suggested code changes
/home/serg/Documents/Xilinx/z700_hdmi/HDMI_VMIX/hdmi_vmix.runs/top_design_v_mix_0_0_synth_1/prj/sol/.autopilot/db/v_dma.pp.0.cpp:61300:17: remark: Added loop label VITIS_LOOP_2257_5:   [xilinx-label-all-loops]
                for(int j=7; j>=3+I; j--) {
                ^
                VITIS_LOOP_2257_5: 
/home/serg/Documents/Xilinx/z700_hdmi/HDMI_VMIX/hdmi_vmix.runs/top_design_v_mix_0_0_synth_1/prj/sol/.autopilot/db/v_dma.pp.0.cpp:61300:17: note: FIX-IT applied suggested code changes
/home/serg/Documents/Xilinx/z700_hdmi/HDMI_VMIX/hdmi_vmix.runs/top_design_v_mix_0_0_synth_1/prj/sol/.autopilot/db/v_dma.pp.0.cpp:61304:17: remark: Added loop label VITIS_LOOP_2261_6:   [xilinx-label-all-loops]
                for(int j=I+2; j>=0; j--) {
                ^
                VITIS_LOOP_2261_6: 
/home/serg/Documents/Xilinx/z700_hdmi/HDMI_VMIX/hdmi_vmix.runs/top_design_v_mix_0_0_synth_1/prj/sol/.autopilot/db/v_dma.pp.0.cpp:61304:17: note: FIX-IT applied suggested code changes
/home/serg/Documents/Xilinx/z700_hdmi/HDMI_VMIX/hdmi_vmix.runs/top_design_v_mix_0_0_synth_1/prj/sol/.autopilot/db/v_dma.pp.0.cpp:61322:9: remark: Added loop label VITIS_LOOP_2279_7:   [xilinx-label-all-loops]
        for(int j=11; j<16; j++) {
        ^
        VITIS_LOOP_2279_7: 
/home/serg/Documents/Xilinx/z700_hdmi/HDMI_VMIX/hdmi_vmix.runs/top_design_v_mix_0_0_synth_1/prj/sol/.autopilot/db/v_dma.pp.0.cpp:61322:9: note: FIX-IT applied suggested code changes
/home/serg/Documents/Xilinx/z700_hdmi/HDMI_VMIX/hdmi_vmix.runs/top_design_v_mix_0_0_synth_1/prj/sol/.autopilot/db/v_dma.pp.0.cpp:61377:13: remark: Added loop label VITIS_LOOP_2334_8:   [xilinx-label-all-loops]
            for(int j=15; j>=7+I; j--) {
            ^
            VITIS_LOOP_2334_8: 
/home/serg/Documents/Xilinx/z700_hdmi/HDMI_VMIX/hdmi_vmix.runs/top_design_v_mix_0_0_synth_1/prj/sol/.autopilot/db/v_dma.pp.0.cpp:61377:13: note: FIX-IT applied suggested code changes
/home/serg/Documents/Xilinx/z700_hdmi/HDMI_VMIX/hdmi_vmix.runs/top_design_v_mix_0_0_synth_1/prj/sol/.autopilot/db/v_dma.pp.0.cpp:61384:17: remark: Added loop label VITIS_LOOP_2341_9:   [xilinx-label-all-loops]
                for(int j=15; j>=7+I; j--) {
                ^
                VITIS_LOOP_2341_9: 
/home/serg/Documents/Xilinx/z700_hdmi/HDMI_VMIX/hdmi_vmix.runs/top_design_v_mix_0_0_synth_1/prj/sol/.autopilot/db/v_dma.pp.0.cpp:61384:17: note: FIX-IT applied suggested code changes
/home/serg/Documents/Xilinx/z700_hdmi/HDMI_VMIX/hdmi_vmix.runs/top_design_v_mix_0_0_synth_1/prj/sol/.autopilot/db/v_dma.pp.0.cpp:61388:17: remark: Added loop label VITIS_LOOP_2345_10:   [xilinx-label-all-loops]
                for(int j=6+I; j>=0; j--) {
                ^
                VITIS_LOOP_2345_10: 
/home/serg/Documents/Xilinx/z700_hdmi/HDMI_VMIX/hdmi_vmix.runs/top_design_v_mix_0_0_synth_1/prj/sol/.autopilot/db/v_dma.pp.0.cpp:61388:17: note: FIX-IT applied suggested code changes
/home/serg/Documents/Xilinx/z700_hdmi/HDMI_VMIX/hdmi_vmix.runs/top_design_v_mix_0_0_synth_1/prj/sol/.autopilot/db/v_dma.pp.0.cpp:61406:9: remark: Added loop label VITIS_LOOP_2363_11:   [xilinx-label-all-loops]
        for(int j=20; j<32; j++) {
        ^
        VITIS_LOOP_2363_11: 
/home/serg/Documents/Xilinx/z700_hdmi/HDMI_VMIX/hdmi_vmix.runs/top_design_v_mix_0_0_synth_1/prj/sol/.autopilot/db/v_dma.pp.0.cpp:61406:9: note: FIX-IT applied suggested code changes
/home/serg/Documents/Xilinx/z700_hdmi/HDMI_VMIX/hdmi_vmix.runs/top_design_v_mix_0_0_synth_1/prj/sol/.autopilot/db/v_dma.pp.0.cpp:61495:13: remark: Added loop label VITIS_LOOP_2452_12:   [xilinx-label-all-loops]
            for(int j=31; j>=I+15; j--) {
            ^
            VITIS_LOOP_2452_12: 
/home/serg/Documents/Xilinx/z700_hdmi/HDMI_VMIX/hdmi_vmix.runs/top_design_v_mix_0_0_synth_1/prj/sol/.autopilot/db/v_dma.pp.0.cpp:61495:13: note: FIX-IT applied suggested code changes
/home/serg/Documents/Xilinx/z700_hdmi/HDMI_VMIX/hdmi_vmix.runs/top_design_v_mix_0_0_synth_1/prj/sol/.autopilot/db/v_dma.pp.0.cpp:61502:17: remark: Added loop label VITIS_LOOP_2459_13:   [xilinx-label-all-loops]
                for(int j=31; j>=I+15; j--) {
                ^
                VITIS_LOOP_2459_13: 
/home/serg/Documents/Xilinx/z700_hdmi/HDMI_VMIX/hdmi_vmix.runs/top_design_v_mix_0_0_synth_1/prj/sol/.autopilot/db/v_dma.pp.0.cpp:61502:17: note: FIX-IT applied suggested code changes
/home/serg/Documents/Xilinx/z700_hdmi/HDMI_VMIX/hdmi_vmix.runs/top_design_v_mix_0_0_synth_1/prj/sol/.autopilot/db/v_dma.pp.0.cpp:61506:17: remark: Added loop label VITIS_LOOP_2463_14:   [xilinx-label-all-loops]
                for(int j=I+14; j>=0; j--) {
                ^
                VITIS_LOOP_2463_14: 
/home/serg/Documents/Xilinx/z700_hdmi/HDMI_VMIX/hdmi_vmix.runs/top_design_v_mix_0_0_synth_1/prj/sol/.autopilot/db/v_dma.pp.0.cpp:61506:17: note: FIX-IT applied suggested code changes
/home/serg/Documents/Xilinx/z700_hdmi/HDMI_VMIX/hdmi_vmix.runs/top_design_v_mix_0_0_synth_1/prj/sol/.autopilot/db/v_dma.pp.0.cpp:61516:9: remark: Added loop label VITIS_LOOP_2473_15:   [xilinx-label-all-loops]
        for(int j=32-F; j<32+I; j++) {
        ^
        VITIS_LOOP_2473_15: 
/home/serg/Documents/Xilinx/z700_hdmi/HDMI_VMIX/hdmi_vmix.runs/top_design_v_mix_0_0_synth_1/prj/sol/.autopilot/db/v_dma.pp.0.cpp:61516:9: note: FIX-IT applied suggested code changes
/home/serg/Documents/Xilinx/z700_hdmi/HDMI_VMIX/hdmi_vmix.runs/top_design_v_mix_0_0_synth_1/prj/sol/.autopilot/db/v_dma.pp.0.cpp:61520:9: remark: Added loop label VITIS_LOOP_2477_16:   [xilinx-label-all-loops]
        for(int j=32+I; j<=64; j++) {
        ^
        VITIS_LOOP_2477_16: 
/home/serg/Documents/Xilinx/z700_hdmi/HDMI_VMIX/hdmi_vmix.runs/top_design_v_mix_0_0_synth_1/prj/sol/.autopilot/db/v_dma.pp.0.cpp:61520:9: note: FIX-IT applied suggested code changes
/home/serg/Documents/Xilinx/z700_hdmi/HDMI_VMIX/hdmi_vmix.runs/top_design_v_mix_0_0_synth_1/prj/sol/.autopilot/db/v_dma.pp.0.cpp:61531:9: remark: Added loop label VITIS_LOOP_2488_17:   [xilinx-label-all-loops]
        for(int j=37; j<64; j++) {
        ^
        VITIS_LOOP_2488_17: 
/home/serg/Documents/Xilinx/z700_hdmi/HDMI_VMIX/hdmi_vmix.runs/top_design_v_mix_0_0_synth_1/prj/sol/.autopilot/db/v_dma.pp.0.cpp:61531:9: note: FIX-IT applied suggested code changes
/home/serg/Documents/Xilinx/z700_hdmi/HDMI_VMIX/hdmi_vmix.runs/top_design_v_mix_0_0_synth_1/prj/sol/.autopilot/db/v_dma.pp.0.cpp:61539:17: remark: Added loop label VITIS_LOOP_2496_18:   [xilinx-label-all-loops]
                for(int j=0; j<64; j++) {
                ^
                VITIS_LOOP_2496_18: 
/home/serg/Documents/Xilinx/z700_hdmi/HDMI_VMIX/hdmi_vmix.runs/top_design_v_mix_0_0_synth_1/prj/sol/.autopilot/db/v_dma.pp.0.cpp:61539:17: note: FIX-IT applied suggested code changes
/home/serg/Documents/Xilinx/z700_hdmi/HDMI_VMIX/hdmi_vmix.runs/top_design_v_mix_0_0_synth_1/prj/sol/.autopilot/db/v_dma.pp.0.cpp:61864:13: remark: Added loop label VITIS_LOOP_2821_19:   [xilinx-label-all-loops]
            for(int j=63; j>=I+31; j--) {
            ^
            VITIS_LOOP_2821_19: 
/home/serg/Documents/Xilinx/z700_hdmi/HDMI_VMIX/hdmi_vmix.runs/top_design_v_mix_0_0_synth_1/prj/sol/.autopilot/db/v_dma.pp.0.cpp:61864:13: note: FIX-IT applied suggested code changes
/home/serg/Documents/Xilinx/z700_hdmi/HDMI_VMIX/hdmi_vmix.runs/top_design_v_mix_0_0_synth_1/prj/sol/.autopilot/db/v_dma.pp.0.cpp:61871:17: remark: Added loop label VITIS_LOOP_2828_20:   [xilinx-label-all-loops]
                for(int j=63; j>=I+31; j--) {
                ^
                VITIS_LOOP_2828_20: 
/home/serg/Documents/Xilinx/z700_hdmi/HDMI_VMIX/hdmi_vmix.runs/top_design_v_mix_0_0_synth_1/prj/sol/.autopilot/db/v_dma.pp.0.cpp:61871:17: note: FIX-IT applied suggested code changes
/home/serg/Documents/Xilinx/z700_hdmi/HDMI_VMIX/hdmi_vmix.runs/top_design_v_mix_0_0_synth_1/prj/sol/.autopilot/db/v_dma.pp.0.cpp:61875:17: remark: Added loop label VITIS_LOOP_2832_21:   [xilinx-label-all-loops]
                for(int j=I+30; j>=0; j--) {
                ^
                VITIS_LOOP_2832_21: 
/home/serg/Documents/Xilinx/z700_hdmi/HDMI_VMIX/hdmi_vmix.runs/top_design_v_mix_0_0_synth_1/prj/sol/.autopilot/db/v_dma.pp.0.cpp:61875:17: note: FIX-IT applied suggested code changes
/home/serg/Documents/Xilinx/z700_hdmi/HDMI_VMIX/hdmi_vmix.runs/top_design_v_mix_0_0_synth_1/prj/sol/.autopilot/db/v_dma.pp.0.cpp:61963:4: remark: Added loop label VITIS_LOOP_2920_1:   [xilinx-label-all-loops]
   for(int j = 5; j>=I_+2; j--) {
   ^
   VITIS_LOOP_2920_1: 
/home/serg/Documents/Xilinx/z700_hdmi/HDMI_VMIX/hdmi_vmix.runs/top_design_v_mix_0_0_synth_1/prj/sol/.autopilot/db/v_dma.pp.0.cpp:61963:4: note: FIX-IT applied suggested code changes
/home/serg/Documents/Xilinx/z700_hdmi/HDMI_VMIX/hdmi_vmix.runs/top_design_v_mix_0_0_synth_1/prj/sol/.autopilot/db/v_dma.pp.0.cpp:61970:5: remark: Added loop label VITIS_LOOP_2927_2:   [xilinx-label-all-loops]
    for(int j = 5; j>=I_+2; j--) {
    ^
    VITIS_LOOP_2927_2: 
/home/serg/Documents/Xilinx/z700_hdmi/HDMI_VMIX/hdmi_vmix.runs/top_design_v_mix_0_0_synth_1/prj/sol/.autopilot/db/v_dma.pp.0.cpp:61970:5: note: FIX-IT applied suggested code changes
/home/serg/Documents/Xilinx/z700_hdmi/HDMI_VMIX/hdmi_vmix.runs/top_design_v_mix_0_0_synth_1/prj/sol/.autopilot/db/v_dma.pp.0.cpp:61974:5: remark: Added loop label VITIS_LOOP_2931_3:   [xilinx-label-all-loops]
    for(int j = I_+1; j>=0; j--) {
    ^
    VITIS_LOOP_2931_3: 
/home/serg/Documents/Xilinx/z700_hdmi/HDMI_VMIX/hdmi_vmix.runs/top_design_v_mix_0_0_synth_1/prj/sol/.autopilot/db/v_dma.pp.0.cpp:61974:5: note: FIX-IT applied suggested code changes
/home/serg/Documents/Xilinx/z700_hdmi/HDMI_VMIX/hdmi_vmix.runs/top_design_v_mix_0_0_synth_1/prj/sol/.autopilot/db/v_dma.pp.0.cpp:61989:3: remark: Added loop label VITIS_LOOP_2946_4:   [xilinx-label-all-loops]
  for(int j = 11; j >=7; j--) {
  ^
  VITIS_LOOP_2946_4: 
/home/serg/Documents/Xilinx/z700_hdmi/HDMI_VMIX/hdmi_vmix.runs/top_design_v_mix_0_0_synth_1/prj/sol/.autopilot/db/v_dma.pp.0.cpp:61989:3: note: FIX-IT applied suggested code changes
/home/serg/Documents/Xilinx/z700_hdmi/HDMI_VMIX/hdmi_vmix.runs/top_design_v_mix_0_0_synth_1/prj/sol/.autopilot/db/v_dma.pp.0.cpp:62021:4: remark: Added loop label VITIS_LOOP_2978_5:   [xilinx-label-all-loops]
   for(int j = 11; j >= I_+5; j--) {
   ^
   VITIS_LOOP_2978_5: 
/home/serg/Documents/Xilinx/z700_hdmi/HDMI_VMIX/hdmi_vmix.runs/top_design_v_mix_0_0_synth_1/prj/sol/.autopilot/db/v_dma.pp.0.cpp:62021:4: note: FIX-IT applied suggested code changes
/home/serg/Documents/Xilinx/z700_hdmi/HDMI_VMIX/hdmi_vmix.runs/top_design_v_mix_0_0_synth_1/prj/sol/.autopilot/db/v_dma.pp.0.cpp:62028:5: remark: Added loop label VITIS_LOOP_2985_6:   [xilinx-label-all-loops]
    for(int j = 11; j>= I_+5; j--) {
    ^
    VITIS_LOOP_2985_6: 
/home/serg/Documents/Xilinx/z700_hdmi/HDMI_VMIX/hdmi_vmix.runs/top_design_v_mix_0_0_synth_1/prj/sol/.autopilot/db/v_dma.pp.0.cpp:62028:5: note: FIX-IT applied suggested code changes
/home/serg/Documents/Xilinx/z700_hdmi/HDMI_VMIX/hdmi_vmix.runs/top_design_v_mix_0_0_synth_1/prj/sol/.autopilot/db/v_dma.pp.0.cpp:62032:5: remark: Added loop label VITIS_LOOP_2989_7:   [xilinx-label-all-loops]
    for(int j = I_+4; j>=0; j--) {
    ^
    VITIS_LOOP_2989_7: 
/home/serg/Documents/Xilinx/z700_hdmi/HDMI_VMIX/hdmi_vmix.runs/top_design_v_mix_0_0_synth_1/prj/sol/.autopilot/db/v_dma.pp.0.cpp:62032:5: note: FIX-IT applied suggested code changes
/home/serg/Documents/Xilinx/z700_hdmi/HDMI_VMIX/hdmi_vmix.runs/top_design_v_mix_0_0_synth_1/prj/sol/.autopilot/db/v_dma.pp.0.cpp:62047:3: remark: Added loop label VITIS_LOOP_3004_8:   [xilinx-label-all-loops]
  for(int j = 25; j>=15; j--) {
  ^
  VITIS_LOOP_3004_8: 
/home/serg/Documents/Xilinx/z700_hdmi/HDMI_VMIX/hdmi_vmix.runs/top_design_v_mix_0_0_synth_1/prj/sol/.autopilot/db/v_dma.pp.0.cpp:62047:3: note: FIX-IT applied suggested code changes
/home/serg/Documents/Xilinx/z700_hdmi/HDMI_VMIX/hdmi_vmix.runs/top_design_v_mix_0_0_synth_1/prj/sol/.autopilot/db/v_dma.pp.0.cpp:62097:4: remark: Added loop label VITIS_LOOP_3054_9:   [xilinx-label-all-loops]
   for(int j = 25; j>= I_+12; j--) {
   ^
   VITIS_LOOP_3054_9: 
/home/serg/Documents/Xilinx/z700_hdmi/HDMI_VMIX/hdmi_vmix.runs/top_design_v_mix_0_0_synth_1/prj/sol/.autopilot/db/v_dma.pp.0.cpp:62097:4: note: FIX-IT applied suggested code changes
/home/serg/Documents/Xilinx/z700_hdmi/HDMI_VMIX/hdmi_vmix.runs/top_design_v_mix_0_0_synth_1/prj/sol/.autopilot/db/v_dma.pp.0.cpp:62104:5: remark: Added loop label VITIS_LOOP_3061_10:   [xilinx-label-all-loops]
    for(int j = 25; j>=I_+12; j--) {
    ^
    VITIS_LOOP_3061_10: 
/home/serg/Documents/Xilinx/z700_hdmi/HDMI_VMIX/hdmi_vmix.runs/top_design_v_mix_0_0_synth_1/prj/sol/.autopilot/db/v_dma.pp.0.cpp:62104:5: note: FIX-IT applied suggested code changes
/home/serg/Documents/Xilinx/z700_hdmi/HDMI_VMIX/hdmi_vmix.runs/top_design_v_mix_0_0_synth_1/prj/sol/.autopilot/db/v_dma.pp.0.cpp:62108:5: remark: Added loop label VITIS_LOOP_3065_11:   [xilinx-label-all-loops]
    for(int j = I_+11; j>=0; j--) {
    ^
    VITIS_LOOP_3065_11: 
/home/serg/Documents/Xilinx/z700_hdmi/HDMI_VMIX/hdmi_vmix.runs/top_design_v_mix_0_0_synth_1/prj/sol/.autopilot/db/v_dma.pp.0.cpp:62108:5: note: FIX-IT applied suggested code changes
/home/serg/Documents/Xilinx/z700_hdmi/HDMI_VMIX/hdmi_vmix.runs/top_design_v_mix_0_0_synth_1/prj/sol/.autopilot/db/v_dma.pp.0.cpp:62123:3: remark: Added loop label VITIS_LOOP_3080_12:   [xilinx-label-all-loops]
  for(int j = 51; j >= 29; j--) {
  ^
  VITIS_LOOP_3080_12: 
/home/serg/Documents/Xilinx/z700_hdmi/HDMI_VMIX/hdmi_vmix.runs/top_design_v_mix_0_0_synth_1/prj/sol/.autopilot/db/v_dma.pp.0.cpp:62123:3: note: FIX-IT applied suggested code changes
/home/serg/Documents/Xilinx/z700_hdmi/HDMI_VMIX/hdmi_vmix.runs/top_design_v_mix_0_0_synth_1/prj/sol/.autopilot/db/v_dma.pp.0.cpp:62260:4: remark: Added loop label VITIS_LOOP_3217_13:   [xilinx-label-all-loops]
   for(int j = 51; j >= 25 + I_; j--) {
   ^
   VITIS_LOOP_3217_13: 
/home/serg/Documents/Xilinx/z700_hdmi/HDMI_VMIX/hdmi_vmix.runs/top_design_v_mix_0_0_synth_1/prj/sol/.autopilot/db/v_dma.pp.0.cpp:62260:4: note: FIX-IT applied suggested code changes
/home/serg/Documents/Xilinx/z700_hdmi/HDMI_VMIX/hdmi_vmix.runs/top_design_v_mix_0_0_synth_1/prj/sol/.autopilot/db/v_dma.pp.0.cpp:62267:5: remark: Added loop label VITIS_LOOP_3224_14:   [xilinx-label-all-loops]
    for(int j = 51; j>=25 + I_; j--) {
    ^
    VITIS_LOOP_3224_14: 
/home/serg/Documents/Xilinx/z700_hdmi/HDMI_VMIX/hdmi_vmix.runs/top_design_v_mix_0_0_synth_1/prj/sol/.autopilot/db/v_dma.pp.0.cpp:62267:5: note: FIX-IT applied suggested code changes
/home/serg/Documents/Xilinx/z700_hdmi/HDMI_VMIX/hdmi_vmix.runs/top_design_v_mix_0_0_synth_1/prj/sol/.autopilot/db/v_dma.pp.0.cpp:62271:5: remark: Added loop label VITIS_LOOP_3228_15:   [xilinx-label-all-loops]
    for(int j = 24 + I_; j >= 0; j--) {
    ^
    VITIS_LOOP_3228_15: 
/home/serg/Documents/Xilinx/z700_hdmi/HDMI_VMIX/hdmi_vmix.runs/top_design_v_mix_0_0_synth_1/prj/sol/.autopilot/db/v_dma.pp.0.cpp:62271:5: note: FIX-IT applied suggested code changes
/home/serg/Documents/Xilinx/z700_hdmi/HDMI_VMIX/hdmi_vmix.runs/top_design_v_mix_0_0_synth_1/prj/sol/.autopilot/db/v_dma.pp.0.cpp:62286:3: remark: Added loop label VITIS_LOOP_3243_16:   [xilinx-label-all-loops]
  for(int j = 63; j >= 36; j--) {
  ^
  VITIS_LOOP_3243_16: 
/home/serg/Documents/Xilinx/z700_hdmi/HDMI_VMIX/hdmi_vmix.runs/top_design_v_mix_0_0_synth_1/prj/sol/.autopilot/db/v_dma.pp.0.cpp:62286:3: note: FIX-IT applied suggested code changes
/home/serg/Documents/Xilinx/z700_hdmi/HDMI_VMIX/hdmi_vmix.runs/top_design_v_mix_0_0_synth_1/prj/sol/.autopilot/db/v_dma.pp.0.cpp:62446:4: remark: Added loop label VITIS_LOOP_3403_17:   [xilinx-label-all-loops]
   for(int j = 63; j >= 31 + I_; j--) {
   ^
   VITIS_LOOP_3403_17: 
/home/serg/Documents/Xilinx/z700_hdmi/HDMI_VMIX/hdmi_vmix.runs/top_design_v_mix_0_0_synth_1/prj/sol/.autopilot/db/v_dma.pp.0.cpp:62446:4: note: FIX-IT applied suggested code changes
/home/serg/Documents/Xilinx/z700_hdmi/HDMI_VMIX/hdmi_vmix.runs/top_design_v_mix_0_0_synth_1/prj/sol/.autopilot/db/v_dma.pp.0.cpp:62453:5: remark: Added loop label VITIS_LOOP_3410_18:   [xilinx-label-all-loops]
    for(int j = 63; j >= 31 + I_; j--) {
    ^
    VITIS_LOOP_3410_18: 
/home/serg/Documents/Xilinx/z700_hdmi/HDMI_VMIX/hdmi_vmix.runs/top_design_v_mix_0_0_synth_1/prj/sol/.autopilot/db/v_dma.pp.0.cpp:62453:5: note: FIX-IT applied suggested code changes
/home/serg/Documents/Xilinx/z700_hdmi/HDMI_VMIX/hdmi_vmix.runs/top_design_v_mix_0_0_synth_1/prj/sol/.autopilot/db/v_dma.pp.0.cpp:62457:5: remark: Added loop label VITIS_LOOP_3414_19:   [xilinx-label-all-loops]
    for(int j = 30 + I_; j >= 0; j--) {
    ^
    VITIS_LOOP_3414_19: 
/home/serg/Documents/Xilinx/z700_hdmi/HDMI_VMIX/hdmi_vmix.runs/top_design_v_mix_0_0_synth_1/prj/sol/.autopilot/db/v_dma.pp.0.cpp:62457:5: note: FIX-IT applied suggested code changes
/home/serg/Documents/Xilinx/z700_hdmi/HDMI_VMIX/hdmi_vmix.runs/top_design_v_mix_0_0_synth_1/prj/sol/.autopilot/db/v_dma.pp.0.cpp:63172:13: remark: Added loop label VITIS_LOOP_703_1:   [xilinx-label-all-loops]
            for (b_exp = I_-1; b_exp >= -F_; b_exp--) {
            ^
            VITIS_LOOP_703_1: 
/home/serg/Documents/Xilinx/z700_hdmi/HDMI_VMIX/hdmi_vmix.runs/top_design_v_mix_0_0_synth_1/prj/sol/.autopilot/db/v_dma.pp.0.cpp:63172:13: note: FIX-IT applied suggested code changes
/home/serg/Documents/Xilinx/z700_hdmi/HDMI_VMIX/hdmi_vmix.runs/top_design_v_mix_0_0_synth_1/prj/sol/.autopilot/db/v_dma.pp.0.cpp:63390:13: remark: Added loop label VITIS_LOOP_921_1:   [xilinx-label-all-loops]
            for (b_exp = I_-1; b_exp >= -F_; b_exp--) {
            ^
            VITIS_LOOP_921_1: 
/home/serg/Documents/Xilinx/z700_hdmi/HDMI_VMIX/hdmi_vmix.runs/top_design_v_mix_0_0_synth_1/prj/sol/.autopilot/db/v_dma.pp.0.cpp:63390:13: note: FIX-IT applied suggested code changes
/home/serg/Documents/Xilinx/z700_hdmi/HDMI_VMIX/hdmi_vmix.runs/top_design_v_mix_0_0_synth_1/prj/sol/.autopilot/db/v_dma.pp.0.cpp:63807:13: remark: Added loop label VITIS_LOOP_1345_1:   [xilinx-label-all-loops]
            for (b_exp = I_-1; b_exp >= -F_; b_exp--) {
            ^
            VITIS_LOOP_1345_1: 
/home/serg/Documents/Xilinx/z700_hdmi/HDMI_VMIX/hdmi_vmix.runs/top_design_v_mix_0_0_synth_1/prj/sol/.autopilot/db/v_dma.pp.0.cpp:63807:13: note: FIX-IT applied suggested code changes
/home/serg/Documents/Xilinx/z700_hdmi/HDMI_VMIX/hdmi_vmix.runs/top_design_v_mix_0_0_synth_1/prj/sol/.autopilot/db/v_dma.pp.0.cpp:64130:9: remark: Added loop label VITIS_LOOP_243_1:   [xilinx-label-all-loops]
        for ( int pos = msbr-1; pos >= 0; pos-- ) {
        ^
        VITIS_LOOP_243_1: 
/home/serg/Documents/Xilinx/z700_hdmi/HDMI_VMIX/hdmi_vmix.runs/top_design_v_mix_0_0_synth_1/prj/sol/.autopilot/db/v_dma.pp.0.cpp:64130:9: note: FIX-IT applied suggested code changes
/home/serg/Documents/Xilinx/z700_hdmi/HDMI_VMIX/hdmi_vmix.runs/top_design_v_mix_0_0_synth_1/prj/sol/.autopilot/db/v_dma.pp.0.cpp:64158:9: remark: Added loop label VITIS_LOOP_271_2:   [xilinx-label-all-loops]
        for ( int pos = -1; pos >= -F_-1; pos-- ) {
        ^
        VITIS_LOOP_271_2: 
/home/serg/Documents/Xilinx/z700_hdmi/HDMI_VMIX/hdmi_vmix.runs/top_design_v_mix_0_0_synth_1/prj/sol/.autopilot/db/v_dma.pp.0.cpp:64158:9: note: FIX-IT applied suggested code changes
/home/serg/Documents/Xilinx/z700_hdmi/HDMI_VMIX/hdmi_vmix.runs/top_design_v_mix_0_0_synth_1/prj/sol/.autopilot/db/v_dma.pp.0.cpp:64862:13: remark: Added loop label VITIS_LOOP_48_1:   [xilinx-label-all-loops]
            for (int j = 0; j < W_-1; j++){
            ^
            VITIS_LOOP_48_1: 
/home/serg/Documents/Xilinx/z700_hdmi/HDMI_VMIX/hdmi_vmix.runs/top_design_v_mix_0_0_synth_1/prj/sol/.autopilot/db/v_dma.pp.0.cpp:64862:13: note: FIX-IT applied suggested code changes
/home/serg/Documents/Xilinx/z700_hdmi/HDMI_VMIX/hdmi_vmix.runs/top_design_v_mix_0_0_synth_1/prj/sol/.autopilot/db/v_dma.pp.0.cpp:64915:5: remark: Added loop label VITIS_LOOP_109_2:   [xilinx-label-all-loops]
    for (int j = F_l+F_+I_m-1; j < F_l+W_+5; j++){
    ^
    VITIS_LOOP_109_2: 
/home/serg/Documents/Xilinx/z700_hdmi/HDMI_VMIX/hdmi_vmix.runs/top_design_v_mix_0_0_synth_1/prj/sol/.autopilot/db/v_dma.pp.0.cpp:64915:5: note: FIX-IT applied suggested code changes
/home/serg/Documents/Xilinx/z700_hdmi/HDMI_VMIX/hdmi_vmix.runs/top_design_v_mix_0_0_synth_1/prj/sol/.autopilot/db/v_dma.pp.0.cpp:64929:13: remark: Added loop label VITIS_LOOP_123_3:   [xilinx-label-all-loops]
            for (int j = WO_m-1; j >= W_-1; j--) {
            ^
            VITIS_LOOP_123_3: 
/home/serg/Documents/Xilinx/z700_hdmi/HDMI_VMIX/hdmi_vmix.runs/top_design_v_mix_0_0_synth_1/prj/sol/.autopilot/db/v_dma.pp.0.cpp:64929:13: note: FIX-IT applied suggested code changes
/home/serg/Documents/Xilinx/z700_hdmi/HDMI_VMIX/hdmi_vmix.runs/top_design_v_mix_0_0_synth_1/prj/sol/.autopilot/db/v_dma.pp.0.cpp:64959:13: remark: Added loop label VITIS_LOOP_153_4:   [xilinx-label-all-loops]
            for (int j = W_-2; j >= 0; j--){
            ^
            VITIS_LOOP_153_4: 
/home/serg/Documents/Xilinx/z700_hdmi/HDMI_VMIX/hdmi_vmix.runs/top_design_v_mix_0_0_synth_1/prj/sol/.autopilot/db/v_dma.pp.0.cpp:64959:13: note: FIX-IT applied suggested code changes
/home/serg/Documents/Xilinx/z700_hdmi/HDMI_VMIX/hdmi_vmix.runs/top_design_v_mix_0_0_synth_1/prj/sol/.autopilot/db/v_dma.pp.0.cpp:65044:12: remark: Added loop label VITIS_LOOP_281_1:   [xilinx-label-all-loops]
           for(int i = wf_log+we_log-2; i > WI_e - 2; --i) {
           ^
           VITIS_LOOP_281_1: 
/home/serg/Documents/Xilinx/z700_hdmi/HDMI_VMIX/hdmi_vmix.runs/top_design_v_mix_0_0_synth_1/prj/sol/.autopilot/db/v_dma.pp.0.cpp:65044:12: note: FIX-IT applied suggested code changes
/home/serg/Documents/Xilinx/z700_hdmi/HDMI_VMIX/hdmi_vmix.runs/top_design_v_mix_0_0_synth_1/prj/sol/.autopilot/db/v_dma.pp.0.cpp:65064:16: remark: Added loop label VITIS_LOOP_301_2:   [xilinx-label-all-loops]
               for (int j = WO_e-1; j >= W_-1; j--) {
               ^
               VITIS_LOOP_301_2: 
/home/serg/Documents/Xilinx/z700_hdmi/HDMI_VMIX/hdmi_vmix.runs/top_design_v_mix_0_0_synth_1/prj/sol/.autopilot/db/v_dma.pp.0.cpp:65064:16: note: FIX-IT applied suggested code changes
/home/serg/Documents/Xilinx/z700_hdmi/HDMI_VMIX/hdmi_vmix.runs/top_design_v_mix_0_0_synth_1/prj/sol/.autopilot/db/v_dma.pp.0.cpp:65078:20: remark: Added loop label VITIS_LOOP_315_3:   [xilinx-label-all-loops]
                   for(int i = 0; i < W_-1; ++i) {
                   ^
                   VITIS_LOOP_315_3: 
/home/serg/Documents/Xilinx/z700_hdmi/HDMI_VMIX/hdmi_vmix.runs/top_design_v_mix_0_0_synth_1/prj/sol/.autopilot/db/v_dma.pp.0.cpp:65078:20: note: FIX-IT applied suggested code changes
/home/serg/Documents/Xilinx/z700_hdmi/HDMI_VMIX/hdmi_vmix.runs/top_design_v_mix_0_0_synth_1/prj/sol/.autopilot/db/v_dma.pp.0.cpp:65171:12: remark: Added loop label VITIS_LOOP_433_1:   [xilinx-label-all-loops]
           for (int j =WO_d-1; j >= W_-1; j--) {
           ^
           VITIS_LOOP_433_1: 
/home/serg/Documents/Xilinx/z700_hdmi/HDMI_VMIX/hdmi_vmix.runs/top_design_v_mix_0_0_synth_1/prj/sol/.autopilot/db/v_dma.pp.0.cpp:65171:12: note: FIX-IT applied suggested code changes
/home/serg/Documents/Xilinx/z700_hdmi/HDMI_VMIX/hdmi_vmix.runs/top_design_v_mix_0_0_synth_1/prj/sol/.autopilot/db/v_dma.pp.0.cpp:65185:15: remark: Added loop label VITIS_LOOP_447_2:   [xilinx-label-all-loops]
              for(int i = 0; i < W_-1; ++i) {
              ^
              VITIS_LOOP_447_2: 
/home/serg/Documents/Xilinx/z700_hdmi/HDMI_VMIX/hdmi_vmix.runs/top_design_v_mix_0_0_synth_1/prj/sol/.autopilot/db/v_dma.pp.0.cpp:65185:15: note: FIX-IT applied suggested code changes
/home/serg/Documents/Xilinx/z700_hdmi/HDMI_VMIX/hdmi_vmix.runs/top_design_v_mix_0_0_synth_1/prj/sol/.autopilot/db/v_dma.pp.0.cpp:65305:13: remark: Added loop label VITIS_LOOP_33_1:   [xilinx-label-all-loops]
            for (int i = 0; i < W_-1; i++){
            ^
            VITIS_LOOP_33_1: 
/home/serg/Documents/Xilinx/z700_hdmi/HDMI_VMIX/hdmi_vmix.runs/top_design_v_mix_0_0_synth_1/prj/sol/.autopilot/db/v_dma.pp.0.cpp:65305:13: note: FIX-IT applied suggested code changes
/home/serg/Documents/Xilinx/z700_hdmi/HDMI_VMIX/hdmi_vmix.runs/top_design_v_mix_0_0_synth_1/prj/sol/.autopilot/db/v_dma.pp.0.cpp:65429:13: remark: Added loop label VITIS_LOOP_183_1:   [xilinx-label-all-loops]
            for (int i = 0; i < W_-1; i++){
            ^
            VITIS_LOOP_183_1: 
/home/serg/Documents/Xilinx/z700_hdmi/HDMI_VMIX/hdmi_vmix.runs/top_design_v_mix_0_0_synth_1/prj/sol/.autopilot/db/v_dma.pp.0.cpp:65429:13: note: FIX-IT applied suggested code changes
/home/serg/Documents/Xilinx/z700_hdmi/HDMI_VMIX/hdmi_vmix.runs/top_design_v_mix_0_0_synth_1/prj/sol/.autopilot/db/v_dma.pp.0.cpp:65484:13: remark: Added loop label VITIS_LOOP_248_1:   [xilinx-label-all-loops]
            for (int i = 0; i < W_-1; i++){
            ^
            VITIS_LOOP_248_1: 
/home/serg/Documents/Xilinx/z700_hdmi/HDMI_VMIX/hdmi_vmix.runs/top_design_v_mix_0_0_synth_1/prj/sol/.autopilot/db/v_dma.pp.0.cpp:65484:13: note: FIX-IT applied suggested code changes
/home/serg/Documents/Xilinx/z700_hdmi/HDMI_VMIX/hdmi_vmix.runs/top_design_v_mix_0_0_synth_1/prj/sol/.autopilot/db/v_dma.pp.0.cpp:65751:5: remark: Added loop label VITIS_LOOP_44_1:   [xilinx-label-all-loops]
    for(int l = loop_nm; l > 0; --l){
    ^
    VITIS_LOOP_44_1: 
/home/serg/Documents/Xilinx/z700_hdmi/HDMI_VMIX/hdmi_vmix.runs/top_design_v_mix_0_0_synth_1/prj/sol/.autopilot/db/v_dma.pp.0.cpp:65751:5: note: FIX-IT applied suggested code changes
/home/serg/Documents/Xilinx/z700_hdmi/HDMI_VMIX/hdmi_vmix.runs/top_design_v_mix_0_0_synth_1/prj/sol/.autopilot/db/v_dma.pp.0.cpp:66002:5: remark: Added loop label VITIS_LOOP_16_1:   [xilinx-label-all-loops]
    for (int i=0; i<W_;i++)
    ^
    VITIS_LOOP_16_1: 
/home/serg/Documents/Xilinx/z700_hdmi/HDMI_VMIX/hdmi_vmix.runs/top_design_v_mix_0_0_synth_1/prj/sol/.autopilot/db/v_dma.pp.0.cpp:66002:5: note: FIX-IT applied suggested code changes
/home/serg/Documents/Xilinx/z700_hdmi/HDMI_VMIX/hdmi_vmix.runs/top_design_v_mix_0_0_synth_1/prj/sol/.autopilot/db/v_dma.pp.0.cpp:66013:5: remark: Added loop label VITIS_LOOP_27_1:   [xilinx-label-all-loops]
    for (int i=0; i<W_;i++)
    ^
    VITIS_LOOP_27_1: 
/home/serg/Documents/Xilinx/z700_hdmi/HDMI_VMIX/hdmi_vmix.runs/top_design_v_mix_0_0_synth_1/prj/sol/.autopilot/db/v_dma.pp.0.cpp:66013:5: note: FIX-IT applied suggested code changes
/home/serg/Documents/Xilinx/z700_hdmi/HDMI_VMIX/hdmi_vmix.runs/top_design_v_mix_0_0_synth_1/prj/sol/.autopilot/db/v_dma.pp.0.cpp:66024:5: remark: Added loop label VITIS_LOOP_38_1:   [xilinx-label-all-loops]
    for (int i=0; i<I_;i++)
    ^
    VITIS_LOOP_38_1: 
/home/serg/Documents/Xilinx/z700_hdmi/HDMI_VMIX/hdmi_vmix.runs/top_design_v_mix_0_0_synth_1/prj/sol/.autopilot/db/v_dma.pp.0.cpp:66024:5: note: FIX-IT applied suggested code changes
/home/serg/Documents/Xilinx/z700_hdmi/HDMI_VMIX/hdmi_vmix.runs/top_design_v_mix_0_0_synth_1/prj/sol/.autopilot/db/v_dma.pp.0.cpp:66035:5: remark: Added loop label VITIS_LOOP_49_1:   [xilinx-label-all-loops]
    for (int i=0; i<I_;i++)
    ^
    VITIS_LOOP_49_1: 
/home/serg/Documents/Xilinx/z700_hdmi/HDMI_VMIX/hdmi_vmix.runs/top_design_v_mix_0_0_synth_1/prj/sol/.autopilot/db/v_dma.pp.0.cpp:66035:5: note: FIX-IT applied suggested code changes
/home/serg/Documents/Xilinx/z700_hdmi/HDMI_VMIX/hdmi_vmix.runs/top_design_v_mix_0_0_synth_1/prj/sol/.autopilot/db/v_dma.pp.0.cpp:66046:5: remark: Added loop label VITIS_LOOP_60_1:   [xilinx-label-all-loops]
    for (int i=0; i<W_;i++)
    ^
    VITIS_LOOP_60_1: 
/home/serg/Documents/Xilinx/z700_hdmi/HDMI_VMIX/hdmi_vmix.runs/top_design_v_mix_0_0_synth_1/prj/sol/.autopilot/db/v_dma.pp.0.cpp:66046:5: note: FIX-IT applied suggested code changes
/home/serg/Documents/Xilinx/z700_hdmi/HDMI_VMIX/hdmi_vmix.runs/top_design_v_mix_0_0_synth_1/prj/sol/.autopilot/db/v_dma.pp.0.cpp:66057:5: remark: Added loop label VITIS_LOOP_71_1:   [xilinx-label-all-loops]
    for (int i=0; i<W_;i++)
    ^
    VITIS_LOOP_71_1: 
/home/serg/Documents/Xilinx/z700_hdmi/HDMI_VMIX/hdmi_vmix.runs/top_design_v_mix_0_0_synth_1/prj/sol/.autopilot/db/v_dma.pp.0.cpp:66057:5: note: FIX-IT applied suggested code changes
/home/serg/Documents/Xilinx/z700_hdmi/HDMI_VMIX/hdmi_vmix.runs/top_design_v_mix_0_0_synth_1/prj/sol/.autopilot/db/v_dma.pp.0.cpp:66068:5: remark: Added loop label VITIS_LOOP_82_1:   [xilinx-label-all-loops]
    for (int i=0; i<I_;i++)
    ^
    VITIS_LOOP_82_1: 
/home/serg/Documents/Xilinx/z700_hdmi/HDMI_VMIX/hdmi_vmix.runs/top_design_v_mix_0_0_synth_1/prj/sol/.autopilot/db/v_dma.pp.0.cpp:66068:5: note: FIX-IT applied suggested code changes
/home/serg/Documents/Xilinx/z700_hdmi/HDMI_VMIX/hdmi_vmix.runs/top_design_v_mix_0_0_synth_1/prj/sol/.autopilot/db/v_dma.pp.0.cpp:66079:5: remark: Added loop label VITIS_LOOP_93_1:   [xilinx-label-all-loops]
    for (int i=0; i<I_;i++)
    ^
    VITIS_LOOP_93_1: 
/home/serg/Documents/Xilinx/z700_hdmi/HDMI_VMIX/hdmi_vmix.runs/top_design_v_mix_0_0_synth_1/prj/sol/.autopilot/db/v_dma.pp.0.cpp:66079:5: note: FIX-IT applied suggested code changes
/home/serg/Documents/Xilinx/z700_hdmi/HDMI_VMIX/hdmi_vmix.runs/top_design_v_mix_0_0_synth_1/prj/sol/.autopilot/db/v_dma.pp.0.cpp:68438:12: remark: Added loop label VITIS_LOOP_26_1:   [xilinx-label-all-loops]
           for(int i = 0; i < W_-1; ++i) {
           ^
           VITIS_LOOP_26_1: 
/home/serg/Documents/Xilinx/z700_hdmi/HDMI_VMIX/hdmi_vmix.runs/top_design_v_mix_0_0_synth_1/prj/sol/.autopilot/db/v_dma.pp.0.cpp:68438:12: note: FIX-IT applied suggested code changes
/home/serg/Documents/Xilinx/z700_hdmi/HDMI_VMIX/hdmi_vmix.runs/top_design_v_mix_0_0_synth_1/prj/sol/.autopilot/db/v_dma.pp.0.cpp:68502:7: remark: Added loop label VITIS_LOOP_40_1:   [xilinx-label-all-loops]
      for(int pos = msbr - 1 ; pos >= -F-1; pos--) {
      ^
      VITIS_LOOP_40_1: 
/home/serg/Documents/Xilinx/z700_hdmi/HDMI_VMIX/hdmi_vmix.runs/top_design_v_mix_0_0_synth_1/prj/sol/.autopilot/db/v_dma.pp.0.cpp:68502:7: note: FIX-IT applied suggested code changes
/home/serg/Documents/Xilinx/z700_hdmi/HDMI_VMIX/hdmi_vmix.runs/top_design_v_mix_0_0_synth_1/prj/sol/.autopilot/db/v_dma.pp.0.cpp:68619:9: remark: Added loop label VITIS_LOOP_49_1:   [xilinx-label-all-loops]
        for(int pos = msbr - 1; pos >= 0; pos--) {
        ^
        VITIS_LOOP_49_1: 
/home/serg/Documents/Xilinx/z700_hdmi/HDMI_VMIX/hdmi_vmix.runs/top_design_v_mix_0_0_synth_1/prj/sol/.autopilot/db/v_dma.pp.0.cpp:68619:9: note: FIX-IT applied suggested code changes
/home/serg/Documents/Xilinx/z700_hdmi/HDMI_VMIX/hdmi_vmix.runs/top_design_v_mix_0_0_synth_1/prj/sol/.autopilot/db/v_dma.pp.0.cpp:68644:5: remark: Added loop label VITIS_LOOP_81_2:   [xilinx-label-all-loops]
    for(int pos = -1; pos >= -F-1; pos--) {
    ^
    VITIS_LOOP_81_2: 
/home/serg/Documents/Xilinx/z700_hdmi/HDMI_VMIX/hdmi_vmix.runs/top_design_v_mix_0_0_synth_1/prj/sol/.autopilot/db/v_dma.pp.0.cpp:68644:5: note: FIX-IT applied suggested code changes
/home/serg/Documents/Xilinx/z700_hdmi/HDMI_VMIX/hdmi_vmix.runs/top_design_v_mix_0_0_synth_1/prj/sol/.autopilot/db/v_dma.pp.0.cpp:68714:8: remark: Added loop label VITIS_LOOP_169_3:   [xilinx-label-all-loops]
       for(int i = 0; i < W - 1; ++i) {
       ^
       VITIS_LOOP_169_3: 
/home/serg/Documents/Xilinx/z700_hdmi/HDMI_VMIX/hdmi_vmix.runs/top_design_v_mix_0_0_synth_1/prj/sol/.autopilot/db/v_dma.pp.0.cpp:68714:8: note: FIX-IT applied suggested code changes
/home/serg/Documents/Xilinx/z700_hdmi/HDMI_VMIX/hdmi_vmix.runs/top_design_v_mix_0_0_synth_1/prj/sol/.autopilot/db/v_dma.pp.0.cpp:71379:5: remark: Added loop label VITIS_LOOP_137_1:   [xilinx-label-all-loops]
    for(i = 0; i < ROWS; i++) {
    ^
    VITIS_LOOP_137_1: 
/home/serg/Documents/Xilinx/z700_hdmi/HDMI_VMIX/hdmi_vmix.runs/top_design_v_mix_0_0_synth_1/prj/sol/.autopilot/db/v_dma.pp.0.cpp:71379:5: note: FIX-IT applied suggested code changes
/home/serg/Documents/Xilinx/z700_hdmi/HDMI_VMIX/hdmi_vmix.runs/top_design_v_mix_0_0_synth_1/prj/sol/.autopilot/db/v_dma.pp.0.cpp:71381:9: remark: Added loop label VITIS_LOOP_139_2:   [xilinx-label-all-loops]
        for(j = 0; j < COLS-1; j++) {
        ^
        VITIS_LOOP_139_2: 
/home/serg/Documents/Xilinx/z700_hdmi/HDMI_VMIX/hdmi_vmix.runs/top_design_v_mix_0_0_synth_1/prj/sol/.autopilot/db/v_dma.pp.0.cpp:71381:9: note: FIX-IT applied suggested code changes
/home/serg/Documents/Xilinx/z700_hdmi/HDMI_VMIX/hdmi_vmix.runs/top_design_v_mix_0_0_synth_1/prj/sol/.autopilot/db/v_dma.pp.0.cpp:71403:5: remark: Added loop label VITIS_LOOP_175_1:   [xilinx-label-all-loops]
    for(i = 0; i < ROWS; i++) {
    ^
    VITIS_LOOP_175_1: 
/home/serg/Documents/Xilinx/z700_hdmi/HDMI_VMIX/hdmi_vmix.runs/top_design_v_mix_0_0_synth_1/prj/sol/.autopilot/db/v_dma.pp.0.cpp:71403:5: note: FIX-IT applied suggested code changes
/home/serg/Documents/Xilinx/z700_hdmi/HDMI_VMIX/hdmi_vmix.runs/top_design_v_mix_0_0_synth_1/prj/sol/.autopilot/db/v_dma.pp.0.cpp:71405:9: remark: Added loop label VITIS_LOOP_177_2:   [xilinx-label-all-loops]
        for(j = COLS-1; j > 0; j--) {
        ^
        VITIS_LOOP_177_2: 
/home/serg/Documents/Xilinx/z700_hdmi/HDMI_VMIX/hdmi_vmix.runs/top_design_v_mix_0_0_synth_1/prj/sol/.autopilot/db/v_dma.pp.0.cpp:71405:9: note: FIX-IT applied suggested code changes
/home/serg/Documents/Xilinx/z700_hdmi/HDMI_VMIX/hdmi_vmix.runs/top_design_v_mix_0_0_synth_1/prj/sol/.autopilot/db/v_dma.pp.0.cpp:71427:5: remark: Added loop label VITIS_LOOP_213_1:   [xilinx-label-all-loops]
    for(i = 0; i < ROWS-1; i++) {
    ^
    VITIS_LOOP_213_1: 
/home/serg/Documents/Xilinx/z700_hdmi/HDMI_VMIX/hdmi_vmix.runs/top_design_v_mix_0_0_synth_1/prj/sol/.autopilot/db/v_dma.pp.0.cpp:71427:5: note: FIX-IT applied suggested code changes
/home/serg/Documents/Xilinx/z700_hdmi/HDMI_VMIX/hdmi_vmix.runs/top_design_v_mix_0_0_synth_1/prj/sol/.autopilot/db/v_dma.pp.0.cpp:71429:9: remark: Added loop label VITIS_LOOP_215_2:   [xilinx-label-all-loops]
        for(j = 0; j < COLS; j++) {
        ^
        VITIS_LOOP_215_2: 
/home/serg/Documents/Xilinx/z700_hdmi/HDMI_VMIX/hdmi_vmix.runs/top_design_v_mix_0_0_synth_1/prj/sol/.autopilot/db/v_dma.pp.0.cpp:71429:9: note: FIX-IT applied suggested code changes
/home/serg/Documents/Xilinx/z700_hdmi/HDMI_VMIX/hdmi_vmix.runs/top_design_v_mix_0_0_synth_1/prj/sol/.autopilot/db/v_dma.pp.0.cpp:71451:5: remark: Added loop label VITIS_LOOP_251_1:   [xilinx-label-all-loops]
    for(i = ROWS-1; i > 0; i--) {
    ^
    VITIS_LOOP_251_1: 
/home/serg/Documents/Xilinx/z700_hdmi/HDMI_VMIX/hdmi_vmix.runs/top_design_v_mix_0_0_synth_1/prj/sol/.autopilot/db/v_dma.pp.0.cpp:71451:5: note: FIX-IT applied suggested code changes
/home/serg/Documents/Xilinx/z700_hdmi/HDMI_VMIX/hdmi_vmix.runs/top_design_v_mix_0_0_synth_1/prj/sol/.autopilot/db/v_dma.pp.0.cpp:71453:9: remark: Added loop label VITIS_LOOP_253_2:   [xilinx-label-all-loops]
        for(j = 0; j < COLS; j++) {
        ^
        VITIS_LOOP_253_2: 
/home/serg/Documents/Xilinx/z700_hdmi/HDMI_VMIX/hdmi_vmix.runs/top_design_v_mix_0_0_synth_1/prj/sol/.autopilot/db/v_dma.pp.0.cpp:71453:9: note: FIX-IT applied suggested code changes
/home/serg/Documents/Xilinx/z700_hdmi/HDMI_VMIX/hdmi_vmix.runs/top_design_v_mix_0_0_synth_1/prj/sol/.autopilot/db/v_dma.pp.0.cpp:71491:5: remark: Added loop label VITIS_LOOP_320_1:   [xilinx-label-all-loops]
    for(j = 0; j < COLS; j++) {
    ^
    VITIS_LOOP_320_1: 
/home/serg/Documents/Xilinx/z700_hdmi/HDMI_VMIX/hdmi_vmix.runs/top_design_v_mix_0_0_synth_1/prj/sol/.autopilot/db/v_dma.pp.0.cpp:71491:5: note: FIX-IT applied suggested code changes
/home/serg/Documents/Xilinx/z700_hdmi/HDMI_VMIX/hdmi_vmix.runs/top_design_v_mix_0_0_synth_1/prj/sol/.autopilot/db/v_dma.pp.0.cpp:71543:5: remark: Added loop label VITIS_LOOP_417_1:   [xilinx-label-all-loops]
    for(i = 0; i < ROWS; i++) {
    ^
    VITIS_LOOP_417_1: 
/home/serg/Documents/Xilinx/z700_hdmi/HDMI_VMIX/hdmi_vmix.runs/top_design_v_mix_0_0_synth_1/prj/sol/.autopilot/db/v_dma.pp.0.cpp:71543:5: note: FIX-IT applied suggested code changes
/home/serg/Documents/Xilinx/z700_hdmi/HDMI_VMIX/hdmi_vmix.runs/top_design_v_mix_0_0_synth_1/prj/sol/.autopilot/db/v_dma.pp.0.cpp:71733:5: remark: Added loop label VITIS_LOOP_702_1:   [xilinx-label-all-loops]
    for(i = ROWS-1; i > 0; i--) {
    ^
    VITIS_LOOP_702_1: 
/home/serg/Documents/Xilinx/z700_hdmi/HDMI_VMIX/hdmi_vmix.runs/top_design_v_mix_0_0_synth_1/prj/sol/.autopilot/db/v_dma.pp.0.cpp:71733:5: note: FIX-IT applied suggested code changes
/home/serg/Documents/Xilinx/z700_hdmi/HDMI_VMIX/hdmi_vmix.runs/top_design_v_mix_0_0_synth_1/prj/sol/.autopilot/db/v_dma.pp.0.cpp:71755:5: remark: Added loop label VITIS_LOOP_742_1:   [xilinx-label-all-loops]
    for(i = 0; i < ROWS-1; i++) {
    ^
    VITIS_LOOP_742_1: 
/home/serg/Documents/Xilinx/z700_hdmi/HDMI_VMIX/hdmi_vmix.runs/top_design_v_mix_0_0_synth_1/prj/sol/.autopilot/db/v_dma.pp.0.cpp:71755:5: note: FIX-IT applied suggested code changes
/home/serg/Documents/Xilinx/z700_hdmi/HDMI_VMIX/hdmi_vmix.runs/top_design_v_mix_0_0_synth_1/prj/sol/.autopilot/db/v_dma.pp.0.cpp:71803:5: remark: Added loop label VITIS_LOOP_838_1:   [xilinx-label-all-loops]
    for(i = 0; i < ROWS; i++) {
    ^
    VITIS_LOOP_838_1: 
/home/serg/Documents/Xilinx/z700_hdmi/HDMI_VMIX/hdmi_vmix.runs/top_design_v_mix_0_0_synth_1/prj/sol/.autopilot/db/v_dma.pp.0.cpp:71803:5: note: FIX-IT applied suggested code changes
/home/serg/Documents/Xilinx/z700_hdmi/HDMI_VMIX/hdmi_vmix.runs/top_design_v_mix_0_0_synth_1/prj/sol/.autopilot/db/v_dma.pp.0.cpp:71910:5: remark: Added loop label VITIS_LOOP_990_1:   [xilinx-label-all-loops]
    for(i = ROWS-1; i > 0; i--) {
    ^
    VITIS_LOOP_990_1: 
/home/serg/Documents/Xilinx/z700_hdmi/HDMI_VMIX/hdmi_vmix.runs/top_design_v_mix_0_0_synth_1/prj/sol/.autopilot/db/v_dma.pp.0.cpp:71910:5: note: FIX-IT applied suggested code changes
/home/serg/Documents/Xilinx/z700_hdmi/HDMI_VMIX/hdmi_vmix.runs/top_design_v_mix_0_0_synth_1/prj/sol/.autopilot/db/v_dma.pp.0.cpp:71932:5: remark: Added loop label VITIS_LOOP_1030_1:   [xilinx-label-all-loops]
    for(i = 0; i < ROWS-1; i++) {
    ^
    VITIS_LOOP_1030_1: 
/home/serg/Documents/Xilinx/z700_hdmi/HDMI_VMIX/hdmi_vmix.runs/top_design_v_mix_0_0_synth_1/prj/sol/.autopilot/db/v_dma.pp.0.cpp:71932:5: note: FIX-IT applied suggested code changes
/home/serg/Documents/Xilinx/z700_hdmi/HDMI_VMIX/hdmi_vmix.runs/top_design_v_mix_0_0_synth_1/prj/sol/.autopilot/db/v_dma.pp.0.cpp:71980:5: remark: Added loop label VITIS_LOOP_1126_1:   [xilinx-label-all-loops]
    for(i = 0; i < ROWS; i++) {
    ^
    VITIS_LOOP_1126_1: 
/home/serg/Documents/Xilinx/z700_hdmi/HDMI_VMIX/hdmi_vmix.runs/top_design_v_mix_0_0_synth_1/prj/sol/.autopilot/db/v_dma.pp.0.cpp:71980:5: note: FIX-IT applied suggested code changes
/home/serg/Documents/Xilinx/z700_hdmi/HDMI_VMIX/hdmi_vmix.runs/top_design_v_mix_0_0_synth_1/prj/sol/.autopilot/db/v_dma.pp.0.cpp:72181:9: remark: Added loop label VITIS_LOOP_232_1:   [xilinx-label-all-loops]
        for (int k = 0; k < N; k++) {
        ^
        VITIS_LOOP_232_1: 
/home/serg/Documents/Xilinx/z700_hdmi/HDMI_VMIX/hdmi_vmix.runs/top_design_v_mix_0_0_synth_1/prj/sol/.autopilot/db/v_dma.pp.0.cpp:72181:9: note: FIX-IT applied suggested code changes
/home/serg/Documents/Xilinx/z700_hdmi/HDMI_VMIX/hdmi_vmix.runs/top_design_v_mix_0_0_synth_1/prj/sol/.autopilot/db/v_dma.pp.0.cpp:72202:5: remark: Added loop label VITIS_LOOP_253_1:   [xilinx-label-all-loops]
    for (int k = 0; k < N; k++) {
    ^
    VITIS_LOOP_253_1: 
/home/serg/Documents/Xilinx/z700_hdmi/HDMI_VMIX/hdmi_vmix.runs/top_design_v_mix_0_0_synth_1/prj/sol/.autopilot/db/v_dma.pp.0.cpp:72202:5: note: FIX-IT applied suggested code changes
/home/serg/Documents/Xilinx/z700_hdmi/HDMI_VMIX/hdmi_vmix.runs/top_design_v_mix_0_0_synth_1/prj/sol/.autopilot/db/v_dma.pp.0.cpp:72212:5: remark: Added loop label VITIS_LOOP_263_1:   [xilinx-label-all-loops]
    for (int k = 0; k < N; k++) {
    ^
    VITIS_LOOP_263_1: 
/home/serg/Documents/Xilinx/z700_hdmi/HDMI_VMIX/hdmi_vmix.runs/top_design_v_mix_0_0_synth_1/prj/sol/.autopilot/db/v_dma.pp.0.cpp:72212:5: note: FIX-IT applied suggested code changes
/home/serg/Documents/Xilinx/z700_hdmi/HDMI_VMIX/hdmi_vmix.runs/top_design_v_mix_0_0_synth_1/prj/sol/.autopilot/db/v_dma.pp.0.cpp:72223:5: remark: Added loop label VITIS_LOOP_274_1:   [xilinx-label-all-loops]
    for (int k = 0; k < N; k++) {
    ^
    VITIS_LOOP_274_1: 
/home/serg/Documents/Xilinx/z700_hdmi/HDMI_VMIX/hdmi_vmix.runs/top_design_v_mix_0_0_synth_1/prj/sol/.autopilot/db/v_dma.pp.0.cpp:72223:5: note: FIX-IT applied suggested code changes
/home/serg/Documents/Xilinx/z700_hdmi/HDMI_VMIX/hdmi_vmix.runs/top_design_v_mix_0_0_synth_1/prj/sol/.autopilot/db/v_dma.pp.0.cpp:72234:5: remark: Added loop label VITIS_LOOP_285_1:   [xilinx-label-all-loops]
    for (int k = 0; k < N; k++) {
    ^
    VITIS_LOOP_285_1: 
/home/serg/Documents/Xilinx/z700_hdmi/HDMI_VMIX/hdmi_vmix.runs/top_design_v_mix_0_0_synth_1/prj/sol/.autopilot/db/v_dma.pp.0.cpp:72234:5: note: FIX-IT applied suggested code changes
/home/serg/Documents/Xilinx/z700_hdmi/HDMI_VMIX/hdmi_vmix.runs/top_design_v_mix_0_0_synth_1/prj/sol/.autopilot/db/v_dma.pp.0.cpp:72245:5: remark: Added loop label VITIS_LOOP_296_1:   [xilinx-label-all-loops]
    for (int k = 0; k < N; k++) {
    ^
    VITIS_LOOP_296_1: 
/home/serg/Documents/Xilinx/z700_hdmi/HDMI_VMIX/hdmi_vmix.runs/top_design_v_mix_0_0_synth_1/prj/sol/.autopilot/db/v_dma.pp.0.cpp:72245:5: note: FIX-IT applied suggested code changes
/home/serg/Documents/Xilinx/z700_hdmi/HDMI_VMIX/hdmi_vmix.runs/top_design_v_mix_0_0_synth_1/prj/sol/.autopilot/db/v_dma.pp.0.cpp:72257:5: remark: Added loop label VITIS_LOOP_308_1:   [xilinx-label-all-loops]
    for (int k = 0; k < N; k++) {
    ^
    VITIS_LOOP_308_1: 
/home/serg/Documents/Xilinx/z700_hdmi/HDMI_VMIX/hdmi_vmix.runs/top_design_v_mix_0_0_synth_1/prj/sol/.autopilot/db/v_dma.pp.0.cpp:72257:5: note: FIX-IT applied suggested code changes
/home/serg/Documents/Xilinx/z700_hdmi/HDMI_VMIX/hdmi_vmix.runs/top_design_v_mix_0_0_synth_1/prj/sol/.autopilot/db/v_dma.pp.0.cpp:72268:5: remark: Added loop label VITIS_LOOP_319_1:   [xilinx-label-all-loops]
    for (int k = 0; k < N; k++) {
    ^
    VITIS_LOOP_319_1: 
/home/serg/Documents/Xilinx/z700_hdmi/HDMI_VMIX/hdmi_vmix.runs/top_design_v_mix_0_0_synth_1/prj/sol/.autopilot/db/v_dma.pp.0.cpp:72268:5: note: FIX-IT applied suggested code changes
/home/serg/Documents/Xilinx/z700_hdmi/HDMI_VMIX/hdmi_vmix.runs/top_design_v_mix_0_0_synth_1/prj/sol/.autopilot/db/v_dma.pp.0.cpp:72280:5: remark: Added loop label VITIS_LOOP_331_1:   [xilinx-label-all-loops]
    for (int k = 0; k < N; k++) {
    ^
    VITIS_LOOP_331_1: 
/home/serg/Documents/Xilinx/z700_hdmi/HDMI_VMIX/hdmi_vmix.runs/top_design_v_mix_0_0_synth_1/prj/sol/.autopilot/db/v_dma.pp.0.cpp:72280:5: note: FIX-IT applied suggested code changes
/home/serg/Documents/Xilinx/z700_hdmi/HDMI_VMIX/hdmi_vmix.runs/top_design_v_mix_0_0_synth_1/prj/sol/.autopilot/db/v_dma.pp.0.cpp:72291:5: remark: Added loop label VITIS_LOOP_342_1:   [xilinx-label-all-loops]
    for (int k = 0; k < N; k++) {
    ^
    VITIS_LOOP_342_1: 
/home/serg/Documents/Xilinx/z700_hdmi/HDMI_VMIX/hdmi_vmix.runs/top_design_v_mix_0_0_synth_1/prj/sol/.autopilot/db/v_dma.pp.0.cpp:72291:5: note: FIX-IT applied suggested code changes
/home/serg/Documents/Xilinx/z700_hdmi/HDMI_VMIX/hdmi_vmix.runs/top_design_v_mix_0_0_synth_1/prj/sol/.autopilot/db/v_dma.pp.0.cpp:72568:13: remark: Added loop label VITIS_LOOP_619_1:   [xilinx-label-all-loops]
            for (i = 0; i < ((((T) & ((512 - 1) << 11)) >> 11) + 1); i++) {
            ^
            VITIS_LOOP_619_1: 
/home/serg/Documents/Xilinx/z700_hdmi/HDMI_VMIX/hdmi_vmix.runs/top_design_v_mix_0_0_synth_1/prj/sol/.autopilot/db/v_dma.pp.0.cpp:72568:13: note: FIX-IT applied suggested code changes
/home/serg/Documents/Xilinx/z700_hdmi/HDMI_VMIX/hdmi_vmix.runs/top_design_v_mix_0_0_synth_1/prj/sol/.autopilot/db/v_dma.pp.0.cpp:72645:9: remark: Added loop label VITIS_LOOP_696_1:   [xilinx-label-all-loops]
        for (i = 0; i < ((((T) & ((512 - 1) << 11)) >> 11) + 1); i++) {
        ^
        VITIS_LOOP_696_1: 
/home/serg/Documents/Xilinx/z700_hdmi/HDMI_VMIX/hdmi_vmix.runs/top_design_v_mix_0_0_synth_1/prj/sol/.autopilot/db/v_dma.pp.0.cpp:72645:9: note: FIX-IT applied suggested code changes
/home/serg/Documents/Xilinx/z700_hdmi/HDMI_VMIX/hdmi_vmix.runs/top_design_v_mix_0_0_synth_1/prj/sol/.autopilot/db/v_dma.pp.0.cpp:72669:9: remark: Added loop label VITIS_LOOP_720_1:   [xilinx-label-all-loops]
        for (i = 0; i < ((((T) & ((512 - 1) << 11)) >> 11) + 1); i++) {
        ^
        VITIS_LOOP_720_1: 
/home/serg/Documents/Xilinx/z700_hdmi/HDMI_VMIX/hdmi_vmix.runs/top_design_v_mix_0_0_synth_1/prj/sol/.autopilot/db/v_dma.pp.0.cpp:72669:9: note: FIX-IT applied suggested code changes
/home/serg/Documents/Xilinx/z700_hdmi/HDMI_VMIX/hdmi_vmix.runs/top_design_v_mix_0_0_synth_1/prj/sol/.autopilot/db/v_dma.pp.0.cpp:72692:5: remark: Added loop label VITIS_LOOP_743_1:   [xilinx-label-all-loops]
    for (HLS_CHANNEL_T i = 0; i < ((((T) & ((512 - 1) << 11)) >> 11) + 1); i++) {
    ^
    VITIS_LOOP_743_1: 
/home/serg/Documents/Xilinx/z700_hdmi/HDMI_VMIX/hdmi_vmix.runs/top_design_v_mix_0_0_synth_1/prj/sol/.autopilot/db/v_dma.pp.0.cpp:72692:5: note: FIX-IT applied suggested code changes
/home/serg/Documents/Xilinx/z700_hdmi/HDMI_VMIX/hdmi_vmix.runs/top_design_v_mix_0_0_synth_1/prj/sol/.autopilot/db/v_dma.pp.0.cpp:72822:25: remark: Added loop label VITIS_LOOP_210_1:   [xilinx-label-all-loops]
                        for(int k=0;k<num;k++)
                        ^
                        VITIS_LOOP_210_1: 
/home/serg/Documents/Xilinx/z700_hdmi/HDMI_VMIX/hdmi_vmix.runs/top_design_v_mix_0_0_synth_1/prj/sol/.autopilot/db/v_dma.pp.0.cpp:72822:25: note: FIX-IT applied suggested code changes
/home/serg/Documents/Xilinx/z700_hdmi/HDMI_VMIX/hdmi_vmix.runs/top_design_v_mix_0_0_synth_1/prj/sol/.autopilot/db/v_dma.pp.0.cpp:72958:9: remark: Added loop label VITIS_LOOP_189_1:   [xilinx-label-all-loops]
        for (HLS_SIZE_T col = 0; col < cols; col++) {
        ^
        VITIS_LOOP_189_1: 
/home/serg/Documents/Xilinx/z700_hdmi/HDMI_VMIX/hdmi_vmix.runs/top_design_v_mix_0_0_synth_1/prj/sol/.autopilot/db/v_dma.pp.0.cpp:72958:9: note: FIX-IT applied suggested code changes
/home/serg/Documents/Xilinx/z700_hdmi/HDMI_VMIX/hdmi_vmix.runs/top_design_v_mix_0_0_synth_1/prj/sol/.autopilot/db/v_dma.pp.0.cpp:73024:9: remark: Added loop label VITIS_LOOP_255_1:   [xilinx-label-all-loops]
        for (HLS_SIZE_T col = 0; col < cols; col++) {
        ^
        VITIS_LOOP_255_1: 
/home/serg/Documents/Xilinx/z700_hdmi/HDMI_VMIX/hdmi_vmix.runs/top_design_v_mix_0_0_synth_1/prj/sol/.autopilot/db/v_dma.pp.0.cpp:73024:9: note: FIX-IT applied suggested code changes
/home/serg/Documents/Xilinx/z700_hdmi/HDMI_VMIX/hdmi_vmix.runs/top_design_v_mix_0_0_synth_1/prj/sol/.autopilot/db/v_dma.pp.0.cpp:73928:5: remark: Added loop label VITIS_LOOP_1027_1:   [xilinx-label-all-loops]
    for (HLS_CHANNEL_T k = 0; k < ((((SRC_T) & ((512 - 1) << 11)) >> 11) + 1); k++) {
    ^
    VITIS_LOOP_1027_1: 
/home/serg/Documents/Xilinx/z700_hdmi/HDMI_VMIX/hdmi_vmix.runs/top_design_v_mix_0_0_synth_1/prj/sol/.autopilot/db/v_dma.pp.0.cpp:73928:5: note: FIX-IT applied suggested code changes
/home/serg/Documents/Xilinx/z700_hdmi/HDMI_VMIX/hdmi_vmix.runs/top_design_v_mix_0_0_synth_1/prj/sol/.autopilot/db/v_dma.pp.0.cpp:73987:13: remark: Added loop label VITIS_LOOP_1107_1:   [xilinx-label-all-loops]
            for (HLS_CHANNEL_T k = 0; k < ((((DST_T) & ((512 - 1) << 11)) >> 11) + 1); k++) {
            ^
            VITIS_LOOP_1107_1: 
/home/serg/Documents/Xilinx/z700_hdmi/HDMI_VMIX/hdmi_vmix.runs/top_design_v_mix_0_0_synth_1/prj/sol/.autopilot/db/v_dma.pp.0.cpp:73987:13: note: FIX-IT applied suggested code changes
/home/serg/Documents/Xilinx/z700_hdmi/HDMI_VMIX/hdmi_vmix.runs/top_design_v_mix_0_0_synth_1/prj/sol/.autopilot/db/v_dma.pp.0.cpp:74003:5: remark: Added loop label VITIS_LOOP_1123_1:   [xilinx-label-all-loops]
    for (HLS_CHANNEL_T k = 0; k < ((((SRC_T) & ((512 - 1) << 11)) >> 11) + 1); k++) {
    ^
    VITIS_LOOP_1123_1: 
/home/serg/Documents/Xilinx/z700_hdmi/HDMI_VMIX/hdmi_vmix.runs/top_design_v_mix_0_0_synth_1/prj/sol/.autopilot/db/v_dma.pp.0.cpp:74003:5: note: FIX-IT applied suggested code changes
/home/serg/Documents/Xilinx/z700_hdmi/HDMI_VMIX/hdmi_vmix.runs/top_design_v_mix_0_0_synth_1/prj/sol/.autopilot/db/v_dma.pp.0.cpp:74019:5: remark: Added loop label VITIS_LOOP_1139_1:   [xilinx-label-all-loops]
    for (HLS_CHANNEL_T k = 0; k < ((((SRC_T) & ((512 - 1) << 11)) >> 11) + 1); k++) {
    ^
    VITIS_LOOP_1139_1: 
/home/serg/Documents/Xilinx/z700_hdmi/HDMI_VMIX/hdmi_vmix.runs/top_design_v_mix_0_0_synth_1/prj/sol/.autopilot/db/v_dma.pp.0.cpp:74019:5: note: FIX-IT applied suggested code changes
/home/serg/Documents/Xilinx/z700_hdmi/HDMI_VMIX/hdmi_vmix.runs/top_design_v_mix_0_0_synth_1/prj/sol/.autopilot/db/v_dma.pp.0.cpp:74037:5: remark: Added loop label VITIS_LOOP_1157_1:   [xilinx-label-all-loops]
    for (HLS_CHANNEL_T k = 0; k < ((((SRC_T) & ((512 - 1) << 11)) >> 11) + 1); k++) {
    ^
    VITIS_LOOP_1157_1: 
/home/serg/Documents/Xilinx/z700_hdmi/HDMI_VMIX/hdmi_vmix.runs/top_design_v_mix_0_0_synth_1/prj/sol/.autopilot/db/v_dma.pp.0.cpp:74037:5: note: FIX-IT applied suggested code changes
/home/serg/Documents/Xilinx/z700_hdmi/HDMI_VMIX/hdmi_vmix.runs/top_design_v_mix_0_0_synth_1/prj/sol/.autopilot/db/v_dma.pp.0.cpp:74075:5: remark: Added loop label VITIS_LOOP_1195_1:   [xilinx-label-all-loops]
    for (HLS_CHANNEL_T k = 0; k < ((((SRC_T) & ((512 - 1) << 11)) >> 11) + 1); k++) {
    ^
    VITIS_LOOP_1195_1: 
/home/serg/Documents/Xilinx/z700_hdmi/HDMI_VMIX/hdmi_vmix.runs/top_design_v_mix_0_0_synth_1/prj/sol/.autopilot/db/v_dma.pp.0.cpp:74075:5: note: FIX-IT applied suggested code changes
/home/serg/Documents/Xilinx/z700_hdmi/HDMI_VMIX/hdmi_vmix.runs/top_design_v_mix_0_0_synth_1/prj/sol/.autopilot/db/v_dma.pp.0.cpp:74095:5: remark: Added loop label VITIS_LOOP_1215_1:   [xilinx-label-all-loops]
    for (HLS_CHANNEL_T k = 0; k < ((((SRC_T) & ((512 - 1) << 11)) >> 11) + 1); k++) {
    ^
    VITIS_LOOP_1215_1: 
/home/serg/Documents/Xilinx/z700_hdmi/HDMI_VMIX/hdmi_vmix.runs/top_design_v_mix_0_0_synth_1/prj/sol/.autopilot/db/v_dma.pp.0.cpp:74095:5: note: FIX-IT applied suggested code changes
/home/serg/Documents/Xilinx/z700_hdmi/HDMI_VMIX/hdmi_vmix.runs/top_design_v_mix_0_0_synth_1/prj/sol/.autopilot/db/v_dma.pp.0.cpp:74383:13: remark: Added loop label VITIS_LOOP_1510_1:   [xilinx-label-all-loops]
            for (HLS_CHANNEL_T k = 0; k < ((((SRC_T) & ((512 - 1) << 11)) >> 11) + 1); k++) {
            ^
            VITIS_LOOP_1510_1: 
/home/serg/Documents/Xilinx/z700_hdmi/HDMI_VMIX/hdmi_vmix.runs/top_design_v_mix_0_0_synth_1/prj/sol/.autopilot/db/v_dma.pp.0.cpp:74383:13: note: FIX-IT applied suggested code changes
/home/serg/Documents/Xilinx/z700_hdmi/HDMI_VMIX/hdmi_vmix.runs/top_design_v_mix_0_0_synth_1/prj/sol/.autopilot/db/v_dma.pp.0.cpp:74932:21: remark: Added loop label VITIS_LOOP_471_1:   [xilinx-label-all-loops]
                    for(int buf_row=0; buf_row<K_HEIGHT; buf_row++) {
                    ^
                    VITIS_LOOP_471_1: 
/home/serg/Documents/Xilinx/z700_hdmi/HDMI_VMIX/hdmi_vmix.runs/top_design_v_mix_0_0_synth_1/prj/sol/.autopilot/db/v_dma.pp.0.cpp:74932:21: note: FIX-IT applied suggested code changes
/home/serg/Documents/Xilinx/z700_hdmi/HDMI_VMIX/hdmi_vmix.runs/top_design_v_mix_0_0_synth_1/prj/sol/.autopilot/db/v_dma.pp.0.cpp:74945:29: remark: Added loop label VITIS_LOOP_484_2:   [xilinx-label-all-loops]
                            for(int buf_row=2*K_HEIGHT-1; buf_row>=0; buf_row--) {
                            ^
                            VITIS_LOOP_484_2: 
/home/serg/Documents/Xilinx/z700_hdmi/HDMI_VMIX/hdmi_vmix.runs/top_design_v_mix_0_0_synth_1/prj/sol/.autopilot/db/v_dma.pp.0.cpp:74945:29: note: FIX-IT applied suggested code changes
/home/serg/Documents/Xilinx/z700_hdmi/HDMI_VMIX/hdmi_vmix.runs/top_design_v_mix_0_0_synth_1/prj/sol/.autopilot/db/v_dma.pp.0.cpp:74954:29: remark: Added loop label VITIS_LOOP_493_3:   [xilinx-label-all-loops]
                            for(int buf_row=0; buf_row<K_HEIGHT; buf_row++) {
                            ^
                            VITIS_LOOP_493_3: 
/home/serg/Documents/Xilinx/z700_hdmi/HDMI_VMIX/hdmi_vmix.runs/top_design_v_mix_0_0_synth_1/prj/sol/.autopilot/db/v_dma.pp.0.cpp:74954:29: note: FIX-IT applied suggested code changes
/home/serg/Documents/Xilinx/z700_hdmi/HDMI_VMIX/hdmi_vmix.runs/top_design_v_mix_0_0_synth_1/prj/sol/.autopilot/db/v_dma.pp.0.cpp:74955:33: remark: Added loop label VITIS_LOOP_494_4:   [xilinx-label-all-loops]
                                for(int buf_col=K_WIDTH-1; buf_col>0; buf_col--) {
                                ^
                                VITIS_LOOP_494_4: 
/home/serg/Documents/Xilinx/z700_hdmi/HDMI_VMIX/hdmi_vmix.runs/top_design_v_mix_0_0_synth_1/prj/sol/.autopilot/db/v_dma.pp.0.cpp:74955:33: note: FIX-IT applied suggested code changes
/home/serg/Documents/Xilinx/z700_hdmi/HDMI_VMIX/hdmi_vmix.runs/top_design_v_mix_0_0_synth_1/prj/sol/.autopilot/db/v_dma.pp.0.cpp:74963:29: remark: Added loop label VITIS_LOOP_502_5:   [xilinx-label-all-loops]
                            for(int buf_row=2*K_HEIGHT-1; buf_row>0; buf_row--) {
                            ^
                            VITIS_LOOP_502_5: 
/home/serg/Documents/Xilinx/z700_hdmi/HDMI_VMIX/hdmi_vmix.runs/top_design_v_mix_0_0_synth_1/prj/sol/.autopilot/db/v_dma.pp.0.cpp:74963:29: note: FIX-IT applied suggested code changes
/home/serg/Documents/Xilinx/z700_hdmi/HDMI_VMIX/hdmi_vmix.runs/top_design_v_mix_0_0_synth_1/prj/sol/.autopilot/db/v_dma.pp.0.cpp:74977:21: remark: Added loop label VITIS_LOOP_516_6:   [xilinx-label-all-loops]
                    for(int buf_row=0; buf_row<K_HEIGHT; buf_row++){
                    ^
                    VITIS_LOOP_516_6: 
/home/serg/Documents/Xilinx/z700_hdmi/HDMI_VMIX/hdmi_vmix.runs/top_design_v_mix_0_0_synth_1/prj/sol/.autopilot/db/v_dma.pp.0.cpp:74977:21: note: FIX-IT applied suggested code changes
/home/serg/Documents/Xilinx/z700_hdmi/HDMI_VMIX/hdmi_vmix.runs/top_design_v_mix_0_0_synth_1/prj/sol/.autopilot/db/v_dma.pp.0.cpp:75113:25: remark: Added loop label VITIS_LOOP_652_1:   [xilinx-label-all-loops]
                        for(int buf_row=K_HEIGHT-1; buf_row>0; buf_row--) {
                        ^
                        VITIS_LOOP_652_1: 
/home/serg/Documents/Xilinx/z700_hdmi/HDMI_VMIX/hdmi_vmix.runs/top_design_v_mix_0_0_synth_1/prj/sol/.autopilot/db/v_dma.pp.0.cpp:75113:25: note: FIX-IT applied suggested code changes
/home/serg/Documents/Xilinx/z700_hdmi/HDMI_VMIX/hdmi_vmix.runs/top_design_v_mix_0_0_synth_1/prj/sol/.autopilot/db/v_dma.pp.0.cpp:75117:25: remark: Added loop label VITIS_LOOP_656_2:   [xilinx-label-all-loops]
                        for(int buf_row=K_HEIGHT-1; buf_row>=0; buf_row--) {
                        ^
                        VITIS_LOOP_656_2: 
/home/serg/Documents/Xilinx/z700_hdmi/HDMI_VMIX/hdmi_vmix.runs/top_design_v_mix_0_0_synth_1/prj/sol/.autopilot/db/v_dma.pp.0.cpp:75117:25: note: FIX-IT applied suggested code changes
/home/serg/Documents/Xilinx/z700_hdmi/HDMI_VMIX/hdmi_vmix.runs/top_design_v_mix_0_0_synth_1/prj/sol/.autopilot/db/v_dma.pp.0.cpp:75124:29: remark: Added loop label VITIS_LOOP_663_3:   [xilinx-label-all-loops]
                            for(int buf_row=K_HEIGHT-1; buf_row>0; buf_row--) {
                            ^
                            VITIS_LOOP_663_3: 
/home/serg/Documents/Xilinx/z700_hdmi/HDMI_VMIX/hdmi_vmix.runs/top_design_v_mix_0_0_synth_1/prj/sol/.autopilot/db/v_dma.pp.0.cpp:75124:29: note: FIX-IT applied suggested code changes
/home/serg/Documents/Xilinx/z700_hdmi/HDMI_VMIX/hdmi_vmix.runs/top_design_v_mix_0_0_synth_1/prj/sol/.autopilot/db/v_dma.pp.0.cpp:75141:25: remark: Added loop label VITIS_LOOP_680_4:   [xilinx-label-all-loops]
                        for(int buf_row=K_HEIGHT-1; buf_row>=0; buf_row--) {
                        ^
                        VITIS_LOOP_680_4: 
/home/serg/Documents/Xilinx/z700_hdmi/HDMI_VMIX/hdmi_vmix.runs/top_design_v_mix_0_0_synth_1/prj/sol/.autopilot/db/v_dma.pp.0.cpp:75141:25: note: FIX-IT applied suggested code changes
/home/serg/Documents/Xilinx/z700_hdmi/HDMI_VMIX/hdmi_vmix.runs/top_design_v_mix_0_0_synth_1/prj/sol/.autopilot/db/v_dma.pp.0.cpp:75142:29: remark: Added loop label VITIS_LOOP_681_5:   [xilinx-label-all-loops]
                            for(int buf_col=K_WIDTH-1; buf_col>0; buf_col--) {
                            ^
                            VITIS_LOOP_681_5: 
/home/serg/Documents/Xilinx/z700_hdmi/HDMI_VMIX/hdmi_vmix.runs/top_design_v_mix_0_0_synth_1/prj/sol/.autopilot/db/v_dma.pp.0.cpp:75142:29: note: FIX-IT applied suggested code changes
/home/serg/Documents/Xilinx/z700_hdmi/HDMI_VMIX/hdmi_vmix.runs/top_design_v_mix_0_0_synth_1/prj/sol/.autopilot/db/v_dma.pp.0.cpp:75244:17: remark: Added loop label VITIS_LOOP_783_1:   [xilinx-label-all-loops]
                for(int buf_row=0; buf_row<K_HEIGHT; buf_row++) {
                ^
                VITIS_LOOP_783_1: 
/home/serg/Documents/Xilinx/z700_hdmi/HDMI_VMIX/hdmi_vmix.runs/top_design_v_mix_0_0_synth_1/prj/sol/.autopilot/db/v_dma.pp.0.cpp:75244:17: note: FIX-IT applied suggested code changes
/home/serg/Documents/Xilinx/z700_hdmi/HDMI_VMIX/hdmi_vmix.runs/top_design_v_mix_0_0_synth_1/prj/sol/.autopilot/db/v_dma.pp.0.cpp:75254:21: remark: Added loop label VITIS_LOOP_793_2:   [xilinx-label-all-loops]
                    for(int buf_row=2*K_HEIGHT-1; buf_row>=0; buf_row--) {
                    ^
                    VITIS_LOOP_793_2: 
/home/serg/Documents/Xilinx/z700_hdmi/HDMI_VMIX/hdmi_vmix.runs/top_design_v_mix_0_0_synth_1/prj/sol/.autopilot/db/v_dma.pp.0.cpp:75254:21: note: FIX-IT applied suggested code changes
/home/serg/Documents/Xilinx/z700_hdmi/HDMI_VMIX/hdmi_vmix.runs/top_design_v_mix_0_0_synth_1/prj/sol/.autopilot/db/v_dma.pp.0.cpp:75261:21: remark: Added loop label VITIS_LOOP_800_3:   [xilinx-label-all-loops]
                    for(int buf_row=2*K_HEIGHT-1; buf_row>0; buf_row--) {
                    ^
                    VITIS_LOOP_800_3: 
/home/serg/Documents/Xilinx/z700_hdmi/HDMI_VMIX/hdmi_vmix.runs/top_design_v_mix_0_0_synth_1/prj/sol/.autopilot/db/v_dma.pp.0.cpp:75261:21: note: FIX-IT applied suggested code changes
/home/serg/Documents/Xilinx/z700_hdmi/HDMI_VMIX/hdmi_vmix.runs/top_design_v_mix_0_0_synth_1/prj/sol/.autopilot/db/v_dma.pp.0.cpp:75271:17: remark: Added loop label VITIS_LOOP_810_4:   [xilinx-label-all-loops]
                for(int buf_row=0; buf_row<K_HEIGHT; buf_row++){
                ^
                VITIS_LOOP_810_4: 
/home/serg/Documents/Xilinx/z700_hdmi/HDMI_VMIX/hdmi_vmix.runs/top_design_v_mix_0_0_synth_1/prj/sol/.autopilot/db/v_dma.pp.0.cpp:75271:17: note: FIX-IT applied suggested code changes
/home/serg/Documents/Xilinx/z700_hdmi/HDMI_VMIX/hdmi_vmix.runs/top_design_v_mix_0_0_synth_1/prj/sol/.autopilot/db/v_dma.pp.0.cpp:75397:17: remark: Added loop label VITIS_LOOP_936_1:   [xilinx-label-all-loops]
                for (int buf_col=K_WIDTH-1; buf_col>0; buf_col--) {
                ^
                VITIS_LOOP_936_1: 
/home/serg/Documents/Xilinx/z700_hdmi/HDMI_VMIX/hdmi_vmix.runs/top_design_v_mix_0_0_synth_1/prj/sol/.autopilot/db/v_dma.pp.0.cpp:75397:17: note: FIX-IT applied suggested code changes
/home/serg/Documents/Xilinx/z700_hdmi/HDMI_VMIX/hdmi_vmix.runs/top_design_v_mix_0_0_synth_1/prj/sol/.autopilot/db/v_dma.pp.0.cpp:75419:17: remark: Added loop label VITIS_LOOP_958_2:   [xilinx-label-all-loops]
                for (int buf_col=0; buf_col<2*K_WIDTH; buf_col++) {
                ^
                VITIS_LOOP_958_2: 
/home/serg/Documents/Xilinx/z700_hdmi/HDMI_VMIX/hdmi_vmix.runs/top_design_v_mix_0_0_synth_1/prj/sol/.autopilot/db/v_dma.pp.0.cpp:75419:17: note: FIX-IT applied suggested code changes
/home/serg/Documents/Xilinx/z700_hdmi/HDMI_VMIX/hdmi_vmix.runs/top_design_v_mix_0_0_synth_1/prj/sol/.autopilot/db/v_dma.pp.0.cpp:75425:17: remark: Added loop label VITIS_LOOP_964_3:   [xilinx-label-all-loops]
                for (int buf_col=0; buf_col<K_WIDTH; buf_col++) {
                ^
                VITIS_LOOP_964_3: 
/home/serg/Documents/Xilinx/z700_hdmi/HDMI_VMIX/hdmi_vmix.runs/top_design_v_mix_0_0_synth_1/prj/sol/.autopilot/db/v_dma.pp.0.cpp:75425:17: note: FIX-IT applied suggested code changes
/home/serg/Documents/Xilinx/z700_hdmi/HDMI_VMIX/hdmi_vmix.runs/top_design_v_mix_0_0_synth_1/prj/sol/.autopilot/db/v_dma.pp.0.cpp:75545:17: remark: Added loop label VITIS_LOOP_1084_1:   [xilinx-label-all-loops]
                for(int buf_col=K_WIDTH-1; buf_col>=1; buf_col--) {
                ^
                VITIS_LOOP_1084_1: 
/home/serg/Documents/Xilinx/z700_hdmi/HDMI_VMIX/hdmi_vmix.runs/top_design_v_mix_0_0_synth_1/prj/sol/.autopilot/db/v_dma.pp.0.cpp:75545:17: note: FIX-IT applied suggested code changes
/home/serg/Documents/Xilinx/z700_hdmi/HDMI_VMIX/hdmi_vmix.runs/top_design_v_mix_0_0_synth_1/prj/sol/.autopilot/db/v_dma.pp.0.cpp:75550:21: remark: Added loop label VITIS_LOOP_1089_2:   [xilinx-label-all-loops]
                    for(int buf_row= K_HEIGHT-1;buf_row >= 1;buf_row--) {
                    ^
                    VITIS_LOOP_1089_2: 
/home/serg/Documents/Xilinx/z700_hdmi/HDMI_VMIX/hdmi_vmix.runs/top_design_v_mix_0_0_synth_1/prj/sol/.autopilot/db/v_dma.pp.0.cpp:75550:21: note: FIX-IT applied suggested code changes
/home/serg/Documents/Xilinx/z700_hdmi/HDMI_VMIX/hdmi_vmix.runs/top_design_v_mix_0_0_synth_1/prj/sol/.autopilot/db/v_dma.pp.0.cpp:75578:17: remark: Added loop label VITIS_LOOP_1117_3:   [xilinx-label-all-loops]
                for (int buf_col=0; buf_col<K_WIDTH; buf_col++) {
                ^
                VITIS_LOOP_1117_3: 
/home/serg/Documents/Xilinx/z700_hdmi/HDMI_VMIX/hdmi_vmix.runs/top_design_v_mix_0_0_synth_1/prj/sol/.autopilot/db/v_dma.pp.0.cpp:75578:17: note: FIX-IT applied suggested code changes
/home/serg/Documents/Xilinx/z700_hdmi/HDMI_VMIX/hdmi_vmix.runs/top_design_v_mix_0_0_synth_1/prj/sol/.autopilot/db/v_dma.pp.0.cpp:75986:2: remark: Added loop label VITIS_LOOP_1525_1:   [xilinx-label-all-loops]
 for(int i=0; i<CN1; i++) {
 ^
 VITIS_LOOP_1525_1: 
/home/serg/Documents/Xilinx/z700_hdmi/HDMI_VMIX/hdmi_vmix.runs/top_design_v_mix_0_0_synth_1/prj/sol/.autopilot/db/v_dma.pp.0.cpp:75986:2: note: FIX-IT applied suggested code changes
/home/serg/Documents/Xilinx/z700_hdmi/HDMI_VMIX/hdmi_vmix.runs/top_design_v_mix_0_0_synth_1/prj/sol/.autopilot/db/v_dma.pp.0.cpp:75995:2: remark: Added loop label VITIS_LOOP_1534_1:   [xilinx-label-all-loops]
 for(int i=0; i<CN1; i++) {
 ^
 VITIS_LOOP_1534_1: 
/home/serg/Documents/Xilinx/z700_hdmi/HDMI_VMIX/hdmi_vmix.runs/top_design_v_mix_0_0_synth_1/prj/sol/.autopilot/db/v_dma.pp.0.cpp:75995:2: note: FIX-IT applied suggested code changes
/home/serg/Documents/Xilinx/z700_hdmi/HDMI_VMIX/hdmi_vmix.runs/top_design_v_mix_0_0_synth_1/prj/sol/.autopilot/db/v_dma.pp.0.cpp:76556:5: remark: Added loop label VITIS_LOOP_2095_1:   [xilinx-label-all-loops]
    for (i=0; i<NPHASES; i++) {
    ^
    VITIS_LOOP_2095_1: 
/home/serg/Documents/Xilinx/z700_hdmi/HDMI_VMIX/hdmi_vmix.runs/top_design_v_mix_0_0_synth_1/prj/sol/.autopilot/db/v_dma.pp.0.cpp:76556:5: note: FIX-IT applied suggested code changes
/home/serg/Documents/Xilinx/z700_hdmi/HDMI_VMIX/hdmi_vmix.runs/top_design_v_mix_0_0_synth_1/prj/sol/.autopilot/db/v_dma.pp.0.cpp:76563:5: remark: Added loop label VITIS_LOOP_2102_2:   [xilinx-label-all-loops]
    for (i = 0; i < NPHASES; i++) {
    ^
    VITIS_LOOP_2102_2: 
/home/serg/Documents/Xilinx/z700_hdmi/HDMI_VMIX/hdmi_vmix.runs/top_design_v_mix_0_0_synth_1/prj/sol/.autopilot/db/v_dma.pp.0.cpp:76563:5: note: FIX-IT applied suggested code changes
/home/serg/Documents/Xilinx/z700_hdmi/HDMI_VMIX/hdmi_vmix.runs/top_design_v_mix_0_0_synth_1/prj/sol/.autopilot/db/v_dma.pp.0.cpp:76564:9: remark: Added loop label VITIS_LOOP_2103_3:   [xilinx-label-all-loops]
        for (j = 0; j < NTAPS; j++) {
        ^
        VITIS_LOOP_2103_3: 
/home/serg/Documents/Xilinx/z700_hdmi/HDMI_VMIX/hdmi_vmix.runs/top_design_v_mix_0_0_synth_1/prj/sol/.autopilot/db/v_dma.pp.0.cpp:76564:9: note: FIX-IT applied suggested code changes
/home/serg/Documents/Xilinx/z700_hdmi/HDMI_VMIX/hdmi_vmix.runs/top_design_v_mix_0_0_synth_1/prj/sol/.autopilot/db/v_dma.pp.0.cpp:76707:27: remark: Added loop label VITIS_LOOP_2246_1:   [xilinx-label-all-loops]
                          for (int m = 0; m < ((((T) & ((512 - 1) << 11)) >> 11) + 1); m++)
                          ^
                          VITIS_LOOP_2246_1: 
/home/serg/Documents/Xilinx/z700_hdmi/HDMI_VMIX/hdmi_vmix.runs/top_design_v_mix_0_0_synth_1/prj/sol/.autopilot/db/v_dma.pp.0.cpp:76707:27: note: FIX-IT applied suggested code changes
/home/serg/Documents/Xilinx/z700_hdmi/HDMI_VMIX/hdmi_vmix.runs/top_design_v_mix_0_0_synth_1/prj/sol/.autopilot/db/v_dma.pp.0.cpp:76714:15: remark: Added loop label VITIS_LOOP_2253_2:   [xilinx-label-all-loops]
              for (int i = 0; i < NTAPS; i++) {
              ^
              VITIS_LOOP_2253_2: 
/home/serg/Documents/Xilinx/z700_hdmi/HDMI_VMIX/hdmi_vmix.runs/top_design_v_mix_0_0_synth_1/prj/sol/.autopilot/db/v_dma.pp.0.cpp:76714:15: note: FIX-IT applied suggested code changes
/home/serg/Documents/Xilinx/z700_hdmi/HDMI_VMIX/hdmi_vmix.runs/top_design_v_mix_0_0_synth_1/prj/sol/.autopilot/db/v_dma.pp.0.cpp:76720:23: remark: Added loop label VITIS_LOOP_2259_3:   [xilinx-label-all-loops]
                      for (int i = NTAPS - 1; i > 0; i--) {
                      ^
                      VITIS_LOOP_2259_3: 
/home/serg/Documents/Xilinx/z700_hdmi/HDMI_VMIX/hdmi_vmix.runs/top_design_v_mix_0_0_synth_1/prj/sol/.autopilot/db/v_dma.pp.0.cpp:76720:23: note: FIX-IT applied suggested code changes
/home/serg/Documents/Xilinx/z700_hdmi/HDMI_VMIX/hdmi_vmix.runs/top_design_v_mix_0_0_synth_1/prj/sol/.autopilot/db/v_dma.pp.0.cpp:76734:23: remark: Added loop label VITIS_LOOP_2273_4:   [xilinx-label-all-loops]
                      for (int i = NTAPS - 1; i >= 0; i--) {
                      ^
                      VITIS_LOOP_2273_4: 
/home/serg/Documents/Xilinx/z700_hdmi/HDMI_VMIX/hdmi_vmix.runs/top_design_v_mix_0_0_synth_1/prj/sol/.autopilot/db/v_dma.pp.0.cpp:76734:23: note: FIX-IT applied suggested code changes
/home/serg/Documents/Xilinx/z700_hdmi/HDMI_VMIX/hdmi_vmix.runs/top_design_v_mix_0_0_synth_1/prj/sol/.autopilot/db/v_dma.pp.0.cpp:76745:15: remark: Added loop label VITIS_LOOP_2284_5:   [xilinx-label-all-loops]
              for (int i = 0; i < NTAPS; i++) {
              ^
              VITIS_LOOP_2284_5: 
/home/serg/Documents/Xilinx/z700_hdmi/HDMI_VMIX/hdmi_vmix.runs/top_design_v_mix_0_0_synth_1/prj/sol/.autopilot/db/v_dma.pp.0.cpp:76745:15: note: FIX-IT applied suggested code changes
/home/serg/Documents/Xilinx/z700_hdmi/HDMI_VMIX/hdmi_vmix.runs/top_design_v_mix_0_0_synth_1/prj/sol/.autopilot/db/v_dma.pp.0.cpp:76790:5: remark: Added loop label VITIS_LOOP_2329_1:   [xilinx-label-all-loops]
    for(short i= 0;i<rows;i++) {
    ^
    VITIS_LOOP_2329_1: 
/home/serg/Documents/Xilinx/z700_hdmi/HDMI_VMIX/hdmi_vmix.runs/top_design_v_mix_0_0_synth_1/prj/sol/.autopilot/db/v_dma.pp.0.cpp:76790:5: note: FIX-IT applied suggested code changes
/home/serg/Documents/Xilinx/z700_hdmi/HDMI_VMIX/hdmi_vmix.runs/top_design_v_mix_0_0_synth_1/prj/sol/.autopilot/db/v_dma.pp.0.cpp:76791:9: remark: Added loop label VITIS_LOOP_2330_2:   [xilinx-label-all-loops]
        for(short j= 0;j<cols;j++) {
        ^
        VITIS_LOOP_2330_2: 
/home/serg/Documents/Xilinx/z700_hdmi/HDMI_VMIX/hdmi_vmix.runs/top_design_v_mix_0_0_synth_1/prj/sol/.autopilot/db/v_dma.pp.0.cpp:76791:9: note: FIX-IT applied suggested code changes
/home/serg/Documents/Xilinx/z700_hdmi/HDMI_VMIX/hdmi_vmix.runs/top_design_v_mix_0_0_synth_1/prj/sol/.autopilot/db/v_dma.pp.0.cpp:76871:17: remark: Added loop label VITIS_LOOP_2410_3:   [xilinx-label-all-loops]
                for(int r= 0;r<2;r++)
                ^
                VITIS_LOOP_2410_3: 
/home/serg/Documents/Xilinx/z700_hdmi/HDMI_VMIX/hdmi_vmix.runs/top_design_v_mix_0_0_synth_1/prj/sol/.autopilot/db/v_dma.pp.0.cpp:76871:17: note: FIX-IT applied suggested code changes
/home/serg/Documents/Xilinx/z700_hdmi/HDMI_VMIX/hdmi_vmix.runs/top_design_v_mix_0_0_synth_1/prj/sol/.autopilot/db/v_dma.pp.0.cpp:76895:21: remark: Added loop label VITIS_LOOP_2434_4:   [xilinx-label-all-loops]
                    for(int r= 0;r<2;r++)
                    ^
                    VITIS_LOOP_2434_4: 
/home/serg/Documents/Xilinx/z700_hdmi/HDMI_VMIX/hdmi_vmix.runs/top_design_v_mix_0_0_synth_1/prj/sol/.autopilot/db/v_dma.pp.0.cpp:76895:21: note: FIX-IT applied suggested code changes
/home/serg/Documents/Xilinx/z700_hdmi/HDMI_VMIX/hdmi_vmix.runs/top_design_v_mix_0_0_synth_1/prj/sol/.autopilot/db/v_dma.pp.0.cpp:76905:17: remark: Added loop label VITIS_LOOP_2444_5:   [xilinx-label-all-loops]
                for(int k=0;k<((((SRC_T) & ((512 - 1) << 11)) >> 11) + 1);k++)
                ^
                VITIS_LOOP_2444_5: 
/home/serg/Documents/Xilinx/z700_hdmi/HDMI_VMIX/hdmi_vmix.runs/top_design_v_mix_0_0_synth_1/prj/sol/.autopilot/db/v_dma.pp.0.cpp:76905:17: note: FIX-IT applied suggested code changes
/home/serg/Documents/Xilinx/z700_hdmi/HDMI_VMIX/hdmi_vmix.runs/top_design_v_mix_0_0_synth_1/prj/sol/.autopilot/db/v_dma.pp.0.cpp:77023:5: remark: Added loop label VITIS_LOOP_2562_1:   [xilinx-label-all-loops]
    for(int k=0; k<2; k++)
    ^
    VITIS_LOOP_2562_1: 
/home/serg/Documents/Xilinx/z700_hdmi/HDMI_VMIX/hdmi_vmix.runs/top_design_v_mix_0_0_synth_1/prj/sol/.autopilot/db/v_dma.pp.0.cpp:77023:5: note: FIX-IT applied suggested code changes
/home/serg/Documents/Xilinx/z700_hdmi/HDMI_VMIX/hdmi_vmix.runs/top_design_v_mix_0_0_synth_1/prj/sol/.autopilot/db/v_dma.pp.0.cpp:77040:13: remark: Added loop label VITIS_LOOP_2579_2:   [xilinx-label-all-loops]
            for(int i=0; i<SIZE; i++)
            ^
            VITIS_LOOP_2579_2: 
/home/serg/Documents/Xilinx/z700_hdmi/HDMI_VMIX/hdmi_vmix.runs/top_design_v_mix_0_0_synth_1/prj/sol/.autopilot/db/v_dma.pp.0.cpp:77040:13: note: FIX-IT applied suggested code changes
/home/serg/Documents/Xilinx/z700_hdmi/HDMI_VMIX/hdmi_vmix.runs/top_design_v_mix_0_0_synth_1/prj/sol/.autopilot/db/v_dma.pp.0.cpp:77043:13: remark: Added loop label VITIS_LOOP_2582_3:   [xilinx-label-all-loops]
            for(int i=0; i<SIZE-order-1; i++)
            ^
            VITIS_LOOP_2582_3: 
/home/serg/Documents/Xilinx/z700_hdmi/HDMI_VMIX/hdmi_vmix.runs/top_design_v_mix_0_0_synth_1/prj/sol/.autopilot/db/v_dma.pp.0.cpp:77043:13: note: FIX-IT applied suggested code changes
/home/serg/Documents/Xilinx/z700_hdmi/HDMI_VMIX/hdmi_vmix.runs/top_design_v_mix_0_0_synth_1/prj/sol/.autopilot/db/v_dma.pp.0.cpp:77046:17: remark: Added loop label VITIS_LOOP_2585_4:   [xilinx-label-all-loops]
                for(int j = 1; j <= SIZE; j++ )
                ^
                VITIS_LOOP_2585_4: 
/home/serg/Documents/Xilinx/z700_hdmi/HDMI_VMIX/hdmi_vmix.runs/top_design_v_mix_0_0_synth_1/prj/sol/.autopilot/db/v_dma.pp.0.cpp:77046:17: note: FIX-IT applied suggested code changes
/home/serg/Documents/Xilinx/z700_hdmi/HDMI_VMIX/hdmi_vmix.runs/top_design_v_mix_0_0_synth_1/prj/sol/.autopilot/db/v_dma.pp.0.cpp:77054:13: remark: Added loop label VITIS_LOOP_2593_5:   [xilinx-label-all-loops]
            for(int i = 0; i < order; i++ )
            ^
            VITIS_LOOP_2593_5: 
/home/serg/Documents/Xilinx/z700_hdmi/HDMI_VMIX/hdmi_vmix.runs/top_design_v_mix_0_0_synth_1/prj/sol/.autopilot/db/v_dma.pp.0.cpp:77054:13: note: FIX-IT applied suggested code changes
/home/serg/Documents/Xilinx/z700_hdmi/HDMI_VMIX/hdmi_vmix.runs/top_design_v_mix_0_0_synth_1/prj/sol/.autopilot/db/v_dma.pp.0.cpp:77057:17: remark: Added loop label VITIS_LOOP_2596_6:   [xilinx-label-all-loops]
                for(int j = 1; j <= SIZE; j++ )
                ^
                VITIS_LOOP_2596_6: 
/home/serg/Documents/Xilinx/z700_hdmi/HDMI_VMIX/hdmi_vmix.runs/top_design_v_mix_0_0_synth_1/prj/sol/.autopilot/db/v_dma.pp.0.cpp:77057:17: note: FIX-IT applied suggested code changes
/home/serg/Documents/Xilinx/z700_hdmi/HDMI_VMIX/hdmi_vmix.runs/top_design_v_mix_0_0_synth_1/prj/sol/.autopilot/db/v_dma.pp.0.cpp:77066:9: remark: Added loop label VITIS_LOOP_2605_7:   [xilinx-label-all-loops]
        for(int i=0; i<SIZE; i++) {
        ^
        VITIS_LOOP_2605_7: 
/home/serg/Documents/Xilinx/z700_hdmi/HDMI_VMIX/hdmi_vmix.runs/top_design_v_mix_0_0_synth_1/prj/sol/.autopilot/db/v_dma.pp.0.cpp:77066:9: note: FIX-IT applied suggested code changes
/home/serg/Documents/Xilinx/z700_hdmi/HDMI_VMIX/hdmi_vmix.runs/top_design_v_mix_0_0_synth_1/prj/sol/.autopilot/db/v_dma.pp.0.cpp:77074:5: remark: Added loop label VITIS_LOOP_2613_8:   [xilinx-label-all-loops]
    for(int i=0; i<SIZE; i++) {
    ^
    VITIS_LOOP_2613_8: 
/home/serg/Documents/Xilinx/z700_hdmi/HDMI_VMIX/hdmi_vmix.runs/top_design_v_mix_0_0_synth_1/prj/sol/.autopilot/db/v_dma.pp.0.cpp:77074:5: note: FIX-IT applied suggested code changes
/home/serg/Documents/Xilinx/z700_hdmi/HDMI_VMIX/hdmi_vmix.runs/top_design_v_mix_0_0_synth_1/prj/sol/.autopilot/db/v_dma.pp.0.cpp:77075:9: remark: Added loop label VITIS_LOOP_2614_9:   [xilinx-label-all-loops]
        for(int j=0; j<SIZE; j++) {
        ^
        VITIS_LOOP_2614_9: 
/home/serg/Documents/Xilinx/z700_hdmi/HDMI_VMIX/hdmi_vmix.runs/top_design_v_mix_0_0_synth_1/prj/sol/.autopilot/db/v_dma.pp.0.cpp:77075:9: note: FIX-IT applied suggested code changes
/home/serg/Documents/Xilinx/z700_hdmi/HDMI_VMIX/hdmi_vmix.runs/top_design_v_mix_0_0_synth_1/prj/sol/.autopilot/db/v_dma.pp.0.cpp:77125:6: remark: Added loop label VITIS_LOOP_2664_1:   [xilinx-label-all-loops]
     for (int i = 0; i < KH; i++) {
     ^
     VITIS_LOOP_2664_1: 
/home/serg/Documents/Xilinx/z700_hdmi/HDMI_VMIX/hdmi_vmix.runs/top_design_v_mix_0_0_synth_1/prj/sol/.autopilot/db/v_dma.pp.0.cpp:77125:6: note: FIX-IT applied suggested code changes
/home/serg/Documents/Xilinx/z700_hdmi/HDMI_VMIX/hdmi_vmix.runs/top_design_v_mix_0_0_synth_1/prj/sol/.autopilot/db/v_dma.pp.0.cpp:77126:13: remark: Added loop label VITIS_LOOP_2665_2:   [xilinx-label-all-loops]
            for (int j = 0; j < KW; j++) {
            ^
            VITIS_LOOP_2665_2: 
/home/serg/Documents/Xilinx/z700_hdmi/HDMI_VMIX/hdmi_vmix.runs/top_design_v_mix_0_0_synth_1/prj/sol/.autopilot/db/v_dma.pp.0.cpp:77126:13: note: FIX-IT applied suggested code changes
/home/serg/Documents/Xilinx/z700_hdmi/HDMI_VMIX/hdmi_vmix.runs/top_design_v_mix_0_0_synth_1/prj/sol/.autopilot/db/v_dma.pp.0.cpp:77134:6: remark: Added loop label VITIS_LOOP_2673_3:   [xilinx-label-all-loops]
     for (int i = 0; i < KH; i++) {
     ^
     VITIS_LOOP_2673_3: 
/home/serg/Documents/Xilinx/z700_hdmi/HDMI_VMIX/hdmi_vmix.runs/top_design_v_mix_0_0_synth_1/prj/sol/.autopilot/db/v_dma.pp.0.cpp:77134:6: note: FIX-IT applied suggested code changes
/home/serg/Documents/Xilinx/z700_hdmi/HDMI_VMIX/hdmi_vmix.runs/top_design_v_mix_0_0_synth_1/prj/sol/.autopilot/db/v_dma.pp.0.cpp:77135:10: remark: Added loop label VITIS_LOOP_2674_4:   [xilinx-label-all-loops]
         for (int j = 0; j < KW; j++) {
         ^
         VITIS_LOOP_2674_4: 
/home/serg/Documents/Xilinx/z700_hdmi/HDMI_VMIX/hdmi_vmix.runs/top_design_v_mix_0_0_synth_1/prj/sol/.autopilot/db/v_dma.pp.0.cpp:77135:10: note: FIX-IT applied suggested code changes
/home/serg/Documents/Xilinx/z700_hdmi/HDMI_VMIX/hdmi_vmix.runs/top_design_v_mix_0_0_synth_1/prj/sol/.autopilot/db/v_dma.pp.0.cpp:77177:5: remark: Added loop label VITIS_LOOP_2716_1:   [xilinx-label-all-loops]
    for (int i = 0; i < KW; i++) {
    ^
    VITIS_LOOP_2716_1: 
/home/serg/Documents/Xilinx/z700_hdmi/HDMI_VMIX/hdmi_vmix.runs/top_design_v_mix_0_0_synth_1/prj/sol/.autopilot/db/v_dma.pp.0.cpp:77177:5: note: FIX-IT applied suggested code changes
/home/serg/Documents/Xilinx/z700_hdmi/HDMI_VMIX/hdmi_vmix.runs/top_design_v_mix_0_0_synth_1/prj/sol/.autopilot/db/v_dma.pp.0.cpp:77181:5: remark: Added loop label VITIS_LOOP_2720_2:   [xilinx-label-all-loops]
    for (int i = 0; i < KH; i++) {
    ^
    VITIS_LOOP_2720_2: 
/home/serg/Documents/Xilinx/z700_hdmi/HDMI_VMIX/hdmi_vmix.runs/top_design_v_mix_0_0_synth_1/prj/sol/.autopilot/db/v_dma.pp.0.cpp:77181:5: note: FIX-IT applied suggested code changes
/home/serg/Documents/Xilinx/z700_hdmi/HDMI_VMIX/hdmi_vmix.runs/top_design_v_mix_0_0_synth_1/prj/sol/.autopilot/db/v_dma.pp.0.cpp:77235:5: remark: Added loop label VITIS_LOOP_2774_1:   [xilinx-label-all-loops]
    for(int i=0; i<5; i++)
    ^
    VITIS_LOOP_2774_1: 
/home/serg/Documents/Xilinx/z700_hdmi/HDMI_VMIX/hdmi_vmix.runs/top_design_v_mix_0_0_synth_1/prj/sol/.autopilot/db/v_dma.pp.0.cpp:77235:5: note: FIX-IT applied suggested code changes
/home/serg/Documents/Xilinx/z700_hdmi/HDMI_VMIX/hdmi_vmix.runs/top_design_v_mix_0_0_synth_1/prj/sol/.autopilot/db/v_dma.pp.0.cpp:77236:9: remark: Added loop label VITIS_LOOP_2775_2:   [xilinx-label-all-loops]
        for(int j=0; j<5; j++)
        ^
        VITIS_LOOP_2775_2: 
/home/serg/Documents/Xilinx/z700_hdmi/HDMI_VMIX/hdmi_vmix.runs/top_design_v_mix_0_0_synth_1/prj/sol/.autopilot/db/v_dma.pp.0.cpp:77236:9: note: FIX-IT applied suggested code changes
/home/serg/Documents/Xilinx/z700_hdmi/HDMI_VMIX/hdmi_vmix.runs/top_design_v_mix_0_0_synth_1/prj/sol/.autopilot/db/v_dma.pp.0.cpp:77295:25: remark: Added loop label VITIS_LOOP_2834_1:   [xilinx-label-all-loops]
                        for(int row= 0;row<K_HEIGHT;row++)
                        ^
                        VITIS_LOOP_2834_1: 
/home/serg/Documents/Xilinx/z700_hdmi/HDMI_VMIX/hdmi_vmix.runs/top_design_v_mix_0_0_synth_1/prj/sol/.autopilot/db/v_dma.pp.0.cpp:77295:25: note: FIX-IT applied suggested code changes
/home/serg/Documents/Xilinx/z700_hdmi/HDMI_VMIX/hdmi_vmix.runs/top_design_v_mix_0_0_synth_1/prj/sol/.autopilot/db/v_dma.pp.0.cpp:77296:29: remark: Added loop label VITIS_LOOP_2835_2:   [xilinx-label-all-loops]
                            for(int col= K_WIDTH-1;col>=1;col--)
                            ^
                            VITIS_LOOP_2835_2: 
/home/serg/Documents/Xilinx/z700_hdmi/HDMI_VMIX/hdmi_vmix.runs/top_design_v_mix_0_0_synth_1/prj/sol/.autopilot/db/v_dma.pp.0.cpp:77296:29: note: FIX-IT applied suggested code changes
/home/serg/Documents/Xilinx/z700_hdmi/HDMI_VMIX/hdmi_vmix.runs/top_design_v_mix_0_0_synth_1/prj/sol/.autopilot/db/v_dma.pp.0.cpp:77299:25: remark: Added loop label VITIS_LOOP_2838_3:   [xilinx-label-all-loops]
                        for(int buf_row = 0; buf_row < K_HEIGHT; buf_row++)
                        ^
                        VITIS_LOOP_2838_3: 
/home/serg/Documents/Xilinx/z700_hdmi/HDMI_VMIX/hdmi_vmix.runs/top_design_v_mix_0_0_synth_1/prj/sol/.autopilot/db/v_dma.pp.0.cpp:77299:25: note: FIX-IT applied suggested code changes
/home/serg/Documents/Xilinx/z700_hdmi/HDMI_VMIX/hdmi_vmix.runs/top_design_v_mix_0_0_synth_1/prj/sol/.autopilot/db/v_dma.pp.0.cpp:77311:33: remark: Added loop label VITIS_LOOP_2850_4:   [xilinx-label-all-loops]
                                for(int buf_row= K_HEIGHT-1;buf_row >= 1;buf_row--)
                                ^
                                VITIS_LOOP_2850_4: 
/home/serg/Documents/Xilinx/z700_hdmi/HDMI_VMIX/hdmi_vmix.runs/top_design_v_mix_0_0_synth_1/prj/sol/.autopilot/db/v_dma.pp.0.cpp:77311:33: note: FIX-IT applied suggested code changes
/home/serg/Documents/Xilinx/z700_hdmi/HDMI_VMIX/hdmi_vmix.runs/top_design_v_mix_0_0_synth_1/prj/sol/.autopilot/db/v_dma.pp.0.cpp:77322:37: remark: Added loop label VITIS_LOOP_2861_5:   [xilinx-label-all-loops]
                                    for(int buf_row= K_HEIGHT-1;buf_row >= 1;buf_row--)
                                    ^
                                    VITIS_LOOP_2861_5: 
/home/serg/Documents/Xilinx/z700_hdmi/HDMI_VMIX/hdmi_vmix.runs/top_design_v_mix_0_0_synth_1/prj/sol/.autopilot/db/v_dma.pp.0.cpp:77322:37: note: FIX-IT applied suggested code changes
/home/serg/Documents/Xilinx/z700_hdmi/HDMI_VMIX/hdmi_vmix.runs/top_design_v_mix_0_0_synth_1/prj/sol/.autopilot/db/v_dma.pp.0.cpp:77338:33: remark: Added loop label VITIS_LOOP_2877_6:   [xilinx-label-all-loops]
                                for(int buf_row = 0;buf_row < K_HEIGHT; buf_row++)
                                ^
                                VITIS_LOOP_2877_6: 
/home/serg/Documents/Xilinx/z700_hdmi/HDMI_VMIX/hdmi_vmix.runs/top_design_v_mix_0_0_synth_1/prj/sol/.autopilot/db/v_dma.pp.0.cpp:77338:33: note: FIX-IT applied suggested code changes
/home/serg/Documents/Xilinx/z700_hdmi/HDMI_VMIX/hdmi_vmix.runs/top_design_v_mix_0_0_synth_1/prj/sol/.autopilot/db/v_dma.pp.0.cpp:77344:33: remark: Added loop label VITIS_LOOP_2883_7:   [xilinx-label-all-loops]
                                for(int buf_row= 0;buf_row < K_HEIGHT; buf_row++)
                                ^
                                VITIS_LOOP_2883_7: 
/home/serg/Documents/Xilinx/z700_hdmi/HDMI_VMIX/hdmi_vmix.runs/top_design_v_mix_0_0_synth_1/prj/sol/.autopilot/db/v_dma.pp.0.cpp:77344:33: note: FIX-IT applied suggested code changes
/home/serg/Documents/Xilinx/z700_hdmi/HDMI_VMIX/hdmi_vmix.runs/top_design_v_mix_0_0_synth_1/prj/sol/.autopilot/db/v_dma.pp.0.cpp:77350:36: remark: Added loop label VITIS_LOOP_2889_8:   [xilinx-label-all-loops]
                                   for(int buf_row= K_HEIGHT-1;buf_row>0;buf_row--)
                                   ^
                                   VITIS_LOOP_2889_8: 
/home/serg/Documents/Xilinx/z700_hdmi/HDMI_VMIX/hdmi_vmix.runs/top_design_v_mix_0_0_synth_1/prj/sol/.autopilot/db/v_dma.pp.0.cpp:77350:36: note: FIX-IT applied suggested code changes
/home/serg/Documents/Xilinx/z700_hdmi/HDMI_VMIX/hdmi_vmix.runs/top_design_v_mix_0_0_synth_1/prj/sol/.autopilot/db/v_dma.pp.0.cpp:77362:29: remark: Added loop label VITIS_LOOP_2901_9:   [xilinx-label-all-loops]
                            for(int buf_row= 0;buf_row<K_HEIGHT;buf_row++)
                            ^
                            VITIS_LOOP_2901_9: 
/home/serg/Documents/Xilinx/z700_hdmi/HDMI_VMIX/hdmi_vmix.runs/top_design_v_mix_0_0_synth_1/prj/sol/.autopilot/db/v_dma.pp.0.cpp:77362:29: note: FIX-IT applied suggested code changes
/home/serg/Documents/Xilinx/z700_hdmi/HDMI_VMIX/hdmi_vmix.runs/top_design_v_mix_0_0_synth_1/prj/sol/.autopilot/db/v_dma.pp.0.cpp:77376:33: remark: Added loop label VITIS_LOOP_2915_10:   [xilinx-label-all-loops]
                                for(int buf_row= K_HEIGHT-1;buf_row>0;buf_row--)
                                ^
                                VITIS_LOOP_2915_10: 
/home/serg/Documents/Xilinx/z700_hdmi/HDMI_VMIX/hdmi_vmix.runs/top_design_v_mix_0_0_synth_1/prj/sol/.autopilot/db/v_dma.pp.0.cpp:77376:33: note: FIX-IT applied suggested code changes
/home/serg/Documents/Xilinx/z700_hdmi/HDMI_VMIX/hdmi_vmix.runs/top_design_v_mix_0_0_synth_1/prj/sol/.autopilot/db/v_dma.pp.0.cpp:77390:33: remark: Added loop label VITIS_LOOP_2929_11:   [xilinx-label-all-loops]
                                for(int m=0; m<K_HEIGHT; m++)
                                ^
                                VITIS_LOOP_2929_11: 
/home/serg/Documents/Xilinx/z700_hdmi/HDMI_VMIX/hdmi_vmix.runs/top_design_v_mix_0_0_synth_1/prj/sol/.autopilot/db/v_dma.pp.0.cpp:77390:33: note: FIX-IT applied suggested code changes
/home/serg/Documents/Xilinx/z700_hdmi/HDMI_VMIX/hdmi_vmix.runs/top_design_v_mix_0_0_synth_1/prj/sol/.autopilot/db/v_dma.pp.0.cpp:77391:37: remark: Added loop label VITIS_LOOP_2930_12:   [xilinx-label-all-loops]
                                    for(int n=0; n<K_WIDTH; n++)
                                    ^
                                    VITIS_LOOP_2930_12: 
/home/serg/Documents/Xilinx/z700_hdmi/HDMI_VMIX/hdmi_vmix.runs/top_design_v_mix_0_0_synth_1/prj/sol/.autopilot/db/v_dma.pp.0.cpp:77391:37: note: FIX-IT applied suggested code changes
/home/serg/Documents/Xilinx/z700_hdmi/HDMI_VMIX/hdmi_vmix.runs/top_design_v_mix_0_0_synth_1/prj/sol/.autopilot/db/v_dma.pp.0.cpp:77396:33: remark: Added loop label VITIS_LOOP_2935_13:   [xilinx-label-all-loops]
                                for(int m=0; m<K_HEIGHT; m++)
                                ^
                                VITIS_LOOP_2935_13: 
/home/serg/Documents/Xilinx/z700_hdmi/HDMI_VMIX/hdmi_vmix.runs/top_design_v_mix_0_0_synth_1/prj/sol/.autopilot/db/v_dma.pp.0.cpp:77396:33: note: FIX-IT applied suggested code changes
/home/serg/Documents/Xilinx/z700_hdmi/HDMI_VMIX/hdmi_vmix.runs/top_design_v_mix_0_0_synth_1/prj/sol/.autopilot/db/v_dma.pp.0.cpp:77397:37: remark: Added loop label VITIS_LOOP_2936_14:   [xilinx-label-all-loops]
                                    for(int n=1; n<K_WIDTH; n++)
                                    ^
                                    VITIS_LOOP_2936_14: 
/home/serg/Documents/Xilinx/z700_hdmi/HDMI_VMIX/hdmi_vmix.runs/top_design_v_mix_0_0_synth_1/prj/sol/.autopilot/db/v_dma.pp.0.cpp:77397:37: note: FIX-IT applied suggested code changes
/home/serg/Documents/Xilinx/z700_hdmi/HDMI_VMIX/hdmi_vmix.runs/top_design_v_mix_0_0_synth_1/prj/sol/.autopilot/db/v_dma.pp.0.cpp:77404:33: remark: Added loop label VITIS_LOOP_2943_15:   [xilinx-label-all-loops]
                                for(int m=0; m<K_HEIGHT-1; m++)
                                ^
                                VITIS_LOOP_2943_15: 
/home/serg/Documents/Xilinx/z700_hdmi/HDMI_VMIX/hdmi_vmix.runs/top_design_v_mix_0_0_synth_1/prj/sol/.autopilot/db/v_dma.pp.0.cpp:77404:33: note: FIX-IT applied suggested code changes
/home/serg/Documents/Xilinx/z700_hdmi/HDMI_VMIX/hdmi_vmix.runs/top_design_v_mix_0_0_synth_1/prj/sol/.autopilot/db/v_dma.pp.0.cpp:77405:37: remark: Added loop label VITIS_LOOP_2944_16:   [xilinx-label-all-loops]
                                    for(int n=0; n<K_WIDTH; n++)
                                    ^
                                    VITIS_LOOP_2944_16: 
/home/serg/Documents/Xilinx/z700_hdmi/HDMI_VMIX/hdmi_vmix.runs/top_design_v_mix_0_0_synth_1/prj/sol/.autopilot/db/v_dma.pp.0.cpp:77405:37: note: FIX-IT applied suggested code changes
/home/serg/Documents/Xilinx/z700_hdmi/HDMI_VMIX/hdmi_vmix.runs/top_design_v_mix_0_0_synth_1/prj/sol/.autopilot/db/v_dma.pp.0.cpp:77411:33: remark: Added loop label VITIS_LOOP_2950_17:   [xilinx-label-all-loops]
                                for(int m=0; m<K_HEIGHT-1; m++)
                                ^
                                VITIS_LOOP_2950_17: 
/home/serg/Documents/Xilinx/z700_hdmi/HDMI_VMIX/hdmi_vmix.runs/top_design_v_mix_0_0_synth_1/prj/sol/.autopilot/db/v_dma.pp.0.cpp:77411:33: note: FIX-IT applied suggested code changes
/home/serg/Documents/Xilinx/z700_hdmi/HDMI_VMIX/hdmi_vmix.runs/top_design_v_mix_0_0_synth_1/prj/sol/.autopilot/db/v_dma.pp.0.cpp:77412:37: remark: Added loop label VITIS_LOOP_2951_18:   [xilinx-label-all-loops]
                                    for(int n=1; n<K_WIDTH; n++)
                                    ^
                                    VITIS_LOOP_2951_18: 
/home/serg/Documents/Xilinx/z700_hdmi/HDMI_VMIX/hdmi_vmix.runs/top_design_v_mix_0_0_synth_1/prj/sol/.autopilot/db/v_dma.pp.0.cpp:77412:37: note: FIX-IT applied suggested code changes
/home/serg/Documents/Xilinx/z700_hdmi/HDMI_VMIX/hdmi_vmix.runs/top_design_v_mix_0_0_synth_1/prj/sol/.autopilot/db/v_dma.pp.0.cpp:77495:21: remark: Added loop label VITIS_LOOP_3034_1:   [xilinx-label-all-loops]
                    for(int row= 0;row<K_HEIGHT;row++)
                    ^
                    VITIS_LOOP_3034_1: 
/home/serg/Documents/Xilinx/z700_hdmi/HDMI_VMIX/hdmi_vmix.runs/top_design_v_mix_0_0_synth_1/prj/sol/.autopilot/db/v_dma.pp.0.cpp:77495:21: note: FIX-IT applied suggested code changes
/home/serg/Documents/Xilinx/z700_hdmi/HDMI_VMIX/hdmi_vmix.runs/top_design_v_mix_0_0_synth_1/prj/sol/.autopilot/db/v_dma.pp.0.cpp:77496:25: remark: Added loop label VITIS_LOOP_3035_2:   [xilinx-label-all-loops]
                        for(int col= K_WIDTH-1;col>=1;col--)
                        ^
                        VITIS_LOOP_3035_2: 
/home/serg/Documents/Xilinx/z700_hdmi/HDMI_VMIX/hdmi_vmix.runs/top_design_v_mix_0_0_synth_1/prj/sol/.autopilot/db/v_dma.pp.0.cpp:77496:25: note: FIX-IT applied suggested code changes
/home/serg/Documents/Xilinx/z700_hdmi/HDMI_VMIX/hdmi_vmix.runs/top_design_v_mix_0_0_synth_1/prj/sol/.autopilot/db/v_dma.pp.0.cpp:77499:21: remark: Added loop label VITIS_LOOP_3038_3:   [xilinx-label-all-loops]
                    for(int buf_row = 0; buf_row < K_HEIGHT; buf_row++)
                    ^
                    VITIS_LOOP_3038_3: 
/home/serg/Documents/Xilinx/z700_hdmi/HDMI_VMIX/hdmi_vmix.runs/top_design_v_mix_0_0_synth_1/prj/sol/.autopilot/db/v_dma.pp.0.cpp:77499:21: note: FIX-IT applied suggested code changes
/home/serg/Documents/Xilinx/z700_hdmi/HDMI_VMIX/hdmi_vmix.runs/top_design_v_mix_0_0_synth_1/prj/sol/.autopilot/db/v_dma.pp.0.cpp:77516:29: remark: Added loop label VITIS_LOOP_3055_4:   [xilinx-label-all-loops]
                            for(int buf_row= K_HEIGHT-1;buf_row >= 1;buf_row--)
                            ^
                            VITIS_LOOP_3055_4: 
/home/serg/Documents/Xilinx/z700_hdmi/HDMI_VMIX/hdmi_vmix.runs/top_design_v_mix_0_0_synth_1/prj/sol/.autopilot/db/v_dma.pp.0.cpp:77516:29: note: FIX-IT applied suggested code changes
/home/serg/Documents/Xilinx/z700_hdmi/HDMI_VMIX/hdmi_vmix.runs/top_design_v_mix_0_0_synth_1/prj/sol/.autopilot/db/v_dma.pp.0.cpp:77532:29: remark: Added loop label VITIS_LOOP_3071_5:   [xilinx-label-all-loops]
                            for(int buf_row = 0;buf_row < K_HEIGHT; buf_row++)
                            ^
                            VITIS_LOOP_3071_5: 
/home/serg/Documents/Xilinx/z700_hdmi/HDMI_VMIX/hdmi_vmix.runs/top_design_v_mix_0_0_synth_1/prj/sol/.autopilot/db/v_dma.pp.0.cpp:77532:29: note: FIX-IT applied suggested code changes
/home/serg/Documents/Xilinx/z700_hdmi/HDMI_VMIX/hdmi_vmix.runs/top_design_v_mix_0_0_synth_1/prj/sol/.autopilot/db/v_dma.pp.0.cpp:77539:29: remark: Added loop label VITIS_LOOP_3078_6:   [xilinx-label-all-loops]
                            for(int buf_row= 0;buf_row < K_HEIGHT; buf_row++)
                            ^
                            VITIS_LOOP_3078_6: 
/home/serg/Documents/Xilinx/z700_hdmi/HDMI_VMIX/hdmi_vmix.runs/top_design_v_mix_0_0_synth_1/prj/sol/.autopilot/db/v_dma.pp.0.cpp:77539:29: note: FIX-IT applied suggested code changes
/home/serg/Documents/Xilinx/z700_hdmi/HDMI_VMIX/hdmi_vmix.runs/top_design_v_mix_0_0_synth_1/prj/sol/.autopilot/db/v_dma.pp.0.cpp:77551:25: remark: Added loop label VITIS_LOOP_3090_7:   [xilinx-label-all-loops]
                        for(int buf_row= 0;buf_row<K_HEIGHT;buf_row++)
                        ^
                        VITIS_LOOP_3090_7: 
/home/serg/Documents/Xilinx/z700_hdmi/HDMI_VMIX/hdmi_vmix.runs/top_design_v_mix_0_0_synth_1/prj/sol/.autopilot/db/v_dma.pp.0.cpp:77551:25: note: FIX-IT applied suggested code changes
/home/serg/Documents/Xilinx/z700_hdmi/HDMI_VMIX/hdmi_vmix.runs/top_design_v_mix_0_0_synth_1/prj/sol/.autopilot/db/v_dma.pp.0.cpp:77570:29: remark: Added loop label VITIS_LOOP_3109_8:   [xilinx-label-all-loops]
                            for(int m=0; m<K_HEIGHT; m++)
                            ^
                            VITIS_LOOP_3109_8: 
/home/serg/Documents/Xilinx/z700_hdmi/HDMI_VMIX/hdmi_vmix.runs/top_design_v_mix_0_0_synth_1/prj/sol/.autopilot/db/v_dma.pp.0.cpp:77570:29: note: FIX-IT applied suggested code changes
/home/serg/Documents/Xilinx/z700_hdmi/HDMI_VMIX/hdmi_vmix.runs/top_design_v_mix_0_0_synth_1/prj/sol/.autopilot/db/v_dma.pp.0.cpp:77571:33: remark: Added loop label VITIS_LOOP_3110_9:   [xilinx-label-all-loops]
                                for(int n=0; n<K_WIDTH; n++)
                                ^
                                VITIS_LOOP_3110_9: 
/home/serg/Documents/Xilinx/z700_hdmi/HDMI_VMIX/hdmi_vmix.runs/top_design_v_mix_0_0_synth_1/prj/sol/.autopilot/db/v_dma.pp.0.cpp:77571:33: note: FIX-IT applied suggested code changes
/home/serg/Documents/Xilinx/z700_hdmi/HDMI_VMIX/hdmi_vmix.runs/top_design_v_mix_0_0_synth_1/prj/sol/.autopilot/db/v_dma.pp.0.cpp:77619:5: remark: Added loop label VITIS_LOOP_79_1:   [xilinx-label-all-loops]
    for(int i=0;i<NUM_STATES;i++) {
    ^
    VITIS_LOOP_79_1: 
/home/serg/Documents/Xilinx/z700_hdmi/HDMI_VMIX/hdmi_vmix.runs/top_design_v_mix_0_0_synth_1/prj/sol/.autopilot/db/v_dma.pp.0.cpp:77619:5: note: FIX-IT applied suggested code changes
/home/serg/Documents/Xilinx/z700_hdmi/HDMI_VMIX/hdmi_vmix.runs/top_design_v_mix_0_0_synth_1/prj/sol/.autopilot/db/v_dma.pp.0.cpp:77625:5: remark: Added loop label VITIS_LOOP_85_2:   [xilinx-label-all-loops]
    for(int i=0;i<N;i++)
    ^
    VITIS_LOOP_85_2: 
/home/serg/Documents/Xilinx/z700_hdmi/HDMI_VMIX/hdmi_vmix.runs/top_design_v_mix_0_0_synth_1/prj/sol/.autopilot/db/v_dma.pp.0.cpp:77625:5: note: FIX-IT applied suggested code changes
/home/serg/Documents/Xilinx/z700_hdmi/HDMI_VMIX/hdmi_vmix.runs/top_design_v_mix_0_0_synth_1/prj/sol/.autopilot/db/v_dma.pp.0.cpp:77646:13: remark: Added loop label VITIS_LOOP_106_3:   [xilinx-label-all-loops]
            for (int m=0; m<NUM_STATES; m++) {
            ^
            VITIS_LOOP_106_3: 
/home/serg/Documents/Xilinx/z700_hdmi/HDMI_VMIX/hdmi_vmix.runs/top_design_v_mix_0_0_synth_1/prj/sol/.autopilot/db/v_dma.pp.0.cpp:77646:13: note: FIX-IT applied suggested code changes
/home/serg/Documents/Xilinx/z700_hdmi/HDMI_VMIX/hdmi_vmix.runs/top_design_v_mix_0_0_synth_1/prj/sol/.autopilot/db/v_dma.pp.0.cpp:77658:13: remark: Added loop label VITIS_LOOP_118_4:   [xilinx-label-all-loops]
            for (int m=NUM_STATES-1; m>0; m--) {
            ^
            VITIS_LOOP_118_4: 
/home/serg/Documents/Xilinx/z700_hdmi/HDMI_VMIX/hdmi_vmix.runs/top_design_v_mix_0_0_synth_1/prj/sol/.autopilot/db/v_dma.pp.0.cpp:77658:13: note: FIX-IT applied suggested code changes
/home/serg/Documents/Xilinx/z700_hdmi/HDMI_VMIX/hdmi_vmix.runs/top_design_v_mix_0_0_synth_1/prj/sol/.autopilot/db/v_dma.pp.0.cpp:77698:5: remark: Added loop label VITIS_LOOP_158_5:   [xilinx-label-all-loops]
    for (int m=0; m<NUM_STATES/2; m++) {
    ^
    VITIS_LOOP_158_5: 
/home/serg/Documents/Xilinx/z700_hdmi/HDMI_VMIX/hdmi_vmix.runs/top_design_v_mix_0_0_synth_1/prj/sol/.autopilot/db/v_dma.pp.0.cpp:77698:5: note: FIX-IT applied suggested code changes
/home/serg/Documents/Xilinx/z700_hdmi/HDMI_VMIX/hdmi_vmix.runs/top_design_v_mix_0_0_synth_1/prj/sol/.autopilot/db/v_dma.pp.0.cpp:77757:5: remark: Added loop label VITIS_LOOP_71_1:   [xilinx-label-all-loops]
    for(int index=0;index<K;index++) {
    ^
    VITIS_LOOP_71_1: 
/home/serg/Documents/Xilinx/z700_hdmi/HDMI_VMIX/hdmi_vmix.runs/top_design_v_mix_0_0_synth_1/prj/sol/.autopilot/db/v_dma.pp.0.cpp:77757:5: note: FIX-IT applied suggested code changes
/home/serg/Documents/Xilinx/z700_hdmi/HDMI_VMIX/hdmi_vmix.runs/top_design_v_mix_0_0_synth_1/prj/sol/.autopilot/db/v_dma.pp.0.cpp:77806:9: remark: Added loop label VITIS_LOOP_120_1:   [xilinx-label-all-loops]
        for(int i=0;i<NUM-1;i++) {
        ^
        VITIS_LOOP_120_1: 
/home/serg/Documents/Xilinx/z700_hdmi/HDMI_VMIX/hdmi_vmix.runs/top_design_v_mix_0_0_synth_1/prj/sol/.autopilot/db/v_dma.pp.0.cpp:77806:9: note: FIX-IT applied suggested code changes
/home/serg/Documents/Xilinx/z700_hdmi/HDMI_VMIX/hdmi_vmix.runs/top_design_v_mix_0_0_synth_1/prj/sol/.autopilot/db/v_dma.pp.0.cpp:77810:9: remark: Added loop label VITIS_LOOP_124_2:   [xilinx-label-all-loops]
        for(int i=0;i<NUM-3;i++) {
        ^
        VITIS_LOOP_124_2: 
/home/serg/Documents/Xilinx/z700_hdmi/HDMI_VMIX/hdmi_vmix.runs/top_design_v_mix_0_0_synth_1/prj/sol/.autopilot/db/v_dma.pp.0.cpp:77810:9: note: FIX-IT applied suggested code changes
/home/serg/Documents/Xilinx/z700_hdmi/HDMI_VMIX/hdmi_vmix.runs/top_design_v_mix_0_0_synth_1/prj/sol/.autopilot/db/v_dma.pp.0.cpp:77815:9: remark: Added loop label VITIS_LOOP_129_3:   [xilinx-label-all-loops]
        for(int i=0;i<NUM-7;i++) {
        ^
        VITIS_LOOP_129_3: 
/home/serg/Documents/Xilinx/z700_hdmi/HDMI_VMIX/hdmi_vmix.runs/top_design_v_mix_0_0_synth_1/prj/sol/.autopilot/db/v_dma.pp.0.cpp:77815:9: note: FIX-IT applied suggested code changes
/home/serg/Documents/Xilinx/z700_hdmi/HDMI_VMIX/hdmi_vmix.runs/top_design_v_mix_0_0_synth_1/prj/sol/.autopilot/db/v_dma.pp.0.cpp:77826:5: remark: Added loop label VITIS_LOOP_140_4:   [xilinx-label-all-loops]
    for(int i=0;i<PSize;i+=2) {
    ^
    VITIS_LOOP_140_4: 
/home/serg/Documents/Xilinx/z700_hdmi/HDMI_VMIX/hdmi_vmix.runs/top_design_v_mix_0_0_synth_1/prj/sol/.autopilot/db/v_dma.pp.0.cpp:77826:5: note: FIX-IT applied suggested code changes
/home/serg/Documents/Xilinx/z700_hdmi/HDMI_VMIX/hdmi_vmix.runs/top_design_v_mix_0_0_synth_1/prj/sol/.autopilot/db/v_dma.pp.0.cpp:77831:13: remark: Added loop label VITIS_LOOP_145_5:   [xilinx-label-all-loops]
            for(int j=1;j<PSize/2+1;j++) {
            ^
            VITIS_LOOP_145_5: 
/home/serg/Documents/Xilinx/z700_hdmi/HDMI_VMIX/hdmi_vmix.runs/top_design_v_mix_0_0_synth_1/prj/sol/.autopilot/db/v_dma.pp.0.cpp:77831:13: note: FIX-IT applied suggested code changes
/home/serg/Documents/Xilinx/z700_hdmi/HDMI_VMIX/hdmi_vmix.runs/top_design_v_mix_0_0_synth_1/prj/sol/.autopilot/db/v_dma.pp.0.cpp:77839:5: remark: Added loop label VITIS_LOOP_153_6:   [xilinx-label-all-loops]
    for(int i=0;i<PSize;i+=2) {
    ^
    VITIS_LOOP_153_6: 
/home/serg/Documents/Xilinx/z700_hdmi/HDMI_VMIX/hdmi_vmix.runs/top_design_v_mix_0_0_synth_1/prj/sol/.autopilot/db/v_dma.pp.0.cpp:77839:5: note: FIX-IT applied suggested code changes
/home/serg/Documents/Xilinx/z700_hdmi/HDMI_VMIX/hdmi_vmix.runs/top_design_v_mix_0_0_synth_1/prj/sol/.autopilot/db/v_dma.pp.0.cpp:77844:13: remark: Added loop label VITIS_LOOP_158_7:   [xilinx-label-all-loops]
            for(int j=1;j<PSize/2+1;j++) {
            ^
            VITIS_LOOP_158_7: 
/home/serg/Documents/Xilinx/z700_hdmi/HDMI_VMIX/hdmi_vmix.runs/top_design_v_mix_0_0_synth_1/prj/sol/.autopilot/db/v_dma.pp.0.cpp:77844:13: note: FIX-IT applied suggested code changes
/home/serg/Documents/Xilinx/z700_hdmi/HDMI_VMIX/hdmi_vmix.runs/top_design_v_mix_0_0_synth_1/prj/sol/.autopilot/db/v_dma.pp.0.cpp:77870:5: remark: Added loop label VITIS_LOOP_184_1:   [xilinx-label-all-loops]
    for(int c=1;c<PSize+PSize/2+1;c++)
    ^
    VITIS_LOOP_184_1: 
/home/serg/Documents/Xilinx/z700_hdmi/HDMI_VMIX/hdmi_vmix.runs/top_design_v_mix_0_0_synth_1/prj/sol/.autopilot/db/v_dma.pp.0.cpp:77870:5: note: FIX-IT applied suggested code changes
/home/serg/Documents/Xilinx/z700_hdmi/HDMI_VMIX/hdmi_vmix.runs/top_design_v_mix_0_0_synth_1/prj/sol/.autopilot/db/v_dma.pp.0.cpp:77897:5: remark: Added loop label VITIS_LOOP_211_1:   [xilinx-label-all-loops]
    for(int k=0;k<3;k++) {
    ^
    VITIS_LOOP_211_1: 
/home/serg/Documents/Xilinx/z700_hdmi/HDMI_VMIX/hdmi_vmix.runs/top_design_v_mix_0_0_synth_1/prj/sol/.autopilot/db/v_dma.pp.0.cpp:77897:5: note: FIX-IT applied suggested code changes
/home/serg/Documents/Xilinx/z700_hdmi/HDMI_VMIX/hdmi_vmix.runs/top_design_v_mix_0_0_synth_1/prj/sol/.autopilot/db/v_dma.pp.0.cpp:77903:5: remark: Added loop label VITIS_LOOP_217_2:   [xilinx-label-all-loops]
    for(int k=0;k<3;k++) {
    ^
    VITIS_LOOP_217_2: 
/home/serg/Documents/Xilinx/z700_hdmi/HDMI_VMIX/hdmi_vmix.runs/top_design_v_mix_0_0_synth_1/prj/sol/.autopilot/db/v_dma.pp.0.cpp:77903:5: note: FIX-IT applied suggested code changes
/home/serg/Documents/Xilinx/z700_hdmi/HDMI_VMIX/hdmi_vmix.runs/top_design_v_mix_0_0_synth_1/prj/sol/.autopilot/db/v_dma.pp.0.cpp:77952:17: remark: Added loop label VITIS_LOOP_266_1:   [xilinx-label-all-loops]
                for(int r= 0;r<KERNEL_SIZE;r++) {
                ^
                VITIS_LOOP_266_1: 
/home/serg/Documents/Xilinx/z700_hdmi/HDMI_VMIX/hdmi_vmix.runs/top_design_v_mix_0_0_synth_1/prj/sol/.autopilot/db/v_dma.pp.0.cpp:77952:17: note: FIX-IT applied suggested code changes
/home/serg/Documents/Xilinx/z700_hdmi/HDMI_VMIX/hdmi_vmix.runs/top_design_v_mix_0_0_synth_1/prj/sol/.autopilot/db/v_dma.pp.0.cpp:77953:21: remark: Added loop label VITIS_LOOP_267_2:   [xilinx-label-all-loops]
                    for(int c=0;c<KERNEL_SIZE-1;c++) {
                    ^
                    VITIS_LOOP_267_2: 
/home/serg/Documents/Xilinx/z700_hdmi/HDMI_VMIX/hdmi_vmix.runs/top_design_v_mix_0_0_synth_1/prj/sol/.autopilot/db/v_dma.pp.0.cpp:77953:21: note: FIX-IT applied suggested code changes
/home/serg/Documents/Xilinx/z700_hdmi/HDMI_VMIX/hdmi_vmix.runs/top_design_v_mix_0_0_synth_1/prj/sol/.autopilot/db/v_dma.pp.0.cpp:77958:17: remark: Added loop label VITIS_LOOP_272_3:   [xilinx-label-all-loops]
                for(int buf_row= 1;buf_row< KERNEL_SIZE-1;buf_row++) {
                ^
                VITIS_LOOP_272_3: 
/home/serg/Documents/Xilinx/z700_hdmi/HDMI_VMIX/hdmi_vmix.runs/top_design_v_mix_0_0_synth_1/prj/sol/.autopilot/db/v_dma.pp.0.cpp:77958:17: note: FIX-IT applied suggested code changes
/home/serg/Documents/Xilinx/z700_hdmi/HDMI_VMIX/hdmi_vmix.runs/top_design_v_mix_0_0_synth_1/prj/sol/.autopilot/db/v_dma.pp.0.cpp:77968:13: remark: Added loop label VITIS_LOOP_282_4:   [xilinx-label-all-loops]
            for(int r= 0;r<3;r++)
            ^
            VITIS_LOOP_282_4: 
/home/serg/Documents/Xilinx/z700_hdmi/HDMI_VMIX/hdmi_vmix.runs/top_design_v_mix_0_0_synth_1/prj/sol/.autopilot/db/v_dma.pp.0.cpp:77968:13: note: FIX-IT applied suggested code changes
/home/serg/Documents/Xilinx/z700_hdmi/HDMI_VMIX/hdmi_vmix.runs/top_design_v_mix_0_0_synth_1/prj/sol/.autopilot/db/v_dma.pp.0.cpp:77970:17: remark: Added loop label VITIS_LOOP_284_5:   [xilinx-label-all-loops]
                for(int c=0;c<3-1;c++)
                ^
                VITIS_LOOP_284_5: 
/home/serg/Documents/Xilinx/z700_hdmi/HDMI_VMIX/hdmi_vmix.runs/top_design_v_mix_0_0_synth_1/prj/sol/.autopilot/db/v_dma.pp.0.cpp:77970:17: note: FIX-IT applied suggested code changes
/home/serg/Documents/Xilinx/z700_hdmi/HDMI_VMIX/hdmi_vmix.runs/top_design_v_mix_0_0_synth_1/prj/sol/.autopilot/db/v_dma.pp.0.cpp:77976:13: remark: Added loop label VITIS_LOOP_290_6:   [xilinx-label-all-loops]
            for(int buf_row= 1;buf_row< 3-1;buf_row++)
            ^
            VITIS_LOOP_290_6: 
/home/serg/Documents/Xilinx/z700_hdmi/HDMI_VMIX/hdmi_vmix.runs/top_design_v_mix_0_0_synth_1/prj/sol/.autopilot/db/v_dma.pp.0.cpp:77976:13: note: FIX-IT applied suggested code changes
/home/serg/Documents/Xilinx/z700_hdmi/HDMI_VMIX/hdmi_vmix.runs/top_design_v_mix_0_0_synth_1/prj/sol/.autopilot/db/v_dma.pp.0.cpp:78068:17: remark: Added loop label VITIS_LOOP_382_1:   [xilinx-label-all-loops]
                for(int r= 0;r<KERNEL_SIZE;r++) {
                ^
                VITIS_LOOP_382_1: 
/home/serg/Documents/Xilinx/z700_hdmi/HDMI_VMIX/hdmi_vmix.runs/top_design_v_mix_0_0_synth_1/prj/sol/.autopilot/db/v_dma.pp.0.cpp:78068:17: note: FIX-IT applied suggested code changes
/home/serg/Documents/Xilinx/z700_hdmi/HDMI_VMIX/hdmi_vmix.runs/top_design_v_mix_0_0_synth_1/prj/sol/.autopilot/db/v_dma.pp.0.cpp:78069:21: remark: Added loop label VITIS_LOOP_383_2:   [xilinx-label-all-loops]
                    for(int c=0;c<KERNEL_SIZE-1;c++) {
                    ^
                    VITIS_LOOP_383_2: 
/home/serg/Documents/Xilinx/z700_hdmi/HDMI_VMIX/hdmi_vmix.runs/top_design_v_mix_0_0_synth_1/prj/sol/.autopilot/db/v_dma.pp.0.cpp:78069:21: note: FIX-IT applied suggested code changes
/home/serg/Documents/Xilinx/z700_hdmi/HDMI_VMIX/hdmi_vmix.runs/top_design_v_mix_0_0_synth_1/prj/sol/.autopilot/db/v_dma.pp.0.cpp:78074:17: remark: Added loop label VITIS_LOOP_388_3:   [xilinx-label-all-loops]
                for(int buf_row= 1;buf_row< KERNEL_SIZE-1;buf_row++) {
                ^
                VITIS_LOOP_388_3: 
/home/serg/Documents/Xilinx/z700_hdmi/HDMI_VMIX/hdmi_vmix.runs/top_design_v_mix_0_0_synth_1/prj/sol/.autopilot/db/v_dma.pp.0.cpp:78074:17: note: FIX-IT applied suggested code changes
/home/serg/Documents/Xilinx/z700_hdmi/HDMI_VMIX/hdmi_vmix.runs/top_design_v_mix_0_0_synth_1/prj/sol/.autopilot/db/v_dma.pp.0.cpp:78084:13: remark: Added loop label VITIS_LOOP_398_4:   [xilinx-label-all-loops]
            for(int r= 0;r<3;r++)
            ^
            VITIS_LOOP_398_4: 
/home/serg/Documents/Xilinx/z700_hdmi/HDMI_VMIX/hdmi_vmix.runs/top_design_v_mix_0_0_synth_1/prj/sol/.autopilot/db/v_dma.pp.0.cpp:78084:13: note: FIX-IT applied suggested code changes
/home/serg/Documents/Xilinx/z700_hdmi/HDMI_VMIX/hdmi_vmix.runs/top_design_v_mix_0_0_synth_1/prj/sol/.autopilot/db/v_dma.pp.0.cpp:78086:17: remark: Added loop label VITIS_LOOP_400_5:   [xilinx-label-all-loops]
                for(int c=0;c<3-1;c++)
                ^
                VITIS_LOOP_400_5: 
/home/serg/Documents/Xilinx/z700_hdmi/HDMI_VMIX/hdmi_vmix.runs/top_design_v_mix_0_0_synth_1/prj/sol/.autopilot/db/v_dma.pp.0.cpp:78086:17: note: FIX-IT applied suggested code changes
/home/serg/Documents/Xilinx/z700_hdmi/HDMI_VMIX/hdmi_vmix.runs/top_design_v_mix_0_0_synth_1/prj/sol/.autopilot/db/v_dma.pp.0.cpp:78092:13: remark: Added loop label VITIS_LOOP_406_6:   [xilinx-label-all-loops]
            for(int buf_row= 1;buf_row< 3-1;buf_row++)
            ^
            VITIS_LOOP_406_6: 
/home/serg/Documents/Xilinx/z700_hdmi/HDMI_VMIX/hdmi_vmix.runs/top_design_v_mix_0_0_synth_1/prj/sol/.autopilot/db/v_dma.pp.0.cpp:78092:13: note: FIX-IT applied suggested code changes
/home/serg/Documents/Xilinx/z700_hdmi/HDMI_VMIX/hdmi_vmix.runs/top_design_v_mix_0_0_synth_1/prj/sol/.autopilot/db/v_dma.pp.0.cpp:78203:5: remark: Added loop label VITIS_LOOP_104_1:   [xilinx-label-all-loops]
    for (int i = 0; i < N; i++)
    ^
    VITIS_LOOP_104_1: 
/home/serg/Documents/Xilinx/z700_hdmi/HDMI_VMIX/hdmi_vmix.runs/top_design_v_mix_0_0_synth_1/prj/sol/.autopilot/db/v_dma.pp.0.cpp:78203:5: note: FIX-IT applied suggested code changes
/home/serg/Documents/Xilinx/z700_hdmi/HDMI_VMIX/hdmi_vmix.runs/top_design_v_mix_0_0_synth_1/prj/sol/.autopilot/db/v_dma.pp.0.cpp:78207:5: remark: Added loop label VITIS_LOOP_108_2:   [xilinx-label-all-loops]
    for (int i = 0; i < N; i++) {
    ^
    VITIS_LOOP_108_2: 
/home/serg/Documents/Xilinx/z700_hdmi/HDMI_VMIX/hdmi_vmix.runs/top_design_v_mix_0_0_synth_1/prj/sol/.autopilot/db/v_dma.pp.0.cpp:78207:5: note: FIX-IT applied suggested code changes
/home/serg/Documents/Xilinx/z700_hdmi/HDMI_VMIX/hdmi_vmix.runs/top_design_v_mix_0_0_synth_1/prj/sol/.autopilot/db/v_dma.pp.0.cpp:78209:9: remark: Added loop label VITIS_LOOP_110_3:   [xilinx-label-all-loops]
        for (int j = 0; j < N; j++) {
        ^
        VITIS_LOOP_110_3: 
/home/serg/Documents/Xilinx/z700_hdmi/HDMI_VMIX/hdmi_vmix.runs/top_design_v_mix_0_0_synth_1/prj/sol/.autopilot/db/v_dma.pp.0.cpp:78209:9: note: FIX-IT applied suggested code changes
/home/serg/Documents/Xilinx/z700_hdmi/HDMI_VMIX/hdmi_vmix.runs/top_design_v_mix_0_0_synth_1/prj/sol/.autopilot/db/v_dma.pp.0.cpp:78215:5: remark: Added loop label VITIS_LOOP_116_4:   [xilinx-label-all-loops]
    for (int j = 0; j < N; j++) {
    ^
    VITIS_LOOP_116_4: 
/home/serg/Documents/Xilinx/z700_hdmi/HDMI_VMIX/hdmi_vmix.runs/top_design_v_mix_0_0_synth_1/prj/sol/.autopilot/db/v_dma.pp.0.cpp:78215:5: note: FIX-IT applied suggested code changes
/home/serg/Documents/Xilinx/z700_hdmi/HDMI_VMIX/hdmi_vmix.runs/top_design_v_mix_0_0_synth_1/prj/sol/.autopilot/db/v_dma.pp.0.cpp:78216:9: remark: Added loop label VITIS_LOOP_117_5:   [xilinx-label-all-loops]
        for (int i = 0; i < j; i++) {
        ^
        VITIS_LOOP_117_5: 
/home/serg/Documents/Xilinx/z700_hdmi/HDMI_VMIX/hdmi_vmix.runs/top_design_v_mix_0_0_synth_1/prj/sol/.autopilot/db/v_dma.pp.0.cpp:78216:9: note: FIX-IT applied suggested code changes
/home/serg/Documents/Xilinx/z700_hdmi/HDMI_VMIX/hdmi_vmix.runs/top_design_v_mix_0_0_synth_1/prj/sol/.autopilot/db/v_dma.pp.0.cpp:78218:13: remark: Added loop label VITIS_LOOP_119_6:   [xilinx-label-all-loops]
            for (int k = 0; k < i; k++) sum -= A[i][k] * A[k][j];
            ^
            VITIS_LOOP_119_6: 
/home/serg/Documents/Xilinx/z700_hdmi/HDMI_VMIX/hdmi_vmix.runs/top_design_v_mix_0_0_synth_1/prj/sol/.autopilot/db/v_dma.pp.0.cpp:78218:13: note: FIX-IT applied suggested code changes
/home/serg/Documents/Xilinx/z700_hdmi/HDMI_VMIX/hdmi_vmix.runs/top_design_v_mix_0_0_synth_1/prj/sol/.autopilot/db/v_dma.pp.0.cpp:78222:9: remark: Added loop label VITIS_LOOP_123_7:   [xilinx-label-all-loops]
        for (int i = j; i < N; i++) {
        ^
        VITIS_LOOP_123_7: 
/home/serg/Documents/Xilinx/z700_hdmi/HDMI_VMIX/hdmi_vmix.runs/top_design_v_mix_0_0_synth_1/prj/sol/.autopilot/db/v_dma.pp.0.cpp:78222:9: note: FIX-IT applied suggested code changes
/home/serg/Documents/Xilinx/z700_hdmi/HDMI_VMIX/hdmi_vmix.runs/top_design_v_mix_0_0_synth_1/prj/sol/.autopilot/db/v_dma.pp.0.cpp:78224:13: remark: Added loop label VITIS_LOOP_125_8:   [xilinx-label-all-loops]
            for (int k = 0; k < j; k++) sum -= A[i][k] * A[k][j];
            ^
            VITIS_LOOP_125_8: 
/home/serg/Documents/Xilinx/z700_hdmi/HDMI_VMIX/hdmi_vmix.runs/top_design_v_mix_0_0_synth_1/prj/sol/.autopilot/db/v_dma.pp.0.cpp:78224:13: note: FIX-IT applied suggested code changes
/home/serg/Documents/Xilinx/z700_hdmi/HDMI_VMIX/hdmi_vmix.runs/top_design_v_mix_0_0_synth_1/prj/sol/.autopilot/db/v_dma.pp.0.cpp:78233:13: remark: Added loop label VITIS_LOOP_134_9:   [xilinx-label-all-loops]
            for (int i = 0; i < N; i++) {
            ^
            VITIS_LOOP_134_9: 
/home/serg/Documents/Xilinx/z700_hdmi/HDMI_VMIX/hdmi_vmix.runs/top_design_v_mix_0_0_synth_1/prj/sol/.autopilot/db/v_dma.pp.0.cpp:78233:13: note: FIX-IT applied suggested code changes
/home/serg/Documents/Xilinx/z700_hdmi/HDMI_VMIX/hdmi_vmix.runs/top_design_v_mix_0_0_synth_1/prj/sol/.autopilot/db/v_dma.pp.0.cpp:78245:13: remark: Added loop label VITIS_LOOP_146_10:   [xilinx-label-all-loops]
            for (int i = j + 1; i < N; i++) A[i][j] *= dum;
            ^
            VITIS_LOOP_146_10: 
/home/serg/Documents/Xilinx/z700_hdmi/HDMI_VMIX/hdmi_vmix.runs/top_design_v_mix_0_0_synth_1/prj/sol/.autopilot/db/v_dma.pp.0.cpp:78245:13: note: FIX-IT applied suggested code changes
/home/serg/Documents/Xilinx/z700_hdmi/HDMI_VMIX/hdmi_vmix.runs/top_design_v_mix_0_0_synth_1/prj/sol/.autopilot/db/v_dma.pp.0.cpp:78253:5: remark: Added loop label VITIS_LOOP_154_1:   [xilinx-label-all-loops]
    for (int i = 0; i < N; i++) {
    ^
    VITIS_LOOP_154_1: 
/home/serg/Documents/Xilinx/z700_hdmi/HDMI_VMIX/hdmi_vmix.runs/top_design_v_mix_0_0_synth_1/prj/sol/.autopilot/db/v_dma.pp.0.cpp:78253:5: note: FIX-IT applied suggested code changes
/home/serg/Documents/Xilinx/z700_hdmi/HDMI_VMIX/hdmi_vmix.runs/top_design_v_mix_0_0_synth_1/prj/sol/.autopilot/db/v_dma.pp.0.cpp:78262:13: remark: Added loop label VITIS_LOOP_163_2:   [xilinx-label-all-loops]
            for (int j = ii - 1; j < i; j++) sum -= A[i][j] * b[j];
            ^
            VITIS_LOOP_163_2: 
/home/serg/Documents/Xilinx/z700_hdmi/HDMI_VMIX/hdmi_vmix.runs/top_design_v_mix_0_0_synth_1/prj/sol/.autopilot/db/v_dma.pp.0.cpp:78262:13: note: FIX-IT applied suggested code changes
/home/serg/Documents/Xilinx/z700_hdmi/HDMI_VMIX/hdmi_vmix.runs/top_design_v_mix_0_0_synth_1/prj/sol/.autopilot/db/v_dma.pp.0.cpp:78267:5: remark: Added loop label VITIS_LOOP_168_3:   [xilinx-label-all-loops]
    for (int i = N - 1; i >= 0; i--) {
    ^
    VITIS_LOOP_168_3: 
/home/serg/Documents/Xilinx/z700_hdmi/HDMI_VMIX/hdmi_vmix.runs/top_design_v_mix_0_0_synth_1/prj/sol/.autopilot/db/v_dma.pp.0.cpp:78267:5: note: FIX-IT applied suggested code changes
/home/serg/Documents/Xilinx/z700_hdmi/HDMI_VMIX/hdmi_vmix.runs/top_design_v_mix_0_0_synth_1/prj/sol/.autopilot/db/v_dma.pp.0.cpp:78269:9: remark: Added loop label VITIS_LOOP_170_4:   [xilinx-label-all-loops]
        for (int j = i + 1; j < N; j++) sum -= A[i][j]*b[j];
        ^
        VITIS_LOOP_170_4: 
/home/serg/Documents/Xilinx/z700_hdmi/HDMI_VMIX/hdmi_vmix.runs/top_design_v_mix_0_0_synth_1/prj/sol/.autopilot/db/v_dma.pp.0.cpp:78269:9: note: FIX-IT applied suggested code changes
/home/serg/Documents/Xilinx/z700_hdmi/HDMI_VMIX/hdmi_vmix.runs/top_design_v_mix_0_0_synth_1/prj/sol/.autopilot/db/v_dma.pp.0.cpp:78280:5: remark: Added loop label VITIS_LOOP_181_1:   [xilinx-label-all-loops]
    for (int i = 0; i < N; i++) {
    ^
    VITIS_LOOP_181_1: 
/home/serg/Documents/Xilinx/z700_hdmi/HDMI_VMIX/hdmi_vmix.runs/top_design_v_mix_0_0_synth_1/prj/sol/.autopilot/db/v_dma.pp.0.cpp:78280:5: note: FIX-IT applied suggested code changes
/home/serg/Documents/Xilinx/z700_hdmi/HDMI_VMIX/hdmi_vmix.runs/top_design_v_mix_0_0_synth_1/prj/sol/.autopilot/db/v_dma.pp.0.cpp:78285:5: remark: Added loop label VITIS_LOOP_186_2:   [xilinx-label-all-loops]
    for (int i = 0; i < N; i++) {
    ^
    VITIS_LOOP_186_2: 
/home/serg/Documents/Xilinx/z700_hdmi/HDMI_VMIX/hdmi_vmix.runs/top_design_v_mix_0_0_synth_1/prj/sol/.autopilot/db/v_dma.pp.0.cpp:78285:5: note: FIX-IT applied suggested code changes
/home/serg/Documents/Xilinx/z700_hdmi/HDMI_VMIX/hdmi_vmix.runs/top_design_v_mix_0_0_synth_1/prj/sol/.autopilot/db/v_dma.pp.0.cpp:78286:9: remark: Added loop label VITIS_LOOP_187_3:   [xilinx-label-all-loops]
        for (int j = 0; j < N; j++) b[j] = 0;
        ^
        VITIS_LOOP_187_3: 
/home/serg/Documents/Xilinx/z700_hdmi/HDMI_VMIX/hdmi_vmix.runs/top_design_v_mix_0_0_synth_1/prj/sol/.autopilot/db/v_dma.pp.0.cpp:78286:9: note: FIX-IT applied suggested code changes
/home/serg/Documents/Xilinx/z700_hdmi/HDMI_VMIX/hdmi_vmix.runs/top_design_v_mix_0_0_synth_1/prj/sol/.autopilot/db/v_dma.pp.0.cpp:78289:9: remark: Added loop label VITIS_LOOP_190_4:   [xilinx-label-all-loops]
        for (int j = 0; j < N; j++) Ar[j][i] = b[j];
        ^
        VITIS_LOOP_190_4: 
/home/serg/Documents/Xilinx/z700_hdmi/HDMI_VMIX/hdmi_vmix.runs/top_design_v_mix_0_0_synth_1/prj/sol/.autopilot/db/v_dma.pp.0.cpp:78289:9: note: FIX-IT applied suggested code changes
/home/serg/Documents/Xilinx/z700_hdmi/HDMI_VMIX/hdmi_vmix.runs/top_design_v_mix_0_0_synth_1/prj/sol/.autopilot/db/v_dma.pp.0.cpp:78365:21: remark: Added loop label VITIS_LOOP_266_1:   [xilinx-label-all-loops]
                    for(int k=0;k<((((SRC_T) & ((512 - 1) << 11)) >> 11) + 1);k++) {
                    ^
                    VITIS_LOOP_266_1: 
/home/serg/Documents/Xilinx/z700_hdmi/HDMI_VMIX/hdmi_vmix.runs/top_design_v_mix_0_0_synth_1/prj/sol/.autopilot/db/v_dma.pp.0.cpp:78365:21: note: FIX-IT applied suggested code changes
/home/serg/Documents/Xilinx/z700_hdmi/HDMI_VMIX/hdmi_vmix.runs/top_design_v_mix_0_0_synth_1/prj/sol/.autopilot/db/v_dma.pp.0.cpp:78485:17: remark: Added loop label VITIS_LOOP_398_1:   [xilinx-label-all-loops]
                for(int k = 0; k < ((((DST_T) & ((512 - 1) << 11)) >> 11) + 1); k++) {
                ^
                VITIS_LOOP_398_1: 
/home/serg/Documents/Xilinx/z700_hdmi/HDMI_VMIX/hdmi_vmix.runs/top_design_v_mix_0_0_synth_1/prj/sol/.autopilot/db/v_dma.pp.0.cpp:78485:17: note: FIX-IT applied suggested code changes
/home/serg/Documents/Xilinx/z700_hdmi/HDMI_VMIX/hdmi_vmix.runs/top_design_v_mix_0_0_synth_1/prj/sol/.autopilot/db/v_dma.pp.0.cpp:78903:13: remark: Added loop label VITIS_LOOP_217_1:   [xilinx-label-all-loops]
            for(int row=2;row>=0;row--)
            ^
            VITIS_LOOP_217_1: 
/home/serg/Documents/Xilinx/z700_hdmi/HDMI_VMIX/hdmi_vmix.runs/top_design_v_mix_0_0_synth_1/prj/sol/.autopilot/db/v_dma.pp.0.cpp:78903:13: note: FIX-IT applied suggested code changes
/home/serg/Documents/Xilinx/z700_hdmi/HDMI_VMIX/hdmi_vmix.runs/top_design_v_mix_0_0_synth_1/prj/sol/.autopilot/db/v_dma.pp.0.cpp:78905:17: remark: Added loop label VITIS_LOOP_219_2:   [xilinx-label-all-loops]
                for(int col=2;col>=1;col--)
                ^
                VITIS_LOOP_219_2: 
/home/serg/Documents/Xilinx/z700_hdmi/HDMI_VMIX/hdmi_vmix.runs/top_design_v_mix_0_0_synth_1/prj/sol/.autopilot/db/v_dma.pp.0.cpp:78905:17: note: FIX-IT applied suggested code changes
/home/serg/Documents/Xilinx/z700_hdmi/HDMI_VMIX/hdmi_vmix.runs/top_design_v_mix_0_0_synth_1/prj/sol/.autopilot/db/v_dma.pp.0.cpp:79038:5: remark: Added loop label VITIS_LOOP_106_1:   [xilinx-label-all-loops]
    for(int i=0;i<KH;i++) {
    ^
    VITIS_LOOP_106_1: 
/home/serg/Documents/Xilinx/z700_hdmi/HDMI_VMIX/hdmi_vmix.runs/top_design_v_mix_0_0_synth_1/prj/sol/.autopilot/db/v_dma.pp.0.cpp:79038:5: note: FIX-IT applied suggested code changes
/home/serg/Documents/Xilinx/z700_hdmi/HDMI_VMIX/hdmi_vmix.runs/top_design_v_mix_0_0_synth_1/prj/sol/.autopilot/db/v_dma.pp.0.cpp:79039:9: remark: Added loop label VITIS_LOOP_107_2:   [xilinx-label-all-loops]
        for(int j=0;j<KW;j++) {
        ^
        VITIS_LOOP_107_2: 
/home/serg/Documents/Xilinx/z700_hdmi/HDMI_VMIX/hdmi_vmix.runs/top_design_v_mix_0_0_synth_1/prj/sol/.autopilot/db/v_dma.pp.0.cpp:79039:9: note: FIX-IT applied suggested code changes
/home/serg/Documents/Xilinx/z700_hdmi/HDMI_VMIX/hdmi_vmix.runs/top_design_v_mix_0_0_synth_1/prj/sol/.autopilot/db/v_dma.pp.0.cpp:79061:5: remark: Added loop label VITIS_LOOP_129_1:   [xilinx-label-all-loops]
    for(HLS_SIZE_T i=0;i<rows+ioffset;i++)
    ^
    VITIS_LOOP_129_1: 
/home/serg/Documents/Xilinx/z700_hdmi/HDMI_VMIX/hdmi_vmix.runs/top_design_v_mix_0_0_synth_1/prj/sol/.autopilot/db/v_dma.pp.0.cpp:79061:5: note: FIX-IT applied suggested code changes
/home/serg/Documents/Xilinx/z700_hdmi/HDMI_VMIX/hdmi_vmix.runs/top_design_v_mix_0_0_synth_1/prj/sol/.autopilot/db/v_dma.pp.0.cpp:79064:9: remark: Added loop label VITIS_LOOP_132_2:   [xilinx-label-all-loops]
        for(HLS_SIZE_T j=0;j<cols+joffset;j++)
        ^
        VITIS_LOOP_132_2: 
/home/serg/Documents/Xilinx/z700_hdmi/HDMI_VMIX/hdmi_vmix.runs/top_design_v_mix_0_0_synth_1/prj/sol/.autopilot/db/v_dma.pp.0.cpp:79064:9: note: FIX-IT applied suggested code changes
/home/serg/Documents/Xilinx/z700_hdmi/HDMI_VMIX/hdmi_vmix.runs/top_design_v_mix_0_0_synth_1/prj/sol/.autopilot/db/v_dma.pp.0.cpp:79071:13: remark: Added loop label VITIS_LOOP_139_3:   [xilinx-label-all-loops]
            for(int r= 0;r<KH;r++)
            ^
            VITIS_LOOP_139_3: 
/home/serg/Documents/Xilinx/z700_hdmi/HDMI_VMIX/hdmi_vmix.runs/top_design_v_mix_0_0_synth_1/prj/sol/.autopilot/db/v_dma.pp.0.cpp:79071:13: note: FIX-IT applied suggested code changes
/home/serg/Documents/Xilinx/z700_hdmi/HDMI_VMIX/hdmi_vmix.runs/top_design_v_mix_0_0_synth_1/prj/sol/.autopilot/db/v_dma.pp.0.cpp:79073:17: remark: Added loop label VITIS_LOOP_141_4:   [xilinx-label-all-loops]
                for(int c=0;c<KW-1;c++)
                ^
                VITIS_LOOP_141_4: 
/home/serg/Documents/Xilinx/z700_hdmi/HDMI_VMIX/hdmi_vmix.runs/top_design_v_mix_0_0_synth_1/prj/sol/.autopilot/db/v_dma.pp.0.cpp:79073:17: note: FIX-IT applied suggested code changes
/home/serg/Documents/Xilinx/z700_hdmi/HDMI_VMIX/hdmi_vmix.runs/top_design_v_mix_0_0_synth_1/prj/sol/.autopilot/db/v_dma.pp.0.cpp:79081:17: remark: Added loop label VITIS_LOOP_149_5:   [xilinx-label-all-loops]
                for(int buf_row= 1;buf_row< KH-1;buf_row++)
                ^
                VITIS_LOOP_149_5: 
/home/serg/Documents/Xilinx/z700_hdmi/HDMI_VMIX/hdmi_vmix.runs/top_design_v_mix_0_0_synth_1/prj/sol/.autopilot/db/v_dma.pp.0.cpp:79081:17: note: FIX-IT applied suggested code changes
/home/serg/Documents/Xilinx/z700_hdmi/HDMI_VMIX/hdmi_vmix.runs/top_design_v_mix_0_0_synth_1/prj/sol/.autopilot/db/v_dma.pp.0.cpp:79094:17: remark: Added loop label VITIS_LOOP_162_6:   [xilinx-label-all-loops]
                for(int i= 1;i< KW;i++)
                ^
                VITIS_LOOP_162_6: 
/home/serg/Documents/Xilinx/z700_hdmi/HDMI_VMIX/hdmi_vmix.runs/top_design_v_mix_0_0_synth_1/prj/sol/.autopilot/db/v_dma.pp.0.cpp:79094:17: note: FIX-IT applied suggested code changes
/home/serg/Documents/Xilinx/z700_hdmi/HDMI_VMIX/hdmi_vmix.runs/top_design_v_mix_0_0_synth_1/prj/sol/.autopilot/db/v_dma.pp.0.cpp:79130:5: remark: Added loop label VITIS_LOOP_198_1:   [xilinx-label-all-loops]
    for(HLS_SIZE_T i=0;i<rows;i++)
    ^
    VITIS_LOOP_198_1: 
/home/serg/Documents/Xilinx/z700_hdmi/HDMI_VMIX/hdmi_vmix.runs/top_design_v_mix_0_0_synth_1/prj/sol/.autopilot/db/v_dma.pp.0.cpp:79130:5: note: FIX-IT applied suggested code changes
/home/serg/Documents/Xilinx/z700_hdmi/HDMI_VMIX/hdmi_vmix.runs/top_design_v_mix_0_0_synth_1/prj/sol/.autopilot/db/v_dma.pp.0.cpp:79133:9: remark: Added loop label VITIS_LOOP_201_2:   [xilinx-label-all-loops]
        for(HLS_SIZE_T j=0;j<cols;j++)
        ^
        VITIS_LOOP_201_2: 
/home/serg/Documents/Xilinx/z700_hdmi/HDMI_VMIX/hdmi_vmix.runs/top_design_v_mix_0_0_synth_1/prj/sol/.autopilot/db/v_dma.pp.0.cpp:79133:9: note: FIX-IT applied suggested code changes
/home/serg/Documents/Xilinx/z700_hdmi/HDMI_VMIX/hdmi_vmix.runs/top_design_v_mix_0_0_synth_1/prj/sol/.autopilot/db/v_dma.pp.0.cpp:79362:9: remark: Added loop label VITIS_LOOP_148_1:   [xilinx-label-all-loops]
        for(int i=0;i<STAGE;i++)
        ^
        VITIS_LOOP_148_1: 
/home/serg/Documents/Xilinx/z700_hdmi/HDMI_VMIX/hdmi_vmix.runs/top_design_v_mix_0_0_synth_1/prj/sol/.autopilot/db/v_dma.pp.0.cpp:79362:9: note: FIX-IT applied suggested code changes
/home/serg/Documents/Xilinx/z700_hdmi/HDMI_VMIX/hdmi_vmix.runs/top_design_v_mix_0_0_synth_1/prj/sol/.autopilot/db/v_dma.pp.0.cpp:79370:9: remark: Added loop label VITIS_LOOP_156_2:   [xilinx-label-all-loops]
        for(int i=0;i<CLASSIFIER_ALL;i++)
        ^
        VITIS_LOOP_156_2: 
/home/serg/Documents/Xilinx/z700_hdmi/HDMI_VMIX/hdmi_vmix.runs/top_design_v_mix_0_0_synth_1/prj/sol/.autopilot/db/v_dma.pp.0.cpp:79370:9: note: FIX-IT applied suggested code changes
/home/serg/Documents/Xilinx/z700_hdmi/HDMI_VMIX/hdmi_vmix.runs/top_design_v_mix_0_0_synth_1/prj/sol/.autopilot/db/v_dma.pp.0.cpp:79373:16: remark: Added loop label VITIS_LOOP_159_3:   [xilinx-label-all-loops]
               for(int j=0;j<FEATURE_MAX;j++)
               ^
               VITIS_LOOP_159_3: 
/home/serg/Documents/Xilinx/z700_hdmi/HDMI_VMIX/hdmi_vmix.runs/top_design_v_mix_0_0_synth_1/prj/sol/.autopilot/db/v_dma.pp.0.cpp:79373:16: note: FIX-IT applied suggested code changes
/home/serg/Documents/Xilinx/z700_hdmi/HDMI_VMIX/hdmi_vmix.runs/top_design_v_mix_0_0_synth_1/prj/sol/.autopilot/db/v_dma.pp.0.cpp:79381:23: remark: Added loop label VITIS_LOOP_167_4:   [xilinx-label-all-loops]
                      for(int n=0;n<3;n++)
                      ^
                      VITIS_LOOP_167_4: 
/home/serg/Documents/Xilinx/z700_hdmi/HDMI_VMIX/hdmi_vmix.runs/top_design_v_mix_0_0_synth_1/prj/sol/.autopilot/db/v_dma.pp.0.cpp:79381:23: note: FIX-IT applied suggested code changes
/home/serg/Documents/Xilinx/z700_hdmi/HDMI_VMIX/hdmi_vmix.runs/top_design_v_mix_0_0_synth_1/prj/sol/.autopilot/db/v_dma.pp.0.cpp:79404:5: remark: Added loop label VITIS_LOOP_190_1:   [xilinx-label-all-loops]
    for(int j=0;j<COLS;j++)
    ^
    VITIS_LOOP_190_1: 
/home/serg/Documents/Xilinx/z700_hdmi/HDMI_VMIX/hdmi_vmix.runs/top_design_v_mix_0_0_synth_1/prj/sol/.autopilot/db/v_dma.pp.0.cpp:79404:5: note: FIX-IT applied suggested code changes
/home/serg/Documents/Xilinx/z700_hdmi/HDMI_VMIX/hdmi_vmix.runs/top_design_v_mix_0_0_synth_1/prj/sol/.autopilot/db/v_dma.pp.0.cpp:79407:9: remark: Added loop label VITIS_LOOP_193_2:   [xilinx-label-all-loops]
        for(int i=0;i<ROWS;i++)
        ^
        VITIS_LOOP_193_2: 
/home/serg/Documents/Xilinx/z700_hdmi/HDMI_VMIX/hdmi_vmix.runs/top_design_v_mix_0_0_synth_1/prj/sol/.autopilot/db/v_dma.pp.0.cpp:79407:9: note: FIX-IT applied suggested code changes
/home/serg/Documents/Xilinx/z700_hdmi/HDMI_VMIX/hdmi_vmix.runs/top_design_v_mix_0_0_synth_1/prj/sol/.autopilot/db/v_dma.pp.0.cpp:79424:5: remark: Added loop label VITIS_LOOP_210_1:   [xilinx-label-all-loops]
    for(m=0;m<FEATURE_MAX;m++)
    ^
    VITIS_LOOP_210_1: 
/home/serg/Documents/Xilinx/z700_hdmi/HDMI_VMIX/hdmi_vmix.runs/top_design_v_mix_0_0_synth_1/prj/sol/.autopilot/db/v_dma.pp.0.cpp:79424:5: note: FIX-IT applied suggested code changes
/home/serg/Documents/Xilinx/z700_hdmi/HDMI_VMIX/hdmi_vmix.runs/top_design_v_mix_0_0_synth_1/prj/sol/.autopilot/db/v_dma.pp.0.cpp:79431:13: remark: Added loop label VITIS_LOOP_217_2:   [xilinx-label-all-loops]
            for(int j=1;j<3;j++)
            ^
            VITIS_LOOP_217_2: 
/home/serg/Documents/Xilinx/z700_hdmi/HDMI_VMIX/hdmi_vmix.runs/top_design_v_mix_0_0_synth_1/prj/sol/.autopilot/db/v_dma.pp.0.cpp:79431:13: note: FIX-IT applied suggested code changes
/home/serg/Documents/Xilinx/z700_hdmi/HDMI_VMIX/hdmi_vmix.runs/top_design_v_mix_0_0_synth_1/prj/sol/.autopilot/db/v_dma.pp.0.cpp:79460:5: remark: Added loop label VITIS_LOOP_246_1:   [xilinx-label-all-loops]
    for (int i=0;i<CLASSIFIER_ALL;i++)
    ^
    VITIS_LOOP_246_1: 
/home/serg/Documents/Xilinx/z700_hdmi/HDMI_VMIX/hdmi_vmix.runs/top_design_v_mix_0_0_synth_1/prj/sol/.autopilot/db/v_dma.pp.0.cpp:79460:5: note: FIX-IT applied suggested code changes
/home/serg/Documents/Xilinx/z700_hdmi/HDMI_VMIX/hdmi_vmix.runs/top_design_v_mix_0_0_synth_1/prj/sol/.autopilot/db/v_dma.pp.0.cpp:79508:5: remark: Added loop label VITIS_LOOP_294_1:   [xilinx-label-all-loops]
    for(int i=0;i<rows;i++)
    ^
    VITIS_LOOP_294_1: 
/home/serg/Documents/Xilinx/z700_hdmi/HDMI_VMIX/hdmi_vmix.runs/top_design_v_mix_0_0_synth_1/prj/sol/.autopilot/db/v_dma.pp.0.cpp:79508:5: note: FIX-IT applied suggested code changes
/home/serg/Documents/Xilinx/z700_hdmi/HDMI_VMIX/hdmi_vmix.runs/top_design_v_mix_0_0_synth_1/prj/sol/.autopilot/db/v_dma.pp.0.cpp:79510:9: remark: Added loop label VITIS_LOOP_296_2:   [xilinx-label-all-loops]
        for(int j=0;j<cols;j++)
        ^
        VITIS_LOOP_296_2: 
/home/serg/Documents/Xilinx/z700_hdmi/HDMI_VMIX/hdmi_vmix.runs/top_design_v_mix_0_0_synth_1/prj/sol/.autopilot/db/v_dma.pp.0.cpp:79510:9: note: FIX-IT applied suggested code changes
/home/serg/Documents/Xilinx/z700_hdmi/HDMI_VMIX/hdmi_vmix.runs/top_design_v_mix_0_0_synth_1/prj/sol/.autopilot/db/v_dma.pp.0.cpp:79523:13: remark: Added loop label VITIS_LOOP_309_3:   [xilinx-label-all-loops]
            for(int buf_row= 1;buf_row<K_H;buf_row++)
            ^
            VITIS_LOOP_309_3: 
/home/serg/Documents/Xilinx/z700_hdmi/HDMI_VMIX/hdmi_vmix.runs/top_design_v_mix_0_0_synth_1/prj/sol/.autopilot/db/v_dma.pp.0.cpp:79523:13: note: FIX-IT applied suggested code changes
/home/serg/Documents/Xilinx/z700_hdmi/HDMI_VMIX/hdmi_vmix.runs/top_design_v_mix_0_0_synth_1/prj/sol/.autopilot/db/v_dma.pp.0.cpp:79623:9: remark: Added loop label VITIS_LOOP_430_1:   [xilinx-label-all-loops]
        for(int i=0;i<m;i++)
        ^
        VITIS_LOOP_430_1: 
/home/serg/Documents/Xilinx/z700_hdmi/HDMI_VMIX/hdmi_vmix.runs/top_design_v_mix_0_0_synth_1/prj/sol/.autopilot/db/v_dma.pp.0.cpp:79623:9: note: FIX-IT applied suggested code changes
/home/serg/Documents/Xilinx/z700_hdmi/HDMI_VMIX/hdmi_vmix.runs/top_design_v_mix_0_0_synth_1/prj/sol/.autopilot/db/v_dma.pp.0.cpp:79625:17: remark: Added loop label VITIS_LOOP_432_2:   [xilinx-label-all-loops]
                for(int j=0;j<num;j++)
                ^
                VITIS_LOOP_432_2: 
/home/serg/Documents/Xilinx/z700_hdmi/HDMI_VMIX/hdmi_vmix.runs/top_design_v_mix_0_0_synth_1/prj/sol/.autopilot/db/v_dma.pp.0.cpp:79625:17: note: FIX-IT applied suggested code changes
/home/serg/Documents/Xilinx/z700_hdmi/HDMI_VMIX/hdmi_vmix.runs/top_design_v_mix_0_0_synth_1/prj/sol/.autopilot/db/v_dma.pp.0.cpp:79633:9: remark: Added loop label VITIS_LOOP_440_3:   [xilinx-label-all-loops]
        for(int i=0;i<num;i++)
        ^
        VITIS_LOOP_440_3: 
/home/serg/Documents/Xilinx/z700_hdmi/HDMI_VMIX/hdmi_vmix.runs/top_design_v_mix_0_0_synth_1/prj/sol/.autopilot/db/v_dma.pp.0.cpp:79633:9: note: FIX-IT applied suggested code changes
/home/serg/Documents/Xilinx/z700_hdmi/HDMI_VMIX/hdmi_vmix.runs/top_design_v_mix_0_0_synth_1/prj/sol/.autopilot/db/v_dma.pp.0.cpp:79662:5: remark: Added loop label VITIS_LOOP_469_1:   [xilinx-label-all-loops]
    for(int i=0;i<rows;i++)
    ^
    VITIS_LOOP_469_1: 
/home/serg/Documents/Xilinx/z700_hdmi/HDMI_VMIX/hdmi_vmix.runs/top_design_v_mix_0_0_synth_1/prj/sol/.autopilot/db/v_dma.pp.0.cpp:79662:5: note: FIX-IT applied suggested code changes
/home/serg/Documents/Xilinx/z700_hdmi/HDMI_VMIX/hdmi_vmix.runs/top_design_v_mix_0_0_synth_1/prj/sol/.autopilot/db/v_dma.pp.0.cpp:79667:9: remark: Added loop label VITIS_LOOP_474_2:   [xilinx-label-all-loops]
        for(int j=0;j<cols;j++)
        ^
        VITIS_LOOP_474_2: 
/home/serg/Documents/Xilinx/z700_hdmi/HDMI_VMIX/hdmi_vmix.runs/top_design_v_mix_0_0_synth_1/prj/sol/.autopilot/db/v_dma.pp.0.cpp:79667:9: note: FIX-IT applied suggested code changes
/home/serg/Documents/Xilinx/z700_hdmi/HDMI_VMIX/hdmi_vmix.runs/top_design_v_mix_0_0_synth_1/prj/sol/.autopilot/db/v_dma.pp.0.cpp:79829:13: remark: Added loop label VITIS_LOOP_192_1:   [xilinx-label-all-loops]
            for (int i = 0; i< PWSIZE; i++) {
            ^
            VITIS_LOOP_192_1: 
/home/serg/Documents/Xilinx/z700_hdmi/HDMI_VMIX/hdmi_vmix.runs/top_design_v_mix_0_0_synth_1/prj/sol/.autopilot/db/v_dma.pp.0.cpp:79829:13: note: FIX-IT applied suggested code changes
/home/serg/Documents/Xilinx/z700_hdmi/HDMI_VMIX/hdmi_vmix.runs/top_design_v_mix_0_0_synth_1/prj/sol/.autopilot/db/v_dma.pp.0.cpp:79835:13: remark: Added loop label VITIS_LOOP_198_2:   [xilinx-label-all-loops]
            for (int i = 0; i < PWSIZE; i++) {
            ^
            VITIS_LOOP_198_2: 
/home/serg/Documents/Xilinx/z700_hdmi/HDMI_VMIX/hdmi_vmix.runs/top_design_v_mix_0_0_synth_1/prj/sol/.autopilot/db/v_dma.pp.0.cpp:79835:13: note: FIX-IT applied suggested code changes
/home/serg/Documents/Xilinx/z700_hdmi/HDMI_VMIX/hdmi_vmix.runs/top_design_v_mix_0_0_synth_1/prj/sol/.autopilot/db/v_dma.pp.0.cpp:79839:13: remark: Added loop label VITIS_LOOP_202_3:   [xilinx-label-all-loops]
            for (int j = PWSIZE-1; j > 0; j--) {
            ^
            VITIS_LOOP_202_3: 
/home/serg/Documents/Xilinx/z700_hdmi/HDMI_VMIX/hdmi_vmix.runs/top_design_v_mix_0_0_synth_1/prj/sol/.autopilot/db/v_dma.pp.0.cpp:79839:13: note: FIX-IT applied suggested code changes
/home/serg/Documents/Xilinx/z700_hdmi/HDMI_VMIX/hdmi_vmix.runs/top_design_v_mix_0_0_synth_1/prj/sol/.autopilot/db/v_dma.pp.0.cpp:79870:5: remark: Added loop label VITIS_LOOP_233_1:   [xilinx-label-all-loops]
    for (HLS_SIZE_T i = 0; i < rows; i++) {
    ^
    VITIS_LOOP_233_1: 
/home/serg/Documents/Xilinx/z700_hdmi/HDMI_VMIX/hdmi_vmix.runs/top_design_v_mix_0_0_synth_1/prj/sol/.autopilot/db/v_dma.pp.0.cpp:79870:5: note: FIX-IT applied suggested code changes
/home/serg/Documents/Xilinx/z700_hdmi/HDMI_VMIX/hdmi_vmix.runs/top_design_v_mix_0_0_synth_1/prj/sol/.autopilot/db/v_dma.pp.0.cpp:79871:9: remark: Added loop label VITIS_LOOP_234_2:   [xilinx-label-all-loops]
        for (HLS_SIZE_T j = 0; j < cols; j++) {
        ^
        VITIS_LOOP_234_2: 
/home/serg/Documents/Xilinx/z700_hdmi/HDMI_VMIX/hdmi_vmix.runs/top_design_v_mix_0_0_synth_1/prj/sol/.autopilot/db/v_dma.pp.0.cpp:79871:9: note: FIX-IT applied suggested code changes
/home/serg/Documents/Xilinx/z700_hdmi/HDMI_VMIX/hdmi_vmix.runs/top_design_v_mix_0_0_synth_1/prj/sol/.autopilot/db/v_dma.pp.0.cpp:79874:13: remark: Added loop label VITIS_LOOP_237_3:   [xilinx-label-all-loops]
            for (HLS_SIZE_T k = 0; k < ((((SRC_T) & ((512 - 1) << 11)) >> 11) + 1); k++) {
            ^
            VITIS_LOOP_237_3: 
/home/serg/Documents/Xilinx/z700_hdmi/HDMI_VMIX/hdmi_vmix.runs/top_design_v_mix_0_0_synth_1/prj/sol/.autopilot/db/v_dma.pp.0.cpp:79874:13: note: FIX-IT applied suggested code changes
/home/serg/Documents/Xilinx/z700_hdmi/HDMI_VMIX/hdmi_vmix.runs/top_design_v_mix_0_0_synth_1/prj/sol/.autopilot/db/v_dma.pp.0.cpp:79910:5: remark: Added loop label VITIS_LOOP_273_1:   [xilinx-label-all-loops]
    for (int i = 0; i < WSIZE; i++) {
    ^
    VITIS_LOOP_273_1: 
/home/serg/Documents/Xilinx/z700_hdmi/HDMI_VMIX/hdmi_vmix.runs/top_design_v_mix_0_0_synth_1/prj/sol/.autopilot/db/v_dma.pp.0.cpp:79910:5: note: FIX-IT applied suggested code changes
/home/serg/Documents/Xilinx/z700_hdmi/HDMI_VMIX/hdmi_vmix.runs/top_design_v_mix_0_0_synth_1/prj/sol/.autopilot/db/v_dma.pp.0.cpp:79928:5: remark: Added loop label VITIS_LOOP_291_1:   [xilinx-label-all-loops]
    for (int i = 0; i < WSIZE; i++) {
    ^
    VITIS_LOOP_291_1: 
/home/serg/Documents/Xilinx/z700_hdmi/HDMI_VMIX/hdmi_vmix.runs/top_design_v_mix_0_0_synth_1/prj/sol/.autopilot/db/v_dma.pp.0.cpp:79928:5: note: FIX-IT applied suggested code changes
/home/serg/Documents/Xilinx/z700_hdmi/HDMI_VMIX/hdmi_vmix.runs/top_design_v_mix_0_0_synth_1/prj/sol/.autopilot/db/v_dma.pp.0.cpp:79936:5: remark: Added loop label VITIS_LOOP_299_2:   [xilinx-label-all-loops]
    for (int j = WSIZE-1; j > 0; j--) {
    ^
    VITIS_LOOP_299_2: 
/home/serg/Documents/Xilinx/z700_hdmi/HDMI_VMIX/hdmi_vmix.runs/top_design_v_mix_0_0_synth_1/prj/sol/.autopilot/db/v_dma.pp.0.cpp:79936:5: note: FIX-IT applied suggested code changes
/home/serg/Documents/Xilinx/z700_hdmi/HDMI_VMIX/hdmi_vmix.runs/top_design_v_mix_0_0_synth_1/prj/sol/.autopilot/db/v_dma.pp.0.cpp:79954:9: remark: Added loop label VITIS_LOOP_317_1:   [xilinx-label-all-loops]
        for(int i = 0; i < SIZE/2; i++) {
        ^
        VITIS_LOOP_317_1: 
/home/serg/Documents/Xilinx/z700_hdmi/HDMI_VMIX/hdmi_vmix.runs/top_design_v_mix_0_0_synth_1/prj/sol/.autopilot/db/v_dma.pp.0.cpp:79954:9: note: FIX-IT applied suggested code changes
/home/serg/Documents/Xilinx/z700_hdmi/HDMI_VMIX/hdmi_vmix.runs/top_design_v_mix_0_0_synth_1/prj/sol/.autopilot/db/v_dma.pp.0.cpp:79957:9: remark: Added loop label VITIS_LOOP_320_2:   [xilinx-label-all-loops]
        for(int i = 0; i < SIZE-SIZE/2; i++) {
        ^
        VITIS_LOOP_320_2: 
/home/serg/Documents/Xilinx/z700_hdmi/HDMI_VMIX/hdmi_vmix.runs/top_design_v_mix_0_0_synth_1/prj/sol/.autopilot/db/v_dma.pp.0.cpp:79957:9: note: FIX-IT applied suggested code changes
/home/serg/Documents/Xilinx/z700_hdmi/HDMI_VMIX/hdmi_vmix.runs/top_design_v_mix_0_0_synth_1/prj/sol/.autopilot/db/v_dma.pp.0.cpp:80061:25: remark: Added loop label VITIS_LOOP_424_1:   [xilinx-label-all-loops]
                        for (int i = 0; i < WSIZE; i++) {
                        ^
                        VITIS_LOOP_424_1: 
/home/serg/Documents/Xilinx/z700_hdmi/HDMI_VMIX/hdmi_vmix.runs/top_design_v_mix_0_0_synth_1/prj/sol/.autopilot/db/v_dma.pp.0.cpp:80061:25: note: FIX-IT applied suggested code changes
/home/serg/Documents/Xilinx/z700_hdmi/HDMI_VMIX/hdmi_vmix.runs/top_design_v_mix_0_0_synth_1/prj/sol/.autopilot/db/v_dma.pp.0.cpp:80506:3: remark: Added loop label VITIS_LOOP_196_1:   [xilinx-label-all-loops]
  for (int y = 0; y < Height; y++)
  ^
  VITIS_LOOP_196_1: 
/home/serg/Documents/Xilinx/z700_hdmi/HDMI_VMIX/hdmi_vmix.runs/top_design_v_mix_0_0_synth_1/prj/sol/.autopilot/db/v_dma.pp.0.cpp:80506:3: note: FIX-IT applied suggested code changes
/home/serg/Documents/Xilinx/z700_hdmi/HDMI_VMIX/hdmi_vmix.runs/top_design_v_mix_0_0_synth_1/prj/sol/.autopilot/db/v_dma.pp.0.cpp:80513:4: remark: Added loop label VITIS_LOOP_203_2:   [xilinx-label-all-loops]
   for (int x = 0; x < loopWidth; x++)
   ^
   VITIS_LOOP_203_2: 
/home/serg/Documents/Xilinx/z700_hdmi/HDMI_VMIX/hdmi_vmix.runs/top_design_v_mix_0_0_synth_1/prj/sol/.autopilot/db/v_dma.pp.0.cpp:80513:4: note: FIX-IT applied suggested code changes
/home/serg/Documents/Xilinx/z700_hdmi/HDMI_VMIX/hdmi_vmix.runs/top_design_v_mix_0_0_synth_1/prj/sol/.autopilot/db/v_dma.pp.0.cpp:80539:3: remark: Added loop label VITIS_LOOP_229_1:   [xilinx-label-all-loops]
  for (int y = 0; y < Height; y++)
  ^
  VITIS_LOOP_229_1: 
/home/serg/Documents/Xilinx/z700_hdmi/HDMI_VMIX/hdmi_vmix.runs/top_design_v_mix_0_0_synth_1/prj/sol/.autopilot/db/v_dma.pp.0.cpp:80539:3: note: FIX-IT applied suggested code changes
/home/serg/Documents/Xilinx/z700_hdmi/HDMI_VMIX/hdmi_vmix.runs/top_design_v_mix_0_0_synth_1/prj/sol/.autopilot/db/v_dma.pp.0.cpp:80545:4: remark: Added loop label VITIS_LOOP_235_2:   [xilinx-label-all-loops]
   for (int x = 0; x < loopWidth; x++)
   ^
   VITIS_LOOP_235_2: 
/home/serg/Documents/Xilinx/z700_hdmi/HDMI_VMIX/hdmi_vmix.runs/top_design_v_mix_0_0_synth_1/prj/sol/.autopilot/db/v_dma.pp.0.cpp:80545:4: note: FIX-IT applied suggested code changes
/home/serg/Documents/Xilinx/z700_hdmi/HDMI_VMIX/hdmi_vmix.runs/top_design_v_mix_0_0_synth_1/prj/sol/.autopilot/db/v_dma.pp.0.cpp:80555:5: remark: Added loop label VITIS_LOOP_245_3:   [xilinx-label-all-loops]
    for (int x = 0; x < loopWidth; x++)
    ^
    VITIS_LOOP_245_3: 
/home/serg/Documents/Xilinx/z700_hdmi/HDMI_VMIX/hdmi_vmix.runs/top_design_v_mix_0_0_synth_1/prj/sol/.autopilot/db/v_dma.pp.0.cpp:80555:5: note: FIX-IT applied suggested code changes
/home/serg/Documents/Xilinx/z700_hdmi/HDMI_VMIX/hdmi_vmix.runs/top_design_v_mix_0_0_synth_1/prj/sol/.autopilot/db/v_dma.pp.0.cpp:80584:3: remark: Added loop label VITIS_LOOP_274_1:   [xilinx-label-all-loops]
  for (int y = 0; y < Height; y++)
  ^
  VITIS_LOOP_274_1: 
/home/serg/Documents/Xilinx/z700_hdmi/HDMI_VMIX/hdmi_vmix.runs/top_design_v_mix_0_0_synth_1/prj/sol/.autopilot/db/v_dma.pp.0.cpp:80584:3: note: FIX-IT applied suggested code changes
/home/serg/Documents/Xilinx/z700_hdmi/HDMI_VMIX/hdmi_vmix.runs/top_design_v_mix_0_0_synth_1/prj/sol/.autopilot/db/v_dma.pp.0.cpp:80590:4: remark: Added loop label VITIS_LOOP_280_2:   [xilinx-label-all-loops]
   for (int x = 0; x < loopWidth; x++)
   ^
   VITIS_LOOP_280_2: 
/home/serg/Documents/Xilinx/z700_hdmi/HDMI_VMIX/hdmi_vmix.runs/top_design_v_mix_0_0_synth_1/prj/sol/.autopilot/db/v_dma.pp.0.cpp:80590:4: note: FIX-IT applied suggested code changes
/home/serg/Documents/Xilinx/z700_hdmi/HDMI_VMIX/hdmi_vmix.runs/top_design_v_mix_0_0_synth_1/prj/sol/.autopilot/db/v_dma.pp.0.cpp:80596:4: remark: Added loop label VITIS_LOOP_286_3:   [xilinx-label-all-loops]
   for (int x = 0; x < loopWidth; x++)
   ^
   VITIS_LOOP_286_3: 
/home/serg/Documents/Xilinx/z700_hdmi/HDMI_VMIX/hdmi_vmix.runs/top_design_v_mix_0_0_synth_1/prj/sol/.autopilot/db/v_dma.pp.0.cpp:80596:4: note: FIX-IT applied suggested code changes
/home/serg/Documents/Xilinx/z700_hdmi/HDMI_VMIX/hdmi_vmix.runs/top_design_v_mix_0_0_synth_1/prj/sol/.autopilot/db/v_dma.pp.0.cpp:80602:4: remark: Added loop label VITIS_LOOP_292_4:   [xilinx-label-all-loops]
   for (int x = 0; x < loopWidth; x++)
   ^
   VITIS_LOOP_292_4: 
/home/serg/Documents/Xilinx/z700_hdmi/HDMI_VMIX/hdmi_vmix.runs/top_design_v_mix_0_0_synth_1/prj/sol/.autopilot/db/v_dma.pp.0.cpp:80602:4: note: FIX-IT applied suggested code changes
/home/serg/Documents/Xilinx/z700_hdmi/HDMI_VMIX/hdmi_vmix.runs/top_design_v_mix_0_0_synth_1/prj/sol/.autopilot/db/v_dma.pp.0.cpp:80632:3: remark: Added loop label VITIS_LOOP_1099_1:   [xilinx-label-all-loops]
  for (int y = 0; y < rows; y++)
  ^
  VITIS_LOOP_1099_1: 
/home/serg/Documents/Xilinx/z700_hdmi/HDMI_VMIX/hdmi_vmix.runs/top_design_v_mix_0_0_synth_1/prj/sol/.autopilot/db/v_dma.pp.0.cpp:80632:3: note: FIX-IT applied suggested code changes
/home/serg/Documents/Xilinx/z700_hdmi/HDMI_VMIX/hdmi_vmix.runs/top_design_v_mix_0_0_synth_1/prj/sol/.autopilot/db/v_dma.pp.0.cpp:80637:4: remark: Added loop label VITIS_LOOP_1104_2:   [xilinx-label-all-loops]
   for (int x = 0; x < cols/1; x++)
   ^
   VITIS_LOOP_1104_2: 
/home/serg/Documents/Xilinx/z700_hdmi/HDMI_VMIX/hdmi_vmix.runs/top_design_v_mix_0_0_synth_1/prj/sol/.autopilot/db/v_dma.pp.0.cpp:80637:4: note: FIX-IT applied suggested code changes
/home/serg/Documents/Xilinx/z700_hdmi/HDMI_VMIX/hdmi_vmix.runs/top_design_v_mix_0_0_synth_1/prj/sol/.autopilot/db/v_dma.pp.0.cpp:80649:5: remark: Added loop label VITIS_LOOP_1116_3:   [xilinx-label-all-loops]
    for (int l = 0; l < 1; l++)
    ^
    VITIS_LOOP_1116_3: 
/home/serg/Documents/Xilinx/z700_hdmi/HDMI_VMIX/hdmi_vmix.runs/top_design_v_mix_0_0_synth_1/prj/sol/.autopilot/db/v_dma.pp.0.cpp:80649:5: note: FIX-IT applied suggested code changes
/home/serg/Documents/Xilinx/z700_hdmi/HDMI_VMIX/hdmi_vmix.runs/top_design_v_mix_0_0_synth_1/prj/sol/.autopilot/db/v_dma.pp.0.cpp:80684:3: remark: Added loop label VITIS_LOOP_1151_1:   [xilinx-label-all-loops]
  for (int y = 0; y < rows; y++)
  ^
  VITIS_LOOP_1151_1: 
/home/serg/Documents/Xilinx/z700_hdmi/HDMI_VMIX/hdmi_vmix.runs/top_design_v_mix_0_0_synth_1/prj/sol/.autopilot/db/v_dma.pp.0.cpp:80684:3: note: FIX-IT applied suggested code changes
/home/serg/Documents/Xilinx/z700_hdmi/HDMI_VMIX/hdmi_vmix.runs/top_design_v_mix_0_0_synth_1/prj/sol/.autopilot/db/v_dma.pp.0.cpp:80689:4: remark: Added loop label VITIS_LOOP_1156_2:   [xilinx-label-all-loops]
   for (int x = 0; x < cols/1; x++)
   ^
   VITIS_LOOP_1156_2: 
/home/serg/Documents/Xilinx/z700_hdmi/HDMI_VMIX/hdmi_vmix.runs/top_design_v_mix_0_0_synth_1/prj/sol/.autopilot/db/v_dma.pp.0.cpp:80689:4: note: FIX-IT applied suggested code changes
/home/serg/Documents/Xilinx/z700_hdmi/HDMI_VMIX/hdmi_vmix.runs/top_design_v_mix_0_0_synth_1/prj/sol/.autopilot/db/v_dma.pp.0.cpp:80701:5: remark: Added loop label VITIS_LOOP_1168_3:   [xilinx-label-all-loops]
    for (int l = 0; l < 1; l++)
    ^
    VITIS_LOOP_1168_3: 
/home/serg/Documents/Xilinx/z700_hdmi/HDMI_VMIX/hdmi_vmix.runs/top_design_v_mix_0_0_synth_1/prj/sol/.autopilot/db/v_dma.pp.0.cpp:80701:5: note: FIX-IT applied suggested code changes
/home/serg/Documents/Xilinx/z700_hdmi/HDMI_VMIX/hdmi_vmix.runs/top_design_v_mix_0_0_synth_1/prj/sol/.autopilot/db/v_dma.pp.0.cpp:80736:3: remark: Added loop label VITIS_LOOP_1203_1:   [xilinx-label-all-loops]
  for (int y = 0; y < rows; y++)
  ^
  VITIS_LOOP_1203_1: 
/home/serg/Documents/Xilinx/z700_hdmi/HDMI_VMIX/hdmi_vmix.runs/top_design_v_mix_0_0_synth_1/prj/sol/.autopilot/db/v_dma.pp.0.cpp:80736:3: note: FIX-IT applied suggested code changes
/home/serg/Documents/Xilinx/z700_hdmi/HDMI_VMIX/hdmi_vmix.runs/top_design_v_mix_0_0_synth_1/prj/sol/.autopilot/db/v_dma.pp.0.cpp:80741:4: remark: Added loop label VITIS_LOOP_1208_2:   [xilinx-label-all-loops]
   for (int x = 0; x < cols/1; x++)
   ^
   VITIS_LOOP_1208_2: 
/home/serg/Documents/Xilinx/z700_hdmi/HDMI_VMIX/hdmi_vmix.runs/top_design_v_mix_0_0_synth_1/prj/sol/.autopilot/db/v_dma.pp.0.cpp:80741:4: note: FIX-IT applied suggested code changes
/home/serg/Documents/Xilinx/z700_hdmi/HDMI_VMIX/hdmi_vmix.runs/top_design_v_mix_0_0_synth_1/prj/sol/.autopilot/db/v_dma.pp.0.cpp:80753:5: remark: Added loop label VITIS_LOOP_1220_3:   [xilinx-label-all-loops]
    for (int l = 0; l < 1; l++)
    ^
    VITIS_LOOP_1220_3: 
/home/serg/Documents/Xilinx/z700_hdmi/HDMI_VMIX/hdmi_vmix.runs/top_design_v_mix_0_0_synth_1/prj/sol/.autopilot/db/v_dma.pp.0.cpp:80753:5: note: FIX-IT applied suggested code changes
/home/serg/Documents/Xilinx/z700_hdmi/HDMI_VMIX/hdmi_vmix.runs/top_design_v_mix_0_0_synth_1/prj/sol/.autopilot/db/v_dma.pp.0.cpp:80788:3: remark: Added loop label VITIS_LOOP_1255_1:   [xilinx-label-all-loops]
  for (int y = 0; y < rows; y++)
  ^
  VITIS_LOOP_1255_1: 
/home/serg/Documents/Xilinx/z700_hdmi/HDMI_VMIX/hdmi_vmix.runs/top_design_v_mix_0_0_synth_1/prj/sol/.autopilot/db/v_dma.pp.0.cpp:80788:3: note: FIX-IT applied suggested code changes
/home/serg/Documents/Xilinx/z700_hdmi/HDMI_VMIX/hdmi_vmix.runs/top_design_v_mix_0_0_synth_1/prj/sol/.autopilot/db/v_dma.pp.0.cpp:80795:4: remark: Added loop label VITIS_LOOP_1262_2:   [xilinx-label-all-loops]
   for (int x = 0; x < cols/1; x++)
   ^
   VITIS_LOOP_1262_2: 
/home/serg/Documents/Xilinx/z700_hdmi/HDMI_VMIX/hdmi_vmix.runs/top_design_v_mix_0_0_synth_1/prj/sol/.autopilot/db/v_dma.pp.0.cpp:80795:4: note: FIX-IT applied suggested code changes
/home/serg/Documents/Xilinx/z700_hdmi/HDMI_VMIX/hdmi_vmix.runs/top_design_v_mix_0_0_synth_1/prj/sol/.autopilot/db/v_dma.pp.0.cpp:80807:5: remark: Added loop label VITIS_LOOP_1274_3:   [xilinx-label-all-loops]
    for (int l = 0; l < 1; l++)
    ^
    VITIS_LOOP_1274_3: 
/home/serg/Documents/Xilinx/z700_hdmi/HDMI_VMIX/hdmi_vmix.runs/top_design_v_mix_0_0_synth_1/prj/sol/.autopilot/db/v_dma.pp.0.cpp:80807:5: note: FIX-IT applied suggested code changes
/home/serg/Documents/Xilinx/z700_hdmi/HDMI_VMIX/hdmi_vmix.runs/top_design_v_mix_0_0_synth_1/prj/sol/.autopilot/db/v_dma.pp.0.cpp:80849:3: remark: Added loop label VITIS_LOOP_1316_1:   [xilinx-label-all-loops]
  for (int y = 0; y < rows; y++)
  ^
  VITIS_LOOP_1316_1: 
/home/serg/Documents/Xilinx/z700_hdmi/HDMI_VMIX/hdmi_vmix.runs/top_design_v_mix_0_0_synth_1/prj/sol/.autopilot/db/v_dma.pp.0.cpp:80849:3: note: FIX-IT applied suggested code changes
/home/serg/Documents/Xilinx/z700_hdmi/HDMI_VMIX/hdmi_vmix.runs/top_design_v_mix_0_0_synth_1/prj/sol/.autopilot/db/v_dma.pp.0.cpp:80856:4: remark: Added loop label VITIS_LOOP_1323_2:   [xilinx-label-all-loops]
   for (int x = 0; x < cols/1; x++)
   ^
   VITIS_LOOP_1323_2: 
/home/serg/Documents/Xilinx/z700_hdmi/HDMI_VMIX/hdmi_vmix.runs/top_design_v_mix_0_0_synth_1/prj/sol/.autopilot/db/v_dma.pp.0.cpp:80856:4: note: FIX-IT applied suggested code changes
/home/serg/Documents/Xilinx/z700_hdmi/HDMI_VMIX/hdmi_vmix.runs/top_design_v_mix_0_0_synth_1/prj/sol/.autopilot/db/v_dma.pp.0.cpp:80868:5: remark: Added loop label VITIS_LOOP_1335_3:   [xilinx-label-all-loops]
    for (int l = 0; l < 1; l++)
    ^
    VITIS_LOOP_1335_3: 
/home/serg/Documents/Xilinx/z700_hdmi/HDMI_VMIX/hdmi_vmix.runs/top_design_v_mix_0_0_synth_1/prj/sol/.autopilot/db/v_dma.pp.0.cpp:80868:5: note: FIX-IT applied suggested code changes
/home/serg/Documents/Xilinx/z700_hdmi/HDMI_VMIX/hdmi_vmix.runs/top_design_v_mix_0_0_synth_1/prj/sol/.autopilot/db/v_dma.pp.0.cpp:80909:3: remark: Added loop label VITIS_LOOP_1376_1:   [xilinx-label-all-loops]
  for (int y = 0; y < rows; y++)
  ^
  VITIS_LOOP_1376_1: 
/home/serg/Documents/Xilinx/z700_hdmi/HDMI_VMIX/hdmi_vmix.runs/top_design_v_mix_0_0_synth_1/prj/sol/.autopilot/db/v_dma.pp.0.cpp:80909:3: note: FIX-IT applied suggested code changes
/home/serg/Documents/Xilinx/z700_hdmi/HDMI_VMIX/hdmi_vmix.runs/top_design_v_mix_0_0_synth_1/prj/sol/.autopilot/db/v_dma.pp.0.cpp:80916:4: remark: Added loop label VITIS_LOOP_1383_2:   [xilinx-label-all-loops]
   for (int x = 0; x < cols/1; x++)
   ^
   VITIS_LOOP_1383_2: 
/home/serg/Documents/Xilinx/z700_hdmi/HDMI_VMIX/hdmi_vmix.runs/top_design_v_mix_0_0_synth_1/prj/sol/.autopilot/db/v_dma.pp.0.cpp:80916:4: note: FIX-IT applied suggested code changes
/home/serg/Documents/Xilinx/z700_hdmi/HDMI_VMIX/hdmi_vmix.runs/top_design_v_mix_0_0_synth_1/prj/sol/.autopilot/db/v_dma.pp.0.cpp:80928:5: remark: Added loop label VITIS_LOOP_1395_3:   [xilinx-label-all-loops]
    for (int l = 0; l < 1; l++)
    ^
    VITIS_LOOP_1395_3: 
/home/serg/Documents/Xilinx/z700_hdmi/HDMI_VMIX/hdmi_vmix.runs/top_design_v_mix_0_0_synth_1/prj/sol/.autopilot/db/v_dma.pp.0.cpp:80928:5: note: FIX-IT applied suggested code changes
/home/serg/Documents/Xilinx/z700_hdmi/HDMI_VMIX/hdmi_vmix.runs/top_design_v_mix_0_0_synth_1/prj/sol/.autopilot/db/v_dma.pp.0.cpp:80965:3: remark: Added loop label VITIS_LOOP_1432_1:   [xilinx-label-all-loops]
  for (int y = 0; y < rows; y++)
  ^
  VITIS_LOOP_1432_1: 
/home/serg/Documents/Xilinx/z700_hdmi/HDMI_VMIX/hdmi_vmix.runs/top_design_v_mix_0_0_synth_1/prj/sol/.autopilot/db/v_dma.pp.0.cpp:80965:3: note: FIX-IT applied suggested code changes
/home/serg/Documents/Xilinx/z700_hdmi/HDMI_VMIX/hdmi_vmix.runs/top_design_v_mix_0_0_synth_1/prj/sol/.autopilot/db/v_dma.pp.0.cpp:80972:4: remark: Added loop label VITIS_LOOP_1439_2:   [xilinx-label-all-loops]
   for (int x = 0; x < cols/1; x++)
   ^
   VITIS_LOOP_1439_2: 
/home/serg/Documents/Xilinx/z700_hdmi/HDMI_VMIX/hdmi_vmix.runs/top_design_v_mix_0_0_synth_1/prj/sol/.autopilot/db/v_dma.pp.0.cpp:80972:4: note: FIX-IT applied suggested code changes
/home/serg/Documents/Xilinx/z700_hdmi/HDMI_VMIX/hdmi_vmix.runs/top_design_v_mix_0_0_synth_1/prj/sol/.autopilot/db/v_dma.pp.0.cpp:80984:5: remark: Added loop label VITIS_LOOP_1451_3:   [xilinx-label-all-loops]
    for (int l = 0; l < 1; l++)
    ^
    VITIS_LOOP_1451_3: 
/home/serg/Documents/Xilinx/z700_hdmi/HDMI_VMIX/hdmi_vmix.runs/top_design_v_mix_0_0_synth_1/prj/sol/.autopilot/db/v_dma.pp.0.cpp:80984:5: note: FIX-IT applied suggested code changes
/home/serg/Documents/Xilinx/z700_hdmi/HDMI_VMIX/hdmi_vmix.runs/top_design_v_mix_0_0_synth_1/prj/sol/.autopilot/db/v_dma.pp.0.cpp:81021:3: remark: Added loop label VITIS_LOOP_1488_1:   [xilinx-label-all-loops]
  for (int y = 0; y < rows; y++)
  ^
  VITIS_LOOP_1488_1: 
/home/serg/Documents/Xilinx/z700_hdmi/HDMI_VMIX/hdmi_vmix.runs/top_design_v_mix_0_0_synth_1/prj/sol/.autopilot/db/v_dma.pp.0.cpp:81021:3: note: FIX-IT applied suggested code changes
/home/serg/Documents/Xilinx/z700_hdmi/HDMI_VMIX/hdmi_vmix.runs/top_design_v_mix_0_0_synth_1/prj/sol/.autopilot/db/v_dma.pp.0.cpp:81028:4: remark: Added loop label VITIS_LOOP_1495_2:   [xilinx-label-all-loops]
   for (int x = 0; x < cols/1; x++)
   ^
   VITIS_LOOP_1495_2: 
/home/serg/Documents/Xilinx/z700_hdmi/HDMI_VMIX/hdmi_vmix.runs/top_design_v_mix_0_0_synth_1/prj/sol/.autopilot/db/v_dma.pp.0.cpp:81028:4: note: FIX-IT applied suggested code changes
/home/serg/Documents/Xilinx/z700_hdmi/HDMI_VMIX/hdmi_vmix.runs/top_design_v_mix_0_0_synth_1/prj/sol/.autopilot/db/v_dma.pp.0.cpp:81040:5: remark: Added loop label VITIS_LOOP_1507_3:   [xilinx-label-all-loops]
    for (int l = 0; l < 1; l++)
    ^
    VITIS_LOOP_1507_3: 
/home/serg/Documents/Xilinx/z700_hdmi/HDMI_VMIX/hdmi_vmix.runs/top_design_v_mix_0_0_synth_1/prj/sol/.autopilot/db/v_dma.pp.0.cpp:81040:5: note: FIX-IT applied suggested code changes
/home/serg/Documents/Xilinx/z700_hdmi/HDMI_VMIX/hdmi_vmix.runs/top_design_v_mix_0_0_synth_1/prj/sol/.autopilot/db/v_dma.pp.0.cpp:81079:3: remark: Added loop label VITIS_LOOP_1546_1:   [xilinx-label-all-loops]
  for (int y = 0; y < rows; y++)
  ^
  VITIS_LOOP_1546_1: 
/home/serg/Documents/Xilinx/z700_hdmi/HDMI_VMIX/hdmi_vmix.runs/top_design_v_mix_0_0_synth_1/prj/sol/.autopilot/db/v_dma.pp.0.cpp:81079:3: note: FIX-IT applied suggested code changes
/home/serg/Documents/Xilinx/z700_hdmi/HDMI_VMIX/hdmi_vmix.runs/top_design_v_mix_0_0_synth_1/prj/sol/.autopilot/db/v_dma.pp.0.cpp:81086:4: remark: Added loop label VITIS_LOOP_1553_2:   [xilinx-label-all-loops]
   for (int x = 0; x < cols/1; x++)
   ^
   VITIS_LOOP_1553_2: 
/home/serg/Documents/Xilinx/z700_hdmi/HDMI_VMIX/hdmi_vmix.runs/top_design_v_mix_0_0_synth_1/prj/sol/.autopilot/db/v_dma.pp.0.cpp:81086:4: note: FIX-IT applied suggested code changes
/home/serg/Documents/Xilinx/z700_hdmi/HDMI_VMIX/hdmi_vmix.runs/top_design_v_mix_0_0_synth_1/prj/sol/.autopilot/db/v_dma.pp.0.cpp:81098:5: remark: Added loop label VITIS_LOOP_1565_3:   [xilinx-label-all-loops]
    for (int l = 0; l < 1; l++)
    ^
    VITIS_LOOP_1565_3: 
/home/serg/Documents/Xilinx/z700_hdmi/HDMI_VMIX/hdmi_vmix.runs/top_design_v_mix_0_0_synth_1/prj/sol/.autopilot/db/v_dma.pp.0.cpp:81098:5: note: FIX-IT applied suggested code changes
/home/serg/Documents/Xilinx/z700_hdmi/HDMI_VMIX/hdmi_vmix.runs/top_design_v_mix_0_0_synth_1/prj/sol/.autopilot/db/v_dma.pp.0.cpp:81131:3: remark: Added loop label VITIS_LOOP_1598_1:   [xilinx-label-all-loops]
  for (int y = 0; y < rows; y++)
  ^
  VITIS_LOOP_1598_1: 
/home/serg/Documents/Xilinx/z700_hdmi/HDMI_VMIX/hdmi_vmix.runs/top_design_v_mix_0_0_synth_1/prj/sol/.autopilot/db/v_dma.pp.0.cpp:81131:3: note: FIX-IT applied suggested code changes
/home/serg/Documents/Xilinx/z700_hdmi/HDMI_VMIX/hdmi_vmix.runs/top_design_v_mix_0_0_synth_1/prj/sol/.autopilot/db/v_dma.pp.0.cpp:81138:4: remark: Added loop label VITIS_LOOP_1605_2:   [xilinx-label-all-loops]
   for (int x = 0; x < cols/1; x++)
   ^
   VITIS_LOOP_1605_2: 
/home/serg/Documents/Xilinx/z700_hdmi/HDMI_VMIX/hdmi_vmix.runs/top_design_v_mix_0_0_synth_1/prj/sol/.autopilot/db/v_dma.pp.0.cpp:81138:4: note: FIX-IT applied suggested code changes
/home/serg/Documents/Xilinx/z700_hdmi/HDMI_VMIX/hdmi_vmix.runs/top_design_v_mix_0_0_synth_1/prj/sol/.autopilot/db/v_dma.pp.0.cpp:81150:5: remark: Added loop label VITIS_LOOP_1617_3:   [xilinx-label-all-loops]
    for (int l = 0; l < 1; l++)
    ^
    VITIS_LOOP_1617_3: 
/home/serg/Documents/Xilinx/z700_hdmi/HDMI_VMIX/hdmi_vmix.runs/top_design_v_mix_0_0_synth_1/prj/sol/.autopilot/db/v_dma.pp.0.cpp:81150:5: note: FIX-IT applied suggested code changes
/home/serg/Documents/Xilinx/z700_hdmi/HDMI_VMIX/hdmi_vmix.runs/top_design_v_mix_0_0_synth_1/prj/sol/.autopilot/db/v_dma.pp.0.cpp:81183:3: remark: Added loop label VITIS_LOOP_1650_1:   [xilinx-label-all-loops]
  for (int y = 0; y < rows; y++)
  ^
  VITIS_LOOP_1650_1: 
/home/serg/Documents/Xilinx/z700_hdmi/HDMI_VMIX/hdmi_vmix.runs/top_design_v_mix_0_0_synth_1/prj/sol/.autopilot/db/v_dma.pp.0.cpp:81183:3: note: FIX-IT applied suggested code changes
/home/serg/Documents/Xilinx/z700_hdmi/HDMI_VMIX/hdmi_vmix.runs/top_design_v_mix_0_0_synth_1/prj/sol/.autopilot/db/v_dma.pp.0.cpp:81190:4: remark: Added loop label VITIS_LOOP_1657_2:   [xilinx-label-all-loops]
   for (int x = 0; x < cols/1; x++)
   ^
   VITIS_LOOP_1657_2: 
/home/serg/Documents/Xilinx/z700_hdmi/HDMI_VMIX/hdmi_vmix.runs/top_design_v_mix_0_0_synth_1/prj/sol/.autopilot/db/v_dma.pp.0.cpp:81190:4: note: FIX-IT applied suggested code changes
/home/serg/Documents/Xilinx/z700_hdmi/HDMI_VMIX/hdmi_vmix.runs/top_design_v_mix_0_0_synth_1/prj/sol/.autopilot/db/v_dma.pp.0.cpp:81202:5: remark: Added loop label VITIS_LOOP_1669_3:   [xilinx-label-all-loops]
    for (int l = 0; l < 1; l++)
    ^
    VITIS_LOOP_1669_3: 
/home/serg/Documents/Xilinx/z700_hdmi/HDMI_VMIX/hdmi_vmix.runs/top_design_v_mix_0_0_synth_1/prj/sol/.autopilot/db/v_dma.pp.0.cpp:81202:5: note: FIX-IT applied suggested code changes
/home/serg/Documents/Xilinx/z700_hdmi/HDMI_VMIX/hdmi_vmix.runs/top_design_v_mix_0_0_synth_1/prj/sol/.autopilot/db/v_dma.pp.0.cpp:81237:3: remark: Added loop label VITIS_LOOP_1704_1:   [xilinx-label-all-loops]
  for (int y = 0; y < rows; y++)
  ^
  VITIS_LOOP_1704_1: 
/home/serg/Documents/Xilinx/z700_hdmi/HDMI_VMIX/hdmi_vmix.runs/top_design_v_mix_0_0_synth_1/prj/sol/.autopilot/db/v_dma.pp.0.cpp:81237:3: note: FIX-IT applied suggested code changes
/home/serg/Documents/Xilinx/z700_hdmi/HDMI_VMIX/hdmi_vmix.runs/top_design_v_mix_0_0_synth_1/prj/sol/.autopilot/db/v_dma.pp.0.cpp:81245:4: remark: Added loop label VITIS_LOOP_1712_2:   [xilinx-label-all-loops]
   for (int x = 0; x < cols/1; x++)
   ^
   VITIS_LOOP_1712_2: 
/home/serg/Documents/Xilinx/z700_hdmi/HDMI_VMIX/hdmi_vmix.runs/top_design_v_mix_0_0_synth_1/prj/sol/.autopilot/db/v_dma.pp.0.cpp:81245:4: note: FIX-IT applied suggested code changes
/home/serg/Documents/Xilinx/z700_hdmi/HDMI_VMIX/hdmi_vmix.runs/top_design_v_mix_0_0_synth_1/prj/sol/.autopilot/db/v_dma.pp.0.cpp:81259:5: remark: Added loop label VITIS_LOOP_1726_3:   [xilinx-label-all-loops]
    for (int l = 0; l < 1; l++)
    ^
    VITIS_LOOP_1726_3: 
/home/serg/Documents/Xilinx/z700_hdmi/HDMI_VMIX/hdmi_vmix.runs/top_design_v_mix_0_0_synth_1/prj/sol/.autopilot/db/v_dma.pp.0.cpp:81259:5: note: FIX-IT applied suggested code changes
/home/serg/Documents/Xilinx/z700_hdmi/HDMI_VMIX/hdmi_vmix.runs/top_design_v_mix_0_0_synth_1/prj/sol/.autopilot/db/v_dma.pp.0.cpp:81292:3: remark: Added loop label VITIS_LOOP_1759_1:   [xilinx-label-all-loops]
  for (int y = 0; y < rows; y++)
  ^
  VITIS_LOOP_1759_1: 
/home/serg/Documents/Xilinx/z700_hdmi/HDMI_VMIX/hdmi_vmix.runs/top_design_v_mix_0_0_synth_1/prj/sol/.autopilot/db/v_dma.pp.0.cpp:81292:3: note: FIX-IT applied suggested code changes
/home/serg/Documents/Xilinx/z700_hdmi/HDMI_VMIX/hdmi_vmix.runs/top_design_v_mix_0_0_synth_1/prj/sol/.autopilot/db/v_dma.pp.0.cpp:81300:4: remark: Added loop label VITIS_LOOP_1767_2:   [xilinx-label-all-loops]
   for (int x = 0; x < cols/1; x++)
   ^
   VITIS_LOOP_1767_2: 
/home/serg/Documents/Xilinx/z700_hdmi/HDMI_VMIX/hdmi_vmix.runs/top_design_v_mix_0_0_synth_1/prj/sol/.autopilot/db/v_dma.pp.0.cpp:81300:4: note: FIX-IT applied suggested code changes
/home/serg/Documents/Xilinx/z700_hdmi/HDMI_VMIX/hdmi_vmix.runs/top_design_v_mix_0_0_synth_1/prj/sol/.autopilot/db/v_dma.pp.0.cpp:81314:5: remark: Added loop label VITIS_LOOP_1781_3:   [xilinx-label-all-loops]
    for (int l = 0; l < 1; l++)
    ^
    VITIS_LOOP_1781_3: 
/home/serg/Documents/Xilinx/z700_hdmi/HDMI_VMIX/hdmi_vmix.runs/top_design_v_mix_0_0_synth_1/prj/sol/.autopilot/db/v_dma.pp.0.cpp:81314:5: note: FIX-IT applied suggested code changes
/home/serg/Documents/Xilinx/z700_hdmi/HDMI_VMIX/hdmi_vmix.runs/top_design_v_mix_0_0_synth_1/prj/sol/.autopilot/db/v_dma.pp.0.cpp:81352:9: remark: Added loop label VITIS_LOOP_1819_1:   [xilinx-label-all-loops]
        for (int y = 0; y < Height; y++)
        ^
        VITIS_LOOP_1819_1: 
/home/serg/Documents/Xilinx/z700_hdmi/HDMI_VMIX/hdmi_vmix.runs/top_design_v_mix_0_0_synth_1/prj/sol/.autopilot/db/v_dma.pp.0.cpp:81352:9: note: FIX-IT applied suggested code changes
/home/serg/Documents/Xilinx/z700_hdmi/HDMI_VMIX/hdmi_vmix.runs/top_design_v_mix_0_0_synth_1/prj/sol/.autopilot/db/v_dma.pp.0.cpp:81360:13: remark: Added loop label VITIS_LOOP_1827_2:   [xilinx-label-all-loops]
            for (int x = 0; x < loopWidth; x++)
            ^
            VITIS_LOOP_1827_2: 
/home/serg/Documents/Xilinx/z700_hdmi/HDMI_VMIX/hdmi_vmix.runs/top_design_v_mix_0_0_synth_1/prj/sol/.autopilot/db/v_dma.pp.0.cpp:81360:13: note: FIX-IT applied suggested code changes
/home/serg/Documents/Xilinx/z700_hdmi/HDMI_VMIX/hdmi_vmix.runs/top_design_v_mix_0_0_synth_1/prj/sol/.autopilot/db/v_dma.pp.0.cpp:81372:17: remark: Added loop label VITIS_LOOP_1839_3:   [xilinx-label-all-loops]
                for (int i=0; i<4*((32*1*2)/32)/1; i++)
                ^
                VITIS_LOOP_1839_3: 
/home/serg/Documents/Xilinx/z700_hdmi/HDMI_VMIX/hdmi_vmix.runs/top_design_v_mix_0_0_synth_1/prj/sol/.autopilot/db/v_dma.pp.0.cpp:81372:17: note: FIX-IT applied suggested code changes
/home/serg/Documents/Xilinx/z700_hdmi/HDMI_VMIX/hdmi_vmix.runs/top_design_v_mix_0_0_synth_1/prj/sol/.autopilot/db/v_dma.pp.0.cpp:81374:21: remark: Added loop label VITIS_LOOP_1841_4:   [xilinx-label-all-loops]
                    for (int k=0; k<1; k++)
                    ^
                    VITIS_LOOP_1841_4: 
/home/serg/Documents/Xilinx/z700_hdmi/HDMI_VMIX/hdmi_vmix.runs/top_design_v_mix_0_0_synth_1/prj/sol/.autopilot/db/v_dma.pp.0.cpp:81374:21: note: FIX-IT applied suggested code changes
/home/serg/Documents/Xilinx/z700_hdmi/HDMI_VMIX/hdmi_vmix.runs/top_design_v_mix_0_0_synth_1/prj/sol/.autopilot/db/v_dma.pp.0.cpp:81415:9: remark: Added loop label VITIS_LOOP_1882_1:   [xilinx-label-all-loops]
        for (int y = 0; y < Height; y++)
        ^
        VITIS_LOOP_1882_1: 
/home/serg/Documents/Xilinx/z700_hdmi/HDMI_VMIX/hdmi_vmix.runs/top_design_v_mix_0_0_synth_1/prj/sol/.autopilot/db/v_dma.pp.0.cpp:81415:9: note: FIX-IT applied suggested code changes
/home/serg/Documents/Xilinx/z700_hdmi/HDMI_VMIX/hdmi_vmix.runs/top_design_v_mix_0_0_synth_1/prj/sol/.autopilot/db/v_dma.pp.0.cpp:81423:13: remark: Added loop label VITIS_LOOP_1890_2:   [xilinx-label-all-loops]
            for (int x = 0; x < loopWidth; x++)
            ^
            VITIS_LOOP_1890_2: 
/home/serg/Documents/Xilinx/z700_hdmi/HDMI_VMIX/hdmi_vmix.runs/top_design_v_mix_0_0_synth_1/prj/sol/.autopilot/db/v_dma.pp.0.cpp:81423:13: note: FIX-IT applied suggested code changes
/home/serg/Documents/Xilinx/z700_hdmi/HDMI_VMIX/hdmi_vmix.runs/top_design_v_mix_0_0_synth_1/prj/sol/.autopilot/db/v_dma.pp.0.cpp:81435:17: remark: Added loop label VITIS_LOOP_1902_3:   [xilinx-label-all-loops]
                for (int i=0; i<4*((32*1*2)/32)/1; i++)
                ^
                VITIS_LOOP_1902_3: 
/home/serg/Documents/Xilinx/z700_hdmi/HDMI_VMIX/hdmi_vmix.runs/top_design_v_mix_0_0_synth_1/prj/sol/.autopilot/db/v_dma.pp.0.cpp:81435:17: note: FIX-IT applied suggested code changes
/home/serg/Documents/Xilinx/z700_hdmi/HDMI_VMIX/hdmi_vmix.runs/top_design_v_mix_0_0_synth_1/prj/sol/.autopilot/db/v_dma.pp.0.cpp:81437:21: remark: Added loop label VITIS_LOOP_1904_4:   [xilinx-label-all-loops]
                    for (int k=0; k<1; k++)
                    ^
                    VITIS_LOOP_1904_4: 
/home/serg/Documents/Xilinx/z700_hdmi/HDMI_VMIX/hdmi_vmix.runs/top_design_v_mix_0_0_synth_1/prj/sol/.autopilot/db/v_dma.pp.0.cpp:81437:21: note: FIX-IT applied suggested code changes
/home/serg/Documents/Xilinx/z700_hdmi/HDMI_VMIX/hdmi_vmix.runs/top_design_v_mix_0_0_synth_1/prj/sol/.autopilot/db/v_dma.pp.0.cpp:81478:9: remark: Added loop label VITIS_LOOP_1945_1:   [xilinx-label-all-loops]
        for (int y = 0; y < Height; y++)
        ^
        VITIS_LOOP_1945_1: 
/home/serg/Documents/Xilinx/z700_hdmi/HDMI_VMIX/hdmi_vmix.runs/top_design_v_mix_0_0_synth_1/prj/sol/.autopilot/db/v_dma.pp.0.cpp:81478:9: note: FIX-IT applied suggested code changes
/home/serg/Documents/Xilinx/z700_hdmi/HDMI_VMIX/hdmi_vmix.runs/top_design_v_mix_0_0_synth_1/prj/sol/.autopilot/db/v_dma.pp.0.cpp:81486:13: remark: Added loop label VITIS_LOOP_1953_2:   [xilinx-label-all-loops]
            for (int x = 0; x < loopWidth; x++)
            ^
            VITIS_LOOP_1953_2: 
/home/serg/Documents/Xilinx/z700_hdmi/HDMI_VMIX/hdmi_vmix.runs/top_design_v_mix_0_0_synth_1/prj/sol/.autopilot/db/v_dma.pp.0.cpp:81486:13: note: FIX-IT applied suggested code changes
/home/serg/Documents/Xilinx/z700_hdmi/HDMI_VMIX/hdmi_vmix.runs/top_design_v_mix_0_0_synth_1/prj/sol/.autopilot/db/v_dma.pp.0.cpp:81498:17: remark: Added loop label VITIS_LOOP_1965_3:   [xilinx-label-all-loops]
                for (int i=0; i<4*((32*1*2)/32)/1; i++)
                ^
                VITIS_LOOP_1965_3: 
/home/serg/Documents/Xilinx/z700_hdmi/HDMI_VMIX/hdmi_vmix.runs/top_design_v_mix_0_0_synth_1/prj/sol/.autopilot/db/v_dma.pp.0.cpp:81498:17: note: FIX-IT applied suggested code changes
/home/serg/Documents/Xilinx/z700_hdmi/HDMI_VMIX/hdmi_vmix.runs/top_design_v_mix_0_0_synth_1/prj/sol/.autopilot/db/v_dma.pp.0.cpp:81500:21: remark: Added loop label VITIS_LOOP_1967_4:   [xilinx-label-all-loops]
                    for (int k=0; k<1; k++)
                    ^
                    VITIS_LOOP_1967_4: 
/home/serg/Documents/Xilinx/z700_hdmi/HDMI_VMIX/hdmi_vmix.runs/top_design_v_mix_0_0_synth_1/prj/sol/.autopilot/db/v_dma.pp.0.cpp:81500:21: note: FIX-IT applied suggested code changes
/home/serg/Documents/Xilinx/z700_hdmi/HDMI_VMIX/hdmi_vmix.runs/top_design_v_mix_0_0_synth_1/prj/sol/.autopilot/db/v_dma.pp.0.cpp:81549:13: remark: Added loop label VITIS_LOOP_2016_1:   [xilinx-label-all-loops]
            for (int x = 0; x < loopWidth; x++)
            ^
            VITIS_LOOP_2016_1: 
/home/serg/Documents/Xilinx/z700_hdmi/HDMI_VMIX/hdmi_vmix.runs/top_design_v_mix_0_0_synth_1/prj/sol/.autopilot/db/v_dma.pp.0.cpp:81549:13: note: FIX-IT applied suggested code changes
/home/serg/Documents/Xilinx/z700_hdmi/HDMI_VMIX/hdmi_vmix.runs/top_design_v_mix_0_0_synth_1/prj/sol/.autopilot/db/v_dma.pp.0.cpp:81556:17: remark: Added loop label VITIS_LOOP_2023_2:   [xilinx-label-all-loops]
                for (int j=0; j<((32*1*2)/32); j++)
                ^
                VITIS_LOOP_2023_2: 
/home/serg/Documents/Xilinx/z700_hdmi/HDMI_VMIX/hdmi_vmix.runs/top_design_v_mix_0_0_synth_1/prj/sol/.autopilot/db/v_dma.pp.0.cpp:81556:17: note: FIX-IT applied suggested code changes
/home/serg/Documents/Xilinx/z700_hdmi/HDMI_VMIX/hdmi_vmix.runs/top_design_v_mix_0_0_synth_1/prj/sol/.autopilot/db/v_dma.pp.0.cpp:81564:17: remark: Added loop label VITIS_LOOP_2031_3:   [xilinx-label-all-loops]
                for (int j=0; j<((32*1*2)/32); j++)
                ^
                VITIS_LOOP_2031_3: 
/home/serg/Documents/Xilinx/z700_hdmi/HDMI_VMIX/hdmi_vmix.runs/top_design_v_mix_0_0_synth_1/prj/sol/.autopilot/db/v_dma.pp.0.cpp:81564:17: note: FIX-IT applied suggested code changes
/home/serg/Documents/Xilinx/z700_hdmi/HDMI_VMIX/hdmi_vmix.runs/top_design_v_mix_0_0_synth_1/prj/sol/.autopilot/db/v_dma.pp.0.cpp:81569:17: remark: Added loop label VITIS_LOOP_2036_4:   [xilinx-label-all-loops]
                for (int i=0; i<3*((32*1*2)/32)/1; i++)
                ^
                VITIS_LOOP_2036_4: 
/home/serg/Documents/Xilinx/z700_hdmi/HDMI_VMIX/hdmi_vmix.runs/top_design_v_mix_0_0_synth_1/prj/sol/.autopilot/db/v_dma.pp.0.cpp:81569:17: note: FIX-IT applied suggested code changes
/home/serg/Documents/Xilinx/z700_hdmi/HDMI_VMIX/hdmi_vmix.runs/top_design_v_mix_0_0_synth_1/prj/sol/.autopilot/db/v_dma.pp.0.cpp:81571:21: remark: Added loop label VITIS_LOOP_2038_5:   [xilinx-label-all-loops]
                    for (int k=0; k<1; k++)
                    ^
                    VITIS_LOOP_2038_5: 
/home/serg/Documents/Xilinx/z700_hdmi/HDMI_VMIX/hdmi_vmix.runs/top_design_v_mix_0_0_synth_1/prj/sol/.autopilot/db/v_dma.pp.0.cpp:81571:21: note: FIX-IT applied suggested code changes
/home/serg/Documents/Xilinx/z700_hdmi/HDMI_VMIX/hdmi_vmix.runs/top_design_v_mix_0_0_synth_1/prj/sol/.autopilot/db/v_dma.pp.0.cpp:81623:13: remark: Added loop label VITIS_LOOP_2090_1:   [xilinx-label-all-loops]
            for (int x = 0; x < loopWidth; x++)
            ^
            VITIS_LOOP_2090_1: 
/home/serg/Documents/Xilinx/z700_hdmi/HDMI_VMIX/hdmi_vmix.runs/top_design_v_mix_0_0_synth_1/prj/sol/.autopilot/db/v_dma.pp.0.cpp:81623:13: note: FIX-IT applied suggested code changes
/home/serg/Documents/Xilinx/z700_hdmi/HDMI_VMIX/hdmi_vmix.runs/top_design_v_mix_0_0_synth_1/prj/sol/.autopilot/db/v_dma.pp.0.cpp:81630:17: remark: Added loop label VITIS_LOOP_2097_2:   [xilinx-label-all-loops]
                for (int j=0; j<((32*1*2)/32); j++)
                ^
                VITIS_LOOP_2097_2: 
/home/serg/Documents/Xilinx/z700_hdmi/HDMI_VMIX/hdmi_vmix.runs/top_design_v_mix_0_0_synth_1/prj/sol/.autopilot/db/v_dma.pp.0.cpp:81630:17: note: FIX-IT applied suggested code changes
/home/serg/Documents/Xilinx/z700_hdmi/HDMI_VMIX/hdmi_vmix.runs/top_design_v_mix_0_0_synth_1/prj/sol/.autopilot/db/v_dma.pp.0.cpp:81640:21: remark: Added loop label VITIS_LOOP_2107_3:   [xilinx-label-all-loops]
                    for (int j=0; j<((32*1*2)/32); j++)
                    ^
                    VITIS_LOOP_2107_3: 
/home/serg/Documents/Xilinx/z700_hdmi/HDMI_VMIX/hdmi_vmix.runs/top_design_v_mix_0_0_synth_1/prj/sol/.autopilot/db/v_dma.pp.0.cpp:81640:21: note: FIX-IT applied suggested code changes
/home/serg/Documents/Xilinx/z700_hdmi/HDMI_VMIX/hdmi_vmix.runs/top_design_v_mix_0_0_synth_1/prj/sol/.autopilot/db/v_dma.pp.0.cpp:81646:17: remark: Added loop label VITIS_LOOP_2113_4:   [xilinx-label-all-loops]
                for (int i=0; i<3*((32*1*2)/32)/1; i++)
                ^
                VITIS_LOOP_2113_4: 
/home/serg/Documents/Xilinx/z700_hdmi/HDMI_VMIX/hdmi_vmix.runs/top_design_v_mix_0_0_synth_1/prj/sol/.autopilot/db/v_dma.pp.0.cpp:81646:17: note: FIX-IT applied suggested code changes
/home/serg/Documents/Xilinx/z700_hdmi/HDMI_VMIX/hdmi_vmix.runs/top_design_v_mix_0_0_synth_1/prj/sol/.autopilot/db/v_dma.pp.0.cpp:81648:21: remark: Added loop label VITIS_LOOP_2115_5:   [xilinx-label-all-loops]
                    for (int k=0; k<1; k++)
                    ^
                    VITIS_LOOP_2115_5: 
/home/serg/Documents/Xilinx/z700_hdmi/HDMI_VMIX/hdmi_vmix.runs/top_design_v_mix_0_0_synth_1/prj/sol/.autopilot/db/v_dma.pp.0.cpp:81648:21: note: FIX-IT applied suggested code changes
/home/serg/Documents/Xilinx/z700_hdmi/HDMI_VMIX/hdmi_vmix.runs/top_design_v_mix_0_0_synth_1/prj/sol/.autopilot/db/v_dma.pp.0.cpp:81699:13: remark: Added loop label VITIS_LOOP_2166_1:   [xilinx-label-all-loops]
            for (int x = 0; x < loopWidth; x++)
            ^
            VITIS_LOOP_2166_1: 
/home/serg/Documents/Xilinx/z700_hdmi/HDMI_VMIX/hdmi_vmix.runs/top_design_v_mix_0_0_synth_1/prj/sol/.autopilot/db/v_dma.pp.0.cpp:81699:13: note: FIX-IT applied suggested code changes
/home/serg/Documents/Xilinx/z700_hdmi/HDMI_VMIX/hdmi_vmix.runs/top_design_v_mix_0_0_synth_1/prj/sol/.autopilot/db/v_dma.pp.0.cpp:81706:17: remark: Added loop label VITIS_LOOP_2173_2:   [xilinx-label-all-loops]
                for (int i=0; i<4*((32*1*2)/32)/1; i++)
                ^
                VITIS_LOOP_2173_2: 
/home/serg/Documents/Xilinx/z700_hdmi/HDMI_VMIX/hdmi_vmix.runs/top_design_v_mix_0_0_synth_1/prj/sol/.autopilot/db/v_dma.pp.0.cpp:81706:17: note: FIX-IT applied suggested code changes
/home/serg/Documents/Xilinx/z700_hdmi/HDMI_VMIX/hdmi_vmix.runs/top_design_v_mix_0_0_synth_1/prj/sol/.autopilot/db/v_dma.pp.0.cpp:81708:21: remark: Added loop label VITIS_LOOP_2175_3:   [xilinx-label-all-loops]
                    for (int k=0; k<1; k++)
                    ^
                    VITIS_LOOP_2175_3: 
/home/serg/Documents/Xilinx/z700_hdmi/HDMI_VMIX/hdmi_vmix.runs/top_design_v_mix_0_0_synth_1/prj/sol/.autopilot/db/v_dma.pp.0.cpp:81708:21: note: FIX-IT applied suggested code changes
/home/serg/Documents/Xilinx/z700_hdmi/HDMI_VMIX/hdmi_vmix.runs/top_design_v_mix_0_0_synth_1/prj/sol/.autopilot/db/v_dma.pp.0.cpp:81757:13: remark: Added loop label VITIS_LOOP_2224_1:   [xilinx-label-all-loops]
            for (int x = 0; x < loopWidth; x++)
            ^
            VITIS_LOOP_2224_1: 
/home/serg/Documents/Xilinx/z700_hdmi/HDMI_VMIX/hdmi_vmix.runs/top_design_v_mix_0_0_synth_1/prj/sol/.autopilot/db/v_dma.pp.0.cpp:81757:13: note: FIX-IT applied suggested code changes
/home/serg/Documents/Xilinx/z700_hdmi/HDMI_VMIX/hdmi_vmix.runs/top_design_v_mix_0_0_synth_1/prj/sol/.autopilot/db/v_dma.pp.0.cpp:81764:17: remark: Added loop label VITIS_LOOP_2231_2:   [xilinx-label-all-loops]
                for (int j=0; j<((32*1*2)/32); j++)
                ^
                VITIS_LOOP_2231_2: 
/home/serg/Documents/Xilinx/z700_hdmi/HDMI_VMIX/hdmi_vmix.runs/top_design_v_mix_0_0_synth_1/prj/sol/.autopilot/db/v_dma.pp.0.cpp:81764:17: note: FIX-IT applied suggested code changes
/home/serg/Documents/Xilinx/z700_hdmi/HDMI_VMIX/hdmi_vmix.runs/top_design_v_mix_0_0_synth_1/prj/sol/.autopilot/db/v_dma.pp.0.cpp:81769:17: remark: Added loop label VITIS_LOOP_2236_3:   [xilinx-label-all-loops]
                for (int i=0; i<3*((32*1*2)/32)/1; i++)
                ^
                VITIS_LOOP_2236_3: 
/home/serg/Documents/Xilinx/z700_hdmi/HDMI_VMIX/hdmi_vmix.runs/top_design_v_mix_0_0_synth_1/prj/sol/.autopilot/db/v_dma.pp.0.cpp:81769:17: note: FIX-IT applied suggested code changes
/home/serg/Documents/Xilinx/z700_hdmi/HDMI_VMIX/hdmi_vmix.runs/top_design_v_mix_0_0_synth_1/prj/sol/.autopilot/db/v_dma.pp.0.cpp:81771:21: remark: Added loop label VITIS_LOOP_2238_4:   [xilinx-label-all-loops]
                    for (int k=0; k<1; k++)
                    ^
                    VITIS_LOOP_2238_4: 
/home/serg/Documents/Xilinx/z700_hdmi/HDMI_VMIX/hdmi_vmix.runs/top_design_v_mix_0_0_synth_1/prj/sol/.autopilot/db/v_dma.pp.0.cpp:81771:21: note: FIX-IT applied suggested code changes
/home/serg/Documents/Xilinx/z700_hdmi/HDMI_VMIX/hdmi_vmix.runs/top_design_v_mix_0_0_synth_1/prj/sol/.autopilot/db/v_dma.pp.0.cpp:81814:3: remark: Added loop label VITIS_LOOP_2281_1:   [xilinx-label-all-loops]
  for (int y = 0; y < rows; y++)
  ^
  VITIS_LOOP_2281_1: 
/home/serg/Documents/Xilinx/z700_hdmi/HDMI_VMIX/hdmi_vmix.runs/top_design_v_mix_0_0_synth_1/prj/sol/.autopilot/db/v_dma.pp.0.cpp:81814:3: note: FIX-IT applied suggested code changes
/home/serg/Documents/Xilinx/z700_hdmi/HDMI_VMIX/hdmi_vmix.runs/top_design_v_mix_0_0_synth_1/prj/sol/.autopilot/db/v_dma.pp.0.cpp:81823:4: remark: Added loop label VITIS_LOOP_2290_2:   [xilinx-label-all-loops]
   for (int x = 0; x < cols/1; x++)
   ^
   VITIS_LOOP_2290_2: 
/home/serg/Documents/Xilinx/z700_hdmi/HDMI_VMIX/hdmi_vmix.runs/top_design_v_mix_0_0_synth_1/prj/sol/.autopilot/db/v_dma.pp.0.cpp:81823:4: note: FIX-IT applied suggested code changes
/home/serg/Documents/Xilinx/z700_hdmi/HDMI_VMIX/hdmi_vmix.runs/top_design_v_mix_0_0_synth_1/prj/sol/.autopilot/db/v_dma.pp.0.cpp:81839:5: remark: Added loop label VITIS_LOOP_2306_3:   [xilinx-label-all-loops]
    for (int l = 0; l < 1; l++)
    ^
    VITIS_LOOP_2306_3: 
/home/serg/Documents/Xilinx/z700_hdmi/HDMI_VMIX/hdmi_vmix.runs/top_design_v_mix_0_0_synth_1/prj/sol/.autopilot/db/v_dma.pp.0.cpp:81839:5: note: FIX-IT applied suggested code changes
/home/serg/Documents/Xilinx/z700_hdmi/HDMI_VMIX/hdmi_vmix.runs/top_design_v_mix_0_0_synth_1/prj/sol/.autopilot/db/v_dma.pp.0.cpp:81887:13: remark: Added loop label VITIS_LOOP_2354_1:   [xilinx-label-all-loops]
            for (int x = 0; x < loopWidth; x++)
            ^
            VITIS_LOOP_2354_1: 
/home/serg/Documents/Xilinx/z700_hdmi/HDMI_VMIX/hdmi_vmix.runs/top_design_v_mix_0_0_synth_1/prj/sol/.autopilot/db/v_dma.pp.0.cpp:81887:13: note: FIX-IT applied suggested code changes
/home/serg/Documents/Xilinx/z700_hdmi/HDMI_VMIX/hdmi_vmix.runs/top_design_v_mix_0_0_synth_1/prj/sol/.autopilot/db/v_dma.pp.0.cpp:81894:17: remark: Added loop label VITIS_LOOP_2361_2:   [xilinx-label-all-loops]
                for (int j=0; j<((32*1*2)/32); j++)
                ^
                VITIS_LOOP_2361_2: 
/home/serg/Documents/Xilinx/z700_hdmi/HDMI_VMIX/hdmi_vmix.runs/top_design_v_mix_0_0_synth_1/prj/sol/.autopilot/db/v_dma.pp.0.cpp:81894:17: note: FIX-IT applied suggested code changes
/home/serg/Documents/Xilinx/z700_hdmi/HDMI_VMIX/hdmi_vmix.runs/top_design_v_mix_0_0_synth_1/prj/sol/.autopilot/db/v_dma.pp.0.cpp:81902:17: remark: Added loop label VITIS_LOOP_2369_3:   [xilinx-label-all-loops]
                for (int j=0; j<((32*1*2)/32); j++)
                ^
                VITIS_LOOP_2369_3: 
/home/serg/Documents/Xilinx/z700_hdmi/HDMI_VMIX/hdmi_vmix.runs/top_design_v_mix_0_0_synth_1/prj/sol/.autopilot/db/v_dma.pp.0.cpp:81902:17: note: FIX-IT applied suggested code changes
/home/serg/Documents/Xilinx/z700_hdmi/HDMI_VMIX/hdmi_vmix.runs/top_design_v_mix_0_0_synth_1/prj/sol/.autopilot/db/v_dma.pp.0.cpp:81910:17: remark: Added loop label VITIS_LOOP_2377_4:   [xilinx-label-all-loops]
                for (int j=0; j<((32*1*2)/32); j++)
                ^
                VITIS_LOOP_2377_4: 
/home/serg/Documents/Xilinx/z700_hdmi/HDMI_VMIX/hdmi_vmix.runs/top_design_v_mix_0_0_synth_1/prj/sol/.autopilot/db/v_dma.pp.0.cpp:81910:17: note: FIX-IT applied suggested code changes
/home/serg/Documents/Xilinx/z700_hdmi/HDMI_VMIX/hdmi_vmix.runs/top_design_v_mix_0_0_synth_1/prj/sol/.autopilot/db/v_dma.pp.0.cpp:81915:17: remark: Added loop label VITIS_LOOP_2382_5:   [xilinx-label-all-loops]
                for (int i=0; i<3*((32*1*2)/32)/1; i++)
                ^
                VITIS_LOOP_2382_5: 
/home/serg/Documents/Xilinx/z700_hdmi/HDMI_VMIX/hdmi_vmix.runs/top_design_v_mix_0_0_synth_1/prj/sol/.autopilot/db/v_dma.pp.0.cpp:81915:17: note: FIX-IT applied suggested code changes
/home/serg/Documents/Xilinx/z700_hdmi/HDMI_VMIX/hdmi_vmix.runs/top_design_v_mix_0_0_synth_1/prj/sol/.autopilot/db/v_dma.pp.0.cpp:81917:21: remark: Added loop label VITIS_LOOP_2384_6:   [xilinx-label-all-loops]
                    for (int k=0; k<1; k++)
                    ^
                    VITIS_LOOP_2384_6: 
/home/serg/Documents/Xilinx/z700_hdmi/HDMI_VMIX/hdmi_vmix.runs/top_design_v_mix_0_0_synth_1/prj/sol/.autopilot/db/v_dma.pp.0.cpp:81917:21: note: FIX-IT applied suggested code changes
/home/serg/Documents/Xilinx/z700_hdmi/HDMI_VMIX/hdmi_vmix.runs/top_design_v_mix_0_0_synth_1/prj/sol/.autopilot/db/v_dma.pp.0.cpp:81974:13: remark: Added loop label VITIS_LOOP_2441_1:   [xilinx-label-all-loops]
            for (int x = 0; x < loopWidth; x++)
            ^
            VITIS_LOOP_2441_1: 
/home/serg/Documents/Xilinx/z700_hdmi/HDMI_VMIX/hdmi_vmix.runs/top_design_v_mix_0_0_synth_1/prj/sol/.autopilot/db/v_dma.pp.0.cpp:81974:13: note: FIX-IT applied suggested code changes
/home/serg/Documents/Xilinx/z700_hdmi/HDMI_VMIX/hdmi_vmix.runs/top_design_v_mix_0_0_synth_1/prj/sol/.autopilot/db/v_dma.pp.0.cpp:81987:17: remark: Added loop label VITIS_LOOP_2454_2:   [xilinx-label-all-loops]
                for (int j=0; j<3; j++)
                ^
                VITIS_LOOP_2454_2: 
/home/serg/Documents/Xilinx/z700_hdmi/HDMI_VMIX/hdmi_vmix.runs/top_design_v_mix_0_0_synth_1/prj/sol/.autopilot/db/v_dma.pp.0.cpp:81987:17: note: FIX-IT applied suggested code changes
/home/serg/Documents/Xilinx/z700_hdmi/HDMI_VMIX/hdmi_vmix.runs/top_design_v_mix_0_0_synth_1/prj/sol/.autopilot/db/v_dma.pp.0.cpp:81999:17: remark: Added loop label VITIS_LOOP_2466_3:   [xilinx-label-all-loops]
                for (int i=0; i<(((32*1*2)*3)/(12*1)); i++)
                ^
                VITIS_LOOP_2466_3: 
/home/serg/Documents/Xilinx/z700_hdmi/HDMI_VMIX/hdmi_vmix.runs/top_design_v_mix_0_0_synth_1/prj/sol/.autopilot/db/v_dma.pp.0.cpp:81999:17: note: FIX-IT applied suggested code changes
/home/serg/Documents/Xilinx/z700_hdmi/HDMI_VMIX/hdmi_vmix.runs/top_design_v_mix_0_0_synth_1/prj/sol/.autopilot/db/v_dma.pp.0.cpp:82001:21: remark: Added loop label VITIS_LOOP_2468_4:   [xilinx-label-all-loops]
                    for (int k=0; k<1; k++)
                    ^
                    VITIS_LOOP_2468_4: 
/home/serg/Documents/Xilinx/z700_hdmi/HDMI_VMIX/hdmi_vmix.runs/top_design_v_mix_0_0_synth_1/prj/sol/.autopilot/db/v_dma.pp.0.cpp:82001:21: note: FIX-IT applied suggested code changes
