

================================================================
== Vitis HLS Report for 'v_mix'
================================================================
* Date:           Tue Feb 10 17:47:01 2026

* Version:        2025.2 (Build 6295257 on Nov 14 2025)
* Project:        prj
* Solution:       sol (Vivado IP Flow Target)
* Product family: zynq
* Target device:  xc7z020-clg400-2


================================================================
== Performance Estimates
================================================================
+ Timing: 
    * Summary: 
    +--------+---------+----------+------------+
    |  Clock |  Target | Estimated| Uncertainty|
    +--------+---------+----------+------------+
    |ap_clk  |  6.75 ns|  4.927 ns|     1.82 ns|
    +--------+---------+----------+------------+

+ Latency: 
    * Summary: 
    +---------+-----------+-----------+-----------+------+-----------+---------+
    |   Latency (cycles)  |   Latency (absolute)  |     Interval     | Pipeline|
    |   min   |    max    |    min    |    max    |  min |    max    |   Type  |
    +---------+-----------+-----------+-----------+------+-----------+---------+
    |     4605|  141566516|  31.084 us|  0.956 sec|  4606|  141566517|       no|
    +---------+-----------+-----------+-----------+------+-----------+---------+

    + Detail: 
        * Instance: 
        +------------------------------------+-------------------------+---------+-----------+-----------+-----------+------+-----------+----------+
        |                                    |                         |   Latency (cycles)  |   Latency (absolute)  |     Interval     | Pipeline |
        |              Instance              |          Module         |   min   |    max    |    min    |    max    |  min |    max    |   Type   |
        +------------------------------------+-------------------------+---------+-----------+-----------+-----------+------+-----------+----------+
        |grp_VMixHlsDataFlowFunction_fu_415  |VMixHlsDataFlowFunction  |     4600|  141566511|  31.050 us|  0.956 sec|  4482|  141566402|  dataflow|
        +------------------------------------+-------------------------+---------+-----------+-----------+-----------+------+-----------+----------+

        * Loop: 
        +---------------------+---------+---------+----------+-----------+-----------+------+----------+
        |                     |  Latency (cycles) | Iteration|  Initiation Interval  | Trip |          |
        |      Loop Name      |   min   |   max   |  Latency |  achieved |   target  | Count| Pipelined|
        +---------------------+---------+---------+----------+-----------+-----------+------+----------+
        |- VITIS_LOOP_3296_1  |        1|        1|         1|          1|          1|     2|       yes|
        +---------------------+---------+---------+----------+-----------+-----------+------+----------+



================================================================
== Utilization Estimates
================================================================
* Summary: 
+-----------------+---------+-----+--------+-------+-----+
|       Name      | BRAM_18K| DSP |   FF   |  LUT  | URAM|
+-----------------+---------+-----+--------+-------+-----+
|DSP              |        -|    -|       -|      -|    -|
|Expression       |        -|    -|       0|     97|    -|
|FIFO             |        -|    -|       -|      -|    -|
|Instance         |        4|    -|    4317|   6271|    -|
|Memory           |        -|    -|       -|      -|    -|
|Multiplexer      |        -|    -|       0|    124|    -|
|Register         |        -|    -|     424|      -|    -|
+-----------------+---------+-----+--------+-------+-----+
|Total            |        4|    0|    4741|   6492|    0|
+-----------------+---------+-----+--------+-------+-----+
|Available        |      280|  220|  106400|  53200|    0|
+-----------------+---------+-----+--------+-------+-----+
|Utilization (%)  |        1|    0|       4|     12|    0|
+-----------------+---------+-----+--------+-------+-----+

+ Detail: 
    * Instance: 
    +------------------------------------+------------------------------+---------+----+------+------+-----+
    |              Instance              |            Module            | BRAM_18K| DSP|  FF  |  LUT | URAM|
    +------------------------------------+------------------------------+---------+----+------+------+-----+
    |CTRL_s_axi_U                        |CTRL_s_axi                    |        0|   0|   488|   728|    0|
    |grp_VMixHlsDataFlowFunction_fu_415  |VMixHlsDataFlowFunction       |        0|   0|  3108|  4696|    0|
    |bitselect_1ns_32ns_1ns_1_1_1_U249   |bitselect_1ns_32ns_1ns_1_1_1  |        0|   0|     0|     9|    0|
    |mm_video1_m_axi_U                   |mm_video1_m_axi               |        4|   0|   721|   838|    0|
    +------------------------------------+------------------------------+---------+----+------+------+-----+
    |Total                               |                              |        4|   0|  4317|  6271|    0|
    +------------------------------------+------------------------------+---------+----+------+------+-----+

    * DSP: 
    N/A

    * Memory: 
    N/A

    * FIFO: 
    N/A

    * Expression: 
    +--------------------------------------------------------+----------+----+---+----+------------+------------+
    |                      Variable Name                     | Operation| DSP| FF| LUT| Bitwidth P0| Bitwidth P1|
    +--------------------------------------------------------+----------+----+---+----+------------+------------+
    |grp_VMixHlsDataFlowFunction_fu_415_m_axis_video_TREADY  |       and|   0|  0|   1|           1|           1|
    |s_axi_CTRL_flush_done                                   |       and|   0|  0|   1|           1|           0|
    |ap_sync_grp_VMixHlsDataFlowFunction_fu_415_ap_ready     |        or|   0|  0|   1|           1|           1|
    |HwReg_layerEnableFlag_4_fu_519_p3                       |    select|   0|  0|   2|           1|           1|
    |HwReg_layerEnableFlag_fu_527_p3                         |    select|   0|  0|   2|           1|           1|
    |HwReg_layerHeight_fu_549_p3                             |    select|   0|  0|  16|           1|          16|
    |HwReg_layerScaleFactor_fu_542_p3                        |    select|   0|  0|   8|           1|           8|
    |HwReg_layerStartX_fu_570_p3                             |    select|   0|  0|  16|           1|          16|
    |HwReg_layerStartY_fu_563_p3                             |    select|   0|  0|  16|           1|          16|
    |HwReg_layerStride_fu_535_p3                             |    select|   0|  0|  16|           1|          16|
    |HwReg_layerWidth_fu_556_p3                              |    select|   0|  0|  16|           1|          16|
    |i_2_fu_577_p2                                           |       xor|   0|  0|   2|           1|           2|
    +--------------------------------------------------------+----------+----+---+----+------------+------------+
    |Total                                                   |          |   0|  0|  97|          12|          94|
    +--------------------------------------------------------+----------+----+---+----+------------+------------+

    * Multiplexer: 
    +----------------------------------+----+-----------+-----+-----------+
    |               Name               | LUT| Input Size| Bits| Total Bits|
    +----------------------------------+----+-----------+-----+-----------+
    |ap_NS_fsm                         |  25|          6|    1|          6|
    |i_reg_404                         |   9|          2|    1|          2|
    |m_axis_video_TDATA_int_regslice   |   9|          2|   24|         48|
    |m_axis_video_TDEST_int_regslice   |   9|          2|    1|          2|
    |m_axis_video_TID_int_regslice     |   9|          2|    1|          2|
    |m_axis_video_TKEEP_int_regslice   |   9|          2|    3|          6|
    |m_axis_video_TLAST_int_regslice   |   9|          2|    1|          2|
    |m_axis_video_TSTRB_int_regslice   |   9|          2|    3|          6|
    |m_axis_video_TUSER_int_regslice   |   9|          2|    1|          2|
    |mm_video1_0_ARVALID               |   9|          2|    1|          2|
    |mm_video1_0_RREADY                |   9|          2|    1|          2|
    |s_axis_video_TREADY_int_regslice  |   9|          2|    1|          2|
    +----------------------------------+----+-----------+-----+-----------+
    |Total                             | 124|         28|   39|         82|
    +----------------------------------+----+-----------+-----+-----------+

    * Register: 
    +---------------------------------------------------------+----+----+-----+-----------+
    |                           Name                          | FF | LUT| Bits| Const Bits|
    +---------------------------------------------------------+----+----+-----+-----------+
    |HwReg_layerEnableFlag_1_fu_258                           |   1|   0|    1|          0|
    |HwReg_layerEnableFlag_3_fu_262                           |   1|   0|    1|          0|
    |HwReg_layerEnableFlag_4_reg_741                          |   1|   0|    1|          0|
    |HwReg_layerEnableFlag_reg_746                            |   1|   0|    1|          0|
    |HwReg_layerHeight_reg_761                                |  16|   0|   16|          0|
    |HwReg_layerScaleFactor_reg_756                           |   8|   0|    8|          0|
    |HwReg_layerStartX_reg_776                                |  16|   0|   16|          0|
    |HwReg_layerStartY_reg_771                                |  16|   0|   16|          0|
    |HwReg_layerStride_reg_751                                |  16|   0|   16|          0|
    |HwReg_layerWidth_reg_766                                 |  16|   0|   16|          0|
    |ap_CS_fsm                                                |   5|   0|    5|          0|
    |ap_sync_reg_grp_VMixHlsDataFlowFunction_fu_415_ap_done   |   1|   0|    1|          0|
    |ap_sync_reg_grp_VMixHlsDataFlowFunction_fu_415_ap_ready  |   1|   0|    1|          0|
    |empty_78_fu_270                                          |   8|   0|    8|          0|
    |empty_79_fu_274                                          |  16|   0|   16|          0|
    |empty_80_fu_278                                          |  16|   0|   16|          0|
    |empty_81_fu_282                                          |  16|   0|   16|          0|
    |empty_82_fu_286                                          |  16|   0|   16|          0|
    |empty_fu_266                                             |  16|   0|   16|          0|
    |grp_VMixHlsDataFlowFunction_fu_415_ap_start_reg          |   1|   0|    1|          0|
    |i_reg_404                                                |   1|   0|    1|          0|
    |layer1_buf1_read_reg_671                                 |  32|   0|   32|          0|
    |layerEnable_read_reg_676                                 |  32|   0|   32|          0|
    |layerHeight_1_read_reg_726                               |  16|   0|   16|          0|
    |layerScaleFactor_1_read_reg_731                          |   8|   0|    8|          0|
    |layerStartX_1_read_reg_711                               |  16|   0|   16|          0|
    |layerStartY_1_read_reg_716                               |  16|   0|   16|          0|
    |layerStride_1_read_reg_736                               |  16|   0|   16|          0|
    |layerWidth_1_read_reg_721                                |  16|   0|   16|          0|
    |m_axis_video_TDATA_reg                                   |  24|   0|   24|          0|
    |m_axis_video_TDEST_reg                                   |   1|   0|    1|          0|
    |m_axis_video_TID_reg                                     |   1|   0|    1|          0|
    |m_axis_video_TKEEP_reg                                   |   3|   0|    3|          0|
    |m_axis_video_TLAST_reg                                   |   1|   0|    1|          0|
    |m_axis_video_TSTRB_reg                                   |   3|   0|    3|          0|
    |m_axis_video_TUSER_reg                                   |   1|   0|    1|          0|
    |s_axi_CTRL_flush_done                                    |   1|   0|    1|          0|
    |trunc_ln2417_1_reg_686                                   |   8|   0|    8|          0|
    |trunc_ln2417_2_reg_691                                   |   8|   0|    8|          0|
    |trunc_ln2417_3_reg_696                                   |   8|   0|    8|          0|
    |trunc_ln2417_4_reg_701                                   |  11|   0|   11|          0|
    |trunc_ln2417_5_reg_706                                   |  11|   0|   11|          0|
    |trunc_ln2417_reg_681                                     |   2|   0|    2|          0|
    +---------------------------------------------------------+----+----+-----+-----------+
    |Total                                                    | 424|   0|  424|          0|
    +---------------------------------------------------------+----+----+-----+-----------+



================================================================
== Interface
================================================================
* Summary: 
+---------------------------+-----+-----+------------+-----------------------+--------------+
|         RTL Ports         | Dir | Bits|  Protocol  |     Source Object     |    C Type    |
+---------------------------+-----+-----+------------+-----------------------+--------------+
|s_axi_CTRL_AWVALID         |   in|    1|       s_axi|                   CTRL|        scalar|
|s_axi_CTRL_AWREADY         |  out|    1|       s_axi|                   CTRL|        scalar|
|s_axi_CTRL_AWADDR          |   in|   12|       s_axi|                   CTRL|        scalar|
|s_axi_CTRL_WVALID          |   in|    1|       s_axi|                   CTRL|        scalar|
|s_axi_CTRL_WREADY          |  out|    1|       s_axi|                   CTRL|        scalar|
|s_axi_CTRL_WDATA           |   in|   32|       s_axi|                   CTRL|        scalar|
|s_axi_CTRL_WSTRB           |   in|    4|       s_axi|                   CTRL|        scalar|
|s_axi_CTRL_ARVALID         |   in|    1|       s_axi|                   CTRL|        scalar|
|s_axi_CTRL_ARREADY         |  out|    1|       s_axi|                   CTRL|        scalar|
|s_axi_CTRL_ARADDR          |   in|   12|       s_axi|                   CTRL|        scalar|
|s_axi_CTRL_RVALID          |  out|    1|       s_axi|                   CTRL|        scalar|
|s_axi_CTRL_RREADY          |   in|    1|       s_axi|                   CTRL|        scalar|
|s_axi_CTRL_RDATA           |  out|   32|       s_axi|                   CTRL|        scalar|
|s_axi_CTRL_RRESP           |  out|    2|       s_axi|                   CTRL|        scalar|
|s_axi_CTRL_BVALID          |  out|    1|       s_axi|                   CTRL|        scalar|
|s_axi_CTRL_BREADY          |   in|    1|       s_axi|                   CTRL|        scalar|
|s_axi_CTRL_BRESP           |  out|    2|       s_axi|                   CTRL|        scalar|
|ap_clk                     |   in|    1|  ap_ctrl_hs|                  v_mix|  return value|
|ap_rst_n                   |   in|    1|  ap_ctrl_hs|                  v_mix|  return value|
|interrupt                  |  out|    1|  ap_ctrl_hs|                  v_mix|  return value|
|m_axi_mm_video1_AWVALID    |  out|    1|       m_axi|              mm_video1|       pointer|
|m_axi_mm_video1_AWREADY    |   in|    1|       m_axi|              mm_video1|       pointer|
|m_axi_mm_video1_AWADDR     |  out|   32|       m_axi|              mm_video1|       pointer|
|m_axi_mm_video1_AWID       |  out|    1|       m_axi|              mm_video1|       pointer|
|m_axi_mm_video1_AWLEN      |  out|    8|       m_axi|              mm_video1|       pointer|
|m_axi_mm_video1_AWSIZE     |  out|    3|       m_axi|              mm_video1|       pointer|
|m_axi_mm_video1_AWBURST    |  out|    2|       m_axi|              mm_video1|       pointer|
|m_axi_mm_video1_AWLOCK     |  out|    2|       m_axi|              mm_video1|       pointer|
|m_axi_mm_video1_AWCACHE    |  out|    4|       m_axi|              mm_video1|       pointer|
|m_axi_mm_video1_AWPROT     |  out|    3|       m_axi|              mm_video1|       pointer|
|m_axi_mm_video1_AWQOS      |  out|    4|       m_axi|              mm_video1|       pointer|
|m_axi_mm_video1_AWREGION   |  out|    4|       m_axi|              mm_video1|       pointer|
|m_axi_mm_video1_AWUSER     |  out|    1|       m_axi|              mm_video1|       pointer|
|m_axi_mm_video1_WVALID     |  out|    1|       m_axi|              mm_video1|       pointer|
|m_axi_mm_video1_WREADY     |   in|    1|       m_axi|              mm_video1|       pointer|
|m_axi_mm_video1_WDATA      |  out|   64|       m_axi|              mm_video1|       pointer|
|m_axi_mm_video1_WSTRB      |  out|    8|       m_axi|              mm_video1|       pointer|
|m_axi_mm_video1_WLAST      |  out|    1|       m_axi|              mm_video1|       pointer|
|m_axi_mm_video1_WID        |  out|    1|       m_axi|              mm_video1|       pointer|
|m_axi_mm_video1_WUSER      |  out|    1|       m_axi|              mm_video1|       pointer|
|m_axi_mm_video1_ARVALID    |  out|    1|       m_axi|              mm_video1|       pointer|
|m_axi_mm_video1_ARREADY    |   in|    1|       m_axi|              mm_video1|       pointer|
|m_axi_mm_video1_ARADDR     |  out|   32|       m_axi|              mm_video1|       pointer|
|m_axi_mm_video1_ARID       |  out|    1|       m_axi|              mm_video1|       pointer|
|m_axi_mm_video1_ARLEN      |  out|    8|       m_axi|              mm_video1|       pointer|
|m_axi_mm_video1_ARSIZE     |  out|    3|       m_axi|              mm_video1|       pointer|
|m_axi_mm_video1_ARBURST    |  out|    2|       m_axi|              mm_video1|       pointer|
|m_axi_mm_video1_ARLOCK     |  out|    2|       m_axi|              mm_video1|       pointer|
|m_axi_mm_video1_ARCACHE    |  out|    4|       m_axi|              mm_video1|       pointer|
|m_axi_mm_video1_ARPROT     |  out|    3|       m_axi|              mm_video1|       pointer|
|m_axi_mm_video1_ARQOS      |  out|    4|       m_axi|              mm_video1|       pointer|
|m_axi_mm_video1_ARREGION   |  out|    4|       m_axi|              mm_video1|       pointer|
|m_axi_mm_video1_ARUSER     |  out|    1|       m_axi|              mm_video1|       pointer|
|m_axi_mm_video1_RVALID     |   in|    1|       m_axi|              mm_video1|       pointer|
|m_axi_mm_video1_RREADY     |  out|    1|       m_axi|              mm_video1|       pointer|
|m_axi_mm_video1_RDATA      |   in|   64|       m_axi|              mm_video1|       pointer|
|m_axi_mm_video1_RLAST      |   in|    1|       m_axi|              mm_video1|       pointer|
|m_axi_mm_video1_RID        |   in|    1|       m_axi|              mm_video1|       pointer|
|m_axi_mm_video1_RUSER      |   in|    1|       m_axi|              mm_video1|       pointer|
|m_axi_mm_video1_RRESP      |   in|    2|       m_axi|              mm_video1|       pointer|
|m_axi_mm_video1_BVALID     |   in|    1|       m_axi|              mm_video1|       pointer|
|m_axi_mm_video1_BREADY     |  out|    1|       m_axi|              mm_video1|       pointer|
|m_axi_mm_video1_BRESP      |   in|    2|       m_axi|              mm_video1|       pointer|
|m_axi_mm_video1_BID        |   in|    1|       m_axi|              mm_video1|       pointer|
|m_axi_mm_video1_BUSER      |   in|    1|       m_axi|              mm_video1|       pointer|
|s_axis_video_TDATA         |   in|   24|        axis|  s_axis_video_V_data_V|       pointer|
|s_axis_video_TVALID        |   in|    1|        axis|  s_axis_video_V_dest_V|       pointer|
|s_axis_video_TREADY        |  out|    1|        axis|  s_axis_video_V_dest_V|       pointer|
|s_axis_video_TDEST         |   in|    1|        axis|  s_axis_video_V_dest_V|       pointer|
|s_axis_video_TKEEP         |   in|    3|        axis|  s_axis_video_V_keep_V|       pointer|
|s_axis_video_TSTRB         |   in|    3|        axis|  s_axis_video_V_strb_V|       pointer|
|s_axis_video_TUSER         |   in|    1|        axis|  s_axis_video_V_user_V|       pointer|
|s_axis_video_TLAST         |   in|    1|        axis|  s_axis_video_V_last_V|       pointer|
|s_axis_video_TID           |   in|    1|        axis|    s_axis_video_V_id_V|       pointer|
|layerAlpha_0               |   in|   16|     ap_none|           layerAlpha_0|       pointer|
|layerStartX_0              |   in|   16|     ap_none|          layerStartX_0|       pointer|
|layerStartY_0              |   in|   16|     ap_none|          layerStartY_0|       pointer|
|layerWidth_0               |   in|   16|     ap_none|           layerWidth_0|       pointer|
|layerHeight_0              |   in|   16|     ap_none|          layerHeight_0|       pointer|
|layerScaleFactor_0         |   in|    8|     ap_none|     layerScaleFactor_0|       pointer|
|layerVideoFormat_address0  |  out|    1|   ap_memory|       layerVideoFormat|         array|
|layerVideoFormat_ce0       |  out|    1|   ap_memory|       layerVideoFormat|         array|
|layerVideoFormat_we0       |  out|    1|   ap_memory|       layerVideoFormat|         array|
|layerVideoFormat_d0        |  out|    8|   ap_memory|       layerVideoFormat|         array|
|layerVideoFormat_q0        |   in|    8|   ap_memory|       layerVideoFormat|         array|
|layerVideoFormat_address1  |  out|    1|   ap_memory|       layerVideoFormat|         array|
|layerVideoFormat_ce1       |  out|    1|   ap_memory|       layerVideoFormat|         array|
|layerVideoFormat_we1       |  out|    1|   ap_memory|       layerVideoFormat|         array|
|layerVideoFormat_d1        |  out|    8|   ap_memory|       layerVideoFormat|         array|
|layerVideoFormat_q1        |   in|    8|   ap_memory|       layerVideoFormat|         array|
|layerStride_0              |   in|   16|     ap_none|          layerStride_0|       pointer|
|K11                        |   in|   32|     ap_none|                    K11|        scalar|
|K12                        |   in|   32|     ap_none|                    K12|        scalar|
|K13                        |   in|   32|     ap_none|                    K13|        scalar|
|K21                        |   in|   32|     ap_none|                    K21|        scalar|
|K22                        |   in|   32|     ap_none|                    K22|        scalar|
|K23                        |   in|   32|     ap_none|                    K23|        scalar|
|K31                        |   in|   32|     ap_none|                    K31|        scalar|
|K32                        |   in|   32|     ap_none|                    K32|        scalar|
|K33                        |   in|   32|     ap_none|                    K33|        scalar|
|ROffset                    |   in|   32|     ap_none|                ROffset|        scalar|
|GOffset                    |   in|   32|     ap_none|                GOffset|        scalar|
|BOffset                    |   in|   32|     ap_none|                BOffset|        scalar|
|K11_2                      |   in|   32|     ap_none|                  K11_2|        scalar|
|K12_2                      |   in|   32|     ap_none|                  K12_2|        scalar|
|K13_2                      |   in|   32|     ap_none|                  K13_2|        scalar|
|K21_2                      |   in|   32|     ap_none|                  K21_2|        scalar|
|K22_2                      |   in|   32|     ap_none|                  K22_2|        scalar|
|K23_2                      |   in|   32|     ap_none|                  K23_2|        scalar|
|K31_2                      |   in|   32|     ap_none|                  K31_2|        scalar|
|K32_2                      |   in|   32|     ap_none|                  K32_2|        scalar|
|K33_2                      |   in|   32|     ap_none|                  K33_2|        scalar|
|YOffset                    |   in|   32|     ap_none|                YOffset|        scalar|
|UOffset                    |   in|   32|     ap_none|                UOffset|        scalar|
|VOffset                    |   in|   32|     ap_none|                VOffset|        scalar|
|m_axis_video_TDATA         |  out|   24|        axis|  m_axis_video_V_data_V|       pointer|
|m_axis_video_TVALID        |  out|    1|        axis|  m_axis_video_V_dest_V|       pointer|
|m_axis_video_TREADY        |   in|    1|        axis|  m_axis_video_V_dest_V|       pointer|
|m_axis_video_TDEST         |  out|    1|        axis|  m_axis_video_V_dest_V|       pointer|
|m_axis_video_TKEEP         |  out|    3|        axis|  m_axis_video_V_keep_V|       pointer|
|m_axis_video_TSTRB         |  out|    3|        axis|  m_axis_video_V_strb_V|       pointer|
|m_axis_video_TUSER         |  out|    1|        axis|  m_axis_video_V_user_V|       pointer|
|m_axis_video_TLAST         |  out|    1|        axis|  m_axis_video_V_last_V|       pointer|
|m_axis_video_TID           |  out|    1|        axis|    m_axis_video_V_id_V|       pointer|
+---------------------------+-----+-----+------------+-----------------------+--------------+

============================================================
+ Verbose Summary: Synthesis Manager
============================================================
InlineROM: 1
ExposeGlobal: 0
============================================================
+ Verbose Summary: CDFG Model
============================================================
IsTopModel: 1
ResetActiveHigh: 1
IsCombinational: 2
IsDatapathOnly: 2
HasWiredReturn: 1
HasMFsm: 2
HasVarLatency: 1
IsPipeline: 0
IsRtlPipelined: 0
IsInstanceOverlapped: 0
IsDontTouch: 0
HasImplIP: 0
IsGatedGlobalClock: 0

+ Individual pipeline summary: 
  * Pipeline-0: initiation interval (II) = 1, depth = 1


============================================================
+ Verbose Summary: Schedule
============================================================
* Number of FSM states : 5
* Pipeline : 1
  Pipeline-0 : II = 1, D = 1, States = { 2 }
* Dataflow Pipeline: 0

* FSM state transitions: 
1 --> 2 
2 --> 3 2 
3 --> 4 
4 --> 5 
5 --> 

* FSM state operations: 

State 1 <SV = 0> <Delay = 1.29>
ST_1 : Operation 6 [1/1] (0.00ns)   --->   "%HwReg_layerEnableFlag_1 = alloca i32 1"   --->   Operation 6 'alloca' 'HwReg_layerEnableFlag_1' <Predicate = true> <Delay = 0.00>
ST_1 : Operation 7 [1/1] (0.00ns)   --->   "%HwReg_layerEnableFlag_3 = alloca i32 1"   --->   Operation 7 'alloca' 'HwReg_layerEnableFlag_3' <Predicate = true> <Delay = 0.00>
ST_1 : Operation 8 [1/1] (0.00ns)   --->   "%empty = alloca i32 1"   --->   Operation 8 'alloca' 'empty' <Predicate = true> <Delay = 0.00>
ST_1 : Operation 9 [1/1] (0.00ns)   --->   "%empty_78 = alloca i32 1"   --->   Operation 9 'alloca' 'empty_78' <Predicate = true> <Delay = 0.00>
ST_1 : Operation 10 [1/1] (0.00ns)   --->   "%empty_79 = alloca i32 1"   --->   Operation 10 'alloca' 'empty_79' <Predicate = true> <Delay = 0.00>
ST_1 : Operation 11 [1/1] (0.00ns)   --->   "%empty_80 = alloca i32 1"   --->   Operation 11 'alloca' 'empty_80' <Predicate = true> <Delay = 0.00>
ST_1 : Operation 12 [1/1] (0.00ns)   --->   "%empty_81 = alloca i32 1"   --->   Operation 12 'alloca' 'empty_81' <Predicate = true> <Delay = 0.00>
ST_1 : Operation 13 [1/1] (0.00ns)   --->   "%empty_82 = alloca i32 1"   --->   Operation 13 'alloca' 'empty_82' <Predicate = true> <Delay = 0.00>
ST_1 : Operation 14 [1/1] (1.00ns)   --->   "%layer1_buf1_read = read i32 @_ssdm_op_Read.s_axilite.i32, i32 %layer1_buf1" [prj/sol/.autopilot/db/v_mix.cpp:2417]   --->   Operation 14 'read' 'layer1_buf1_read' <Predicate = true> <Delay = 1.00> <CoreInst = "s_axilite">   --->   Core 112 's_axilite' <Latency = 0> <II = 1> <Delay = 1.00> <Adapter> <Opcode : 'read' 'write'>
ST_1 : Operation 15 [1/1] (1.00ns)   --->   "%layerEnable_read = read i32 @_ssdm_op_Read.ap_none.i32, i32 %layerEnable" [prj/sol/.autopilot/db/v_mix.cpp:2417]   --->   Operation 15 'read' 'layerEnable_read' <Predicate = true> <Delay = 1.00> <CoreInst = "s_axilite">   --->   Core 112 's_axilite' <Latency = 0> <II = 1> <Delay = 1.00> <Adapter> <Opcode : 'read' 'write'>
ST_1 : Operation 16 [1/1] (1.00ns)   --->   "%background_V_B_read = read i16 @_ssdm_op_Read.s_axilite.i16, i16 %background_V_B" [prj/sol/.autopilot/db/v_mix.cpp:2417]   --->   Operation 16 'read' 'background_V_B_read' <Predicate = true> <Delay = 1.00> <CoreInst = "s_axilite">   --->   Core 112 's_axilite' <Latency = 0> <II = 1> <Delay = 1.00> <Adapter> <Opcode : 'read' 'write'>
ST_1 : Operation 17 [1/1] (1.00ns)   --->   "%background_U_G_read = read i16 @_ssdm_op_Read.s_axilite.i16, i16 %background_U_G" [prj/sol/.autopilot/db/v_mix.cpp:2417]   --->   Operation 17 'read' 'background_U_G_read' <Predicate = true> <Delay = 1.00> <CoreInst = "s_axilite">   --->   Core 112 's_axilite' <Latency = 0> <II = 1> <Delay = 1.00> <Adapter> <Opcode : 'read' 'write'>
ST_1 : Operation 18 [1/1] (1.00ns)   --->   "%background_Y_R_read = read i16 @_ssdm_op_Read.s_axilite.i16, i16 %background_Y_R" [prj/sol/.autopilot/db/v_mix.cpp:2417]   --->   Operation 18 'read' 'background_Y_R_read' <Predicate = true> <Delay = 1.00> <CoreInst = "s_axilite">   --->   Core 112 's_axilite' <Latency = 0> <II = 1> <Delay = 1.00> <Adapter> <Opcode : 'read' 'write'>
ST_1 : Operation 19 [1/1] (1.00ns)   --->   "%height_read = read i16 @_ssdm_op_Read.s_axilite.i16, i16 %height" [prj/sol/.autopilot/db/v_mix.cpp:2417]   --->   Operation 19 'read' 'height_read' <Predicate = true> <Delay = 1.00> <CoreInst = "s_axilite">   --->   Core 112 's_axilite' <Latency = 0> <II = 1> <Delay = 1.00> <Adapter> <Opcode : 'read' 'write'>
ST_1 : Operation 20 [1/1] (1.00ns)   --->   "%width_read = read i16 @_ssdm_op_Read.s_axilite.i16, i16 %width" [prj/sol/.autopilot/db/v_mix.cpp:2417]   --->   Operation 20 'read' 'width_read' <Predicate = true> <Delay = 1.00> <CoreInst = "s_axilite">   --->   Core 112 's_axilite' <Latency = 0> <II = 1> <Delay = 1.00> <Adapter> <Opcode : 'read' 'write'>
ST_1 : Operation 21 [1/1] (0.00ns)   --->   "%trunc_ln2417 = trunc i32 %layerEnable_read" [prj/sol/.autopilot/db/v_mix.cpp:2417]   --->   Operation 21 'trunc' 'trunc_ln2417' <Predicate = true> <Delay = 0.00>
ST_1 : Operation 22 [1/1] (0.00ns)   --->   "%trunc_ln2417_1 = trunc i16 %background_V_B_read" [prj/sol/.autopilot/db/v_mix.cpp:2417]   --->   Operation 22 'trunc' 'trunc_ln2417_1' <Predicate = true> <Delay = 0.00>
ST_1 : Operation 23 [1/1] (0.00ns)   --->   "%trunc_ln2417_2 = trunc i16 %background_U_G_read" [prj/sol/.autopilot/db/v_mix.cpp:2417]   --->   Operation 23 'trunc' 'trunc_ln2417_2' <Predicate = true> <Delay = 0.00>
ST_1 : Operation 24 [1/1] (0.00ns)   --->   "%trunc_ln2417_3 = trunc i16 %background_Y_R_read" [prj/sol/.autopilot/db/v_mix.cpp:2417]   --->   Operation 24 'trunc' 'trunc_ln2417_3' <Predicate = true> <Delay = 0.00>
ST_1 : Operation 25 [1/1] (0.00ns)   --->   "%trunc_ln2417_4 = trunc i16 %width_read" [prj/sol/.autopilot/db/v_mix.cpp:2417]   --->   Operation 25 'trunc' 'trunc_ln2417_4' <Predicate = true> <Delay = 0.00>
ST_1 : Operation 26 [1/1] (0.00ns)   --->   "%trunc_ln2417_5 = trunc i16 %height_read" [prj/sol/.autopilot/db/v_mix.cpp:2417]   --->   Operation 26 'trunc' 'trunc_ln2417_5' <Predicate = true> <Delay = 0.00>
ST_1 : Operation 27 [1/1] (0.00ns)   --->   "%spectopmodule_ln2417 = spectopmodule void @_ssdm_op_SpecTopModule, void @empty_54" [prj/sol/.autopilot/db/v_mix.cpp:2417]   --->   Operation 27 'spectopmodule' 'spectopmodule_ln2417' <Predicate = true> <Delay = 0.00>
ST_1 : Operation 28 [1/1] (0.00ns)   --->   "%specinterface_ln0 = specinterface void @_ssdm_op_SpecInterface, i64 %mm_video1, void @empty_16, i32 0, i32 0, void @empty_44, i32 100, i32 4096, void @empty_28, void @empty_27, void @empty_44, i32 4, i32 16, i32 16, i32 16, void @empty_44, void @empty_44, i32 4294967295, i32 0, i32 0, i32 8"   --->   Operation 28 'specinterface' 'specinterface_ln0' <Predicate = true> <Delay = 0.00>
ST_1 : Operation 29 [1/1] (0.00ns)   --->   "%specbitsmap_ln0 = specbitsmap void @_ssdm_op_SpecBitsMap, i64 %mm_video1"   --->   Operation 29 'specbitsmap' 'specbitsmap_ln0' <Predicate = true> <Delay = 0.00>
ST_1 : Operation 30 [1/1] (0.00ns)   --->   "%specinterface_ln0 = specinterface void @_ssdm_op_SpecInterface, i24 %s_axis_video_V_data_V, i3 %s_axis_video_V_keep_V, i3 %s_axis_video_V_strb_V, i1 %s_axis_video_V_user_V, i1 %s_axis_video_V_last_V, i1 %s_axis_video_V_id_V, i1 %s_axis_video_V_dest_V, void @empty_26, i32 1, i32 1, void @empty_25, i32 0, i32 0, void @empty_44, void @empty_44, void @empty_44, i32 0, i32 0, i32 0, i32 0, void @empty_44, void @empty_44, i32 4294967295, i32 0, i32 0, i32 0"   --->   Operation 30 'specinterface' 'specinterface_ln0' <Predicate = true> <Delay = 0.00>
ST_1 : Operation 31 [1/1] (0.00ns)   --->   "%specbitsmap_ln0 = specbitsmap void @_ssdm_op_SpecBitsMap, i24 %s_axis_video_V_data_V"   --->   Operation 31 'specbitsmap' 'specbitsmap_ln0' <Predicate = true> <Delay = 0.00>
ST_1 : Operation 32 [1/1] (0.00ns)   --->   "%specbitsmap_ln0 = specbitsmap void @_ssdm_op_SpecBitsMap, i3 %s_axis_video_V_keep_V"   --->   Operation 32 'specbitsmap' 'specbitsmap_ln0' <Predicate = true> <Delay = 0.00>
ST_1 : Operation 33 [1/1] (0.00ns)   --->   "%specbitsmap_ln0 = specbitsmap void @_ssdm_op_SpecBitsMap, i3 %s_axis_video_V_strb_V"   --->   Operation 33 'specbitsmap' 'specbitsmap_ln0' <Predicate = true> <Delay = 0.00>
ST_1 : Operation 34 [1/1] (0.00ns)   --->   "%specbitsmap_ln0 = specbitsmap void @_ssdm_op_SpecBitsMap, i1 %s_axis_video_V_user_V"   --->   Operation 34 'specbitsmap' 'specbitsmap_ln0' <Predicate = true> <Delay = 0.00>
ST_1 : Operation 35 [1/1] (0.00ns)   --->   "%specbitsmap_ln0 = specbitsmap void @_ssdm_op_SpecBitsMap, i1 %s_axis_video_V_last_V"   --->   Operation 35 'specbitsmap' 'specbitsmap_ln0' <Predicate = true> <Delay = 0.00>
ST_1 : Operation 36 [1/1] (0.00ns)   --->   "%specbitsmap_ln0 = specbitsmap void @_ssdm_op_SpecBitsMap, i1 %s_axis_video_V_id_V"   --->   Operation 36 'specbitsmap' 'specbitsmap_ln0' <Predicate = true> <Delay = 0.00>
ST_1 : Operation 37 [1/1] (0.00ns)   --->   "%specbitsmap_ln0 = specbitsmap void @_ssdm_op_SpecBitsMap, i1 %s_axis_video_V_dest_V"   --->   Operation 37 'specbitsmap' 'specbitsmap_ln0' <Predicate = true> <Delay = 0.00>
ST_1 : Operation 38 [1/1] (0.00ns)   --->   "%specbitsmap_ln0 = specbitsmap void @_ssdm_op_SpecBitsMap, i16 %width"   --->   Operation 38 'specbitsmap' 'specbitsmap_ln0' <Predicate = true> <Delay = 0.00>
ST_1 : Operation 39 [1/1] (0.00ns)   --->   "%specinterface_ln0 = specinterface void @_ssdm_op_SpecInterface, i16 %width, void @empty_34, i32 4294967295, i32 4294967295, void @empty_44, i32 0, i32 0, void @empty_23, void @empty_17, void @empty_44, i32 0, i32 0, i32 0, i32 0, void @empty_44, void @empty_44, i32 4294967295, i32 0, i32 0, i32 0"   --->   Operation 39 'specinterface' 'specinterface_ln0' <Predicate = true> <Delay = 0.00>
ST_1 : Operation 40 [1/1] (0.00ns)   --->   "%specinterface_ln0 = specinterface void @_ssdm_op_SpecInterface, i16 %width, void @empty_3, i32 0, i32 0, void @empty_44, i32 0, i32 0, void @empty_44, void @empty_44, void @empty_44, i32 0, i32 0, i32 0, i32 0, void @empty_44, void @empty_44, i32 4294967295, i32 0, i32 0, i32 0"   --->   Operation 40 'specinterface' 'specinterface_ln0' <Predicate = true> <Delay = 0.00>
ST_1 : Operation 41 [1/1] (0.00ns)   --->   "%specbitsmap_ln0 = specbitsmap void @_ssdm_op_SpecBitsMap, i16 %height"   --->   Operation 41 'specbitsmap' 'specbitsmap_ln0' <Predicate = true> <Delay = 0.00>
ST_1 : Operation 42 [1/1] (0.00ns)   --->   "%specinterface_ln0 = specinterface void @_ssdm_op_SpecInterface, i16 %height, void @empty_34, i32 4294967295, i32 4294967295, void @empty_44, i32 0, i32 0, void @empty_23, void @empty_4, void @empty_44, i32 0, i32 0, i32 0, i32 0, void @empty_44, void @empty_44, i32 4294967295, i32 0, i32 0, i32 0"   --->   Operation 42 'specinterface' 'specinterface_ln0' <Predicate = true> <Delay = 0.00>
ST_1 : Operation 43 [1/1] (0.00ns)   --->   "%specinterface_ln0 = specinterface void @_ssdm_op_SpecInterface, i16 %height, void @empty_3, i32 0, i32 0, void @empty_44, i32 0, i32 0, void @empty_44, void @empty_44, void @empty_44, i32 0, i32 0, i32 0, i32 0, void @empty_44, void @empty_44, i32 4294967295, i32 0, i32 0, i32 0"   --->   Operation 43 'specinterface' 'specinterface_ln0' <Predicate = true> <Delay = 0.00>
ST_1 : Operation 44 [1/1] (0.00ns)   --->   "%specbitsmap_ln0 = specbitsmap void @_ssdm_op_SpecBitsMap, i16 %video_format"   --->   Operation 44 'specbitsmap' 'specbitsmap_ln0' <Predicate = true> <Delay = 0.00>
ST_1 : Operation 45 [1/1] (0.00ns)   --->   "%specinterface_ln0 = specinterface void @_ssdm_op_SpecInterface, i16 %video_format, void @empty_34, i32 4294967295, i32 4294967295, void @empty_44, i32 0, i32 0, void @empty_23, void @empty_5, void @empty_44, i32 0, i32 0, i32 0, i32 0, void @empty_44, void @empty_44, i32 4294967295, i32 0, i32 0, i32 0"   --->   Operation 45 'specinterface' 'specinterface_ln0' <Predicate = true> <Delay = 0.00>
ST_1 : Operation 46 [1/1] (0.00ns)   --->   "%specinterface_ln0 = specinterface void @_ssdm_op_SpecInterface, i16 %video_format, void @empty_3, i32 0, i32 0, void @empty_44, i32 0, i32 0, void @empty_44, void @empty_44, void @empty_44, i32 0, i32 0, i32 0, i32 0, void @empty_44, void @empty_44, i32 4294967295, i32 0, i32 0, i32 0"   --->   Operation 46 'specinterface' 'specinterface_ln0' <Predicate = true> <Delay = 0.00>
ST_1 : Operation 47 [1/1] (0.00ns)   --->   "%specbitsmap_ln0 = specbitsmap void @_ssdm_op_SpecBitsMap, i16 %background_Y_R"   --->   Operation 47 'specbitsmap' 'specbitsmap_ln0' <Predicate = true> <Delay = 0.00>
ST_1 : Operation 48 [1/1] (0.00ns)   --->   "%specinterface_ln0 = specinterface void @_ssdm_op_SpecInterface, i16 %background_Y_R, void @empty_34, i32 4294967295, i32 4294967295, void @empty_44, i32 0, i32 0, void @empty_23, void @empty_6, void @empty_44, i32 0, i32 0, i32 0, i32 0, void @empty_44, void @empty_44, i32 4294967295, i32 0, i32 0, i32 0"   --->   Operation 48 'specinterface' 'specinterface_ln0' <Predicate = true> <Delay = 0.00>
ST_1 : Operation 49 [1/1] (0.00ns)   --->   "%specinterface_ln0 = specinterface void @_ssdm_op_SpecInterface, i16 %background_Y_R, void @empty_3, i32 0, i32 0, void @empty_44, i32 0, i32 0, void @empty_44, void @empty_44, void @empty_44, i32 0, i32 0, i32 0, i32 0, void @empty_44, void @empty_44, i32 4294967295, i32 0, i32 0, i32 0"   --->   Operation 49 'specinterface' 'specinterface_ln0' <Predicate = true> <Delay = 0.00>
ST_1 : Operation 50 [1/1] (0.00ns)   --->   "%specbitsmap_ln0 = specbitsmap void @_ssdm_op_SpecBitsMap, i16 %background_U_G"   --->   Operation 50 'specbitsmap' 'specbitsmap_ln0' <Predicate = true> <Delay = 0.00>
ST_1 : Operation 51 [1/1] (0.00ns)   --->   "%specinterface_ln0 = specinterface void @_ssdm_op_SpecInterface, i16 %background_U_G, void @empty_34, i32 4294967295, i32 4294967295, void @empty_44, i32 0, i32 0, void @empty_23, void @empty_7, void @empty_44, i32 0, i32 0, i32 0, i32 0, void @empty_44, void @empty_44, i32 4294967295, i32 0, i32 0, i32 0"   --->   Operation 51 'specinterface' 'specinterface_ln0' <Predicate = true> <Delay = 0.00>
ST_1 : Operation 52 [1/1] (0.00ns)   --->   "%specinterface_ln0 = specinterface void @_ssdm_op_SpecInterface, i16 %background_U_G, void @empty_3, i32 0, i32 0, void @empty_44, i32 0, i32 0, void @empty_44, void @empty_44, void @empty_44, i32 0, i32 0, i32 0, i32 0, void @empty_44, void @empty_44, i32 4294967295, i32 0, i32 0, i32 0"   --->   Operation 52 'specinterface' 'specinterface_ln0' <Predicate = true> <Delay = 0.00>
ST_1 : Operation 53 [1/1] (0.00ns)   --->   "%specbitsmap_ln0 = specbitsmap void @_ssdm_op_SpecBitsMap, i16 %background_V_B"   --->   Operation 53 'specbitsmap' 'specbitsmap_ln0' <Predicate = true> <Delay = 0.00>
ST_1 : Operation 54 [1/1] (0.00ns)   --->   "%specinterface_ln0 = specinterface void @_ssdm_op_SpecInterface, i16 %background_V_B, void @empty_34, i32 4294967295, i32 4294967295, void @empty_44, i32 0, i32 0, void @empty_23, void @empty_30, void @empty_44, i32 0, i32 0, i32 0, i32 0, void @empty_44, void @empty_44, i32 4294967295, i32 0, i32 0, i32 0"   --->   Operation 54 'specinterface' 'specinterface_ln0' <Predicate = true> <Delay = 0.00>
ST_1 : Operation 55 [1/1] (0.00ns)   --->   "%specinterface_ln0 = specinterface void @_ssdm_op_SpecInterface, i16 %background_V_B, void @empty_3, i32 0, i32 0, void @empty_44, i32 0, i32 0, void @empty_44, void @empty_44, void @empty_44, i32 0, i32 0, i32 0, i32 0, void @empty_44, void @empty_44, i32 4294967295, i32 0, i32 0, i32 0"   --->   Operation 55 'specinterface' 'specinterface_ln0' <Predicate = true> <Delay = 0.00>
ST_1 : Operation 56 [1/1] (0.00ns)   --->   "%specbitsmap_ln0 = specbitsmap void @_ssdm_op_SpecBitsMap, i32 %layerEnable"   --->   Operation 56 'specbitsmap' 'specbitsmap_ln0' <Predicate = true> <Delay = 0.00>
ST_1 : Operation 57 [1/1] (0.00ns)   --->   "%specinterface_ln0 = specinterface void @_ssdm_op_SpecInterface, i32 %layerEnable, void @empty_34, i32 4294967295, i32 4294967295, void @empty_25, i32 0, i32 0, void @empty_23, void @empty_29, void @empty_44, i32 0, i32 0, i32 0, i32 0, void @empty_44, void @empty_44, i32 4294967295, i32 0, i32 0, i32 0"   --->   Operation 57 'specinterface' 'specinterface_ln0' <Predicate = true> <Delay = 0.00>
ST_1 : Operation 58 [1/1] (0.00ns)   --->   "%specinterface_ln0 = specinterface void @_ssdm_op_SpecInterface, i32 %layerEnable, void @empty_9, i32 4294967295, i32 4294967295, void @empty_44, i32 0, i32 0, void @empty_44, void @empty_44, void @empty_44, i32 0, i32 0, i32 0, i32 0, void @empty_44, void @empty_44, i32 4294967295, i32 0, i32 0, i32 0"   --->   Operation 58 'specinterface' 'specinterface_ln0' <Predicate = true> <Delay = 0.00>
ST_1 : Operation 59 [1/1] (0.00ns)   --->   "%specinterface_ln0 = specinterface void @_ssdm_op_SpecInterface, i32 %layer1_buf1, void @empty_34, i32 4294967295, i32 4294967295, void @empty_44, i32 0, i32 0, void @empty_23, void @empty, void @empty_44, i32 0, i32 0, i32 0, i32 0, void @empty_44, void @empty_0, i32 4294967295, i32 0, i32 0, i32 0"   --->   Operation 59 'specinterface' 'specinterface_ln0' <Predicate = true> <Delay = 0.00>
ST_1 : Operation 60 [1/1] (0.00ns)   --->   "%specinterface_ln0 = specinterface void @_ssdm_op_SpecInterface, i32 %layer1_buf1, void @empty_3, i32 0, i32 0, void @empty_44, i32 0, i32 0, void @empty_44, void @empty_44, void @empty_44, i32 0, i32 0, i32 0, i32 0, void @empty_44, void @empty_0, i32 4294967295, i32 0, i32 0, i32 0"   --->   Operation 60 'specinterface' 'specinterface_ln0' <Predicate = true> <Delay = 0.00>
ST_1 : Operation 61 [1/1] (0.00ns)   --->   "%specinterface_ln0 = specinterface void @_ssdm_op_SpecInterface, i32 %layer1_buf2, void @empty_34, i32 4294967295, i32 4294967295, void @empty_44, i32 0, i32 0, void @empty_23, void @empty_2, void @empty_44, i32 0, i32 0, i32 0, i32 0, void @empty_44, void @empty_0, i32 4294967295, i32 0, i32 0, i32 0"   --->   Operation 61 'specinterface' 'specinterface_ln0' <Predicate = true> <Delay = 0.00>
ST_1 : Operation 62 [1/1] (0.00ns)   --->   "%specinterface_ln0 = specinterface void @_ssdm_op_SpecInterface, i32 %layer1_buf2, void @empty_3, i32 0, i32 0, void @empty_44, i32 0, i32 0, void @empty_44, void @empty_44, void @empty_44, i32 0, i32 0, i32 0, i32 0, void @empty_44, void @empty_0, i32 4294967295, i32 0, i32 0, i32 0"   --->   Operation 62 'specinterface' 'specinterface_ln0' <Predicate = true> <Delay = 0.00>
ST_1 : Operation 63 [1/1] (0.00ns)   --->   "%specinterface_ln0 = specinterface void @_ssdm_op_SpecInterface, i32 %layer1_buf3, void @empty_34, i32 4294967295, i32 4294967295, void @empty_44, i32 0, i32 0, void @empty_23, void @empty_1, void @empty_44, i32 0, i32 0, i32 0, i32 0, void @empty_44, void @empty_0, i32 4294967295, i32 0, i32 0, i32 0"   --->   Operation 63 'specinterface' 'specinterface_ln0' <Predicate = true> <Delay = 0.00>
ST_1 : Operation 64 [1/1] (0.00ns)   --->   "%specinterface_ln0 = specinterface void @_ssdm_op_SpecInterface, i32 %layer1_buf3, void @empty_3, i32 0, i32 0, void @empty_44, i32 0, i32 0, void @empty_44, void @empty_44, void @empty_44, i32 0, i32 0, i32 0, i32 0, void @empty_44, void @empty_0, i32 4294967295, i32 0, i32 0, i32 0"   --->   Operation 64 'specinterface' 'specinterface_ln0' <Predicate = true> <Delay = 0.00>
ST_1 : Operation 65 [1/1] (0.00ns)   --->   "%specbitsmap_ln0 = specbitsmap void @_ssdm_op_SpecBitsMap, i16 %layerAlpha_0"   --->   Operation 65 'specbitsmap' 'specbitsmap_ln0' <Predicate = true> <Delay = 0.00>
ST_1 : Operation 66 [1/1] (0.00ns)   --->   "%specinterface_ln0 = specinterface void @_ssdm_op_SpecInterface, i16 %layerAlpha_0, void @empty_3, i32 0, i32 0, void @empty_44, i32 0, i32 0, void @empty_44, void @empty_44, void @empty_44, i32 0, i32 0, i32 0, i32 0, void @empty_44, void @empty_44, i32 4294967295, i32 0, i32 0, i32 0"   --->   Operation 66 'specinterface' 'specinterface_ln0' <Predicate = true> <Delay = 0.00>
ST_1 : Operation 67 [1/1] (0.00ns)   --->   "%specbitsmap_ln0 = specbitsmap void @_ssdm_op_SpecBitsMap, i16 %layerAlpha_1"   --->   Operation 67 'specbitsmap' 'specbitsmap_ln0' <Predicate = true> <Delay = 0.00>
ST_1 : Operation 68 [1/1] (0.00ns)   --->   "%specinterface_ln0 = specinterface void @_ssdm_op_SpecInterface, i16 %layerAlpha_1, void @empty_34, i32 4294967295, i32 4294967295, void @empty_44, i32 0, i32 0, void @empty_23, void @empty_18, void @empty_44, i32 0, i32 0, i32 0, i32 0, void @empty_44, void @empty_44, i32 4294967295, i32 0, i32 0, i32 0"   --->   Operation 68 'specinterface' 'specinterface_ln0' <Predicate = true> <Delay = 0.00>
ST_1 : Operation 69 [1/1] (0.00ns)   --->   "%specinterface_ln0 = specinterface void @_ssdm_op_SpecInterface, i16 %layerAlpha_1, void @empty_3, i32 0, i32 0, void @empty_44, i32 0, i32 0, void @empty_44, void @empty_44, void @empty_44, i32 0, i32 0, i32 0, i32 0, void @empty_44, void @empty_44, i32 4294967295, i32 0, i32 0, i32 0"   --->   Operation 69 'specinterface' 'specinterface_ln0' <Predicate = true> <Delay = 0.00>
ST_1 : Operation 70 [1/1] (0.00ns)   --->   "%specbitsmap_ln0 = specbitsmap void @_ssdm_op_SpecBitsMap, i16 %layerStartX_0"   --->   Operation 70 'specbitsmap' 'specbitsmap_ln0' <Predicate = true> <Delay = 0.00>
ST_1 : Operation 71 [1/1] (0.00ns)   --->   "%specinterface_ln0 = specinterface void @_ssdm_op_SpecInterface, i16 %layerStartX_0, void @empty_9, i32 4294967295, i32 4294967295, void @empty_44, i32 0, i32 0, void @empty_44, void @empty_44, void @empty_44, i32 0, i32 0, i32 0, i32 0, void @empty_44, void @empty_44, i32 4294967295, i32 0, i32 0, i32 0"   --->   Operation 71 'specinterface' 'specinterface_ln0' <Predicate = true> <Delay = 0.00>
ST_1 : Operation 72 [1/1] (0.00ns)   --->   "%specbitsmap_ln0 = specbitsmap void @_ssdm_op_SpecBitsMap, i16 %layerStartX_1"   --->   Operation 72 'specbitsmap' 'specbitsmap_ln0' <Predicate = true> <Delay = 0.00>
ST_1 : Operation 73 [1/1] (0.00ns)   --->   "%specinterface_ln0 = specinterface void @_ssdm_op_SpecInterface, i16 %layerStartX_1, void @empty_34, i32 4294967295, i32 4294967295, void @empty_25, i32 0, i32 0, void @empty_23, void @empty_19, void @empty_44, i32 0, i32 0, i32 0, i32 0, void @empty_44, void @empty_44, i32 4294967295, i32 0, i32 0, i32 0"   --->   Operation 73 'specinterface' 'specinterface_ln0' <Predicate = true> <Delay = 0.00>
ST_1 : Operation 74 [1/1] (0.00ns)   --->   "%specinterface_ln0 = specinterface void @_ssdm_op_SpecInterface, i16 %layerStartX_1, void @empty_9, i32 4294967295, i32 4294967295, void @empty_44, i32 0, i32 0, void @empty_44, void @empty_44, void @empty_44, i32 0, i32 0, i32 0, i32 0, void @empty_44, void @empty_44, i32 4294967295, i32 0, i32 0, i32 0"   --->   Operation 74 'specinterface' 'specinterface_ln0' <Predicate = true> <Delay = 0.00>
ST_1 : Operation 75 [1/1] (0.00ns)   --->   "%specbitsmap_ln0 = specbitsmap void @_ssdm_op_SpecBitsMap, i16 %layerStartY_0"   --->   Operation 75 'specbitsmap' 'specbitsmap_ln0' <Predicate = true> <Delay = 0.00>
ST_1 : Operation 76 [1/1] (0.00ns)   --->   "%specinterface_ln0 = specinterface void @_ssdm_op_SpecInterface, i16 %layerStartY_0, void @empty_9, i32 4294967295, i32 4294967295, void @empty_44, i32 0, i32 0, void @empty_44, void @empty_44, void @empty_44, i32 0, i32 0, i32 0, i32 0, void @empty_44, void @empty_44, i32 4294967295, i32 0, i32 0, i32 0"   --->   Operation 76 'specinterface' 'specinterface_ln0' <Predicate = true> <Delay = 0.00>
ST_1 : Operation 77 [1/1] (0.00ns)   --->   "%specbitsmap_ln0 = specbitsmap void @_ssdm_op_SpecBitsMap, i16 %layerStartY_1"   --->   Operation 77 'specbitsmap' 'specbitsmap_ln0' <Predicate = true> <Delay = 0.00>
ST_1 : Operation 78 [1/1] (0.00ns)   --->   "%specinterface_ln0 = specinterface void @_ssdm_op_SpecInterface, i16 %layerStartY_1, void @empty_34, i32 4294967295, i32 4294967295, void @empty_25, i32 0, i32 0, void @empty_23, void @empty_20, void @empty_44, i32 0, i32 0, i32 0, i32 0, void @empty_44, void @empty_44, i32 4294967295, i32 0, i32 0, i32 0"   --->   Operation 78 'specinterface' 'specinterface_ln0' <Predicate = true> <Delay = 0.00>
ST_1 : Operation 79 [1/1] (0.00ns)   --->   "%specinterface_ln0 = specinterface void @_ssdm_op_SpecInterface, i16 %layerStartY_1, void @empty_9, i32 4294967295, i32 4294967295, void @empty_44, i32 0, i32 0, void @empty_44, void @empty_44, void @empty_44, i32 0, i32 0, i32 0, i32 0, void @empty_44, void @empty_44, i32 4294967295, i32 0, i32 0, i32 0"   --->   Operation 79 'specinterface' 'specinterface_ln0' <Predicate = true> <Delay = 0.00>
ST_1 : Operation 80 [1/1] (0.00ns)   --->   "%specbitsmap_ln0 = specbitsmap void @_ssdm_op_SpecBitsMap, i16 %layerWidth_0"   --->   Operation 80 'specbitsmap' 'specbitsmap_ln0' <Predicate = true> <Delay = 0.00>
ST_1 : Operation 81 [1/1] (0.00ns)   --->   "%specinterface_ln0 = specinterface void @_ssdm_op_SpecInterface, i16 %layerWidth_0, void @empty_3, i32 0, i32 0, void @empty_44, i32 0, i32 0, void @empty_44, void @empty_44, void @empty_44, i32 0, i32 0, i32 0, i32 0, void @empty_44, void @empty_44, i32 4294967295, i32 0, i32 0, i32 0"   --->   Operation 81 'specinterface' 'specinterface_ln0' <Predicate = true> <Delay = 0.00>
ST_1 : Operation 82 [1/1] (0.00ns)   --->   "%specbitsmap_ln0 = specbitsmap void @_ssdm_op_SpecBitsMap, i16 %layerWidth_1"   --->   Operation 82 'specbitsmap' 'specbitsmap_ln0' <Predicate = true> <Delay = 0.00>
ST_1 : Operation 83 [1/1] (0.00ns)   --->   "%specinterface_ln0 = specinterface void @_ssdm_op_SpecInterface, i16 %layerWidth_1, void @empty_34, i32 4294967295, i32 4294967295, void @empty_44, i32 0, i32 0, void @empty_23, void @empty_10, void @empty_44, i32 0, i32 0, i32 0, i32 0, void @empty_44, void @empty_44, i32 4294967295, i32 0, i32 0, i32 0"   --->   Operation 83 'specinterface' 'specinterface_ln0' <Predicate = true> <Delay = 0.00>
ST_1 : Operation 84 [1/1] (0.00ns)   --->   "%specinterface_ln0 = specinterface void @_ssdm_op_SpecInterface, i16 %layerWidth_1, void @empty_3, i32 0, i32 0, void @empty_44, i32 0, i32 0, void @empty_44, void @empty_44, void @empty_44, i32 0, i32 0, i32 0, i32 0, void @empty_44, void @empty_44, i32 4294967295, i32 0, i32 0, i32 0"   --->   Operation 84 'specinterface' 'specinterface_ln0' <Predicate = true> <Delay = 0.00>
ST_1 : Operation 85 [1/1] (0.00ns)   --->   "%specbitsmap_ln0 = specbitsmap void @_ssdm_op_SpecBitsMap, i16 %layerHeight_0"   --->   Operation 85 'specbitsmap' 'specbitsmap_ln0' <Predicate = true> <Delay = 0.00>
ST_1 : Operation 86 [1/1] (0.00ns)   --->   "%specinterface_ln0 = specinterface void @_ssdm_op_SpecInterface, i16 %layerHeight_0, void @empty_3, i32 0, i32 0, void @empty_44, i32 0, i32 0, void @empty_44, void @empty_44, void @empty_44, i32 0, i32 0, i32 0, i32 0, void @empty_44, void @empty_44, i32 4294967295, i32 0, i32 0, i32 0"   --->   Operation 86 'specinterface' 'specinterface_ln0' <Predicate = true> <Delay = 0.00>
ST_1 : Operation 87 [1/1] (0.00ns)   --->   "%specbitsmap_ln0 = specbitsmap void @_ssdm_op_SpecBitsMap, i16 %layerHeight_1"   --->   Operation 87 'specbitsmap' 'specbitsmap_ln0' <Predicate = true> <Delay = 0.00>
ST_1 : Operation 88 [1/1] (0.00ns)   --->   "%specinterface_ln0 = specinterface void @_ssdm_op_SpecInterface, i16 %layerHeight_1, void @empty_34, i32 4294967295, i32 4294967295, void @empty_44, i32 0, i32 0, void @empty_23, void @empty_11, void @empty_44, i32 0, i32 0, i32 0, i32 0, void @empty_44, void @empty_44, i32 4294967295, i32 0, i32 0, i32 0"   --->   Operation 88 'specinterface' 'specinterface_ln0' <Predicate = true> <Delay = 0.00>
ST_1 : Operation 89 [1/1] (0.00ns)   --->   "%specinterface_ln0 = specinterface void @_ssdm_op_SpecInterface, i16 %layerHeight_1, void @empty_3, i32 0, i32 0, void @empty_44, i32 0, i32 0, void @empty_44, void @empty_44, void @empty_44, i32 0, i32 0, i32 0, i32 0, void @empty_44, void @empty_44, i32 4294967295, i32 0, i32 0, i32 0"   --->   Operation 89 'specinterface' 'specinterface_ln0' <Predicate = true> <Delay = 0.00>
ST_1 : Operation 90 [1/1] (0.00ns)   --->   "%specbitsmap_ln0 = specbitsmap void @_ssdm_op_SpecBitsMap, i8 %layerScaleFactor_0"   --->   Operation 90 'specbitsmap' 'specbitsmap_ln0' <Predicate = true> <Delay = 0.00>
ST_1 : Operation 91 [1/1] (0.00ns)   --->   "%specinterface_ln0 = specinterface void @_ssdm_op_SpecInterface, i8 %layerScaleFactor_0, void @empty_3, i32 0, i32 0, void @empty_44, i32 0, i32 0, void @empty_44, void @empty_44, void @empty_44, i32 0, i32 0, i32 0, i32 0, void @empty_44, void @empty_44, i32 4294967295, i32 0, i32 0, i32 0"   --->   Operation 91 'specinterface' 'specinterface_ln0' <Predicate = true> <Delay = 0.00>
ST_1 : Operation 92 [1/1] (0.00ns)   --->   "%specbitsmap_ln0 = specbitsmap void @_ssdm_op_SpecBitsMap, i8 %layerScaleFactor_1"   --->   Operation 92 'specbitsmap' 'specbitsmap_ln0' <Predicate = true> <Delay = 0.00>
ST_1 : Operation 93 [1/1] (0.00ns)   --->   "%specinterface_ln0 = specinterface void @_ssdm_op_SpecInterface, i8 %layerScaleFactor_1, void @empty_34, i32 4294967295, i32 4294967295, void @empty_44, i32 0, i32 0, void @empty_23, void @empty_12, void @empty_44, i32 0, i32 0, i32 0, i32 0, void @empty_44, void @empty_44, i32 4294967295, i32 0, i32 0, i32 0"   --->   Operation 93 'specinterface' 'specinterface_ln0' <Predicate = true> <Delay = 0.00>
ST_1 : Operation 94 [1/1] (0.00ns)   --->   "%specinterface_ln0 = specinterface void @_ssdm_op_SpecInterface, i8 %layerScaleFactor_1, void @empty_3, i32 0, i32 0, void @empty_44, i32 0, i32 0, void @empty_44, void @empty_44, void @empty_44, i32 0, i32 0, i32 0, i32 0, void @empty_44, void @empty_44, i32 4294967295, i32 0, i32 0, i32 0"   --->   Operation 94 'specinterface' 'specinterface_ln0' <Predicate = true> <Delay = 0.00>
ST_1 : Operation 95 [1/1] (0.00ns)   --->   "%specinterface_ln0 = specinterface void @_ssdm_op_SpecInterface, i8 %layerVideoFormat, void @empty_13, i32 0, i32 0, void @empty_44, i32 4294967295, i32 0, void @empty_44, void @empty_44, void @empty_44, i32 0, i32 0, i32 0, i32 0, void @empty_44, void @empty_44, i32 4294967295, i32 0, i32 0, i32 0"   --->   Operation 95 'specinterface' 'specinterface_ln0' <Predicate = true> <Delay = 0.00>
ST_1 : Operation 96 [1/1] (0.00ns)   --->   "%specbitsmap_ln0 = specbitsmap void @_ssdm_op_SpecBitsMap, i8 %layerVideoFormat"   --->   Operation 96 'specbitsmap' 'specbitsmap_ln0' <Predicate = true> <Delay = 0.00>
ST_1 : Operation 97 [1/1] (0.00ns)   --->   "%specbitsmap_ln0 = specbitsmap void @_ssdm_op_SpecBitsMap, i16 %layerStride_0"   --->   Operation 97 'specbitsmap' 'specbitsmap_ln0' <Predicate = true> <Delay = 0.00>
ST_1 : Operation 98 [1/1] (0.00ns)   --->   "%specinterface_ln0 = specinterface void @_ssdm_op_SpecInterface, i16 %layerStride_0, void @empty_3, i32 0, i32 0, void @empty_44, i32 0, i32 0, void @empty_44, void @empty_44, void @empty_44, i32 0, i32 0, i32 0, i32 0, void @empty_44, void @empty_44, i32 4294967295, i32 0, i32 0, i32 0"   --->   Operation 98 'specinterface' 'specinterface_ln0' <Predicate = true> <Delay = 0.00>
ST_1 : Operation 99 [1/1] (0.00ns)   --->   "%specbitsmap_ln0 = specbitsmap void @_ssdm_op_SpecBitsMap, i16 %layerStride_1"   --->   Operation 99 'specbitsmap' 'specbitsmap_ln0' <Predicate = true> <Delay = 0.00>
ST_1 : Operation 100 [1/1] (0.00ns)   --->   "%specinterface_ln0 = specinterface void @_ssdm_op_SpecInterface, i16 %layerStride_1, void @empty_34, i32 4294967295, i32 4294967295, void @empty_44, i32 0, i32 0, void @empty_23, void @empty_14, void @empty_44, i32 0, i32 0, i32 0, i32 0, void @empty_44, void @empty_44, i32 4294967295, i32 0, i32 0, i32 0"   --->   Operation 100 'specinterface' 'specinterface_ln0' <Predicate = true> <Delay = 0.00>
ST_1 : Operation 101 [1/1] (0.00ns)   --->   "%specinterface_ln0 = specinterface void @_ssdm_op_SpecInterface, i16 %layerStride_1, void @empty_3, i32 0, i32 0, void @empty_44, i32 0, i32 0, void @empty_44, void @empty_44, void @empty_44, i32 0, i32 0, i32 0, i32 0, void @empty_44, void @empty_44, i32 4294967295, i32 0, i32 0, i32 0"   --->   Operation 101 'specinterface' 'specinterface_ln0' <Predicate = true> <Delay = 0.00>
ST_1 : Operation 102 [1/1] (0.00ns)   --->   "%specbitsmap_ln0 = specbitsmap void @_ssdm_op_SpecBitsMap, i16 %reserve"   --->   Operation 102 'specbitsmap' 'specbitsmap_ln0' <Predicate = true> <Delay = 0.00>
ST_1 : Operation 103 [1/1] (0.00ns)   --->   "%specinterface_ln0 = specinterface void @_ssdm_op_SpecInterface, i16 %reserve, void @empty_34, i32 4294967295, i32 4294967295, void @empty_44, i32 0, i32 0, void @empty_23, void @empty_8, void @empty_44, i32 0, i32 0, i32 0, i32 0, void @empty_44, void @empty_44, i32 4294967295, i32 0, i32 0, i32 0"   --->   Operation 103 'specinterface' 'specinterface_ln0' <Predicate = true> <Delay = 0.00>
ST_1 : Operation 104 [1/1] (0.00ns)   --->   "%specinterface_ln0 = specinterface void @_ssdm_op_SpecInterface, i16 %reserve, void @empty_3, i32 0, i32 0, void @empty_44, i32 0, i32 0, void @empty_44, void @empty_44, void @empty_44, i32 0, i32 0, i32 0, i32 0, void @empty_44, void @empty_44, i32 4294967295, i32 0, i32 0, i32 0"   --->   Operation 104 'specinterface' 'specinterface_ln0' <Predicate = true> <Delay = 0.00>
ST_1 : Operation 105 [1/1] (0.00ns)   --->   "%specbitsmap_ln0 = specbitsmap void @_ssdm_op_SpecBitsMap, i32 %K11"   --->   Operation 105 'specbitsmap' 'specbitsmap_ln0' <Predicate = true> <Delay = 0.00>
ST_1 : Operation 106 [1/1] (0.00ns)   --->   "%specinterface_ln0 = specinterface void @_ssdm_op_SpecInterface, i32 %K11, void @empty_3, i32 0, i32 0, void @empty_44, i32 0, i32 0, void @empty_44, void @empty_44, void @empty_44, i32 0, i32 0, i32 0, i32 0, void @empty_44, void @empty_44, i32 4294967295, i32 0, i32 0, i32 0"   --->   Operation 106 'specinterface' 'specinterface_ln0' <Predicate = true> <Delay = 0.00>
ST_1 : Operation 107 [1/1] (0.00ns)   --->   "%specbitsmap_ln0 = specbitsmap void @_ssdm_op_SpecBitsMap, i32 %K12"   --->   Operation 107 'specbitsmap' 'specbitsmap_ln0' <Predicate = true> <Delay = 0.00>
ST_1 : Operation 108 [1/1] (0.00ns)   --->   "%specinterface_ln0 = specinterface void @_ssdm_op_SpecInterface, i32 %K12, void @empty_3, i32 0, i32 0, void @empty_44, i32 0, i32 0, void @empty_44, void @empty_44, void @empty_44, i32 0, i32 0, i32 0, i32 0, void @empty_44, void @empty_44, i32 4294967295, i32 0, i32 0, i32 0"   --->   Operation 108 'specinterface' 'specinterface_ln0' <Predicate = true> <Delay = 0.00>
ST_1 : Operation 109 [1/1] (0.00ns)   --->   "%specbitsmap_ln0 = specbitsmap void @_ssdm_op_SpecBitsMap, i32 %K13"   --->   Operation 109 'specbitsmap' 'specbitsmap_ln0' <Predicate = true> <Delay = 0.00>
ST_1 : Operation 110 [1/1] (0.00ns)   --->   "%specinterface_ln0 = specinterface void @_ssdm_op_SpecInterface, i32 %K13, void @empty_3, i32 0, i32 0, void @empty_44, i32 0, i32 0, void @empty_44, void @empty_44, void @empty_44, i32 0, i32 0, i32 0, i32 0, void @empty_44, void @empty_44, i32 4294967295, i32 0, i32 0, i32 0"   --->   Operation 110 'specinterface' 'specinterface_ln0' <Predicate = true> <Delay = 0.00>
ST_1 : Operation 111 [1/1] (0.00ns)   --->   "%specbitsmap_ln0 = specbitsmap void @_ssdm_op_SpecBitsMap, i32 %K21"   --->   Operation 111 'specbitsmap' 'specbitsmap_ln0' <Predicate = true> <Delay = 0.00>
ST_1 : Operation 112 [1/1] (0.00ns)   --->   "%specinterface_ln0 = specinterface void @_ssdm_op_SpecInterface, i32 %K21, void @empty_3, i32 0, i32 0, void @empty_44, i32 0, i32 0, void @empty_44, void @empty_44, void @empty_44, i32 0, i32 0, i32 0, i32 0, void @empty_44, void @empty_44, i32 4294967295, i32 0, i32 0, i32 0"   --->   Operation 112 'specinterface' 'specinterface_ln0' <Predicate = true> <Delay = 0.00>
ST_1 : Operation 113 [1/1] (0.00ns)   --->   "%specbitsmap_ln0 = specbitsmap void @_ssdm_op_SpecBitsMap, i32 %K22"   --->   Operation 113 'specbitsmap' 'specbitsmap_ln0' <Predicate = true> <Delay = 0.00>
ST_1 : Operation 114 [1/1] (0.00ns)   --->   "%specinterface_ln0 = specinterface void @_ssdm_op_SpecInterface, i32 %K22, void @empty_3, i32 0, i32 0, void @empty_44, i32 0, i32 0, void @empty_44, void @empty_44, void @empty_44, i32 0, i32 0, i32 0, i32 0, void @empty_44, void @empty_44, i32 4294967295, i32 0, i32 0, i32 0"   --->   Operation 114 'specinterface' 'specinterface_ln0' <Predicate = true> <Delay = 0.00>
ST_1 : Operation 115 [1/1] (0.00ns)   --->   "%specbitsmap_ln0 = specbitsmap void @_ssdm_op_SpecBitsMap, i32 %K23"   --->   Operation 115 'specbitsmap' 'specbitsmap_ln0' <Predicate = true> <Delay = 0.00>
ST_1 : Operation 116 [1/1] (0.00ns)   --->   "%specinterface_ln0 = specinterface void @_ssdm_op_SpecInterface, i32 %K23, void @empty_3, i32 0, i32 0, void @empty_44, i32 0, i32 0, void @empty_44, void @empty_44, void @empty_44, i32 0, i32 0, i32 0, i32 0, void @empty_44, void @empty_44, i32 4294967295, i32 0, i32 0, i32 0"   --->   Operation 116 'specinterface' 'specinterface_ln0' <Predicate = true> <Delay = 0.00>
ST_1 : Operation 117 [1/1] (0.00ns)   --->   "%specbitsmap_ln0 = specbitsmap void @_ssdm_op_SpecBitsMap, i32 %K31"   --->   Operation 117 'specbitsmap' 'specbitsmap_ln0' <Predicate = true> <Delay = 0.00>
ST_1 : Operation 118 [1/1] (0.00ns)   --->   "%specinterface_ln0 = specinterface void @_ssdm_op_SpecInterface, i32 %K31, void @empty_3, i32 0, i32 0, void @empty_44, i32 0, i32 0, void @empty_44, void @empty_44, void @empty_44, i32 0, i32 0, i32 0, i32 0, void @empty_44, void @empty_44, i32 4294967295, i32 0, i32 0, i32 0"   --->   Operation 118 'specinterface' 'specinterface_ln0' <Predicate = true> <Delay = 0.00>
ST_1 : Operation 119 [1/1] (0.00ns)   --->   "%specbitsmap_ln0 = specbitsmap void @_ssdm_op_SpecBitsMap, i32 %K32"   --->   Operation 119 'specbitsmap' 'specbitsmap_ln0' <Predicate = true> <Delay = 0.00>
ST_1 : Operation 120 [1/1] (0.00ns)   --->   "%specinterface_ln0 = specinterface void @_ssdm_op_SpecInterface, i32 %K32, void @empty_3, i32 0, i32 0, void @empty_44, i32 0, i32 0, void @empty_44, void @empty_44, void @empty_44, i32 0, i32 0, i32 0, i32 0, void @empty_44, void @empty_44, i32 4294967295, i32 0, i32 0, i32 0"   --->   Operation 120 'specinterface' 'specinterface_ln0' <Predicate = true> <Delay = 0.00>
ST_1 : Operation 121 [1/1] (0.00ns)   --->   "%specbitsmap_ln0 = specbitsmap void @_ssdm_op_SpecBitsMap, i32 %K33"   --->   Operation 121 'specbitsmap' 'specbitsmap_ln0' <Predicate = true> <Delay = 0.00>
ST_1 : Operation 122 [1/1] (0.00ns)   --->   "%specinterface_ln0 = specinterface void @_ssdm_op_SpecInterface, i32 %K33, void @empty_3, i32 0, i32 0, void @empty_44, i32 0, i32 0, void @empty_44, void @empty_44, void @empty_44, i32 0, i32 0, i32 0, i32 0, void @empty_44, void @empty_44, i32 4294967295, i32 0, i32 0, i32 0"   --->   Operation 122 'specinterface' 'specinterface_ln0' <Predicate = true> <Delay = 0.00>
ST_1 : Operation 123 [1/1] (0.00ns)   --->   "%specbitsmap_ln0 = specbitsmap void @_ssdm_op_SpecBitsMap, i32 %ROffset"   --->   Operation 123 'specbitsmap' 'specbitsmap_ln0' <Predicate = true> <Delay = 0.00>
ST_1 : Operation 124 [1/1] (0.00ns)   --->   "%specinterface_ln0 = specinterface void @_ssdm_op_SpecInterface, i32 %ROffset, void @empty_3, i32 0, i32 0, void @empty_44, i32 0, i32 0, void @empty_44, void @empty_44, void @empty_44, i32 0, i32 0, i32 0, i32 0, void @empty_44, void @empty_44, i32 4294967295, i32 0, i32 0, i32 0"   --->   Operation 124 'specinterface' 'specinterface_ln0' <Predicate = true> <Delay = 0.00>
ST_1 : Operation 125 [1/1] (0.00ns)   --->   "%specbitsmap_ln0 = specbitsmap void @_ssdm_op_SpecBitsMap, i32 %GOffset"   --->   Operation 125 'specbitsmap' 'specbitsmap_ln0' <Predicate = true> <Delay = 0.00>
ST_1 : Operation 126 [1/1] (0.00ns)   --->   "%specinterface_ln0 = specinterface void @_ssdm_op_SpecInterface, i32 %GOffset, void @empty_3, i32 0, i32 0, void @empty_44, i32 0, i32 0, void @empty_44, void @empty_44, void @empty_44, i32 0, i32 0, i32 0, i32 0, void @empty_44, void @empty_44, i32 4294967295, i32 0, i32 0, i32 0"   --->   Operation 126 'specinterface' 'specinterface_ln0' <Predicate = true> <Delay = 0.00>
ST_1 : Operation 127 [1/1] (0.00ns)   --->   "%specbitsmap_ln0 = specbitsmap void @_ssdm_op_SpecBitsMap, i32 %BOffset"   --->   Operation 127 'specbitsmap' 'specbitsmap_ln0' <Predicate = true> <Delay = 0.00>
ST_1 : Operation 128 [1/1] (0.00ns)   --->   "%specinterface_ln0 = specinterface void @_ssdm_op_SpecInterface, i32 %BOffset, void @empty_3, i32 0, i32 0, void @empty_44, i32 0, i32 0, void @empty_44, void @empty_44, void @empty_44, i32 0, i32 0, i32 0, i32 0, void @empty_44, void @empty_44, i32 4294967295, i32 0, i32 0, i32 0"   --->   Operation 128 'specinterface' 'specinterface_ln0' <Predicate = true> <Delay = 0.00>
ST_1 : Operation 129 [1/1] (0.00ns)   --->   "%specbitsmap_ln0 = specbitsmap void @_ssdm_op_SpecBitsMap, i32 %K11_2"   --->   Operation 129 'specbitsmap' 'specbitsmap_ln0' <Predicate = true> <Delay = 0.00>
ST_1 : Operation 130 [1/1] (0.00ns)   --->   "%specinterface_ln0 = specinterface void @_ssdm_op_SpecInterface, i32 %K11_2, void @empty_3, i32 0, i32 0, void @empty_44, i32 0, i32 0, void @empty_44, void @empty_44, void @empty_44, i32 0, i32 0, i32 0, i32 0, void @empty_44, void @empty_44, i32 4294967295, i32 0, i32 0, i32 0"   --->   Operation 130 'specinterface' 'specinterface_ln0' <Predicate = true> <Delay = 0.00>
ST_1 : Operation 131 [1/1] (0.00ns)   --->   "%specbitsmap_ln0 = specbitsmap void @_ssdm_op_SpecBitsMap, i32 %K12_2"   --->   Operation 131 'specbitsmap' 'specbitsmap_ln0' <Predicate = true> <Delay = 0.00>
ST_1 : Operation 132 [1/1] (0.00ns)   --->   "%specinterface_ln0 = specinterface void @_ssdm_op_SpecInterface, i32 %K12_2, void @empty_3, i32 0, i32 0, void @empty_44, i32 0, i32 0, void @empty_44, void @empty_44, void @empty_44, i32 0, i32 0, i32 0, i32 0, void @empty_44, void @empty_44, i32 4294967295, i32 0, i32 0, i32 0"   --->   Operation 132 'specinterface' 'specinterface_ln0' <Predicate = true> <Delay = 0.00>
ST_1 : Operation 133 [1/1] (0.00ns)   --->   "%specbitsmap_ln0 = specbitsmap void @_ssdm_op_SpecBitsMap, i32 %K13_2"   --->   Operation 133 'specbitsmap' 'specbitsmap_ln0' <Predicate = true> <Delay = 0.00>
ST_1 : Operation 134 [1/1] (0.00ns)   --->   "%specinterface_ln0 = specinterface void @_ssdm_op_SpecInterface, i32 %K13_2, void @empty_3, i32 0, i32 0, void @empty_44, i32 0, i32 0, void @empty_44, void @empty_44, void @empty_44, i32 0, i32 0, i32 0, i32 0, void @empty_44, void @empty_44, i32 4294967295, i32 0, i32 0, i32 0"   --->   Operation 134 'specinterface' 'specinterface_ln0' <Predicate = true> <Delay = 0.00>
ST_1 : Operation 135 [1/1] (0.00ns)   --->   "%specbitsmap_ln0 = specbitsmap void @_ssdm_op_SpecBitsMap, i32 %K21_2"   --->   Operation 135 'specbitsmap' 'specbitsmap_ln0' <Predicate = true> <Delay = 0.00>
ST_1 : Operation 136 [1/1] (0.00ns)   --->   "%specinterface_ln0 = specinterface void @_ssdm_op_SpecInterface, i32 %K21_2, void @empty_3, i32 0, i32 0, void @empty_44, i32 0, i32 0, void @empty_44, void @empty_44, void @empty_44, i32 0, i32 0, i32 0, i32 0, void @empty_44, void @empty_44, i32 4294967295, i32 0, i32 0, i32 0"   --->   Operation 136 'specinterface' 'specinterface_ln0' <Predicate = true> <Delay = 0.00>
ST_1 : Operation 137 [1/1] (0.00ns)   --->   "%specbitsmap_ln0 = specbitsmap void @_ssdm_op_SpecBitsMap, i32 %K22_2"   --->   Operation 137 'specbitsmap' 'specbitsmap_ln0' <Predicate = true> <Delay = 0.00>
ST_1 : Operation 138 [1/1] (0.00ns)   --->   "%specinterface_ln0 = specinterface void @_ssdm_op_SpecInterface, i32 %K22_2, void @empty_3, i32 0, i32 0, void @empty_44, i32 0, i32 0, void @empty_44, void @empty_44, void @empty_44, i32 0, i32 0, i32 0, i32 0, void @empty_44, void @empty_44, i32 4294967295, i32 0, i32 0, i32 0"   --->   Operation 138 'specinterface' 'specinterface_ln0' <Predicate = true> <Delay = 0.00>
ST_1 : Operation 139 [1/1] (0.00ns)   --->   "%specbitsmap_ln0 = specbitsmap void @_ssdm_op_SpecBitsMap, i32 %K23_2"   --->   Operation 139 'specbitsmap' 'specbitsmap_ln0' <Predicate = true> <Delay = 0.00>
ST_1 : Operation 140 [1/1] (0.00ns)   --->   "%specinterface_ln0 = specinterface void @_ssdm_op_SpecInterface, i32 %K23_2, void @empty_3, i32 0, i32 0, void @empty_44, i32 0, i32 0, void @empty_44, void @empty_44, void @empty_44, i32 0, i32 0, i32 0, i32 0, void @empty_44, void @empty_44, i32 4294967295, i32 0, i32 0, i32 0"   --->   Operation 140 'specinterface' 'specinterface_ln0' <Predicate = true> <Delay = 0.00>
ST_1 : Operation 141 [1/1] (0.00ns)   --->   "%specbitsmap_ln0 = specbitsmap void @_ssdm_op_SpecBitsMap, i32 %K31_2"   --->   Operation 141 'specbitsmap' 'specbitsmap_ln0' <Predicate = true> <Delay = 0.00>
ST_1 : Operation 142 [1/1] (0.00ns)   --->   "%specinterface_ln0 = specinterface void @_ssdm_op_SpecInterface, i32 %K31_2, void @empty_3, i32 0, i32 0, void @empty_44, i32 0, i32 0, void @empty_44, void @empty_44, void @empty_44, i32 0, i32 0, i32 0, i32 0, void @empty_44, void @empty_44, i32 4294967295, i32 0, i32 0, i32 0"   --->   Operation 142 'specinterface' 'specinterface_ln0' <Predicate = true> <Delay = 0.00>
ST_1 : Operation 143 [1/1] (0.00ns)   --->   "%specbitsmap_ln0 = specbitsmap void @_ssdm_op_SpecBitsMap, i32 %K32_2"   --->   Operation 143 'specbitsmap' 'specbitsmap_ln0' <Predicate = true> <Delay = 0.00>
ST_1 : Operation 144 [1/1] (0.00ns)   --->   "%specinterface_ln0 = specinterface void @_ssdm_op_SpecInterface, i32 %K32_2, void @empty_3, i32 0, i32 0, void @empty_44, i32 0, i32 0, void @empty_44, void @empty_44, void @empty_44, i32 0, i32 0, i32 0, i32 0, void @empty_44, void @empty_44, i32 4294967295, i32 0, i32 0, i32 0"   --->   Operation 144 'specinterface' 'specinterface_ln0' <Predicate = true> <Delay = 0.00>
ST_1 : Operation 145 [1/1] (0.00ns)   --->   "%specbitsmap_ln0 = specbitsmap void @_ssdm_op_SpecBitsMap, i32 %K33_2"   --->   Operation 145 'specbitsmap' 'specbitsmap_ln0' <Predicate = true> <Delay = 0.00>
ST_1 : Operation 146 [1/1] (0.00ns)   --->   "%specinterface_ln0 = specinterface void @_ssdm_op_SpecInterface, i32 %K33_2, void @empty_3, i32 0, i32 0, void @empty_44, i32 0, i32 0, void @empty_44, void @empty_44, void @empty_44, i32 0, i32 0, i32 0, i32 0, void @empty_44, void @empty_44, i32 4294967295, i32 0, i32 0, i32 0"   --->   Operation 146 'specinterface' 'specinterface_ln0' <Predicate = true> <Delay = 0.00>
ST_1 : Operation 147 [1/1] (0.00ns)   --->   "%specbitsmap_ln0 = specbitsmap void @_ssdm_op_SpecBitsMap, i32 %YOffset"   --->   Operation 147 'specbitsmap' 'specbitsmap_ln0' <Predicate = true> <Delay = 0.00>
ST_1 : Operation 148 [1/1] (0.00ns)   --->   "%specinterface_ln0 = specinterface void @_ssdm_op_SpecInterface, i32 %YOffset, void @empty_3, i32 0, i32 0, void @empty_44, i32 0, i32 0, void @empty_44, void @empty_44, void @empty_44, i32 0, i32 0, i32 0, i32 0, void @empty_44, void @empty_44, i32 4294967295, i32 0, i32 0, i32 0"   --->   Operation 148 'specinterface' 'specinterface_ln0' <Predicate = true> <Delay = 0.00>
ST_1 : Operation 149 [1/1] (0.00ns)   --->   "%specbitsmap_ln0 = specbitsmap void @_ssdm_op_SpecBitsMap, i32 %UOffset"   --->   Operation 149 'specbitsmap' 'specbitsmap_ln0' <Predicate = true> <Delay = 0.00>
ST_1 : Operation 150 [1/1] (0.00ns)   --->   "%specinterface_ln0 = specinterface void @_ssdm_op_SpecInterface, i32 %UOffset, void @empty_3, i32 0, i32 0, void @empty_44, i32 0, i32 0, void @empty_44, void @empty_44, void @empty_44, i32 0, i32 0, i32 0, i32 0, void @empty_44, void @empty_44, i32 4294967295, i32 0, i32 0, i32 0"   --->   Operation 150 'specinterface' 'specinterface_ln0' <Predicate = true> <Delay = 0.00>
ST_1 : Operation 151 [1/1] (0.00ns)   --->   "%specbitsmap_ln0 = specbitsmap void @_ssdm_op_SpecBitsMap, i32 %VOffset"   --->   Operation 151 'specbitsmap' 'specbitsmap_ln0' <Predicate = true> <Delay = 0.00>
ST_1 : Operation 152 [1/1] (0.00ns)   --->   "%specinterface_ln0 = specinterface void @_ssdm_op_SpecInterface, i32 %VOffset, void @empty_3, i32 0, i32 0, void @empty_44, i32 0, i32 0, void @empty_44, void @empty_44, void @empty_44, i32 0, i32 0, i32 0, i32 0, void @empty_44, void @empty_44, i32 4294967295, i32 0, i32 0, i32 0"   --->   Operation 152 'specinterface' 'specinterface_ln0' <Predicate = true> <Delay = 0.00>
ST_1 : Operation 153 [1/1] (0.00ns)   --->   "%specinterface_ln0 = specinterface void @_ssdm_op_SpecInterface, i24 %m_axis_video_V_data_V, i3 %m_axis_video_V_keep_V, i3 %m_axis_video_V_strb_V, i1 %m_axis_video_V_user_V, i1 %m_axis_video_V_last_V, i1 %m_axis_video_V_id_V, i1 %m_axis_video_V_dest_V, void @empty_26, i32 1, i32 1, void @empty_25, i32 0, i32 0, void @empty_44, void @empty_44, void @empty_44, i32 0, i32 0, i32 0, i32 0, void @empty_44, void @empty_44, i32 4294967295, i32 0, i32 0, i32 0"   --->   Operation 153 'specinterface' 'specinterface_ln0' <Predicate = true> <Delay = 0.00>
ST_1 : Operation 154 [1/1] (0.00ns)   --->   "%specbitsmap_ln0 = specbitsmap void @_ssdm_op_SpecBitsMap, i24 %m_axis_video_V_data_V"   --->   Operation 154 'specbitsmap' 'specbitsmap_ln0' <Predicate = true> <Delay = 0.00>
ST_1 : Operation 155 [1/1] (0.00ns)   --->   "%specbitsmap_ln0 = specbitsmap void @_ssdm_op_SpecBitsMap, i3 %m_axis_video_V_keep_V"   --->   Operation 155 'specbitsmap' 'specbitsmap_ln0' <Predicate = true> <Delay = 0.00>
ST_1 : Operation 156 [1/1] (0.00ns)   --->   "%specbitsmap_ln0 = specbitsmap void @_ssdm_op_SpecBitsMap, i3 %m_axis_video_V_strb_V"   --->   Operation 156 'specbitsmap' 'specbitsmap_ln0' <Predicate = true> <Delay = 0.00>
ST_1 : Operation 157 [1/1] (0.00ns)   --->   "%specbitsmap_ln0 = specbitsmap void @_ssdm_op_SpecBitsMap, i1 %m_axis_video_V_user_V"   --->   Operation 157 'specbitsmap' 'specbitsmap_ln0' <Predicate = true> <Delay = 0.00>
ST_1 : Operation 158 [1/1] (0.00ns)   --->   "%specbitsmap_ln0 = specbitsmap void @_ssdm_op_SpecBitsMap, i1 %m_axis_video_V_last_V"   --->   Operation 158 'specbitsmap' 'specbitsmap_ln0' <Predicate = true> <Delay = 0.00>
ST_1 : Operation 159 [1/1] (0.00ns)   --->   "%specbitsmap_ln0 = specbitsmap void @_ssdm_op_SpecBitsMap, i1 %m_axis_video_V_id_V"   --->   Operation 159 'specbitsmap' 'specbitsmap_ln0' <Predicate = true> <Delay = 0.00>
ST_1 : Operation 160 [1/1] (0.00ns)   --->   "%specbitsmap_ln0 = specbitsmap void @_ssdm_op_SpecBitsMap, i1 %m_axis_video_V_dest_V"   --->   Operation 160 'specbitsmap' 'specbitsmap_ln0' <Predicate = true> <Delay = 0.00>
ST_1 : Operation 161 [1/1] (0.00ns)   --->   "%specinterface_ln0 = specinterface void @_ssdm_op_SpecInterface, i32 0, void @empty_34, i32 0, i32 0, void @empty_44, i32 0, i32 0, void @empty_23, void @empty_44, void @empty_44, i32 0, i32 0, i32 0, i32 0, void @empty_44, void @empty_44, i32 0, i32 0, i32 0, i32 0"   --->   Operation 161 'specinterface' 'specinterface_ln0' <Predicate = true> <Delay = 0.00>
ST_1 : Operation 162 [1/1] (0.00ns)   --->   "%specstablecontent_ln2910 = specstablecontent void @_ssdm_op_SpecStableContent, i16 %width, i1 1, void " [prj/sol/.autopilot/db/v_mix.cpp:2910]   --->   Operation 162 'specstablecontent' 'specstablecontent_ln2910' <Predicate = true> <Delay = 0.00>
ST_1 : Operation 163 [1/1] (0.00ns)   --->   "%specstablecontent_ln2912 = specstablecontent void @_ssdm_op_SpecStableContent, i16 %height, i1 1, void " [prj/sol/.autopilot/db/v_mix.cpp:2912]   --->   Operation 163 'specstablecontent' 'specstablecontent_ln2912' <Predicate = true> <Delay = 0.00>
ST_1 : Operation 164 [1/1] (0.00ns)   --->   "%specstablecontent_ln2914 = specstablecontent void @_ssdm_op_SpecStableContent, i16 %video_format, i1 1, void " [prj/sol/.autopilot/db/v_mix.cpp:2914]   --->   Operation 164 'specstablecontent' 'specstablecontent_ln2914' <Predicate = true> <Delay = 0.00>
ST_1 : Operation 165 [1/1] (0.00ns)   --->   "%specstablecontent_ln2916 = specstablecontent void @_ssdm_op_SpecStableContent, i16 %background_Y_R, i1 1, void " [prj/sol/.autopilot/db/v_mix.cpp:2916]   --->   Operation 165 'specstablecontent' 'specstablecontent_ln2916' <Predicate = true> <Delay = 0.00>
ST_1 : Operation 166 [1/1] (0.00ns)   --->   "%specstablecontent_ln2918 = specstablecontent void @_ssdm_op_SpecStableContent, i16 %background_U_G, i1 1, void " [prj/sol/.autopilot/db/v_mix.cpp:2918]   --->   Operation 166 'specstablecontent' 'specstablecontent_ln2918' <Predicate = true> <Delay = 0.00>
ST_1 : Operation 167 [1/1] (0.00ns)   --->   "%specstablecontent_ln2920 = specstablecontent void @_ssdm_op_SpecStableContent, i16 %background_V_B, i1 1, void " [prj/sol/.autopilot/db/v_mix.cpp:2920]   --->   Operation 167 'specstablecontent' 'specstablecontent_ln2920' <Predicate = true> <Delay = 0.00>
ST_1 : Operation 168 [1/1] (0.00ns)   --->   "%specstablecontent_ln2975 = specstablecontent void @_ssdm_op_SpecStableContent, i16 %layerAlpha_1, i1 1, void " [prj/sol/.autopilot/db/v_mix.cpp:2975]   --->   Operation 168 'specstablecontent' 'specstablecontent_ln2975' <Predicate = true> <Delay = 0.00>
ST_1 : Operation 169 [1/1] (0.00ns)   --->   "%specstablecontent_ln2975 = specstablecontent void @_ssdm_op_SpecStableContent, i16 %layerAlpha_0, i1 1, void " [prj/sol/.autopilot/db/v_mix.cpp:2975]   --->   Operation 169 'specstablecontent' 'specstablecontent_ln2975' <Predicate = true> <Delay = 0.00>
ST_1 : Operation 170 [1/1] (0.00ns)   --->   "%specstablecontent_ln2979 = specstablecontent void @_ssdm_op_SpecStableContent, i16 %layerWidth_1, i1 1, void " [prj/sol/.autopilot/db/v_mix.cpp:2979]   --->   Operation 170 'specstablecontent' 'specstablecontent_ln2979' <Predicate = true> <Delay = 0.00>
ST_1 : Operation 171 [1/1] (0.00ns)   --->   "%specstablecontent_ln2979 = specstablecontent void @_ssdm_op_SpecStableContent, i16 %layerWidth_0, i1 1, void " [prj/sol/.autopilot/db/v_mix.cpp:2979]   --->   Operation 171 'specstablecontent' 'specstablecontent_ln2979' <Predicate = true> <Delay = 0.00>
ST_1 : Operation 172 [1/1] (0.00ns)   --->   "%specstablecontent_ln2981 = specstablecontent void @_ssdm_op_SpecStableContent, i16 %layerHeight_1, i1 1, void " [prj/sol/.autopilot/db/v_mix.cpp:2981]   --->   Operation 172 'specstablecontent' 'specstablecontent_ln2981' <Predicate = true> <Delay = 0.00>
ST_1 : Operation 173 [1/1] (0.00ns)   --->   "%specstablecontent_ln2981 = specstablecontent void @_ssdm_op_SpecStableContent, i16 %layerHeight_0, i1 1, void " [prj/sol/.autopilot/db/v_mix.cpp:2981]   --->   Operation 173 'specstablecontent' 'specstablecontent_ln2981' <Predicate = true> <Delay = 0.00>
ST_1 : Operation 174 [1/1] (0.00ns)   --->   "%specstablecontent_ln2983 = specstablecontent void @_ssdm_op_SpecStableContent, i16 %layerStride_1, i1 1, void " [prj/sol/.autopilot/db/v_mix.cpp:2983]   --->   Operation 174 'specstablecontent' 'specstablecontent_ln2983' <Predicate = true> <Delay = 0.00>
ST_1 : Operation 175 [1/1] (0.00ns)   --->   "%specstablecontent_ln2983 = specstablecontent void @_ssdm_op_SpecStableContent, i16 %layerStride_0, i1 1, void " [prj/sol/.autopilot/db/v_mix.cpp:2983]   --->   Operation 175 'specstablecontent' 'specstablecontent_ln2983' <Predicate = true> <Delay = 0.00>
ST_1 : Operation 176 [1/1] (0.00ns)   --->   "%specstablecontent_ln2985 = specstablecontent void @_ssdm_op_SpecStableContent, i8 %layerScaleFactor_1, i1 1, void " [prj/sol/.autopilot/db/v_mix.cpp:2985]   --->   Operation 176 'specstablecontent' 'specstablecontent_ln2985' <Predicate = true> <Delay = 0.00>
ST_1 : Operation 177 [1/1] (0.00ns)   --->   "%specstablecontent_ln2985 = specstablecontent void @_ssdm_op_SpecStableContent, i8 %layerScaleFactor_0, i1 1, void " [prj/sol/.autopilot/db/v_mix.cpp:2985]   --->   Operation 177 'specstablecontent' 'specstablecontent_ln2985' <Predicate = true> <Delay = 0.00>
ST_1 : Operation 178 [1/1] (0.00ns)   --->   "%specaxissidechannel_ln3296 = specaxissidechannel void @_ssdm_op_SpecAXISSideChannel, i24 %m_axis_video_V_data_V, i3 %m_axis_video_V_keep_V, i3 %m_axis_video_V_strb_V, i1 %m_axis_video_V_user_V, i1 %m_axis_video_V_last_V, i1 %m_axis_video_V_id_V, i1 %m_axis_video_V_dest_V, void @empty_32" [prj/sol/.autopilot/db/v_mix.cpp:3296]   --->   Operation 178 'specaxissidechannel' 'specaxissidechannel_ln3296' <Predicate = true> <Delay = 0.00>
ST_1 : Operation 179 [1/1] (0.00ns)   --->   "%specaxissidechannel_ln3296 = specaxissidechannel void @_ssdm_op_SpecAXISSideChannel, i24 %s_axis_video_V_data_V, i3 %s_axis_video_V_keep_V, i3 %s_axis_video_V_strb_V, i1 %s_axis_video_V_user_V, i1 %s_axis_video_V_last_V, i1 %s_axis_video_V_id_V, i1 %s_axis_video_V_dest_V, void @empty_31" [prj/sol/.autopilot/db/v_mix.cpp:3296]   --->   Operation 179 'specaxissidechannel' 'specaxissidechannel_ln3296' <Predicate = true> <Delay = 0.00>
ST_1 : Operation 180 [1/1] (0.00ns)   --->   "%layerStartX_0_load = read i16 @_ssdm_op_Read.ap_none.i16P0A, i16 %layerStartX_0" [prj/sol/.autopilot/db/v_mix.cpp:3299]   --->   Operation 180 'read' 'layerStartX_0_load' <Predicate = true> <Delay = 0.00>
ST_1 : Operation 181 [1/1] (1.00ns)   --->   "%layerStartX_1_read = read i16 @_ssdm_op_Read.ap_none.i16P0A, i16 %layerStartX_1" [prj/sol/.autopilot/db/v_mix.cpp:3299]   --->   Operation 181 'read' 'layerStartX_1_read' <Predicate = true> <Delay = 1.00> <CoreInst = "s_axilite">   --->   Core 112 's_axilite' <Latency = 0> <II = 1> <Delay = 1.00> <Adapter> <Opcode : 'read' 'write'>
ST_1 : Operation 182 [1/1] (0.00ns)   --->   "%layerStartY_0_load = read i16 @_ssdm_op_Read.ap_none.i16P0A, i16 %layerStartY_0" [prj/sol/.autopilot/db/v_mix.cpp:3300]   --->   Operation 182 'read' 'layerStartY_0_load' <Predicate = true> <Delay = 0.00>
ST_1 : Operation 183 [1/1] (1.00ns)   --->   "%layerStartY_1_read = read i16 @_ssdm_op_Read.ap_none.i16P0A, i16 %layerStartY_1" [prj/sol/.autopilot/db/v_mix.cpp:3300]   --->   Operation 183 'read' 'layerStartY_1_read' <Predicate = true> <Delay = 1.00> <CoreInst = "s_axilite">   --->   Core 112 's_axilite' <Latency = 0> <II = 1> <Delay = 1.00> <Adapter> <Opcode : 'read' 'write'>
ST_1 : Operation 184 [1/1] (0.00ns)   --->   "%layerWidth_0_load = read i16 @_ssdm_op_Read.ap_auto.i16P0A, i16 %layerWidth_0" [prj/sol/.autopilot/db/v_mix.cpp:3301]   --->   Operation 184 'read' 'layerWidth_0_load' <Predicate = true> <Delay = 0.00>
ST_1 : Operation 185 [1/1] (1.00ns)   --->   "%layerWidth_1_read = read i16 @_ssdm_op_Read.s_axilite.i16P0A, i16 %layerWidth_1" [prj/sol/.autopilot/db/v_mix.cpp:3301]   --->   Operation 185 'read' 'layerWidth_1_read' <Predicate = true> <Delay = 1.00> <CoreInst = "s_axilite">   --->   Core 112 's_axilite' <Latency = 0> <II = 1> <Delay = 1.00> <Adapter> <Opcode : 'read' 'write'>
ST_1 : Operation 186 [1/1] (0.00ns)   --->   "%layerHeight_0_load = read i16 @_ssdm_op_Read.ap_auto.i16P0A, i16 %layerHeight_0" [prj/sol/.autopilot/db/v_mix.cpp:3302]   --->   Operation 186 'read' 'layerHeight_0_load' <Predicate = true> <Delay = 0.00>
ST_1 : Operation 187 [1/1] (1.00ns)   --->   "%layerHeight_1_read = read i16 @_ssdm_op_Read.s_axilite.i16P0A, i16 %layerHeight_1" [prj/sol/.autopilot/db/v_mix.cpp:3302]   --->   Operation 187 'read' 'layerHeight_1_read' <Predicate = true> <Delay = 1.00> <CoreInst = "s_axilite">   --->   Core 112 's_axilite' <Latency = 0> <II = 1> <Delay = 1.00> <Adapter> <Opcode : 'read' 'write'>
ST_1 : Operation 188 [1/1] (0.00ns)   --->   "%layerScaleFactor_0_load = read i8 @_ssdm_op_Read.ap_auto.i8P0A, i8 %layerScaleFactor_0" [prj/sol/.autopilot/db/v_mix.cpp:3303]   --->   Operation 188 'read' 'layerScaleFactor_0_load' <Predicate = true> <Delay = 0.00>
ST_1 : Operation 189 [1/1] (1.00ns)   --->   "%layerScaleFactor_1_read = read i8 @_ssdm_op_Read.s_axilite.i8P0A, i8 %layerScaleFactor_1" [prj/sol/.autopilot/db/v_mix.cpp:3303]   --->   Operation 189 'read' 'layerScaleFactor_1_read' <Predicate = true> <Delay = 1.00> <CoreInst = "s_axilite">   --->   Core 112 's_axilite' <Latency = 0> <II = 1> <Delay = 1.00> <Adapter> <Opcode : 'read' 'write'>
ST_1 : Operation 190 [1/1] (0.00ns)   --->   "%layerStride_0_load = read i16 @_ssdm_op_Read.ap_auto.i16P0A, i16 %layerStride_0" [prj/sol/.autopilot/db/v_mix.cpp:3305]   --->   Operation 190 'read' 'layerStride_0_load' <Predicate = true> <Delay = 0.00>
ST_1 : Operation 191 [1/1] (1.00ns)   --->   "%layerStride_1_read = read i16 @_ssdm_op_Read.s_axilite.i16P0A, i16 %layerStride_1" [prj/sol/.autopilot/db/v_mix.cpp:3305]   --->   Operation 191 'read' 'layerStride_1_read' <Predicate = true> <Delay = 1.00> <CoreInst = "s_axilite">   --->   Core 112 's_axilite' <Latency = 0> <II = 1> <Delay = 1.00> <Adapter> <Opcode : 'read' 'write'>
ST_1 : Operation 192 [1/1] (1.29ns)   --->   "%br_ln3296 = br void %for.inc.split" [prj/sol/.autopilot/db/v_mix.cpp:3296]   --->   Operation 192 'br' 'br_ln3296' <Predicate = true> <Delay = 1.29>

State 2 <SV = 1> <Delay = 2.54>
ST_2 : Operation 193 [1/1] (0.00ns)   --->   "%i = phi i1 0, void %entry, i1 %i_2, void %for.inc.split"   --->   Operation 193 'phi' 'i' <Predicate = true> <Delay = 0.00>
ST_2 : Operation 194 [1/1] (0.00ns)   --->   "%HwReg_layerEnableFlag_1_load = load i1 %HwReg_layerEnableFlag_1" [prj/sol/.autopilot/db/v_mix.cpp:3298]   --->   Operation 194 'load' 'HwReg_layerEnableFlag_1_load' <Predicate = true> <Delay = 0.00>
ST_2 : Operation 195 [1/1] (0.00ns)   --->   "%HwReg_layerEnableFlag_3_load = load i1 %HwReg_layerEnableFlag_3" [prj/sol/.autopilot/db/v_mix.cpp:3298]   --->   Operation 195 'load' 'HwReg_layerEnableFlag_3_load' <Predicate = true> <Delay = 0.00>
ST_2 : Operation 196 [1/1] (0.00ns)   --->   "%p_load26 = load i16 %empty" [prj/sol/.autopilot/db/v_mix.cpp:3298]   --->   Operation 196 'load' 'p_load26' <Predicate = true> <Delay = 0.00>
ST_2 : Operation 197 [1/1] (0.00ns)   --->   "%p_load25 = load i8 %empty_78" [prj/sol/.autopilot/db/v_mix.cpp:3298]   --->   Operation 197 'load' 'p_load25' <Predicate = true> <Delay = 0.00>
ST_2 : Operation 198 [1/1] (0.00ns)   --->   "%p_load24 = load i16 %empty_79" [prj/sol/.autopilot/db/v_mix.cpp:3298]   --->   Operation 198 'load' 'p_load24' <Predicate = true> <Delay = 0.00>
ST_2 : Operation 199 [1/1] (0.00ns)   --->   "%p_load23 = load i16 %empty_80" [prj/sol/.autopilot/db/v_mix.cpp:3298]   --->   Operation 199 'load' 'p_load23' <Predicate = true> <Delay = 0.00>
ST_2 : Operation 200 [1/1] (0.00ns)   --->   "%p_load22 = load i16 %empty_81" [prj/sol/.autopilot/db/v_mix.cpp:3298]   --->   Operation 200 'load' 'p_load22' <Predicate = true> <Delay = 0.00>
ST_2 : Operation 201 [1/1] (0.00ns)   --->   "%p_load = load i16 %empty_82" [prj/sol/.autopilot/db/v_mix.cpp:3298]   --->   Operation 201 'load' 'p_load' <Predicate = true> <Delay = 0.00>
ST_2 : Operation 202 [1/1] (0.00ns)   --->   "%specpipeline_ln3296 = specpipeline void @_ssdm_op_SpecPipeline, i32 4294967295, i32 0, i32 0, i32 0, i32 4294967295, void @empty_44" [prj/sol/.autopilot/db/v_mix.cpp:3296]   --->   Operation 202 'specpipeline' 'specpipeline_ln3296' <Predicate = true> <Delay = 0.00>
ST_2 : Operation 203 [1/1] (0.00ns)   --->   "%speclooptripcount_ln3296 = speclooptripcount void @_ssdm_op_SpecLoopTripCount, i64 2, i64 2, i64 2" [prj/sol/.autopilot/db/v_mix.cpp:3296]   --->   Operation 203 'speclooptripcount' 'speclooptripcount_ln3296' <Predicate = true> <Delay = 0.00>
ST_2 : Operation 204 [1/1] (0.00ns)   --->   "%specloopname_ln3296 = specloopname void @_ssdm_op_SpecLoopName, void @empty_53" [prj/sol/.autopilot/db/v_mix.cpp:3296]   --->   Operation 204 'specloopname' 'specloopname_ln3296' <Predicate = true> <Delay = 0.00>
ST_2 : Operation 205 [1/1] (1.73ns)   --->   "%tobool = bitselect i1 @_ssdm_op_BitSelect.i1.i32.i1, i32 %layerEnable_read, i1 %i" [prj/sol/.autopilot/db/v_mix.cpp:3306]   --->   Operation 205 'bitselect' 'tobool' <Predicate = true> <Delay = 1.73> <CoreInst = "BitSelector">   --->   Core 141 'BitSelector' <Latency = 0> <II = 1> <Delay = 1.73> <FuncUnit> <Opcode : 'bitselect'> <InPorts = 2> <OutPorts = 1>
ST_2 : Operation 206 [1/1] (0.81ns)   --->   "%HwReg_layerEnableFlag_4 = select i1 %i, i1 %HwReg_layerEnableFlag_1_load, i1 %tobool" [prj/sol/.autopilot/db/v_mix.cpp:3298]   --->   Operation 206 'select' 'HwReg_layerEnableFlag_4' <Predicate = true> <Delay = 0.81> <CoreInst = "Sel">   --->   Core 73 'Sel' <Latency = 0> <II = 1> <Delay = 0.81> <FuncUnit> <Opcode : 'select'> <InPorts = 3> <OutPorts = 1>
ST_2 : Operation 207 [1/1] (0.81ns)   --->   "%HwReg_layerEnableFlag = select i1 %i, i1 %tobool, i1 %HwReg_layerEnableFlag_3_load" [prj/sol/.autopilot/db/v_mix.cpp:3298]   --->   Operation 207 'select' 'HwReg_layerEnableFlag' <Predicate = true> <Delay = 0.81> <CoreInst = "Sel">   --->   Core 73 'Sel' <Latency = 0> <II = 1> <Delay = 0.81> <FuncUnit> <Opcode : 'select'> <InPorts = 3> <OutPorts = 1>
ST_2 : Operation 208 [1/1] (0.62ns)   --->   "%HwReg_layerStride = select i1 %i, i16 %layerStride_1_read, i16 %p_load26" [prj/sol/.autopilot/db/v_mix.cpp:3298]   --->   Operation 208 'select' 'HwReg_layerStride' <Predicate = true> <Delay = 0.62> <CoreInst = "Sel">   --->   Core 73 'Sel' <Latency = 0> <II = 1> <Delay = 0.62> <FuncUnit> <Opcode : 'select'> <InPorts = 3> <OutPorts = 1>
ST_2 : Operation 209 [1/1] (0.44ns)   --->   "%HwReg_layerScaleFactor = select i1 %i, i8 %layerScaleFactor_1_read, i8 %p_load25" [prj/sol/.autopilot/db/v_mix.cpp:3298]   --->   Operation 209 'select' 'HwReg_layerScaleFactor' <Predicate = true> <Delay = 0.44> <CoreInst = "Sel">   --->   Core 73 'Sel' <Latency = 0> <II = 1> <Delay = 0.44> <FuncUnit> <Opcode : 'select'> <InPorts = 3> <OutPorts = 1>
ST_2 : Operation 210 [1/1] (0.62ns)   --->   "%HwReg_layerHeight = select i1 %i, i16 %layerHeight_1_read, i16 %p_load24" [prj/sol/.autopilot/db/v_mix.cpp:3298]   --->   Operation 210 'select' 'HwReg_layerHeight' <Predicate = true> <Delay = 0.62> <CoreInst = "Sel">   --->   Core 73 'Sel' <Latency = 0> <II = 1> <Delay = 0.62> <FuncUnit> <Opcode : 'select'> <InPorts = 3> <OutPorts = 1>
ST_2 : Operation 211 [1/1] (0.62ns)   --->   "%HwReg_layerWidth = select i1 %i, i16 %layerWidth_1_read, i16 %p_load23" [prj/sol/.autopilot/db/v_mix.cpp:3298]   --->   Operation 211 'select' 'HwReg_layerWidth' <Predicate = true> <Delay = 0.62> <CoreInst = "Sel">   --->   Core 73 'Sel' <Latency = 0> <II = 1> <Delay = 0.62> <FuncUnit> <Opcode : 'select'> <InPorts = 3> <OutPorts = 1>
ST_2 : Operation 212 [1/1] (0.62ns)   --->   "%HwReg_layerStartY = select i1 %i, i16 %layerStartY_1_read, i16 %p_load22" [prj/sol/.autopilot/db/v_mix.cpp:3298]   --->   Operation 212 'select' 'HwReg_layerStartY' <Predicate = true> <Delay = 0.62> <CoreInst = "Sel">   --->   Core 73 'Sel' <Latency = 0> <II = 1> <Delay = 0.62> <FuncUnit> <Opcode : 'select'> <InPorts = 3> <OutPorts = 1>
ST_2 : Operation 213 [1/1] (0.62ns)   --->   "%HwReg_layerStartX = select i1 %i, i16 %layerStartX_1_read, i16 %p_load" [prj/sol/.autopilot/db/v_mix.cpp:3298]   --->   Operation 213 'select' 'HwReg_layerStartX' <Predicate = true> <Delay = 0.62> <CoreInst = "Sel">   --->   Core 73 'Sel' <Latency = 0> <II = 1> <Delay = 0.62> <FuncUnit> <Opcode : 'select'> <InPorts = 3> <OutPorts = 1>
ST_2 : Operation 214 [1/1] (0.80ns)   --->   "%i_2 = xor i1 %i, i1 1" [prj/sol/.autopilot/db/v_mix.cpp:3296]   --->   Operation 214 'xor' 'i_2' <Predicate = true> <Delay = 0.80> <CoreInst = "LogicGate">   --->   Core 74 'LogicGate' <Latency = 0> <II = 1> <Delay = 0.80> <FuncUnit> <Opcode : 'and' 'or' 'xor'> <InPorts = 2> <OutPorts = 1>
ST_2 : Operation 215 [1/1] (0.00ns)   --->   "%store_ln3298 = store i16 %HwReg_layerStartX, i16 %empty_82" [prj/sol/.autopilot/db/v_mix.cpp:3298]   --->   Operation 215 'store' 'store_ln3298' <Predicate = true> <Delay = 0.00>
ST_2 : Operation 216 [1/1] (0.00ns)   --->   "%store_ln3298 = store i16 %HwReg_layerStartY, i16 %empty_81" [prj/sol/.autopilot/db/v_mix.cpp:3298]   --->   Operation 216 'store' 'store_ln3298' <Predicate = true> <Delay = 0.00>
ST_2 : Operation 217 [1/1] (0.00ns)   --->   "%store_ln3298 = store i16 %HwReg_layerWidth, i16 %empty_80" [prj/sol/.autopilot/db/v_mix.cpp:3298]   --->   Operation 217 'store' 'store_ln3298' <Predicate = true> <Delay = 0.00>
ST_2 : Operation 218 [1/1] (0.00ns)   --->   "%store_ln3298 = store i16 %HwReg_layerHeight, i16 %empty_79" [prj/sol/.autopilot/db/v_mix.cpp:3298]   --->   Operation 218 'store' 'store_ln3298' <Predicate = true> <Delay = 0.00>
ST_2 : Operation 219 [1/1] (0.00ns)   --->   "%store_ln3298 = store i8 %HwReg_layerScaleFactor, i8 %empty_78" [prj/sol/.autopilot/db/v_mix.cpp:3298]   --->   Operation 219 'store' 'store_ln3298' <Predicate = true> <Delay = 0.00>
ST_2 : Operation 220 [1/1] (0.00ns)   --->   "%store_ln3298 = store i16 %HwReg_layerStride, i16 %empty" [prj/sol/.autopilot/db/v_mix.cpp:3298]   --->   Operation 220 'store' 'store_ln3298' <Predicate = true> <Delay = 0.00>
ST_2 : Operation 221 [1/1] (0.00ns)   --->   "%store_ln3296 = store i1 %HwReg_layerEnableFlag, i1 %HwReg_layerEnableFlag_3" [prj/sol/.autopilot/db/v_mix.cpp:3296]   --->   Operation 221 'store' 'store_ln3296' <Predicate = true> <Delay = 0.00>
ST_2 : Operation 222 [1/1] (0.00ns)   --->   "%store_ln3296 = store i1 %HwReg_layerEnableFlag_4, i1 %HwReg_layerEnableFlag_1" [prj/sol/.autopilot/db/v_mix.cpp:3296]   --->   Operation 222 'store' 'store_ln3296' <Predicate = true> <Delay = 0.00>
ST_2 : Operation 223 [1/1] (0.00ns)   --->   "%br_ln3296 = br i1 %i, void %for.inc.split, void %for.end" [prj/sol/.autopilot/db/v_mix.cpp:3296]   --->   Operation 223 'br' 'br_ln3296' <Predicate = true> <Delay = 0.00>

State 3 <SV = 2> <Delay = 4.66>
ST_3 : Operation 224 [2/2] (4.66ns)   --->   "%call_ln3370 = call void @VMixHlsDataFlowFunction, i11 %trunc_ln2417_4, i11 %trunc_ln2417_5, i8 %trunc_ln2417_3, i8 %trunc_ln2417_2, i8 %trunc_ln2417_1, i2 %trunc_ln2417, i64 %mm_video1, i32 %layer1_buf1_read, i1 %HwReg_layerEnableFlag_4, i1 %HwReg_layerEnableFlag, i16 %HwReg_layerStartX, i16 %HwReg_layerStartY, i16 %HwReg_layerWidth, i16 %HwReg_layerHeight, i8 %HwReg_layerScaleFactor, i16 %HwReg_layerStride, i24 %s_axis_video_V_data_V, i3 %s_axis_video_V_keep_V, i3 %s_axis_video_V_strb_V, i1 %s_axis_video_V_user_V, i1 %s_axis_video_V_last_V, i1 %s_axis_video_V_id_V, i1 %s_axis_video_V_dest_V, i24 %m_axis_video_V_data_V, i3 %m_axis_video_V_keep_V, i3 %m_axis_video_V_strb_V, i1 %m_axis_video_V_user_V, i1 %m_axis_video_V_last_V, i1 %m_axis_video_V_id_V, i1 %m_axis_video_V_dest_V" [prj/sol/.autopilot/db/v_mix.cpp:3370]   --->   Operation 224 'call' 'call_ln3370' <Predicate = true> <Delay = 4.66> <CoreType = "Generic">   --->   Generic Core

State 4 <SV = 3> <Delay = 0.00>
ST_4 : Operation 225 [1/2] (0.00ns)   --->   "%call_ln3370 = call void @VMixHlsDataFlowFunction, i11 %trunc_ln2417_4, i11 %trunc_ln2417_5, i8 %trunc_ln2417_3, i8 %trunc_ln2417_2, i8 %trunc_ln2417_1, i2 %trunc_ln2417, i64 %mm_video1, i32 %layer1_buf1_read, i1 %HwReg_layerEnableFlag_4, i1 %HwReg_layerEnableFlag, i16 %HwReg_layerStartX, i16 %HwReg_layerStartY, i16 %HwReg_layerWidth, i16 %HwReg_layerHeight, i8 %HwReg_layerScaleFactor, i16 %HwReg_layerStride, i24 %s_axis_video_V_data_V, i3 %s_axis_video_V_keep_V, i3 %s_axis_video_V_strb_V, i1 %s_axis_video_V_user_V, i1 %s_axis_video_V_last_V, i1 %s_axis_video_V_id_V, i1 %s_axis_video_V_dest_V, i24 %m_axis_video_V_data_V, i3 %m_axis_video_V_keep_V, i3 %m_axis_video_V_strb_V, i1 %m_axis_video_V_user_V, i1 %m_axis_video_V_last_V, i1 %m_axis_video_V_id_V, i1 %m_axis_video_V_dest_V" [prj/sol/.autopilot/db/v_mix.cpp:3370]   --->   Operation 225 'call' 'call_ln3370' <Predicate = true> <Delay = 0.00> <CoreType = "Generic">   --->   Generic Core

State 5 <SV = 4> <Delay = 0.00>
ST_5 : Operation 226 [1/1] (0.00ns)   --->   "%ret_ln3484 = ret" [prj/sol/.autopilot/db/v_mix.cpp:3484]   --->   Operation 226 'ret' 'ret_ln3484' <Predicate = true> <Delay = 0.00>


============================================================
+ Verbose Summary: Binding
============================================================
STG Binding: 
---------------- STG Properties BEGIN ----------------
- Is combinational: 0
- Is one-state seq: 0
- Is datapath-only: 0
- Is pipelined: 0
- Is top level: 1
Port [ Return ] is wired: 1; IO mode=ap_ctrl_hs:ce=0
Port [ mm_video1]:  wired=1; compound=1; hidden=0; nouse=0; global=0; static=0; extern=0; dir=0; type=4; pingpong=0; private_global=0; IO mode=m_axi:ce=0
Port [ s_axis_video_V_data_V]:  wired=1; compound=1; hidden=0; nouse=0; global=0; static=0; extern=0; dir=0; type=0; pingpong=0; private_global=0; IO mode=axis:ce=0
Port [ s_axis_video_V_keep_V]:  wired=1; compound=1; hidden=0; nouse=0; global=0; static=0; extern=0; dir=0; type=0; pingpong=0; private_global=0; IO mode=axis:ce=0
Port [ s_axis_video_V_strb_V]:  wired=1; compound=1; hidden=0; nouse=0; global=0; static=0; extern=0; dir=0; type=0; pingpong=0; private_global=0; IO mode=axis:ce=0
Port [ s_axis_video_V_user_V]:  wired=1; compound=1; hidden=0; nouse=0; global=0; static=0; extern=0; dir=0; type=0; pingpong=0; private_global=0; IO mode=axis:ce=0
Port [ s_axis_video_V_last_V]:  wired=1; compound=1; hidden=0; nouse=0; global=0; static=0; extern=0; dir=0; type=0; pingpong=0; private_global=0; IO mode=axis:ce=0
Port [ s_axis_video_V_id_V]:  wired=1; compound=1; hidden=0; nouse=0; global=0; static=0; extern=0; dir=0; type=0; pingpong=0; private_global=0; IO mode=axis:ce=0
Port [ s_axis_video_V_dest_V]:  wired=1; compound=1; hidden=0; nouse=0; global=0; static=0; extern=0; dir=0; type=0; pingpong=0; private_global=0; IO mode=axis:ce=0
Port [ width]:  wired=1; compound=0; hidden=0; nouse=0; global=0; static=0; extern=0; dir=0; type=0; pingpong=0; private_global=0; IO mode=ap_none:ce=0
Port [ height]:  wired=1; compound=0; hidden=0; nouse=0; global=0; static=0; extern=0; dir=0; type=0; pingpong=0; private_global=0; IO mode=ap_none:ce=0
Port [ video_format]:  wired=1; compound=0; hidden=0; nouse=1; global=0; static=0; extern=0; dir=0; type=0; pingpong=0; private_global=0; IO mode=ap_none:ce=0
Port [ background_Y_R]:  wired=1; compound=0; hidden=0; nouse=0; global=0; static=0; extern=0; dir=0; type=0; pingpong=0; private_global=0; IO mode=ap_none:ce=0
Port [ background_U_G]:  wired=1; compound=0; hidden=0; nouse=0; global=0; static=0; extern=0; dir=0; type=0; pingpong=0; private_global=0; IO mode=ap_none:ce=0
Port [ background_V_B]:  wired=1; compound=0; hidden=0; nouse=0; global=0; static=0; extern=0; dir=0; type=0; pingpong=0; private_global=0; IO mode=ap_none:ce=0
Port [ layerEnable]:  wired=1; compound=0; hidden=0; nouse=0; global=0; static=0; extern=0; dir=0; type=0; pingpong=0; private_global=0; IO mode=ap_none:ce=0
Port [ layer1_buf1]:  wired=1; compound=0; hidden=0; nouse=0; global=0; static=0; extern=0; dir=0; type=0; pingpong=0; private_global=0; IO mode=ap_none:ce=0
Port [ layer1_buf2]:  wired=1; compound=0; hidden=0; nouse=1; global=0; static=0; extern=0; dir=0; type=0; pingpong=0; private_global=0; IO mode=ap_none:ce=0
Port [ layer1_buf3]:  wired=1; compound=0; hidden=0; nouse=1; global=0; static=0; extern=0; dir=0; type=0; pingpong=0; private_global=0; IO mode=ap_none:ce=0
Port [ layerAlpha_0]:  wired=1; compound=0; hidden=0; nouse=1; global=0; static=0; extern=0; dir=0; type=0; pingpong=0; private_global=0; IO mode=ap_none:ce=0
Port [ layerAlpha_1]:  wired=1; compound=0; hidden=0; nouse=1; global=0; static=0; extern=0; dir=0; type=0; pingpong=0; private_global=0; IO mode=ap_none:ce=0
Port [ layerStartX_0]:  wired=1; compound=0; hidden=0; nouse=0; global=0; static=0; extern=0; dir=0; type=0; pingpong=0; private_global=0; IO mode=ap_none:ce=0
Port [ layerStartX_1]:  wired=1; compound=0; hidden=0; nouse=0; global=0; static=0; extern=0; dir=0; type=0; pingpong=0; private_global=0; IO mode=ap_none:ce=0
Port [ layerStartY_0]:  wired=1; compound=0; hidden=0; nouse=0; global=0; static=0; extern=0; dir=0; type=0; pingpong=0; private_global=0; IO mode=ap_none:ce=0
Port [ layerStartY_1]:  wired=1; compound=0; hidden=0; nouse=0; global=0; static=0; extern=0; dir=0; type=0; pingpong=0; private_global=0; IO mode=ap_none:ce=0
Port [ layerWidth_0]:  wired=1; compound=0; hidden=0; nouse=0; global=0; static=0; extern=0; dir=0; type=0; pingpong=0; private_global=0; IO mode=ap_none:ce=0
Port [ layerWidth_1]:  wired=1; compound=0; hidden=0; nouse=0; global=0; static=0; extern=0; dir=0; type=0; pingpong=0; private_global=0; IO mode=ap_none:ce=0
Port [ layerHeight_0]:  wired=1; compound=0; hidden=0; nouse=0; global=0; static=0; extern=0; dir=0; type=0; pingpong=0; private_global=0; IO mode=ap_none:ce=0
Port [ layerHeight_1]:  wired=1; compound=0; hidden=0; nouse=0; global=0; static=0; extern=0; dir=0; type=0; pingpong=0; private_global=0; IO mode=ap_none:ce=0
Port [ layerScaleFactor_0]:  wired=1; compound=0; hidden=0; nouse=0; global=0; static=0; extern=0; dir=0; type=0; pingpong=0; private_global=0; IO mode=ap_none:ce=0
Port [ layerScaleFactor_1]:  wired=1; compound=0; hidden=0; nouse=0; global=0; static=0; extern=0; dir=0; type=0; pingpong=0; private_global=0; IO mode=ap_none:ce=0
Port [ layerVideoFormat]:  wired=1; compound=1; hidden=0; nouse=1; global=0; static=0; extern=0; dir=3; type=1; pingpong=0; private_global=0; MemPort=[]; IO mode=ap_memory:ce=0
Port [ layerStride_0]:  wired=1; compound=0; hidden=0; nouse=0; global=0; static=0; extern=0; dir=0; type=0; pingpong=0; private_global=0; IO mode=ap_none:ce=0
Port [ layerStride_1]:  wired=1; compound=0; hidden=0; nouse=0; global=0; static=0; extern=0; dir=0; type=0; pingpong=0; private_global=0; IO mode=ap_none:ce=0
Port [ reserve]:  wired=1; compound=0; hidden=0; nouse=1; global=0; static=0; extern=0; dir=0; type=0; pingpong=0; private_global=0; IO mode=ap_none:ce=0
Port [ K11]:  wired=1; compound=0; hidden=0; nouse=1; global=0; static=0; extern=0; dir=0; type=0; pingpong=0; private_global=0; IO mode=ap_none:ce=0
Port [ K12]:  wired=1; compound=0; hidden=0; nouse=1; global=0; static=0; extern=0; dir=0; type=0; pingpong=0; private_global=0; IO mode=ap_none:ce=0
Port [ K13]:  wired=1; compound=0; hidden=0; nouse=1; global=0; static=0; extern=0; dir=0; type=0; pingpong=0; private_global=0; IO mode=ap_none:ce=0
Port [ K21]:  wired=1; compound=0; hidden=0; nouse=1; global=0; static=0; extern=0; dir=0; type=0; pingpong=0; private_global=0; IO mode=ap_none:ce=0
Port [ K22]:  wired=1; compound=0; hidden=0; nouse=1; global=0; static=0; extern=0; dir=0; type=0; pingpong=0; private_global=0; IO mode=ap_none:ce=0
Port [ K23]:  wired=1; compound=0; hidden=0; nouse=1; global=0; static=0; extern=0; dir=0; type=0; pingpong=0; private_global=0; IO mode=ap_none:ce=0
Port [ K31]:  wired=1; compound=0; hidden=0; nouse=1; global=0; static=0; extern=0; dir=0; type=0; pingpong=0; private_global=0; IO mode=ap_none:ce=0
Port [ K32]:  wired=1; compound=0; hidden=0; nouse=1; global=0; static=0; extern=0; dir=0; type=0; pingpong=0; private_global=0; IO mode=ap_none:ce=0
Port [ K33]:  wired=1; compound=0; hidden=0; nouse=1; global=0; static=0; extern=0; dir=0; type=0; pingpong=0; private_global=0; IO mode=ap_none:ce=0
Port [ ROffset]:  wired=1; compound=0; hidden=0; nouse=1; global=0; static=0; extern=0; dir=0; type=0; pingpong=0; private_global=0; IO mode=ap_none:ce=0
Port [ GOffset]:  wired=1; compound=0; hidden=0; nouse=1; global=0; static=0; extern=0; dir=0; type=0; pingpong=0; private_global=0; IO mode=ap_none:ce=0
Port [ BOffset]:  wired=1; compound=0; hidden=0; nouse=1; global=0; static=0; extern=0; dir=0; type=0; pingpong=0; private_global=0; IO mode=ap_none:ce=0
Port [ K11_2]:  wired=1; compound=0; hidden=0; nouse=1; global=0; static=0; extern=0; dir=0; type=0; pingpong=0; private_global=0; IO mode=ap_none:ce=0
Port [ K12_2]:  wired=1; compound=0; hidden=0; nouse=1; global=0; static=0; extern=0; dir=0; type=0; pingpong=0; private_global=0; IO mode=ap_none:ce=0
Port [ K13_2]:  wired=1; compound=0; hidden=0; nouse=1; global=0; static=0; extern=0; dir=0; type=0; pingpong=0; private_global=0; IO mode=ap_none:ce=0
Port [ K21_2]:  wired=1; compound=0; hidden=0; nouse=1; global=0; static=0; extern=0; dir=0; type=0; pingpong=0; private_global=0; IO mode=ap_none:ce=0
Port [ K22_2]:  wired=1; compound=0; hidden=0; nouse=1; global=0; static=0; extern=0; dir=0; type=0; pingpong=0; private_global=0; IO mode=ap_none:ce=0
Port [ K23_2]:  wired=1; compound=0; hidden=0; nouse=1; global=0; static=0; extern=0; dir=0; type=0; pingpong=0; private_global=0; IO mode=ap_none:ce=0
Port [ K31_2]:  wired=1; compound=0; hidden=0; nouse=1; global=0; static=0; extern=0; dir=0; type=0; pingpong=0; private_global=0; IO mode=ap_none:ce=0
Port [ K32_2]:  wired=1; compound=0; hidden=0; nouse=1; global=0; static=0; extern=0; dir=0; type=0; pingpong=0; private_global=0; IO mode=ap_none:ce=0
Port [ K33_2]:  wired=1; compound=0; hidden=0; nouse=1; global=0; static=0; extern=0; dir=0; type=0; pingpong=0; private_global=0; IO mode=ap_none:ce=0
Port [ YOffset]:  wired=1; compound=0; hidden=0; nouse=1; global=0; static=0; extern=0; dir=0; type=0; pingpong=0; private_global=0; IO mode=ap_none:ce=0
Port [ UOffset]:  wired=1; compound=0; hidden=0; nouse=1; global=0; static=0; extern=0; dir=0; type=0; pingpong=0; private_global=0; IO mode=ap_none:ce=0
Port [ VOffset]:  wired=1; compound=0; hidden=0; nouse=1; global=0; static=0; extern=0; dir=0; type=0; pingpong=0; private_global=0; IO mode=ap_none:ce=0
Port [ m_axis_video_V_data_V]:  wired=1; compound=1; hidden=0; nouse=0; global=0; static=0; extern=0; dir=1; type=0; pingpong=0; private_global=0; IO mode=axis:ce=0
Port [ m_axis_video_V_keep_V]:  wired=1; compound=1; hidden=0; nouse=0; global=0; static=0; extern=0; dir=1; type=0; pingpong=0; private_global=0; IO mode=axis:ce=0
Port [ m_axis_video_V_strb_V]:  wired=1; compound=1; hidden=0; nouse=0; global=0; static=0; extern=0; dir=1; type=0; pingpong=0; private_global=0; IO mode=axis:ce=0
Port [ m_axis_video_V_user_V]:  wired=1; compound=1; hidden=0; nouse=0; global=0; static=0; extern=0; dir=1; type=0; pingpong=0; private_global=0; IO mode=axis:ce=0
Port [ m_axis_video_V_last_V]:  wired=1; compound=1; hidden=0; nouse=0; global=0; static=0; extern=0; dir=1; type=0; pingpong=0; private_global=0; IO mode=axis:ce=0
Port [ m_axis_video_V_id_V]:  wired=1; compound=1; hidden=0; nouse=0; global=0; static=0; extern=0; dir=1; type=0; pingpong=0; private_global=0; IO mode=axis:ce=0
Port [ m_axis_video_V_dest_V]:  wired=1; compound=1; hidden=0; nouse=0; global=0; static=0; extern=0; dir=1; type=0; pingpong=0; private_global=0; IO mode=axis:ce=0
---------------- STG Properties END ------------------

---------------- Datapath Model BEGIN ----------------

<LifeTime>
<method=bitvector/>
HwReg_layerEnableFlag_1      (alloca             ) [ 001000]
HwReg_layerEnableFlag_3      (alloca             ) [ 001000]
empty                        (alloca             ) [ 001000]
empty_78                     (alloca             ) [ 001000]
empty_79                     (alloca             ) [ 001000]
empty_80                     (alloca             ) [ 001000]
empty_81                     (alloca             ) [ 001000]
empty_82                     (alloca             ) [ 001000]
layer1_buf1_read             (read               ) [ 001110]
layerEnable_read             (read               ) [ 001000]
background_V_B_read          (read               ) [ 000000]
background_U_G_read          (read               ) [ 000000]
background_Y_R_read          (read               ) [ 000000]
height_read                  (read               ) [ 000000]
width_read                   (read               ) [ 000000]
trunc_ln2417                 (trunc              ) [ 001110]
trunc_ln2417_1               (trunc              ) [ 001110]
trunc_ln2417_2               (trunc              ) [ 001110]
trunc_ln2417_3               (trunc              ) [ 001110]
trunc_ln2417_4               (trunc              ) [ 001110]
trunc_ln2417_5               (trunc              ) [ 001110]
spectopmodule_ln2417         (spectopmodule      ) [ 000000]
specinterface_ln0            (specinterface      ) [ 000000]
specbitsmap_ln0              (specbitsmap        ) [ 000000]
specinterface_ln0            (specinterface      ) [ 000000]
specbitsmap_ln0              (specbitsmap        ) [ 000000]
specbitsmap_ln0              (specbitsmap        ) [ 000000]
specbitsmap_ln0              (specbitsmap        ) [ 000000]
specbitsmap_ln0              (specbitsmap        ) [ 000000]
specbitsmap_ln0              (specbitsmap        ) [ 000000]
specbitsmap_ln0              (specbitsmap        ) [ 000000]
specbitsmap_ln0              (specbitsmap        ) [ 000000]
specbitsmap_ln0              (specbitsmap        ) [ 000000]
specinterface_ln0            (specinterface      ) [ 000000]
specinterface_ln0            (specinterface      ) [ 000000]
specbitsmap_ln0              (specbitsmap        ) [ 000000]
specinterface_ln0            (specinterface      ) [ 000000]
specinterface_ln0            (specinterface      ) [ 000000]
specbitsmap_ln0              (specbitsmap        ) [ 000000]
specinterface_ln0            (specinterface      ) [ 000000]
specinterface_ln0            (specinterface      ) [ 000000]
specbitsmap_ln0              (specbitsmap        ) [ 000000]
specinterface_ln0            (specinterface      ) [ 000000]
specinterface_ln0            (specinterface      ) [ 000000]
specbitsmap_ln0              (specbitsmap        ) [ 000000]
specinterface_ln0            (specinterface      ) [ 000000]
specinterface_ln0            (specinterface      ) [ 000000]
specbitsmap_ln0              (specbitsmap        ) [ 000000]
specinterface_ln0            (specinterface      ) [ 000000]
specinterface_ln0            (specinterface      ) [ 000000]
specbitsmap_ln0              (specbitsmap        ) [ 000000]
specinterface_ln0            (specinterface      ) [ 000000]
specinterface_ln0            (specinterface      ) [ 000000]
specinterface_ln0            (specinterface      ) [ 000000]
specinterface_ln0            (specinterface      ) [ 000000]
specinterface_ln0            (specinterface      ) [ 000000]
specinterface_ln0            (specinterface      ) [ 000000]
specinterface_ln0            (specinterface      ) [ 000000]
specinterface_ln0            (specinterface      ) [ 000000]
specbitsmap_ln0              (specbitsmap        ) [ 000000]
specinterface_ln0            (specinterface      ) [ 000000]
specbitsmap_ln0              (specbitsmap        ) [ 000000]
specinterface_ln0            (specinterface      ) [ 000000]
specinterface_ln0            (specinterface      ) [ 000000]
specbitsmap_ln0              (specbitsmap        ) [ 000000]
specinterface_ln0            (specinterface      ) [ 000000]
specbitsmap_ln0              (specbitsmap        ) [ 000000]
specinterface_ln0            (specinterface      ) [ 000000]
specinterface_ln0            (specinterface      ) [ 000000]
specbitsmap_ln0              (specbitsmap        ) [ 000000]
specinterface_ln0            (specinterface      ) [ 000000]
specbitsmap_ln0              (specbitsmap        ) [ 000000]
specinterface_ln0            (specinterface      ) [ 000000]
specinterface_ln0            (specinterface      ) [ 000000]
specbitsmap_ln0              (specbitsmap        ) [ 000000]
specinterface_ln0            (specinterface      ) [ 000000]
specbitsmap_ln0              (specbitsmap        ) [ 000000]
specinterface_ln0            (specinterface      ) [ 000000]
specinterface_ln0            (specinterface      ) [ 000000]
specbitsmap_ln0              (specbitsmap        ) [ 000000]
specinterface_ln0            (specinterface      ) [ 000000]
specbitsmap_ln0              (specbitsmap        ) [ 000000]
specinterface_ln0            (specinterface      ) [ 000000]
specinterface_ln0            (specinterface      ) [ 000000]
specbitsmap_ln0              (specbitsmap        ) [ 000000]
specinterface_ln0            (specinterface      ) [ 000000]
specbitsmap_ln0              (specbitsmap        ) [ 000000]
specinterface_ln0            (specinterface      ) [ 000000]
specinterface_ln0            (specinterface      ) [ 000000]
specinterface_ln0            (specinterface      ) [ 000000]
specbitsmap_ln0              (specbitsmap        ) [ 000000]
specbitsmap_ln0              (specbitsmap        ) [ 000000]
specinterface_ln0            (specinterface      ) [ 000000]
specbitsmap_ln0              (specbitsmap        ) [ 000000]
specinterface_ln0            (specinterface      ) [ 000000]
specinterface_ln0            (specinterface      ) [ 000000]
specbitsmap_ln0              (specbitsmap        ) [ 000000]
specinterface_ln0            (specinterface      ) [ 000000]
specinterface_ln0            (specinterface      ) [ 000000]
specbitsmap_ln0              (specbitsmap        ) [ 000000]
specinterface_ln0            (specinterface      ) [ 000000]
specbitsmap_ln0              (specbitsmap        ) [ 000000]
specinterface_ln0            (specinterface      ) [ 000000]
specbitsmap_ln0              (specbitsmap        ) [ 000000]
specinterface_ln0            (specinterface      ) [ 000000]
specbitsmap_ln0              (specbitsmap        ) [ 000000]
specinterface_ln0            (specinterface      ) [ 000000]
specbitsmap_ln0              (specbitsmap        ) [ 000000]
specinterface_ln0            (specinterface      ) [ 000000]
specbitsmap_ln0              (specbitsmap        ) [ 000000]
specinterface_ln0            (specinterface      ) [ 000000]
specbitsmap_ln0              (specbitsmap        ) [ 000000]
specinterface_ln0            (specinterface      ) [ 000000]
specbitsmap_ln0              (specbitsmap        ) [ 000000]
specinterface_ln0            (specinterface      ) [ 000000]
specbitsmap_ln0              (specbitsmap        ) [ 000000]
specinterface_ln0            (specinterface      ) [ 000000]
specbitsmap_ln0              (specbitsmap        ) [ 000000]
specinterface_ln0            (specinterface      ) [ 000000]
specbitsmap_ln0              (specbitsmap        ) [ 000000]
specinterface_ln0            (specinterface      ) [ 000000]
specbitsmap_ln0              (specbitsmap        ) [ 000000]
specinterface_ln0            (specinterface      ) [ 000000]
specbitsmap_ln0              (specbitsmap        ) [ 000000]
specinterface_ln0            (specinterface      ) [ 000000]
specbitsmap_ln0              (specbitsmap        ) [ 000000]
specinterface_ln0            (specinterface      ) [ 000000]
specbitsmap_ln0              (specbitsmap        ) [ 000000]
specinterface_ln0            (specinterface      ) [ 000000]
specbitsmap_ln0              (specbitsmap        ) [ 000000]
specinterface_ln0            (specinterface      ) [ 000000]
specbitsmap_ln0              (specbitsmap        ) [ 000000]
specinterface_ln0            (specinterface      ) [ 000000]
specbitsmap_ln0              (specbitsmap        ) [ 000000]
specinterface_ln0            (specinterface      ) [ 000000]
specbitsmap_ln0              (specbitsmap        ) [ 000000]
specinterface_ln0            (specinterface      ) [ 000000]
specbitsmap_ln0              (specbitsmap        ) [ 000000]
specinterface_ln0            (specinterface      ) [ 000000]
specbitsmap_ln0              (specbitsmap        ) [ 000000]
specinterface_ln0            (specinterface      ) [ 000000]
specbitsmap_ln0              (specbitsmap        ) [ 000000]
specinterface_ln0            (specinterface      ) [ 000000]
specbitsmap_ln0              (specbitsmap        ) [ 000000]
specinterface_ln0            (specinterface      ) [ 000000]
specbitsmap_ln0              (specbitsmap        ) [ 000000]
specinterface_ln0            (specinterface      ) [ 000000]
specinterface_ln0            (specinterface      ) [ 000000]
specbitsmap_ln0              (specbitsmap        ) [ 000000]
specbitsmap_ln0              (specbitsmap        ) [ 000000]
specbitsmap_ln0              (specbitsmap        ) [ 000000]
specbitsmap_ln0              (specbitsmap        ) [ 000000]
specbitsmap_ln0              (specbitsmap        ) [ 000000]
specbitsmap_ln0              (specbitsmap        ) [ 000000]
specbitsmap_ln0              (specbitsmap        ) [ 000000]
specinterface_ln0            (specinterface      ) [ 000000]
specstablecontent_ln2910     (specstablecontent  ) [ 000000]
specstablecontent_ln2912     (specstablecontent  ) [ 000000]
specstablecontent_ln2914     (specstablecontent  ) [ 000000]
specstablecontent_ln2916     (specstablecontent  ) [ 000000]
specstablecontent_ln2918     (specstablecontent  ) [ 000000]
specstablecontent_ln2920     (specstablecontent  ) [ 000000]
specstablecontent_ln2975     (specstablecontent  ) [ 000000]
specstablecontent_ln2975     (specstablecontent  ) [ 000000]
specstablecontent_ln2979     (specstablecontent  ) [ 000000]
specstablecontent_ln2979     (specstablecontent  ) [ 000000]
specstablecontent_ln2981     (specstablecontent  ) [ 000000]
specstablecontent_ln2981     (specstablecontent  ) [ 000000]
specstablecontent_ln2983     (specstablecontent  ) [ 000000]
specstablecontent_ln2983     (specstablecontent  ) [ 000000]
specstablecontent_ln2985     (specstablecontent  ) [ 000000]
specstablecontent_ln2985     (specstablecontent  ) [ 000000]
specaxissidechannel_ln3296   (specaxissidechannel) [ 000000]
specaxissidechannel_ln3296   (specaxissidechannel) [ 000000]
layerStartX_0_load           (read               ) [ 000000]
layerStartX_1_read           (read               ) [ 001000]
layerStartY_0_load           (read               ) [ 000000]
layerStartY_1_read           (read               ) [ 001000]
layerWidth_0_load            (read               ) [ 000000]
layerWidth_1_read            (read               ) [ 001000]
layerHeight_0_load           (read               ) [ 000000]
layerHeight_1_read           (read               ) [ 001000]
layerScaleFactor_0_load      (read               ) [ 000000]
layerScaleFactor_1_read      (read               ) [ 001000]
layerStride_0_load           (read               ) [ 000000]
layerStride_1_read           (read               ) [ 001000]
br_ln3296                    (br                 ) [ 011000]
i                            (phi                ) [ 001000]
HwReg_layerEnableFlag_1_load (load               ) [ 000000]
HwReg_layerEnableFlag_3_load (load               ) [ 000000]
p_load26                     (load               ) [ 000000]
p_load25                     (load               ) [ 000000]
p_load24                     (load               ) [ 000000]
p_load23                     (load               ) [ 000000]
p_load22                     (load               ) [ 000000]
p_load                       (load               ) [ 000000]
specpipeline_ln3296          (specpipeline       ) [ 000000]
speclooptripcount_ln3296     (speclooptripcount  ) [ 000000]
specloopname_ln3296          (specloopname       ) [ 000000]
tobool                       (bitselect          ) [ 000000]
HwReg_layerEnableFlag_4      (select             ) [ 000110]
HwReg_layerEnableFlag        (select             ) [ 000110]
HwReg_layerStride            (select             ) [ 000110]
HwReg_layerScaleFactor       (select             ) [ 000110]
HwReg_layerHeight            (select             ) [ 000110]
HwReg_layerWidth             (select             ) [ 000110]
HwReg_layerStartY            (select             ) [ 000110]
HwReg_layerStartX            (select             ) [ 000110]
i_2                          (xor                ) [ 011000]
store_ln3298                 (store              ) [ 000000]
store_ln3298                 (store              ) [ 000000]
store_ln3298                 (store              ) [ 000000]
store_ln3298                 (store              ) [ 000000]
store_ln3298                 (store              ) [ 000000]
store_ln3298                 (store              ) [ 000000]
store_ln3296                 (store              ) [ 000000]
store_ln3296                 (store              ) [ 000000]
br_ln3296                    (br                 ) [ 011000]
call_ln3370                  (call               ) [ 000000]
ret_ln3484                   (ret                ) [ 000000]
</LifeTime>

<model>

<comp_list>
<comp id="0" class="1000" name="mm_video1">
<pin_list>
<pin id="1" dir="1" index="0" bw="1" slack="0"/>
</pin_list>
<bind>
<StgValue><ssdm name="mm_video1"/><MemPortTyVec>0 </MemPortTyVec>
</StgValue>
</bind>
</comp>

<comp id="2" class="1000" name="s_axis_video_V_data_V">
<pin_list>
<pin id="3" dir="1" index="0" bw="1" slack="0"/>
</pin_list>
<bind>
<StgValue><ssdm name="s_axis_video_V_data_V"/></StgValue>
</bind>
</comp>

<comp id="4" class="1000" name="s_axis_video_V_keep_V">
<pin_list>
<pin id="5" dir="1" index="0" bw="1" slack="0"/>
</pin_list>
<bind>
<StgValue><ssdm name="s_axis_video_V_keep_V"/></StgValue>
</bind>
</comp>

<comp id="6" class="1000" name="s_axis_video_V_strb_V">
<pin_list>
<pin id="7" dir="1" index="0" bw="1" slack="0"/>
</pin_list>
<bind>
<StgValue><ssdm name="s_axis_video_V_strb_V"/></StgValue>
</bind>
</comp>

<comp id="8" class="1000" name="s_axis_video_V_user_V">
<pin_list>
<pin id="9" dir="1" index="0" bw="1" slack="0"/>
</pin_list>
<bind>
<StgValue><ssdm name="s_axis_video_V_user_V"/></StgValue>
</bind>
</comp>

<comp id="10" class="1000" name="s_axis_video_V_last_V">
<pin_list>
<pin id="11" dir="1" index="0" bw="1" slack="0"/>
</pin_list>
<bind>
<StgValue><ssdm name="s_axis_video_V_last_V"/></StgValue>
</bind>
</comp>

<comp id="12" class="1000" name="s_axis_video_V_id_V">
<pin_list>
<pin id="13" dir="1" index="0" bw="1" slack="0"/>
</pin_list>
<bind>
<StgValue><ssdm name="s_axis_video_V_id_V"/></StgValue>
</bind>
</comp>

<comp id="14" class="1000" name="s_axis_video_V_dest_V">
<pin_list>
<pin id="15" dir="1" index="0" bw="1" slack="0"/>
</pin_list>
<bind>
<StgValue><ssdm name="s_axis_video_V_dest_V"/></StgValue>
</bind>
</comp>

<comp id="16" class="1000" name="width">
<pin_list>
<pin id="17" dir="1" index="0" bw="1" slack="0"/>
</pin_list>
<bind>
<StgValue><ssdm name="width"/></StgValue>
</bind>
</comp>

<comp id="18" class="1000" name="height">
<pin_list>
<pin id="19" dir="1" index="0" bw="1" slack="0"/>
</pin_list>
<bind>
<StgValue><ssdm name="height"/></StgValue>
</bind>
</comp>

<comp id="20" class="1000" name="video_format">
<pin_list>
<pin id="21" dir="1" index="0" bw="1" slack="2147483647"/>
</pin_list>
<bind>
<StgValue><ssdm name="video_format"/></StgValue>
</bind>
</comp>

<comp id="22" class="1000" name="background_Y_R">
<pin_list>
<pin id="23" dir="1" index="0" bw="1" slack="0"/>
</pin_list>
<bind>
<StgValue><ssdm name="background_Y_R"/></StgValue>
</bind>
</comp>

<comp id="24" class="1000" name="background_U_G">
<pin_list>
<pin id="25" dir="1" index="0" bw="1" slack="0"/>
</pin_list>
<bind>
<StgValue><ssdm name="background_U_G"/></StgValue>
</bind>
</comp>

<comp id="26" class="1000" name="background_V_B">
<pin_list>
<pin id="27" dir="1" index="0" bw="1" slack="0"/>
</pin_list>
<bind>
<StgValue><ssdm name="background_V_B"/></StgValue>
</bind>
</comp>

<comp id="28" class="1000" name="layerEnable">
<pin_list>
<pin id="29" dir="1" index="0" bw="1" slack="0"/>
</pin_list>
<bind>
<StgValue><ssdm name="layerEnable"/></StgValue>
</bind>
</comp>

<comp id="30" class="1000" name="layer1_buf1">
<pin_list>
<pin id="31" dir="1" index="0" bw="1" slack="0"/>
</pin_list>
<bind>
<StgValue><ssdm name="layer1_buf1"/></StgValue>
</bind>
</comp>

<comp id="32" class="1000" name="layer1_buf2">
<pin_list>
<pin id="33" dir="1" index="0" bw="1" slack="2147483647"/>
</pin_list>
<bind>
<StgValue><ssdm name="layer1_buf2"/></StgValue>
</bind>
</comp>

<comp id="34" class="1000" name="layer1_buf3">
<pin_list>
<pin id="35" dir="1" index="0" bw="1" slack="2147483647"/>
</pin_list>
<bind>
<StgValue><ssdm name="layer1_buf3"/></StgValue>
</bind>
</comp>

<comp id="36" class="1000" name="layerAlpha_0">
<pin_list>
<pin id="37" dir="1" index="0" bw="1" slack="2147483647"/>
</pin_list>
<bind>
<StgValue><ssdm name="layerAlpha_0"/></StgValue>
</bind>
</comp>

<comp id="38" class="1000" name="layerAlpha_1">
<pin_list>
<pin id="39" dir="1" index="0" bw="1" slack="2147483647"/>
</pin_list>
<bind>
<StgValue><ssdm name="layerAlpha_1"/></StgValue>
</bind>
</comp>

<comp id="40" class="1000" name="layerStartX_0">
<pin_list>
<pin id="41" dir="1" index="0" bw="1" slack="0"/>
</pin_list>
<bind>
<StgValue><ssdm name="layerStartX_0"/></StgValue>
</bind>
</comp>

<comp id="42" class="1000" name="layerStartX_1">
<pin_list>
<pin id="43" dir="1" index="0" bw="1" slack="0"/>
</pin_list>
<bind>
<StgValue><ssdm name="layerStartX_1"/></StgValue>
</bind>
</comp>

<comp id="44" class="1000" name="layerStartY_0">
<pin_list>
<pin id="45" dir="1" index="0" bw="1" slack="0"/>
</pin_list>
<bind>
<StgValue><ssdm name="layerStartY_0"/></StgValue>
</bind>
</comp>

<comp id="46" class="1000" name="layerStartY_1">
<pin_list>
<pin id="47" dir="1" index="0" bw="1" slack="0"/>
</pin_list>
<bind>
<StgValue><ssdm name="layerStartY_1"/></StgValue>
</bind>
</comp>

<comp id="48" class="1000" name="layerWidth_0">
<pin_list>
<pin id="49" dir="1" index="0" bw="1" slack="0"/>
</pin_list>
<bind>
<StgValue><ssdm name="layerWidth_0"/></StgValue>
</bind>
</comp>

<comp id="50" class="1000" name="layerWidth_1">
<pin_list>
<pin id="51" dir="1" index="0" bw="1" slack="0"/>
</pin_list>
<bind>
<StgValue><ssdm name="layerWidth_1"/></StgValue>
</bind>
</comp>

<comp id="52" class="1000" name="layerHeight_0">
<pin_list>
<pin id="53" dir="1" index="0" bw="1" slack="0"/>
</pin_list>
<bind>
<StgValue><ssdm name="layerHeight_0"/></StgValue>
</bind>
</comp>

<comp id="54" class="1000" name="layerHeight_1">
<pin_list>
<pin id="55" dir="1" index="0" bw="1" slack="0"/>
</pin_list>
<bind>
<StgValue><ssdm name="layerHeight_1"/></StgValue>
</bind>
</comp>

<comp id="56" class="1000" name="layerScaleFactor_0">
<pin_list>
<pin id="57" dir="1" index="0" bw="1" slack="0"/>
</pin_list>
<bind>
<StgValue><ssdm name="layerScaleFactor_0"/></StgValue>
</bind>
</comp>

<comp id="58" class="1000" name="layerScaleFactor_1">
<pin_list>
<pin id="59" dir="1" index="0" bw="1" slack="0"/>
</pin_list>
<bind>
<StgValue><ssdm name="layerScaleFactor_1"/></StgValue>
</bind>
</comp>

<comp id="60" class="1000" name="layerVideoFormat">
<pin_list>
<pin id="61" dir="1" index="0" bw="1" slack="2147483647"/>
</pin_list>
<bind>
<StgValue><ssdm name="layerVideoFormat"/></StgValue>
</bind>
</comp>

<comp id="62" class="1000" name="layerStride_0">
<pin_list>
<pin id="63" dir="1" index="0" bw="1" slack="0"/>
</pin_list>
<bind>
<StgValue><ssdm name="layerStride_0"/></StgValue>
</bind>
</comp>

<comp id="64" class="1000" name="layerStride_1">
<pin_list>
<pin id="65" dir="1" index="0" bw="1" slack="0"/>
</pin_list>
<bind>
<StgValue><ssdm name="layerStride_1"/></StgValue>
</bind>
</comp>

<comp id="66" class="1000" name="reserve">
<pin_list>
<pin id="67" dir="1" index="0" bw="1" slack="2147483647"/>
</pin_list>
<bind>
<StgValue><ssdm name="reserve"/></StgValue>
</bind>
</comp>

<comp id="68" class="1000" name="K11">
<pin_list>
<pin id="69" dir="1" index="0" bw="1" slack="2147483647"/>
</pin_list>
<bind>
<StgValue><ssdm name="K11"/></StgValue>
</bind>
</comp>

<comp id="70" class="1000" name="K12">
<pin_list>
<pin id="71" dir="1" index="0" bw="1" slack="2147483647"/>
</pin_list>
<bind>
<StgValue><ssdm name="K12"/></StgValue>
</bind>
</comp>

<comp id="72" class="1000" name="K13">
<pin_list>
<pin id="73" dir="1" index="0" bw="1" slack="2147483647"/>
</pin_list>
<bind>
<StgValue><ssdm name="K13"/></StgValue>
</bind>
</comp>

<comp id="74" class="1000" name="K21">
<pin_list>
<pin id="75" dir="1" index="0" bw="1" slack="2147483647"/>
</pin_list>
<bind>
<StgValue><ssdm name="K21"/></StgValue>
</bind>
</comp>

<comp id="76" class="1000" name="K22">
<pin_list>
<pin id="77" dir="1" index="0" bw="1" slack="2147483647"/>
</pin_list>
<bind>
<StgValue><ssdm name="K22"/></StgValue>
</bind>
</comp>

<comp id="78" class="1000" name="K23">
<pin_list>
<pin id="79" dir="1" index="0" bw="1" slack="2147483647"/>
</pin_list>
<bind>
<StgValue><ssdm name="K23"/></StgValue>
</bind>
</comp>

<comp id="80" class="1000" name="K31">
<pin_list>
<pin id="81" dir="1" index="0" bw="1" slack="2147483647"/>
</pin_list>
<bind>
<StgValue><ssdm name="K31"/></StgValue>
</bind>
</comp>

<comp id="82" class="1000" name="K32">
<pin_list>
<pin id="83" dir="1" index="0" bw="1" slack="2147483647"/>
</pin_list>
<bind>
<StgValue><ssdm name="K32"/></StgValue>
</bind>
</comp>

<comp id="84" class="1000" name="K33">
<pin_list>
<pin id="85" dir="1" index="0" bw="1" slack="2147483647"/>
</pin_list>
<bind>
<StgValue><ssdm name="K33"/></StgValue>
</bind>
</comp>

<comp id="86" class="1000" name="ROffset">
<pin_list>
<pin id="87" dir="1" index="0" bw="1" slack="2147483647"/>
</pin_list>
<bind>
<StgValue><ssdm name="ROffset"/></StgValue>
</bind>
</comp>

<comp id="88" class="1000" name="GOffset">
<pin_list>
<pin id="89" dir="1" index="0" bw="1" slack="2147483647"/>
</pin_list>
<bind>
<StgValue><ssdm name="GOffset"/></StgValue>
</bind>
</comp>

<comp id="90" class="1000" name="BOffset">
<pin_list>
<pin id="91" dir="1" index="0" bw="1" slack="2147483647"/>
</pin_list>
<bind>
<StgValue><ssdm name="BOffset"/></StgValue>
</bind>
</comp>

<comp id="92" class="1000" name="K11_2">
<pin_list>
<pin id="93" dir="1" index="0" bw="1" slack="2147483647"/>
</pin_list>
<bind>
<StgValue><ssdm name="K11_2"/></StgValue>
</bind>
</comp>

<comp id="94" class="1000" name="K12_2">
<pin_list>
<pin id="95" dir="1" index="0" bw="1" slack="2147483647"/>
</pin_list>
<bind>
<StgValue><ssdm name="K12_2"/></StgValue>
</bind>
</comp>

<comp id="96" class="1000" name="K13_2">
<pin_list>
<pin id="97" dir="1" index="0" bw="1" slack="2147483647"/>
</pin_list>
<bind>
<StgValue><ssdm name="K13_2"/></StgValue>
</bind>
</comp>

<comp id="98" class="1000" name="K21_2">
<pin_list>
<pin id="99" dir="1" index="0" bw="1" slack="2147483647"/>
</pin_list>
<bind>
<StgValue><ssdm name="K21_2"/></StgValue>
</bind>
</comp>

<comp id="100" class="1000" name="K22_2">
<pin_list>
<pin id="101" dir="1" index="0" bw="1" slack="2147483647"/>
</pin_list>
<bind>
<StgValue><ssdm name="K22_2"/></StgValue>
</bind>
</comp>

<comp id="102" class="1000" name="K23_2">
<pin_list>
<pin id="103" dir="1" index="0" bw="1" slack="2147483647"/>
</pin_list>
<bind>
<StgValue><ssdm name="K23_2"/></StgValue>
</bind>
</comp>

<comp id="104" class="1000" name="K31_2">
<pin_list>
<pin id="105" dir="1" index="0" bw="1" slack="2147483647"/>
</pin_list>
<bind>
<StgValue><ssdm name="K31_2"/></StgValue>
</bind>
</comp>

<comp id="106" class="1000" name="K32_2">
<pin_list>
<pin id="107" dir="1" index="0" bw="1" slack="2147483647"/>
</pin_list>
<bind>
<StgValue><ssdm name="K32_2"/></StgValue>
</bind>
</comp>

<comp id="108" class="1000" name="K33_2">
<pin_list>
<pin id="109" dir="1" index="0" bw="1" slack="2147483647"/>
</pin_list>
<bind>
<StgValue><ssdm name="K33_2"/></StgValue>
</bind>
</comp>

<comp id="110" class="1000" name="YOffset">
<pin_list>
<pin id="111" dir="1" index="0" bw="1" slack="2147483647"/>
</pin_list>
<bind>
<StgValue><ssdm name="YOffset"/></StgValue>
</bind>
</comp>

<comp id="112" class="1000" name="UOffset">
<pin_list>
<pin id="113" dir="1" index="0" bw="1" slack="2147483647"/>
</pin_list>
<bind>
<StgValue><ssdm name="UOffset"/></StgValue>
</bind>
</comp>

<comp id="114" class="1000" name="VOffset">
<pin_list>
<pin id="115" dir="1" index="0" bw="1" slack="2147483647"/>
</pin_list>
<bind>
<StgValue><ssdm name="VOffset"/></StgValue>
</bind>
</comp>

<comp id="116" class="1000" name="m_axis_video_V_data_V">
<pin_list>
<pin id="117" dir="1" index="0" bw="1" slack="0"/>
</pin_list>
<bind>
<StgValue><ssdm name="m_axis_video_V_data_V"/></StgValue>
</bind>
</comp>

<comp id="118" class="1000" name="m_axis_video_V_keep_V">
<pin_list>
<pin id="119" dir="1" index="0" bw="1" slack="0"/>
</pin_list>
<bind>
<StgValue><ssdm name="m_axis_video_V_keep_V"/></StgValue>
</bind>
</comp>

<comp id="120" class="1000" name="m_axis_video_V_strb_V">
<pin_list>
<pin id="121" dir="1" index="0" bw="1" slack="0"/>
</pin_list>
<bind>
<StgValue><ssdm name="m_axis_video_V_strb_V"/></StgValue>
</bind>
</comp>

<comp id="122" class="1000" name="m_axis_video_V_user_V">
<pin_list>
<pin id="123" dir="1" index="0" bw="1" slack="0"/>
</pin_list>
<bind>
<StgValue><ssdm name="m_axis_video_V_user_V"/></StgValue>
</bind>
</comp>

<comp id="124" class="1000" name="m_axis_video_V_last_V">
<pin_list>
<pin id="125" dir="1" index="0" bw="1" slack="0"/>
</pin_list>
<bind>
<StgValue><ssdm name="m_axis_video_V_last_V"/></StgValue>
</bind>
</comp>

<comp id="126" class="1000" name="m_axis_video_V_id_V">
<pin_list>
<pin id="127" dir="1" index="0" bw="1" slack="0"/>
</pin_list>
<bind>
<StgValue><ssdm name="m_axis_video_V_id_V"/></StgValue>
</bind>
</comp>

<comp id="128" class="1000" name="m_axis_video_V_dest_V">
<pin_list>
<pin id="129" dir="1" index="0" bw="1" slack="0"/>
</pin_list>
<bind>
<StgValue><ssdm name="m_axis_video_V_dest_V"/></StgValue>
</bind>
</comp>

<comp id="130" class="1001" name="const_130">
<pin_list>
<pin id="131" dir="1" index="0" bw="1" slack="0"/>
</pin_list>
<bind>
<StgValue><ssdm name=""/></StgValue>
</bind>
</comp>

<comp id="132" class="1001" name="const_132">
<pin_list>
<pin id="133" dir="1" index="0" bw="1" slack="0"/>
</pin_list>
<bind>
<StgValue><ssdm name="_ssdm_op_Read.s_axilite.i32"/></StgValue>
</bind>
</comp>

<comp id="134" class="1001" name="const_134">
<pin_list>
<pin id="135" dir="1" index="0" bw="1" slack="0"/>
</pin_list>
<bind>
<StgValue><ssdm name="_ssdm_op_Read.ap_none.i32"/></StgValue>
</bind>
</comp>

<comp id="136" class="1001" name="const_136">
<pin_list>
<pin id="137" dir="1" index="0" bw="1" slack="0"/>
</pin_list>
<bind>
<StgValue><ssdm name="_ssdm_op_Read.s_axilite.i16"/></StgValue>
</bind>
</comp>

<comp id="138" class="1001" name="const_138">
<pin_list>
<pin id="139" dir="1" index="0" bw="1" slack="2147483647"/>
</pin_list>
<bind>
<StgValue><ssdm name="_ssdm_op_SpecTopModule"/></StgValue>
</bind>
</comp>

<comp id="140" class="1001" name="const_140">
<pin_list>
<pin id="141" dir="1" index="0" bw="1" slack="2147483647"/>
</pin_list>
<bind>
<StgValue><ssdm name="empty_54"/></StgValue>
</bind>
</comp>

<comp id="142" class="1001" name="const_142">
<pin_list>
<pin id="143" dir="1" index="0" bw="1" slack="2147483647"/>
</pin_list>
<bind>
<StgValue><ssdm name="_ssdm_op_SpecInterface"/></StgValue>
</bind>
</comp>

<comp id="144" class="1001" name="const_144">
<pin_list>
<pin id="145" dir="1" index="0" bw="1" slack="2147483647"/>
</pin_list>
<bind>
<StgValue><ssdm name="empty_16"/></StgValue>
</bind>
</comp>

<comp id="146" class="1001" name="const_146">
<pin_list>
<pin id="147" dir="1" index="0" bw="1" slack="2147483647"/>
</pin_list>
<bind>
<StgValue><ssdm name=""/></StgValue>
</bind>
</comp>

<comp id="148" class="1001" name="const_148">
<pin_list>
<pin id="149" dir="1" index="0" bw="1" slack="2147483647"/>
</pin_list>
<bind>
<StgValue><ssdm name="empty_44"/></StgValue>
</bind>
</comp>

<comp id="150" class="1001" name="const_150">
<pin_list>
<pin id="151" dir="1" index="0" bw="1" slack="2147483647"/>
</pin_list>
<bind>
<StgValue><ssdm name=""/></StgValue>
</bind>
</comp>

<comp id="152" class="1001" name="const_152">
<pin_list>
<pin id="153" dir="1" index="0" bw="1" slack="2147483647"/>
</pin_list>
<bind>
<StgValue><ssdm name=""/></StgValue>
</bind>
</comp>

<comp id="154" class="1001" name="const_154">
<pin_list>
<pin id="155" dir="1" index="0" bw="1" slack="2147483647"/>
</pin_list>
<bind>
<StgValue><ssdm name="empty_28"/></StgValue>
</bind>
</comp>

<comp id="156" class="1001" name="const_156">
<pin_list>
<pin id="157" dir="1" index="0" bw="1" slack="2147483647"/>
</pin_list>
<bind>
<StgValue><ssdm name="empty_27"/></StgValue>
</bind>
</comp>

<comp id="158" class="1001" name="const_158">
<pin_list>
<pin id="159" dir="1" index="0" bw="1" slack="2147483647"/>
</pin_list>
<bind>
<StgValue><ssdm name=""/></StgValue>
</bind>
</comp>

<comp id="160" class="1001" name="const_160">
<pin_list>
<pin id="161" dir="1" index="0" bw="1" slack="2147483647"/>
</pin_list>
<bind>
<StgValue><ssdm name=""/></StgValue>
</bind>
</comp>

<comp id="162" class="1001" name="const_162">
<pin_list>
<pin id="163" dir="1" index="0" bw="1" slack="2147483647"/>
</pin_list>
<bind>
<StgValue><ssdm name=""/></StgValue>
</bind>
</comp>

<comp id="164" class="1001" name="const_164">
<pin_list>
<pin id="165" dir="1" index="0" bw="1" slack="2147483647"/>
</pin_list>
<bind>
<StgValue><ssdm name=""/></StgValue>
</bind>
</comp>

<comp id="166" class="1001" name="const_166">
<pin_list>
<pin id="167" dir="1" index="0" bw="1" slack="2147483647"/>
</pin_list>
<bind>
<StgValue><ssdm name="_ssdm_op_SpecBitsMap"/></StgValue>
</bind>
</comp>

<comp id="168" class="1001" name="const_168">
<pin_list>
<pin id="169" dir="1" index="0" bw="1" slack="2147483647"/>
</pin_list>
<bind>
<StgValue><ssdm name="empty_26"/></StgValue>
</bind>
</comp>

<comp id="170" class="1001" name="const_170">
<pin_list>
<pin id="171" dir="1" index="0" bw="1" slack="2147483647"/>
</pin_list>
<bind>
<StgValue><ssdm name="empty_25"/></StgValue>
</bind>
</comp>

<comp id="172" class="1001" name="const_172">
<pin_list>
<pin id="173" dir="1" index="0" bw="1" slack="2147483647"/>
</pin_list>
<bind>
<StgValue><ssdm name="empty_34"/></StgValue>
</bind>
</comp>

<comp id="174" class="1001" name="const_174">
<pin_list>
<pin id="175" dir="1" index="0" bw="1" slack="2147483647"/>
</pin_list>
<bind>
<StgValue><ssdm name="empty_23"/></StgValue>
</bind>
</comp>

<comp id="176" class="1001" name="const_176">
<pin_list>
<pin id="177" dir="1" index="0" bw="1" slack="2147483647"/>
</pin_list>
<bind>
<StgValue><ssdm name="empty_17"/></StgValue>
</bind>
</comp>

<comp id="178" class="1001" name="const_178">
<pin_list>
<pin id="179" dir="1" index="0" bw="1" slack="2147483647"/>
</pin_list>
<bind>
<StgValue><ssdm name="empty_3"/></StgValue>
</bind>
</comp>

<comp id="180" class="1001" name="const_180">
<pin_list>
<pin id="181" dir="1" index="0" bw="1" slack="2147483647"/>
</pin_list>
<bind>
<StgValue><ssdm name="empty_4"/></StgValue>
</bind>
</comp>

<comp id="182" class="1001" name="const_182">
<pin_list>
<pin id="183" dir="1" index="0" bw="1" slack="2147483647"/>
</pin_list>
<bind>
<StgValue><ssdm name="empty_5"/></StgValue>
</bind>
</comp>

<comp id="184" class="1001" name="const_184">
<pin_list>
<pin id="185" dir="1" index="0" bw="1" slack="2147483647"/>
</pin_list>
<bind>
<StgValue><ssdm name="empty_6"/></StgValue>
</bind>
</comp>

<comp id="186" class="1001" name="const_186">
<pin_list>
<pin id="187" dir="1" index="0" bw="1" slack="2147483647"/>
</pin_list>
<bind>
<StgValue><ssdm name="empty_7"/></StgValue>
</bind>
</comp>

<comp id="188" class="1001" name="const_188">
<pin_list>
<pin id="189" dir="1" index="0" bw="1" slack="2147483647"/>
</pin_list>
<bind>
<StgValue><ssdm name="empty_30"/></StgValue>
</bind>
</comp>

<comp id="190" class="1001" name="const_190">
<pin_list>
<pin id="191" dir="1" index="0" bw="1" slack="2147483647"/>
</pin_list>
<bind>
<StgValue><ssdm name="empty_29"/></StgValue>
</bind>
</comp>

<comp id="192" class="1001" name="const_192">
<pin_list>
<pin id="193" dir="1" index="0" bw="1" slack="2147483647"/>
</pin_list>
<bind>
<StgValue><ssdm name="empty_9"/></StgValue>
</bind>
</comp>

<comp id="194" class="1001" name="const_194">
<pin_list>
<pin id="195" dir="1" index="0" bw="1" slack="2147483647"/>
</pin_list>
<bind>
<StgValue><ssdm name="empty"/></StgValue>
</bind>
</comp>

<comp id="196" class="1001" name="const_196">
<pin_list>
<pin id="197" dir="1" index="0" bw="1" slack="2147483647"/>
</pin_list>
<bind>
<StgValue><ssdm name="empty_0"/></StgValue>
</bind>
</comp>

<comp id="198" class="1001" name="const_198">
<pin_list>
<pin id="199" dir="1" index="0" bw="1" slack="2147483647"/>
</pin_list>
<bind>
<StgValue><ssdm name="empty_2"/></StgValue>
</bind>
</comp>

<comp id="200" class="1001" name="const_200">
<pin_list>
<pin id="201" dir="1" index="0" bw="1" slack="2147483647"/>
</pin_list>
<bind>
<StgValue><ssdm name="empty_1"/></StgValue>
</bind>
</comp>

<comp id="202" class="1001" name="const_202">
<pin_list>
<pin id="203" dir="1" index="0" bw="1" slack="2147483647"/>
</pin_list>
<bind>
<StgValue><ssdm name="empty_18"/></StgValue>
</bind>
</comp>

<comp id="204" class="1001" name="const_204">
<pin_list>
<pin id="205" dir="1" index="0" bw="1" slack="2147483647"/>
</pin_list>
<bind>
<StgValue><ssdm name="empty_19"/></StgValue>
</bind>
</comp>

<comp id="206" class="1001" name="const_206">
<pin_list>
<pin id="207" dir="1" index="0" bw="1" slack="2147483647"/>
</pin_list>
<bind>
<StgValue><ssdm name="empty_20"/></StgValue>
</bind>
</comp>

<comp id="208" class="1001" name="const_208">
<pin_list>
<pin id="209" dir="1" index="0" bw="1" slack="2147483647"/>
</pin_list>
<bind>
<StgValue><ssdm name="empty_10"/></StgValue>
</bind>
</comp>

<comp id="210" class="1001" name="const_210">
<pin_list>
<pin id="211" dir="1" index="0" bw="1" slack="2147483647"/>
</pin_list>
<bind>
<StgValue><ssdm name="empty_11"/></StgValue>
</bind>
</comp>

<comp id="212" class="1001" name="const_212">
<pin_list>
<pin id="213" dir="1" index="0" bw="1" slack="2147483647"/>
</pin_list>
<bind>
<StgValue><ssdm name="empty_12"/></StgValue>
</bind>
</comp>

<comp id="214" class="1001" name="const_214">
<pin_list>
<pin id="215" dir="1" index="0" bw="1" slack="2147483647"/>
</pin_list>
<bind>
<StgValue><ssdm name="empty_13"/></StgValue>
</bind>
</comp>

<comp id="216" class="1001" name="const_216">
<pin_list>
<pin id="217" dir="1" index="0" bw="1" slack="2147483647"/>
</pin_list>
<bind>
<StgValue><ssdm name="empty_14"/></StgValue>
</bind>
</comp>

<comp id="218" class="1001" name="const_218">
<pin_list>
<pin id="219" dir="1" index="0" bw="1" slack="2147483647"/>
</pin_list>
<bind>
<StgValue><ssdm name="empty_8"/></StgValue>
</bind>
</comp>

<comp id="220" class="1001" name="const_220">
<pin_list>
<pin id="221" dir="1" index="0" bw="1" slack="2147483647"/>
</pin_list>
<bind>
<StgValue><ssdm name="_ssdm_op_SpecStableContent"/></StgValue>
</bind>
</comp>

<comp id="222" class="1001" name="const_222">
<pin_list>
<pin id="223" dir="1" index="0" bw="1" slack="0"/>
</pin_list>
<bind>
<StgValue><ssdm name=""/></StgValue>
</bind>
</comp>

<comp id="224" class="1001" name="const_224">
<pin_list>
<pin id="225" dir="1" index="0" bw="1" slack="2147483647"/>
</pin_list>
<bind>
<StgValue><ssdm name=""/></StgValue>
</bind>
</comp>

<comp id="226" class="1001" name="const_226">
<pin_list>
<pin id="227" dir="1" index="0" bw="1" slack="2147483647"/>
</pin_list>
<bind>
<StgValue><ssdm name="_ssdm_op_SpecAXISSideChannel"/></StgValue>
</bind>
</comp>

<comp id="228" class="1001" name="const_228">
<pin_list>
<pin id="229" dir="1" index="0" bw="1" slack="2147483647"/>
</pin_list>
<bind>
<StgValue><ssdm name="empty_32"/></StgValue>
</bind>
</comp>

<comp id="230" class="1001" name="const_230">
<pin_list>
<pin id="231" dir="1" index="0" bw="1" slack="2147483647"/>
</pin_list>
<bind>
<StgValue><ssdm name="empty_31"/></StgValue>
</bind>
</comp>

<comp id="232" class="1001" name="const_232">
<pin_list>
<pin id="233" dir="1" index="0" bw="1" slack="0"/>
</pin_list>
<bind>
<StgValue><ssdm name="_ssdm_op_Read.ap_none.i16P0A"/></StgValue>
</bind>
</comp>

<comp id="234" class="1001" name="const_234">
<pin_list>
<pin id="235" dir="1" index="0" bw="1" slack="0"/>
</pin_list>
<bind>
<StgValue><ssdm name="_ssdm_op_Read.ap_auto.i16P0A"/></StgValue>
</bind>
</comp>

<comp id="236" class="1001" name="const_236">
<pin_list>
<pin id="237" dir="1" index="0" bw="1" slack="0"/>
</pin_list>
<bind>
<StgValue><ssdm name="_ssdm_op_Read.s_axilite.i16P0A"/></StgValue>
</bind>
</comp>

<comp id="238" class="1001" name="const_238">
<pin_list>
<pin id="239" dir="1" index="0" bw="1" slack="0"/>
</pin_list>
<bind>
<StgValue><ssdm name="_ssdm_op_Read.ap_auto.i8P0A"/></StgValue>
</bind>
</comp>

<comp id="240" class="1001" name="const_240">
<pin_list>
<pin id="241" dir="1" index="0" bw="1" slack="0"/>
</pin_list>
<bind>
<StgValue><ssdm name="_ssdm_op_Read.s_axilite.i8P0A"/></StgValue>
</bind>
</comp>

<comp id="242" class="1001" name="const_242">
<pin_list>
<pin id="243" dir="1" index="0" bw="1" slack="1"/>
</pin_list>
<bind>
<StgValue><ssdm name=""/></StgValue>
</bind>
</comp>

<comp id="244" class="1001" name="const_244">
<pin_list>
<pin id="245" dir="1" index="0" bw="1" slack="2147483647"/>
</pin_list>
<bind>
<StgValue><ssdm name="_ssdm_op_SpecPipeline"/></StgValue>
</bind>
</comp>

<comp id="246" class="1001" name="const_246">
<pin_list>
<pin id="247" dir="1" index="0" bw="1" slack="2147483647"/>
</pin_list>
<bind>
<StgValue><ssdm name="_ssdm_op_SpecLoopTripCount"/></StgValue>
</bind>
</comp>

<comp id="248" class="1001" name="const_248">
<pin_list>
<pin id="249" dir="1" index="0" bw="1" slack="2147483647"/>
</pin_list>
<bind>
<StgValue><ssdm name=""/></StgValue>
</bind>
</comp>

<comp id="250" class="1001" name="const_250">
<pin_list>
<pin id="251" dir="1" index="0" bw="1" slack="2147483647"/>
</pin_list>
<bind>
<StgValue><ssdm name="_ssdm_op_SpecLoopName"/></StgValue>
</bind>
</comp>

<comp id="252" class="1001" name="const_252">
<pin_list>
<pin id="253" dir="1" index="0" bw="1" slack="2147483647"/>
</pin_list>
<bind>
<StgValue><ssdm name="empty_53"/></StgValue>
</bind>
</comp>

<comp id="254" class="1001" name="const_254">
<pin_list>
<pin id="255" dir="1" index="0" bw="1" slack="0"/>
</pin_list>
<bind>
<StgValue><ssdm name="_ssdm_op_BitSelect.i1.i32.i1"/></StgValue>
</bind>
</comp>

<comp id="256" class="1001" name="const_256">
<pin_list>
<pin id="257" dir="1" index="0" bw="1" slack="0"/>
</pin_list>
<bind>
<StgValue><ssdm name="VMixHlsDataFlowFunction"/></StgValue>
</bind>
</comp>

<comp id="258" class="1004" name="HwReg_layerEnableFlag_1_fu_258">
<pin_list>
<pin id="259" dir="0" index="0" bw="1" slack="0"/>
<pin id="260" dir="1" index="1" bw="1" slack="1"/>
</pin_list>
<bind>
<opcode="alloca(26) " fcode="alloca"/>
<opset="HwReg_layerEnableFlag_1/1 "/>
</bind>
</comp>

<comp id="262" class="1004" name="HwReg_layerEnableFlag_3_fu_262">
<pin_list>
<pin id="263" dir="0" index="0" bw="1" slack="0"/>
<pin id="264" dir="1" index="1" bw="1" slack="1"/>
</pin_list>
<bind>
<opcode="alloca(26) " fcode="alloca"/>
<opset="HwReg_layerEnableFlag_3/1 "/>
</bind>
</comp>

<comp id="266" class="1004" name="empty_fu_266">
<pin_list>
<pin id="267" dir="0" index="0" bw="1" slack="0"/>
<pin id="268" dir="1" index="1" bw="16" slack="1"/>
</pin_list>
<bind>
<opcode="alloca(26) " fcode="alloca"/>
<opset="empty/1 "/>
</bind>
</comp>

<comp id="270" class="1004" name="empty_78_fu_270">
<pin_list>
<pin id="271" dir="0" index="0" bw="1" slack="0"/>
<pin id="272" dir="1" index="1" bw="8" slack="1"/>
</pin_list>
<bind>
<opcode="alloca(26) " fcode="alloca"/>
<opset="empty_78/1 "/>
</bind>
</comp>

<comp id="274" class="1004" name="empty_79_fu_274">
<pin_list>
<pin id="275" dir="0" index="0" bw="1" slack="0"/>
<pin id="276" dir="1" index="1" bw="16" slack="1"/>
</pin_list>
<bind>
<opcode="alloca(26) " fcode="alloca"/>
<opset="empty_79/1 "/>
</bind>
</comp>

<comp id="278" class="1004" name="empty_80_fu_278">
<pin_list>
<pin id="279" dir="0" index="0" bw="1" slack="0"/>
<pin id="280" dir="1" index="1" bw="16" slack="1"/>
</pin_list>
<bind>
<opcode="alloca(26) " fcode="alloca"/>
<opset="empty_80/1 "/>
</bind>
</comp>

<comp id="282" class="1004" name="empty_81_fu_282">
<pin_list>
<pin id="283" dir="0" index="0" bw="1" slack="0"/>
<pin id="284" dir="1" index="1" bw="16" slack="1"/>
</pin_list>
<bind>
<opcode="alloca(26) " fcode="alloca"/>
<opset="empty_81/1 "/>
</bind>
</comp>

<comp id="286" class="1004" name="empty_82_fu_286">
<pin_list>
<pin id="287" dir="0" index="0" bw="1" slack="0"/>
<pin id="288" dir="1" index="1" bw="16" slack="1"/>
</pin_list>
<bind>
<opcode="alloca(26) " fcode="alloca"/>
<opset="empty_82/1 "/>
</bind>
</comp>

<comp id="290" class="1004" name="layer1_buf1_read_read_fu_290">
<pin_list>
<pin id="291" dir="0" index="0" bw="32" slack="0"/>
<pin id="292" dir="0" index="1" bw="32" slack="0"/>
<pin id="293" dir="1" index="2" bw="32" slack="2"/>
</pin_list>
<bind>
<opcode="read(1150) " fcode="read"/>
<opset="layer1_buf1_read/1 "/>
</bind>
</comp>

<comp id="296" class="1004" name="layerEnable_read_read_fu_296">
<pin_list>
<pin id="297" dir="0" index="0" bw="32" slack="0"/>
<pin id="298" dir="0" index="1" bw="32" slack="0"/>
<pin id="299" dir="1" index="2" bw="32" slack="0"/>
</pin_list>
<bind>
<opcode="read(1150) " fcode="read"/>
<opset="layerEnable_read/1 "/>
</bind>
</comp>

<comp id="302" class="1004" name="background_V_B_read_read_fu_302">
<pin_list>
<pin id="303" dir="0" index="0" bw="16" slack="0"/>
<pin id="304" dir="0" index="1" bw="16" slack="0"/>
<pin id="305" dir="1" index="2" bw="16" slack="0"/>
</pin_list>
<bind>
<opcode="read(1150) " fcode="read"/>
<opset="background_V_B_read/1 "/>
</bind>
</comp>

<comp id="308" class="1004" name="background_U_G_read_read_fu_308">
<pin_list>
<pin id="309" dir="0" index="0" bw="16" slack="0"/>
<pin id="310" dir="0" index="1" bw="16" slack="0"/>
<pin id="311" dir="1" index="2" bw="16" slack="0"/>
</pin_list>
<bind>
<opcode="read(1150) " fcode="read"/>
<opset="background_U_G_read/1 "/>
</bind>
</comp>

<comp id="314" class="1004" name="background_Y_R_read_read_fu_314">
<pin_list>
<pin id="315" dir="0" index="0" bw="16" slack="0"/>
<pin id="316" dir="0" index="1" bw="16" slack="0"/>
<pin id="317" dir="1" index="2" bw="16" slack="0"/>
</pin_list>
<bind>
<opcode="read(1150) " fcode="read"/>
<opset="background_Y_R_read/1 "/>
</bind>
</comp>

<comp id="320" class="1004" name="height_read_read_fu_320">
<pin_list>
<pin id="321" dir="0" index="0" bw="16" slack="0"/>
<pin id="322" dir="0" index="1" bw="16" slack="0"/>
<pin id="323" dir="1" index="2" bw="16" slack="0"/>
</pin_list>
<bind>
<opcode="read(1150) " fcode="read"/>
<opset="height_read/1 "/>
</bind>
</comp>

<comp id="326" class="1004" name="width_read_read_fu_326">
<pin_list>
<pin id="327" dir="0" index="0" bw="16" slack="0"/>
<pin id="328" dir="0" index="1" bw="16" slack="0"/>
<pin id="329" dir="1" index="2" bw="16" slack="0"/>
</pin_list>
<bind>
<opcode="read(1150) " fcode="read"/>
<opset="width_read/1 "/>
</bind>
</comp>

<comp id="332" class="1004" name="layerStartX_0_load_read_fu_332">
<pin_list>
<pin id="333" dir="0" index="0" bw="16" slack="0"/>
<pin id="334" dir="0" index="1" bw="16" slack="0"/>
<pin id="335" dir="1" index="2" bw="16" slack="2147483647"/>
</pin_list>
<bind>
<opcode="read(1150) " fcode="read"/>
<opset="layerStartX_0_load/1 "/>
</bind>
</comp>

<comp id="338" class="1004" name="layerStartX_1_read_read_fu_338">
<pin_list>
<pin id="339" dir="0" index="0" bw="16" slack="0"/>
<pin id="340" dir="0" index="1" bw="16" slack="0"/>
<pin id="341" dir="1" index="2" bw="16" slack="1"/>
</pin_list>
<bind>
<opcode="read(1150) " fcode="read"/>
<opset="layerStartX_1_read/1 "/>
</bind>
</comp>

<comp id="344" class="1004" name="layerStartY_0_load_read_fu_344">
<pin_list>
<pin id="345" dir="0" index="0" bw="16" slack="0"/>
<pin id="346" dir="0" index="1" bw="16" slack="0"/>
<pin id="347" dir="1" index="2" bw="16" slack="2147483647"/>
</pin_list>
<bind>
<opcode="read(1150) " fcode="read"/>
<opset="layerStartY_0_load/1 "/>
</bind>
</comp>

<comp id="350" class="1004" name="layerStartY_1_read_read_fu_350">
<pin_list>
<pin id="351" dir="0" index="0" bw="16" slack="0"/>
<pin id="352" dir="0" index="1" bw="16" slack="0"/>
<pin id="353" dir="1" index="2" bw="16" slack="1"/>
</pin_list>
<bind>
<opcode="read(1150) " fcode="read"/>
<opset="layerStartY_1_read/1 "/>
</bind>
</comp>

<comp id="356" class="1004" name="layerWidth_0_load_read_fu_356">
<pin_list>
<pin id="357" dir="0" index="0" bw="16" slack="0"/>
<pin id="358" dir="0" index="1" bw="16" slack="0"/>
<pin id="359" dir="1" index="2" bw="16" slack="2147483647"/>
</pin_list>
<bind>
<opcode="read(1150) " fcode="read"/>
<opset="layerWidth_0_load/1 "/>
</bind>
</comp>

<comp id="362" class="1004" name="layerWidth_1_read_read_fu_362">
<pin_list>
<pin id="363" dir="0" index="0" bw="16" slack="0"/>
<pin id="364" dir="0" index="1" bw="16" slack="0"/>
<pin id="365" dir="1" index="2" bw="16" slack="1"/>
</pin_list>
<bind>
<opcode="read(1150) " fcode="read"/>
<opset="layerWidth_1_read/1 "/>
</bind>
</comp>

<comp id="368" class="1004" name="layerHeight_0_load_read_fu_368">
<pin_list>
<pin id="369" dir="0" index="0" bw="16" slack="0"/>
<pin id="370" dir="0" index="1" bw="16" slack="0"/>
<pin id="371" dir="1" index="2" bw="16" slack="2147483647"/>
</pin_list>
<bind>
<opcode="read(1150) " fcode="read"/>
<opset="layerHeight_0_load/1 "/>
</bind>
</comp>

<comp id="374" class="1004" name="layerHeight_1_read_read_fu_374">
<pin_list>
<pin id="375" dir="0" index="0" bw="16" slack="0"/>
<pin id="376" dir="0" index="1" bw="16" slack="0"/>
<pin id="377" dir="1" index="2" bw="16" slack="1"/>
</pin_list>
<bind>
<opcode="read(1150) " fcode="read"/>
<opset="layerHeight_1_read/1 "/>
</bind>
</comp>

<comp id="380" class="1004" name="layerScaleFactor_0_load_read_fu_380">
<pin_list>
<pin id="381" dir="0" index="0" bw="8" slack="0"/>
<pin id="382" dir="0" index="1" bw="8" slack="0"/>
<pin id="383" dir="1" index="2" bw="8" slack="2147483647"/>
</pin_list>
<bind>
<opcode="read(1150) " fcode="read"/>
<opset="layerScaleFactor_0_load/1 "/>
</bind>
</comp>

<comp id="386" class="1004" name="layerScaleFactor_1_read_read_fu_386">
<pin_list>
<pin id="387" dir="0" index="0" bw="8" slack="0"/>
<pin id="388" dir="0" index="1" bw="8" slack="0"/>
<pin id="389" dir="1" index="2" bw="8" slack="1"/>
</pin_list>
<bind>
<opcode="read(1150) " fcode="read"/>
<opset="layerScaleFactor_1_read/1 "/>
</bind>
</comp>

<comp id="392" class="1004" name="layerStride_0_load_read_fu_392">
<pin_list>
<pin id="393" dir="0" index="0" bw="16" slack="0"/>
<pin id="394" dir="0" index="1" bw="16" slack="0"/>
<pin id="395" dir="1" index="2" bw="16" slack="2147483647"/>
</pin_list>
<bind>
<opcode="read(1150) " fcode="read"/>
<opset="layerStride_0_load/1 "/>
</bind>
</comp>

<comp id="398" class="1004" name="layerStride_1_read_read_fu_398">
<pin_list>
<pin id="399" dir="0" index="0" bw="16" slack="0"/>
<pin id="400" dir="0" index="1" bw="16" slack="0"/>
<pin id="401" dir="1" index="2" bw="16" slack="1"/>
</pin_list>
<bind>
<opcode="read(1150) " fcode="read"/>
<opset="layerStride_1_read/1 "/>
</bind>
</comp>

<comp id="404" class="1005" name="i_reg_404">
<pin_list>
<pin id="405" dir="0" index="0" bw="1" slack="1"/>
<pin id="406" dir="1" index="1" bw="1" slack="1"/>
</pin_list>
<bind>
<opset="i (phireg) "/>
</bind>
</comp>

<comp id="408" class="1004" name="i_phi_fu_408">
<pin_list>
<pin id="409" dir="0" index="0" bw="1" slack="1"/>
<pin id="410" dir="0" index="1" bw="0" slack="2147483647"/>
<pin id="411" dir="0" index="2" bw="1" slack="0"/>
<pin id="412" dir="0" index="3" bw="0" slack="2147483647"/>
<pin id="413" dir="1" index="4" bw="1" slack="0"/>
</pin_list>
<bind>
<opcode="phi(47) " fcode="phi"/>
<opset="i/2 "/>
</bind>
</comp>

<comp id="415" class="1004" name="grp_VMixHlsDataFlowFunction_fu_415">
<pin_list>
<pin id="416" dir="0" index="0" bw="0" slack="0"/>
<pin id="417" dir="0" index="1" bw="11" slack="2"/>
<pin id="418" dir="0" index="2" bw="11" slack="2"/>
<pin id="419" dir="0" index="3" bw="8" slack="2"/>
<pin id="420" dir="0" index="4" bw="8" slack="2"/>
<pin id="421" dir="0" index="5" bw="8" slack="2"/>
<pin id="422" dir="0" index="6" bw="2" slack="2"/>
<pin id="423" dir="0" index="7" bw="64" slack="0"/>
<pin id="424" dir="0" index="8" bw="32" slack="2"/>
<pin id="425" dir="0" index="9" bw="1" slack="1"/>
<pin id="426" dir="0" index="10" bw="1" slack="1"/>
<pin id="427" dir="0" index="11" bw="16" slack="1"/>
<pin id="428" dir="0" index="12" bw="16" slack="1"/>
<pin id="429" dir="0" index="13" bw="16" slack="1"/>
<pin id="430" dir="0" index="14" bw="16" slack="1"/>
<pin id="431" dir="0" index="15" bw="8" slack="1"/>
<pin id="432" dir="0" index="16" bw="16" slack="1"/>
<pin id="433" dir="0" index="17" bw="24" slack="0"/>
<pin id="434" dir="0" index="18" bw="3" slack="0"/>
<pin id="435" dir="0" index="19" bw="3" slack="0"/>
<pin id="436" dir="0" index="20" bw="1" slack="0"/>
<pin id="437" dir="0" index="21" bw="1" slack="0"/>
<pin id="438" dir="0" index="22" bw="1" slack="0"/>
<pin id="439" dir="0" index="23" bw="1" slack="0"/>
<pin id="440" dir="0" index="24" bw="24" slack="0"/>
<pin id="441" dir="0" index="25" bw="3" slack="0"/>
<pin id="442" dir="0" index="26" bw="3" slack="0"/>
<pin id="443" dir="0" index="27" bw="1" slack="0"/>
<pin id="444" dir="0" index="28" bw="1" slack="0"/>
<pin id="445" dir="0" index="29" bw="1" slack="0"/>
<pin id="446" dir="0" index="30" bw="1" slack="0"/>
<pin id="447" dir="1" index="31" bw="0" slack="2147483647"/>
</pin_list>
<bind>
<opcode="call(48) " fcode="call"/>
<opset="call_ln3370/3 "/>
</bind>
</comp>

<comp id="464" class="1004" name="trunc_ln2417_fu_464">
<pin_list>
<pin id="465" dir="0" index="0" bw="32" slack="0"/>
<pin id="466" dir="1" index="1" bw="2" slack="2"/>
</pin_list>
<bind>
<opcode="trunc(33) " fcode="trunc"/>
<opset="trunc_ln2417/1 "/>
</bind>
</comp>

<comp id="468" class="1004" name="trunc_ln2417_1_fu_468">
<pin_list>
<pin id="469" dir="0" index="0" bw="16" slack="0"/>
<pin id="470" dir="1" index="1" bw="8" slack="2"/>
</pin_list>
<bind>
<opcode="trunc(33) " fcode="trunc"/>
<opset="trunc_ln2417_1/1 "/>
</bind>
</comp>

<comp id="472" class="1004" name="trunc_ln2417_2_fu_472">
<pin_list>
<pin id="473" dir="0" index="0" bw="16" slack="0"/>
<pin id="474" dir="1" index="1" bw="8" slack="2"/>
</pin_list>
<bind>
<opcode="trunc(33) " fcode="trunc"/>
<opset="trunc_ln2417_2/1 "/>
</bind>
</comp>

<comp id="476" class="1004" name="trunc_ln2417_3_fu_476">
<pin_list>
<pin id="477" dir="0" index="0" bw="16" slack="0"/>
<pin id="478" dir="1" index="1" bw="8" slack="2"/>
</pin_list>
<bind>
<opcode="trunc(33) " fcode="trunc"/>
<opset="trunc_ln2417_3/1 "/>
</bind>
</comp>

<comp id="480" class="1004" name="trunc_ln2417_4_fu_480">
<pin_list>
<pin id="481" dir="0" index="0" bw="16" slack="0"/>
<pin id="482" dir="1" index="1" bw="11" slack="2"/>
</pin_list>
<bind>
<opcode="trunc(33) " fcode="trunc"/>
<opset="trunc_ln2417_4/1 "/>
</bind>
</comp>

<comp id="484" class="1004" name="trunc_ln2417_5_fu_484">
<pin_list>
<pin id="485" dir="0" index="0" bw="16" slack="0"/>
<pin id="486" dir="1" index="1" bw="11" slack="2"/>
</pin_list>
<bind>
<opcode="trunc(33) " fcode="trunc"/>
<opset="trunc_ln2417_5/1 "/>
</bind>
</comp>

<comp id="488" class="1004" name="HwReg_layerEnableFlag_1_load_load_fu_488">
<pin_list>
<pin id="489" dir="0" index="0" bw="1" slack="1"/>
<pin id="490" dir="1" index="1" bw="1" slack="0"/>
</pin_list>
<bind>
<opcode="load(27) " fcode="load"/>
<opset="HwReg_layerEnableFlag_1_load/2 "/>
</bind>
</comp>

<comp id="491" class="1004" name="HwReg_layerEnableFlag_3_load_load_fu_491">
<pin_list>
<pin id="492" dir="0" index="0" bw="1" slack="1"/>
<pin id="493" dir="1" index="1" bw="1" slack="0"/>
</pin_list>
<bind>
<opcode="load(27) " fcode="load"/>
<opset="HwReg_layerEnableFlag_3_load/2 "/>
</bind>
</comp>

<comp id="494" class="1004" name="p_load26_load_fu_494">
<pin_list>
<pin id="495" dir="0" index="0" bw="16" slack="1"/>
<pin id="496" dir="1" index="1" bw="16" slack="0"/>
</pin_list>
<bind>
<opcode="load(27) " fcode="load"/>
<opset="p_load26/2 "/>
</bind>
</comp>

<comp id="497" class="1004" name="p_load25_load_fu_497">
<pin_list>
<pin id="498" dir="0" index="0" bw="8" slack="1"/>
<pin id="499" dir="1" index="1" bw="8" slack="0"/>
</pin_list>
<bind>
<opcode="load(27) " fcode="load"/>
<opset="p_load25/2 "/>
</bind>
</comp>

<comp id="500" class="1004" name="p_load24_load_fu_500">
<pin_list>
<pin id="501" dir="0" index="0" bw="16" slack="1"/>
<pin id="502" dir="1" index="1" bw="16" slack="0"/>
</pin_list>
<bind>
<opcode="load(27) " fcode="load"/>
<opset="p_load24/2 "/>
</bind>
</comp>

<comp id="503" class="1004" name="p_load23_load_fu_503">
<pin_list>
<pin id="504" dir="0" index="0" bw="16" slack="1"/>
<pin id="505" dir="1" index="1" bw="16" slack="0"/>
</pin_list>
<bind>
<opcode="load(27) " fcode="load"/>
<opset="p_load23/2 "/>
</bind>
</comp>

<comp id="506" class="1004" name="p_load22_load_fu_506">
<pin_list>
<pin id="507" dir="0" index="0" bw="16" slack="1"/>
<pin id="508" dir="1" index="1" bw="16" slack="0"/>
</pin_list>
<bind>
<opcode="load(27) " fcode="load"/>
<opset="p_load22/2 "/>
</bind>
</comp>

<comp id="509" class="1004" name="p_load_load_fu_509">
<pin_list>
<pin id="510" dir="0" index="0" bw="16" slack="1"/>
<pin id="511" dir="1" index="1" bw="16" slack="0"/>
</pin_list>
<bind>
<opcode="load(27) " fcode="load"/>
<opset="p_load/2 "/>
</bind>
</comp>

<comp id="512" class="1004" name="tobool_fu_512">
<pin_list>
<pin id="513" dir="0" index="0" bw="1" slack="0"/>
<pin id="514" dir="0" index="1" bw="32" slack="1"/>
<pin id="515" dir="0" index="2" bw="1" slack="0"/>
<pin id="516" dir="1" index="3" bw="1" slack="0"/>
</pin_list>
<bind>
<opcode="bitselect(1000) " fcode="bitselect"/>
<opset="tobool/2 "/>
</bind>
</comp>

<comp id="519" class="1004" name="HwReg_layerEnableFlag_4_fu_519">
<pin_list>
<pin id="520" dir="0" index="0" bw="1" slack="0"/>
<pin id="521" dir="0" index="1" bw="1" slack="0"/>
<pin id="522" dir="0" index="2" bw="1" slack="0"/>
<pin id="523" dir="1" index="3" bw="1" slack="0"/>
</pin_list>
<bind>
<opcode="select(49) " fcode="select"/>
<opset="HwReg_layerEnableFlag_4/2 "/>
</bind>
</comp>

<comp id="527" class="1004" name="HwReg_layerEnableFlag_fu_527">
<pin_list>
<pin id="528" dir="0" index="0" bw="1" slack="0"/>
<pin id="529" dir="0" index="1" bw="1" slack="0"/>
<pin id="530" dir="0" index="2" bw="1" slack="0"/>
<pin id="531" dir="1" index="3" bw="1" slack="0"/>
</pin_list>
<bind>
<opcode="select(49) " fcode="select"/>
<opset="HwReg_layerEnableFlag/2 "/>
</bind>
</comp>

<comp id="535" class="1004" name="HwReg_layerStride_fu_535">
<pin_list>
<pin id="536" dir="0" index="0" bw="1" slack="0"/>
<pin id="537" dir="0" index="1" bw="16" slack="1"/>
<pin id="538" dir="0" index="2" bw="16" slack="0"/>
<pin id="539" dir="1" index="3" bw="16" slack="0"/>
</pin_list>
<bind>
<opcode="select(49) " fcode="select"/>
<opset="HwReg_layerStride/2 "/>
</bind>
</comp>

<comp id="542" class="1004" name="HwReg_layerScaleFactor_fu_542">
<pin_list>
<pin id="543" dir="0" index="0" bw="1" slack="0"/>
<pin id="544" dir="0" index="1" bw="8" slack="1"/>
<pin id="545" dir="0" index="2" bw="8" slack="0"/>
<pin id="546" dir="1" index="3" bw="8" slack="0"/>
</pin_list>
<bind>
<opcode="select(49) " fcode="select"/>
<opset="HwReg_layerScaleFactor/2 "/>
</bind>
</comp>

<comp id="549" class="1004" name="HwReg_layerHeight_fu_549">
<pin_list>
<pin id="550" dir="0" index="0" bw="1" slack="0"/>
<pin id="551" dir="0" index="1" bw="16" slack="1"/>
<pin id="552" dir="0" index="2" bw="16" slack="0"/>
<pin id="553" dir="1" index="3" bw="16" slack="0"/>
</pin_list>
<bind>
<opcode="select(49) " fcode="select"/>
<opset="HwReg_layerHeight/2 "/>
</bind>
</comp>

<comp id="556" class="1004" name="HwReg_layerWidth_fu_556">
<pin_list>
<pin id="557" dir="0" index="0" bw="1" slack="0"/>
<pin id="558" dir="0" index="1" bw="16" slack="1"/>
<pin id="559" dir="0" index="2" bw="16" slack="0"/>
<pin id="560" dir="1" index="3" bw="16" slack="0"/>
</pin_list>
<bind>
<opcode="select(49) " fcode="select"/>
<opset="HwReg_layerWidth/2 "/>
</bind>
</comp>

<comp id="563" class="1004" name="HwReg_layerStartY_fu_563">
<pin_list>
<pin id="564" dir="0" index="0" bw="1" slack="0"/>
<pin id="565" dir="0" index="1" bw="16" slack="1"/>
<pin id="566" dir="0" index="2" bw="16" slack="0"/>
<pin id="567" dir="1" index="3" bw="16" slack="0"/>
</pin_list>
<bind>
<opcode="select(49) " fcode="select"/>
<opset="HwReg_layerStartY/2 "/>
</bind>
</comp>

<comp id="570" class="1004" name="HwReg_layerStartX_fu_570">
<pin_list>
<pin id="571" dir="0" index="0" bw="1" slack="0"/>
<pin id="572" dir="0" index="1" bw="16" slack="1"/>
<pin id="573" dir="0" index="2" bw="16" slack="0"/>
<pin id="574" dir="1" index="3" bw="16" slack="0"/>
</pin_list>
<bind>
<opcode="select(49) " fcode="select"/>
<opset="HwReg_layerStartX/2 "/>
</bind>
</comp>

<comp id="577" class="1004" name="i_2_fu_577">
<pin_list>
<pin id="578" dir="0" index="0" bw="1" slack="0"/>
<pin id="579" dir="0" index="1" bw="1" slack="0"/>
<pin id="580" dir="1" index="2" bw="1" slack="0"/>
</pin_list>
<bind>
<opcode="xor(25) " fcode="xor"/>
<opset="i_2/2 "/>
</bind>
</comp>

<comp id="583" class="1004" name="store_ln3298_store_fu_583">
<pin_list>
<pin id="584" dir="0" index="0" bw="16" slack="0"/>
<pin id="585" dir="0" index="1" bw="16" slack="1"/>
<pin id="586" dir="1" index="2" bw="0" slack="2147483647"/>
</pin_list>
<bind>
<opcode="store(28) " fcode="store"/>
<opset="store_ln3298/2 "/>
</bind>
</comp>

<comp id="588" class="1004" name="store_ln3298_store_fu_588">
<pin_list>
<pin id="589" dir="0" index="0" bw="16" slack="0"/>
<pin id="590" dir="0" index="1" bw="16" slack="1"/>
<pin id="591" dir="1" index="2" bw="0" slack="2147483647"/>
</pin_list>
<bind>
<opcode="store(28) " fcode="store"/>
<opset="store_ln3298/2 "/>
</bind>
</comp>

<comp id="593" class="1004" name="store_ln3298_store_fu_593">
<pin_list>
<pin id="594" dir="0" index="0" bw="16" slack="0"/>
<pin id="595" dir="0" index="1" bw="16" slack="1"/>
<pin id="596" dir="1" index="2" bw="0" slack="2147483647"/>
</pin_list>
<bind>
<opcode="store(28) " fcode="store"/>
<opset="store_ln3298/2 "/>
</bind>
</comp>

<comp id="598" class="1004" name="store_ln3298_store_fu_598">
<pin_list>
<pin id="599" dir="0" index="0" bw="16" slack="0"/>
<pin id="600" dir="0" index="1" bw="16" slack="1"/>
<pin id="601" dir="1" index="2" bw="0" slack="2147483647"/>
</pin_list>
<bind>
<opcode="store(28) " fcode="store"/>
<opset="store_ln3298/2 "/>
</bind>
</comp>

<comp id="603" class="1004" name="store_ln3298_store_fu_603">
<pin_list>
<pin id="604" dir="0" index="0" bw="8" slack="0"/>
<pin id="605" dir="0" index="1" bw="8" slack="1"/>
<pin id="606" dir="1" index="2" bw="0" slack="2147483647"/>
</pin_list>
<bind>
<opcode="store(28) " fcode="store"/>
<opset="store_ln3298/2 "/>
</bind>
</comp>

<comp id="608" class="1004" name="store_ln3298_store_fu_608">
<pin_list>
<pin id="609" dir="0" index="0" bw="16" slack="0"/>
<pin id="610" dir="0" index="1" bw="16" slack="1"/>
<pin id="611" dir="1" index="2" bw="0" slack="2147483647"/>
</pin_list>
<bind>
<opcode="store(28) " fcode="store"/>
<opset="store_ln3298/2 "/>
</bind>
</comp>

<comp id="613" class="1004" name="store_ln3296_store_fu_613">
<pin_list>
<pin id="614" dir="0" index="0" bw="1" slack="0"/>
<pin id="615" dir="0" index="1" bw="1" slack="1"/>
<pin id="616" dir="1" index="2" bw="0" slack="2147483647"/>
</pin_list>
<bind>
<opcode="store(28) " fcode="store"/>
<opset="store_ln3296/2 "/>
</bind>
</comp>

<comp id="618" class="1004" name="store_ln3296_store_fu_618">
<pin_list>
<pin id="619" dir="0" index="0" bw="1" slack="0"/>
<pin id="620" dir="0" index="1" bw="1" slack="1"/>
<pin id="621" dir="1" index="2" bw="0" slack="2147483647"/>
</pin_list>
<bind>
<opcode="store(28) " fcode="store"/>
<opset="store_ln3296/2 "/>
</bind>
</comp>

<comp id="623" class="1005" name="HwReg_layerEnableFlag_1_reg_623">
<pin_list>
<pin id="624" dir="0" index="0" bw="1" slack="1"/>
<pin id="625" dir="1" index="1" bw="1" slack="1"/>
</pin_list>
<bind>
<opset="HwReg_layerEnableFlag_1 "/>
</bind>
</comp>

<comp id="629" class="1005" name="HwReg_layerEnableFlag_3_reg_629">
<pin_list>
<pin id="630" dir="0" index="0" bw="1" slack="1"/>
<pin id="631" dir="1" index="1" bw="1" slack="1"/>
</pin_list>
<bind>
<opset="HwReg_layerEnableFlag_3 "/>
</bind>
</comp>

<comp id="635" class="1005" name="empty_reg_635">
<pin_list>
<pin id="636" dir="0" index="0" bw="16" slack="1"/>
<pin id="637" dir="1" index="1" bw="16" slack="1"/>
</pin_list>
<bind>
<opset="empty "/>
</bind>
</comp>

<comp id="641" class="1005" name="empty_78_reg_641">
<pin_list>
<pin id="642" dir="0" index="0" bw="8" slack="1"/>
<pin id="643" dir="1" index="1" bw="8" slack="1"/>
</pin_list>
<bind>
<opset="empty_78 "/>
</bind>
</comp>

<comp id="647" class="1005" name="empty_79_reg_647">
<pin_list>
<pin id="648" dir="0" index="0" bw="16" slack="1"/>
<pin id="649" dir="1" index="1" bw="16" slack="1"/>
</pin_list>
<bind>
<opset="empty_79 "/>
</bind>
</comp>

<comp id="653" class="1005" name="empty_80_reg_653">
<pin_list>
<pin id="654" dir="0" index="0" bw="16" slack="1"/>
<pin id="655" dir="1" index="1" bw="16" slack="1"/>
</pin_list>
<bind>
<opset="empty_80 "/>
</bind>
</comp>

<comp id="659" class="1005" name="empty_81_reg_659">
<pin_list>
<pin id="660" dir="0" index="0" bw="16" slack="1"/>
<pin id="661" dir="1" index="1" bw="16" slack="1"/>
</pin_list>
<bind>
<opset="empty_81 "/>
</bind>
</comp>

<comp id="665" class="1005" name="empty_82_reg_665">
<pin_list>
<pin id="666" dir="0" index="0" bw="16" slack="1"/>
<pin id="667" dir="1" index="1" bw="16" slack="1"/>
</pin_list>
<bind>
<opset="empty_82 "/>
</bind>
</comp>

<comp id="671" class="1005" name="layer1_buf1_read_reg_671">
<pin_list>
<pin id="672" dir="0" index="0" bw="32" slack="2"/>
<pin id="673" dir="1" index="1" bw="32" slack="2"/>
</pin_list>
<bind>
<opset="layer1_buf1_read "/>
</bind>
</comp>

<comp id="676" class="1005" name="layerEnable_read_reg_676">
<pin_list>
<pin id="677" dir="0" index="0" bw="32" slack="1"/>
<pin id="678" dir="1" index="1" bw="32" slack="1"/>
</pin_list>
<bind>
<opset="layerEnable_read "/>
</bind>
</comp>

<comp id="681" class="1005" name="trunc_ln2417_reg_681">
<pin_list>
<pin id="682" dir="0" index="0" bw="2" slack="2"/>
<pin id="683" dir="1" index="1" bw="2" slack="2"/>
</pin_list>
<bind>
<opset="trunc_ln2417 "/>
</bind>
</comp>

<comp id="686" class="1005" name="trunc_ln2417_1_reg_686">
<pin_list>
<pin id="687" dir="0" index="0" bw="8" slack="2"/>
<pin id="688" dir="1" index="1" bw="8" slack="2"/>
</pin_list>
<bind>
<opset="trunc_ln2417_1 "/>
</bind>
</comp>

<comp id="691" class="1005" name="trunc_ln2417_2_reg_691">
<pin_list>
<pin id="692" dir="0" index="0" bw="8" slack="2"/>
<pin id="693" dir="1" index="1" bw="8" slack="2"/>
</pin_list>
<bind>
<opset="trunc_ln2417_2 "/>
</bind>
</comp>

<comp id="696" class="1005" name="trunc_ln2417_3_reg_696">
<pin_list>
<pin id="697" dir="0" index="0" bw="8" slack="2"/>
<pin id="698" dir="1" index="1" bw="8" slack="2"/>
</pin_list>
<bind>
<opset="trunc_ln2417_3 "/>
</bind>
</comp>

<comp id="701" class="1005" name="trunc_ln2417_4_reg_701">
<pin_list>
<pin id="702" dir="0" index="0" bw="11" slack="2"/>
<pin id="703" dir="1" index="1" bw="11" slack="2"/>
</pin_list>
<bind>
<opset="trunc_ln2417_4 "/>
</bind>
</comp>

<comp id="706" class="1005" name="trunc_ln2417_5_reg_706">
<pin_list>
<pin id="707" dir="0" index="0" bw="11" slack="2"/>
<pin id="708" dir="1" index="1" bw="11" slack="2"/>
</pin_list>
<bind>
<opset="trunc_ln2417_5 "/>
</bind>
</comp>

<comp id="711" class="1005" name="layerStartX_1_read_reg_711">
<pin_list>
<pin id="712" dir="0" index="0" bw="16" slack="1"/>
<pin id="713" dir="1" index="1" bw="16" slack="1"/>
</pin_list>
<bind>
<opset="layerStartX_1_read "/>
</bind>
</comp>

<comp id="716" class="1005" name="layerStartY_1_read_reg_716">
<pin_list>
<pin id="717" dir="0" index="0" bw="16" slack="1"/>
<pin id="718" dir="1" index="1" bw="16" slack="1"/>
</pin_list>
<bind>
<opset="layerStartY_1_read "/>
</bind>
</comp>

<comp id="721" class="1005" name="layerWidth_1_read_reg_721">
<pin_list>
<pin id="722" dir="0" index="0" bw="16" slack="1"/>
<pin id="723" dir="1" index="1" bw="16" slack="1"/>
</pin_list>
<bind>
<opset="layerWidth_1_read "/>
</bind>
</comp>

<comp id="726" class="1005" name="layerHeight_1_read_reg_726">
<pin_list>
<pin id="727" dir="0" index="0" bw="16" slack="1"/>
<pin id="728" dir="1" index="1" bw="16" slack="1"/>
</pin_list>
<bind>
<opset="layerHeight_1_read "/>
</bind>
</comp>

<comp id="731" class="1005" name="layerScaleFactor_1_read_reg_731">
<pin_list>
<pin id="732" dir="0" index="0" bw="8" slack="1"/>
<pin id="733" dir="1" index="1" bw="8" slack="1"/>
</pin_list>
<bind>
<opset="layerScaleFactor_1_read "/>
</bind>
</comp>

<comp id="736" class="1005" name="layerStride_1_read_reg_736">
<pin_list>
<pin id="737" dir="0" index="0" bw="16" slack="1"/>
<pin id="738" dir="1" index="1" bw="16" slack="1"/>
</pin_list>
<bind>
<opset="layerStride_1_read "/>
</bind>
</comp>

<comp id="741" class="1005" name="HwReg_layerEnableFlag_4_reg_741">
<pin_list>
<pin id="742" dir="0" index="0" bw="1" slack="1"/>
<pin id="743" dir="1" index="1" bw="1" slack="1"/>
</pin_list>
<bind>
<opset="HwReg_layerEnableFlag_4 "/>
</bind>
</comp>

<comp id="746" class="1005" name="HwReg_layerEnableFlag_reg_746">
<pin_list>
<pin id="747" dir="0" index="0" bw="1" slack="1"/>
<pin id="748" dir="1" index="1" bw="1" slack="1"/>
</pin_list>
<bind>
<opset="HwReg_layerEnableFlag "/>
</bind>
</comp>

<comp id="751" class="1005" name="HwReg_layerStride_reg_751">
<pin_list>
<pin id="752" dir="0" index="0" bw="16" slack="1"/>
<pin id="753" dir="1" index="1" bw="16" slack="1"/>
</pin_list>
<bind>
<opset="HwReg_layerStride "/>
</bind>
</comp>

<comp id="756" class="1005" name="HwReg_layerScaleFactor_reg_756">
<pin_list>
<pin id="757" dir="0" index="0" bw="8" slack="1"/>
<pin id="758" dir="1" index="1" bw="8" slack="1"/>
</pin_list>
<bind>
<opset="HwReg_layerScaleFactor "/>
</bind>
</comp>

<comp id="761" class="1005" name="HwReg_layerHeight_reg_761">
<pin_list>
<pin id="762" dir="0" index="0" bw="16" slack="1"/>
<pin id="763" dir="1" index="1" bw="16" slack="1"/>
</pin_list>
<bind>
<opset="HwReg_layerHeight "/>
</bind>
</comp>

<comp id="766" class="1005" name="HwReg_layerWidth_reg_766">
<pin_list>
<pin id="767" dir="0" index="0" bw="16" slack="1"/>
<pin id="768" dir="1" index="1" bw="16" slack="1"/>
</pin_list>
<bind>
<opset="HwReg_layerWidth "/>
</bind>
</comp>

<comp id="771" class="1005" name="HwReg_layerStartY_reg_771">
<pin_list>
<pin id="772" dir="0" index="0" bw="16" slack="1"/>
<pin id="773" dir="1" index="1" bw="16" slack="1"/>
</pin_list>
<bind>
<opset="HwReg_layerStartY "/>
</bind>
</comp>

<comp id="776" class="1005" name="HwReg_layerStartX_reg_776">
<pin_list>
<pin id="777" dir="0" index="0" bw="16" slack="1"/>
<pin id="778" dir="1" index="1" bw="16" slack="1"/>
</pin_list>
<bind>
<opset="HwReg_layerStartX "/>
</bind>
</comp>

<comp id="781" class="1005" name="i_2_reg_781">
<pin_list>
<pin id="782" dir="0" index="0" bw="1" slack="0"/>
<pin id="783" dir="1" index="1" bw="1" slack="0"/>
</pin_list>
<bind>
<opset="i_2 "/>
</bind>
</comp>

</comp_list>

<net_list>
<net id="261"><net_src comp="130" pin="0"/><net_sink comp="258" pin=0"/></net>

<net id="265"><net_src comp="130" pin="0"/><net_sink comp="262" pin=0"/></net>

<net id="269"><net_src comp="130" pin="0"/><net_sink comp="266" pin=0"/></net>

<net id="273"><net_src comp="130" pin="0"/><net_sink comp="270" pin=0"/></net>

<net id="277"><net_src comp="130" pin="0"/><net_sink comp="274" pin=0"/></net>

<net id="281"><net_src comp="130" pin="0"/><net_sink comp="278" pin=0"/></net>

<net id="285"><net_src comp="130" pin="0"/><net_sink comp="282" pin=0"/></net>

<net id="289"><net_src comp="130" pin="0"/><net_sink comp="286" pin=0"/></net>

<net id="294"><net_src comp="132" pin="0"/><net_sink comp="290" pin=0"/></net>

<net id="295"><net_src comp="30" pin="0"/><net_sink comp="290" pin=1"/></net>

<net id="300"><net_src comp="134" pin="0"/><net_sink comp="296" pin=0"/></net>

<net id="301"><net_src comp="28" pin="0"/><net_sink comp="296" pin=1"/></net>

<net id="306"><net_src comp="136" pin="0"/><net_sink comp="302" pin=0"/></net>

<net id="307"><net_src comp="26" pin="0"/><net_sink comp="302" pin=1"/></net>

<net id="312"><net_src comp="136" pin="0"/><net_sink comp="308" pin=0"/></net>

<net id="313"><net_src comp="24" pin="0"/><net_sink comp="308" pin=1"/></net>

<net id="318"><net_src comp="136" pin="0"/><net_sink comp="314" pin=0"/></net>

<net id="319"><net_src comp="22" pin="0"/><net_sink comp="314" pin=1"/></net>

<net id="324"><net_src comp="136" pin="0"/><net_sink comp="320" pin=0"/></net>

<net id="325"><net_src comp="18" pin="0"/><net_sink comp="320" pin=1"/></net>

<net id="330"><net_src comp="136" pin="0"/><net_sink comp="326" pin=0"/></net>

<net id="331"><net_src comp="16" pin="0"/><net_sink comp="326" pin=1"/></net>

<net id="336"><net_src comp="232" pin="0"/><net_sink comp="332" pin=0"/></net>

<net id="337"><net_src comp="40" pin="0"/><net_sink comp="332" pin=1"/></net>

<net id="342"><net_src comp="232" pin="0"/><net_sink comp="338" pin=0"/></net>

<net id="343"><net_src comp="42" pin="0"/><net_sink comp="338" pin=1"/></net>

<net id="348"><net_src comp="232" pin="0"/><net_sink comp="344" pin=0"/></net>

<net id="349"><net_src comp="44" pin="0"/><net_sink comp="344" pin=1"/></net>

<net id="354"><net_src comp="232" pin="0"/><net_sink comp="350" pin=0"/></net>

<net id="355"><net_src comp="46" pin="0"/><net_sink comp="350" pin=1"/></net>

<net id="360"><net_src comp="234" pin="0"/><net_sink comp="356" pin=0"/></net>

<net id="361"><net_src comp="48" pin="0"/><net_sink comp="356" pin=1"/></net>

<net id="366"><net_src comp="236" pin="0"/><net_sink comp="362" pin=0"/></net>

<net id="367"><net_src comp="50" pin="0"/><net_sink comp="362" pin=1"/></net>

<net id="372"><net_src comp="234" pin="0"/><net_sink comp="368" pin=0"/></net>

<net id="373"><net_src comp="52" pin="0"/><net_sink comp="368" pin=1"/></net>

<net id="378"><net_src comp="236" pin="0"/><net_sink comp="374" pin=0"/></net>

<net id="379"><net_src comp="54" pin="0"/><net_sink comp="374" pin=1"/></net>

<net id="384"><net_src comp="238" pin="0"/><net_sink comp="380" pin=0"/></net>

<net id="385"><net_src comp="56" pin="0"/><net_sink comp="380" pin=1"/></net>

<net id="390"><net_src comp="240" pin="0"/><net_sink comp="386" pin=0"/></net>

<net id="391"><net_src comp="58" pin="0"/><net_sink comp="386" pin=1"/></net>

<net id="396"><net_src comp="234" pin="0"/><net_sink comp="392" pin=0"/></net>

<net id="397"><net_src comp="62" pin="0"/><net_sink comp="392" pin=1"/></net>

<net id="402"><net_src comp="236" pin="0"/><net_sink comp="398" pin=0"/></net>

<net id="403"><net_src comp="64" pin="0"/><net_sink comp="398" pin=1"/></net>

<net id="407"><net_src comp="242" pin="0"/><net_sink comp="404" pin=0"/></net>

<net id="414"><net_src comp="404" pin="1"/><net_sink comp="408" pin=0"/></net>

<net id="448"><net_src comp="256" pin="0"/><net_sink comp="415" pin=0"/></net>

<net id="449"><net_src comp="0" pin="0"/><net_sink comp="415" pin=7"/></net>

<net id="450"><net_src comp="2" pin="0"/><net_sink comp="415" pin=17"/></net>

<net id="451"><net_src comp="4" pin="0"/><net_sink comp="415" pin=18"/></net>

<net id="452"><net_src comp="6" pin="0"/><net_sink comp="415" pin=19"/></net>

<net id="453"><net_src comp="8" pin="0"/><net_sink comp="415" pin=20"/></net>

<net id="454"><net_src comp="10" pin="0"/><net_sink comp="415" pin=21"/></net>

<net id="455"><net_src comp="12" pin="0"/><net_sink comp="415" pin=22"/></net>

<net id="456"><net_src comp="14" pin="0"/><net_sink comp="415" pin=23"/></net>

<net id="457"><net_src comp="116" pin="0"/><net_sink comp="415" pin=24"/></net>

<net id="458"><net_src comp="118" pin="0"/><net_sink comp="415" pin=25"/></net>

<net id="459"><net_src comp="120" pin="0"/><net_sink comp="415" pin=26"/></net>

<net id="460"><net_src comp="122" pin="0"/><net_sink comp="415" pin=27"/></net>

<net id="461"><net_src comp="124" pin="0"/><net_sink comp="415" pin=28"/></net>

<net id="462"><net_src comp="126" pin="0"/><net_sink comp="415" pin=29"/></net>

<net id="463"><net_src comp="128" pin="0"/><net_sink comp="415" pin=30"/></net>

<net id="467"><net_src comp="296" pin="2"/><net_sink comp="464" pin=0"/></net>

<net id="471"><net_src comp="302" pin="2"/><net_sink comp="468" pin=0"/></net>

<net id="475"><net_src comp="308" pin="2"/><net_sink comp="472" pin=0"/></net>

<net id="479"><net_src comp="314" pin="2"/><net_sink comp="476" pin=0"/></net>

<net id="483"><net_src comp="326" pin="2"/><net_sink comp="480" pin=0"/></net>

<net id="487"><net_src comp="320" pin="2"/><net_sink comp="484" pin=0"/></net>

<net id="517"><net_src comp="254" pin="0"/><net_sink comp="512" pin=0"/></net>

<net id="518"><net_src comp="408" pin="4"/><net_sink comp="512" pin=2"/></net>

<net id="524"><net_src comp="408" pin="4"/><net_sink comp="519" pin=0"/></net>

<net id="525"><net_src comp="488" pin="1"/><net_sink comp="519" pin=1"/></net>

<net id="526"><net_src comp="512" pin="3"/><net_sink comp="519" pin=2"/></net>

<net id="532"><net_src comp="408" pin="4"/><net_sink comp="527" pin=0"/></net>

<net id="533"><net_src comp="512" pin="3"/><net_sink comp="527" pin=1"/></net>

<net id="534"><net_src comp="491" pin="1"/><net_sink comp="527" pin=2"/></net>

<net id="540"><net_src comp="408" pin="4"/><net_sink comp="535" pin=0"/></net>

<net id="541"><net_src comp="494" pin="1"/><net_sink comp="535" pin=2"/></net>

<net id="547"><net_src comp="408" pin="4"/><net_sink comp="542" pin=0"/></net>

<net id="548"><net_src comp="497" pin="1"/><net_sink comp="542" pin=2"/></net>

<net id="554"><net_src comp="408" pin="4"/><net_sink comp="549" pin=0"/></net>

<net id="555"><net_src comp="500" pin="1"/><net_sink comp="549" pin=2"/></net>

<net id="561"><net_src comp="408" pin="4"/><net_sink comp="556" pin=0"/></net>

<net id="562"><net_src comp="503" pin="1"/><net_sink comp="556" pin=2"/></net>

<net id="568"><net_src comp="408" pin="4"/><net_sink comp="563" pin=0"/></net>

<net id="569"><net_src comp="506" pin="1"/><net_sink comp="563" pin=2"/></net>

<net id="575"><net_src comp="408" pin="4"/><net_sink comp="570" pin=0"/></net>

<net id="576"><net_src comp="509" pin="1"/><net_sink comp="570" pin=2"/></net>

<net id="581"><net_src comp="408" pin="4"/><net_sink comp="577" pin=0"/></net>

<net id="582"><net_src comp="222" pin="0"/><net_sink comp="577" pin=1"/></net>

<net id="587"><net_src comp="570" pin="3"/><net_sink comp="583" pin=0"/></net>

<net id="592"><net_src comp="563" pin="3"/><net_sink comp="588" pin=0"/></net>

<net id="597"><net_src comp="556" pin="3"/><net_sink comp="593" pin=0"/></net>

<net id="602"><net_src comp="549" pin="3"/><net_sink comp="598" pin=0"/></net>

<net id="607"><net_src comp="542" pin="3"/><net_sink comp="603" pin=0"/></net>

<net id="612"><net_src comp="535" pin="3"/><net_sink comp="608" pin=0"/></net>

<net id="617"><net_src comp="527" pin="3"/><net_sink comp="613" pin=0"/></net>

<net id="622"><net_src comp="519" pin="3"/><net_sink comp="618" pin=0"/></net>

<net id="626"><net_src comp="258" pin="1"/><net_sink comp="623" pin=0"/></net>

<net id="627"><net_src comp="623" pin="1"/><net_sink comp="488" pin=0"/></net>

<net id="628"><net_src comp="623" pin="1"/><net_sink comp="618" pin=1"/></net>

<net id="632"><net_src comp="262" pin="1"/><net_sink comp="629" pin=0"/></net>

<net id="633"><net_src comp="629" pin="1"/><net_sink comp="491" pin=0"/></net>

<net id="634"><net_src comp="629" pin="1"/><net_sink comp="613" pin=1"/></net>

<net id="638"><net_src comp="266" pin="1"/><net_sink comp="635" pin=0"/></net>

<net id="639"><net_src comp="635" pin="1"/><net_sink comp="494" pin=0"/></net>

<net id="640"><net_src comp="635" pin="1"/><net_sink comp="608" pin=1"/></net>

<net id="644"><net_src comp="270" pin="1"/><net_sink comp="641" pin=0"/></net>

<net id="645"><net_src comp="641" pin="1"/><net_sink comp="497" pin=0"/></net>

<net id="646"><net_src comp="641" pin="1"/><net_sink comp="603" pin=1"/></net>

<net id="650"><net_src comp="274" pin="1"/><net_sink comp="647" pin=0"/></net>

<net id="651"><net_src comp="647" pin="1"/><net_sink comp="500" pin=0"/></net>

<net id="652"><net_src comp="647" pin="1"/><net_sink comp="598" pin=1"/></net>

<net id="656"><net_src comp="278" pin="1"/><net_sink comp="653" pin=0"/></net>

<net id="657"><net_src comp="653" pin="1"/><net_sink comp="503" pin=0"/></net>

<net id="658"><net_src comp="653" pin="1"/><net_sink comp="593" pin=1"/></net>

<net id="662"><net_src comp="282" pin="1"/><net_sink comp="659" pin=0"/></net>

<net id="663"><net_src comp="659" pin="1"/><net_sink comp="506" pin=0"/></net>

<net id="664"><net_src comp="659" pin="1"/><net_sink comp="588" pin=1"/></net>

<net id="668"><net_src comp="286" pin="1"/><net_sink comp="665" pin=0"/></net>

<net id="669"><net_src comp="665" pin="1"/><net_sink comp="509" pin=0"/></net>

<net id="670"><net_src comp="665" pin="1"/><net_sink comp="583" pin=1"/></net>

<net id="674"><net_src comp="290" pin="2"/><net_sink comp="671" pin=0"/></net>

<net id="675"><net_src comp="671" pin="1"/><net_sink comp="415" pin=8"/></net>

<net id="679"><net_src comp="296" pin="2"/><net_sink comp="676" pin=0"/></net>

<net id="680"><net_src comp="676" pin="1"/><net_sink comp="512" pin=1"/></net>

<net id="684"><net_src comp="464" pin="1"/><net_sink comp="681" pin=0"/></net>

<net id="685"><net_src comp="681" pin="1"/><net_sink comp="415" pin=6"/></net>

<net id="689"><net_src comp="468" pin="1"/><net_sink comp="686" pin=0"/></net>

<net id="690"><net_src comp="686" pin="1"/><net_sink comp="415" pin=5"/></net>

<net id="694"><net_src comp="472" pin="1"/><net_sink comp="691" pin=0"/></net>

<net id="695"><net_src comp="691" pin="1"/><net_sink comp="415" pin=4"/></net>

<net id="699"><net_src comp="476" pin="1"/><net_sink comp="696" pin=0"/></net>

<net id="700"><net_src comp="696" pin="1"/><net_sink comp="415" pin=3"/></net>

<net id="704"><net_src comp="480" pin="1"/><net_sink comp="701" pin=0"/></net>

<net id="705"><net_src comp="701" pin="1"/><net_sink comp="415" pin=1"/></net>

<net id="709"><net_src comp="484" pin="1"/><net_sink comp="706" pin=0"/></net>

<net id="710"><net_src comp="706" pin="1"/><net_sink comp="415" pin=2"/></net>

<net id="714"><net_src comp="338" pin="2"/><net_sink comp="711" pin=0"/></net>

<net id="715"><net_src comp="711" pin="1"/><net_sink comp="570" pin=1"/></net>

<net id="719"><net_src comp="350" pin="2"/><net_sink comp="716" pin=0"/></net>

<net id="720"><net_src comp="716" pin="1"/><net_sink comp="563" pin=1"/></net>

<net id="724"><net_src comp="362" pin="2"/><net_sink comp="721" pin=0"/></net>

<net id="725"><net_src comp="721" pin="1"/><net_sink comp="556" pin=1"/></net>

<net id="729"><net_src comp="374" pin="2"/><net_sink comp="726" pin=0"/></net>

<net id="730"><net_src comp="726" pin="1"/><net_sink comp="549" pin=1"/></net>

<net id="734"><net_src comp="386" pin="2"/><net_sink comp="731" pin=0"/></net>

<net id="735"><net_src comp="731" pin="1"/><net_sink comp="542" pin=1"/></net>

<net id="739"><net_src comp="398" pin="2"/><net_sink comp="736" pin=0"/></net>

<net id="740"><net_src comp="736" pin="1"/><net_sink comp="535" pin=1"/></net>

<net id="744"><net_src comp="519" pin="3"/><net_sink comp="741" pin=0"/></net>

<net id="745"><net_src comp="741" pin="1"/><net_sink comp="415" pin=9"/></net>

<net id="749"><net_src comp="527" pin="3"/><net_sink comp="746" pin=0"/></net>

<net id="750"><net_src comp="746" pin="1"/><net_sink comp="415" pin=10"/></net>

<net id="754"><net_src comp="535" pin="3"/><net_sink comp="751" pin=0"/></net>

<net id="755"><net_src comp="751" pin="1"/><net_sink comp="415" pin=16"/></net>

<net id="759"><net_src comp="542" pin="3"/><net_sink comp="756" pin=0"/></net>

<net id="760"><net_src comp="756" pin="1"/><net_sink comp="415" pin=15"/></net>

<net id="764"><net_src comp="549" pin="3"/><net_sink comp="761" pin=0"/></net>

<net id="765"><net_src comp="761" pin="1"/><net_sink comp="415" pin=14"/></net>

<net id="769"><net_src comp="556" pin="3"/><net_sink comp="766" pin=0"/></net>

<net id="770"><net_src comp="766" pin="1"/><net_sink comp="415" pin=13"/></net>

<net id="774"><net_src comp="563" pin="3"/><net_sink comp="771" pin=0"/></net>

<net id="775"><net_src comp="771" pin="1"/><net_sink comp="415" pin=12"/></net>

<net id="779"><net_src comp="570" pin="3"/><net_sink comp="776" pin=0"/></net>

<net id="780"><net_src comp="776" pin="1"/><net_sink comp="415" pin=11"/></net>

<net id="784"><net_src comp="577" pin="2"/><net_sink comp="781" pin=0"/></net>

<net id="785"><net_src comp="781" pin="1"/><net_sink comp="408" pin=2"/></net>

</net_list>

</model> 
---------------- Datapath Model END ------------------

* FSMD analyzer results:
  - Output states:
	Port: m_axis_video_V_data_V | {3 4 }
	Port: m_axis_video_V_keep_V | {3 4 }
	Port: m_axis_video_V_strb_V | {3 4 }
	Port: m_axis_video_V_user_V | {3 4 }
	Port: m_axis_video_V_last_V | {3 4 }
	Port: m_axis_video_V_id_V | {3 4 }
	Port: m_axis_video_V_dest_V | {3 4 }
 - Input state : 
	Port: v_mix : mm_video1 | {3 4 }
	Port: v_mix : s_axis_video_V_data_V | {3 4 }
	Port: v_mix : s_axis_video_V_keep_V | {3 4 }
	Port: v_mix : s_axis_video_V_strb_V | {3 4 }
	Port: v_mix : s_axis_video_V_user_V | {3 4 }
	Port: v_mix : s_axis_video_V_last_V | {3 4 }
	Port: v_mix : s_axis_video_V_id_V | {3 4 }
	Port: v_mix : s_axis_video_V_dest_V | {3 4 }
	Port: v_mix : width | {1 }
	Port: v_mix : height | {1 }
	Port: v_mix : background_Y_R | {1 }
	Port: v_mix : background_U_G | {1 }
	Port: v_mix : background_V_B | {1 }
	Port: v_mix : layerEnable | {1 }
	Port: v_mix : layer1_buf1 | {1 }
	Port: v_mix : layerStartX_0 | {1 }
	Port: v_mix : layerStartX_1 | {1 }
	Port: v_mix : layerStartY_0 | {1 }
	Port: v_mix : layerStartY_1 | {1 }
	Port: v_mix : layerWidth_0 | {1 }
	Port: v_mix : layerWidth_1 | {1 }
	Port: v_mix : layerHeight_0 | {1 }
	Port: v_mix : layerHeight_1 | {1 }
	Port: v_mix : layerScaleFactor_0 | {1 }
	Port: v_mix : layerScaleFactor_1 | {1 }
	Port: v_mix : layerStride_0 | {1 }
	Port: v_mix : layerStride_1 | {1 }
  - Chain level:
	State 1
	State 2
		tobool : 1
		HwReg_layerEnableFlag_4 : 2
		HwReg_layerEnableFlag : 2
		HwReg_layerStride : 1
		HwReg_layerScaleFactor : 1
		HwReg_layerHeight : 1
		HwReg_layerWidth : 1
		HwReg_layerStartY : 1
		HwReg_layerStartX : 1
		i_2 : 1
		store_ln3298 : 2
		store_ln3298 : 2
		store_ln3298 : 2
		store_ln3298 : 2
		store_ln3298 : 2
		store_ln3298 : 2
		store_ln3296 : 3
		store_ln3296 : 3
		br_ln3296 : 1
	State 3
	State 4
	State 5


============================================================
+ Verbose Summary: Datapath Resource usage 
============================================================

* Functional unit list:
|----------|-------------------------------------|---------|---------|---------|
| Operation|           Functional Unit           |  Delay  |    FF   |   LUT   |
|----------|-------------------------------------|---------|---------|---------|
|   call   |  grp_VMixHlsDataFlowFunction_fu_415 |  31.152 |   2144  |   1216  |
|----------|-------------------------------------|---------|---------|---------|
|          |    HwReg_layerEnableFlag_4_fu_519   |    0    |    0    |    2    |
|          |     HwReg_layerEnableFlag_fu_527    |    0    |    0    |    2    |
|          |       HwReg_layerStride_fu_535      |    0    |    0    |    16   |
|  select  |    HwReg_layerScaleFactor_fu_542    |    0    |    0    |    8    |
|          |       HwReg_layerHeight_fu_549      |    0    |    0    |    16   |
|          |       HwReg_layerWidth_fu_556       |    0    |    0    |    16   |
|          |       HwReg_layerStartY_fu_563      |    0    |    0    |    16   |
|          |       HwReg_layerStartX_fu_570      |    0    |    0    |    16   |
|----------|-------------------------------------|---------|---------|---------|
| bitselect|            tobool_fu_512            |    0    |    0    |    9    |
|----------|-------------------------------------|---------|---------|---------|
|    xor   |              i_2_fu_577             |    0    |    0    |    1    |
|----------|-------------------------------------|---------|---------|---------|
|          |     layer1_buf1_read_read_fu_290    |    0    |    0    |    0    |
|          |     layerEnable_read_read_fu_296    |    0    |    0    |    0    |
|          |   background_V_B_read_read_fu_302   |    0    |    0    |    0    |
|          |   background_U_G_read_read_fu_308   |    0    |    0    |    0    |
|          |   background_Y_R_read_read_fu_314   |    0    |    0    |    0    |
|          |       height_read_read_fu_320       |    0    |    0    |    0    |
|          |        width_read_read_fu_326       |    0    |    0    |    0    |
|          |    layerStartX_0_load_read_fu_332   |    0    |    0    |    0    |
|          |    layerStartX_1_read_read_fu_338   |    0    |    0    |    0    |
|   read   |    layerStartY_0_load_read_fu_344   |    0    |    0    |    0    |
|          |    layerStartY_1_read_read_fu_350   |    0    |    0    |    0    |
|          |    layerWidth_0_load_read_fu_356    |    0    |    0    |    0    |
|          |    layerWidth_1_read_read_fu_362    |    0    |    0    |    0    |
|          |    layerHeight_0_load_read_fu_368   |    0    |    0    |    0    |
|          |    layerHeight_1_read_read_fu_374   |    0    |    0    |    0    |
|          | layerScaleFactor_0_load_read_fu_380 |    0    |    0    |    0    |
|          | layerScaleFactor_1_read_read_fu_386 |    0    |    0    |    0    |
|          |    layerStride_0_load_read_fu_392   |    0    |    0    |    0    |
|          |    layerStride_1_read_read_fu_398   |    0    |    0    |    0    |
|----------|-------------------------------------|---------|---------|---------|
|          |         trunc_ln2417_fu_464         |    0    |    0    |    0    |
|          |        trunc_ln2417_1_fu_468        |    0    |    0    |    0    |
|   trunc  |        trunc_ln2417_2_fu_472        |    0    |    0    |    0    |
|          |        trunc_ln2417_3_fu_476        |    0    |    0    |    0    |
|          |        trunc_ln2417_4_fu_480        |    0    |    0    |    0    |
|          |        trunc_ln2417_5_fu_484        |    0    |    0    |    0    |
|----------|-------------------------------------|---------|---------|---------|
|   Total  |                                     |  31.152 |   2144  |   1318  |
|----------|-------------------------------------|---------|---------|---------|

Memories:
N/A

* Register list:
+-------------------------------+--------+
|                               |   FF   |
+-------------------------------+--------+
|HwReg_layerEnableFlag_1_reg_623|    1   |
|HwReg_layerEnableFlag_3_reg_629|    1   |
|HwReg_layerEnableFlag_4_reg_741|    1   |
| HwReg_layerEnableFlag_reg_746 |    1   |
|   HwReg_layerHeight_reg_761   |   16   |
| HwReg_layerScaleFactor_reg_756|    8   |
|   HwReg_layerStartX_reg_776   |   16   |
|   HwReg_layerStartY_reg_771   |   16   |
|   HwReg_layerStride_reg_751   |   16   |
|    HwReg_layerWidth_reg_766   |   16   |
|        empty_78_reg_641       |    8   |
|        empty_79_reg_647       |   16   |
|        empty_80_reg_653       |   16   |
|        empty_81_reg_659       |   16   |
|        empty_82_reg_665       |   16   |
|         empty_reg_635         |   16   |
|          i_2_reg_781          |    1   |
|           i_reg_404           |    1   |
|    layer1_buf1_read_reg_671   |   32   |
|    layerEnable_read_reg_676   |   32   |
|   layerHeight_1_read_reg_726  |   16   |
|layerScaleFactor_1_read_reg_731|    8   |
|   layerStartX_1_read_reg_711  |   16   |
|   layerStartY_1_read_reg_716  |   16   |
|   layerStride_1_read_reg_736  |   16   |
|   layerWidth_1_read_reg_721   |   16   |
|     trunc_ln2417_1_reg_686    |    8   |
|     trunc_ln2417_2_reg_691    |    8   |
|     trunc_ln2417_3_reg_696    |    8   |
|     trunc_ln2417_4_reg_701    |   11   |
|     trunc_ln2417_5_reg_706    |   11   |
|      trunc_ln2417_reg_681     |    2   |
+-------------------------------+--------+
|             Total             |   382  |
+-------------------------------+--------+

* Multiplexer (MUX) list: 
|--------|------|------|------|--------|
|  Comp  |  Pin | Size |  BW  | S x BW |
|--------|------|------|------|--------|
|  Total |      |      |      |    0   |
|--------|------|------|------|--------|



* Summary:
+-----------+--------+--------+--------+
|           |  Delay |   FF   |   LUT  |
+-----------+--------+--------+--------+
|  Function |   31   |  2144  |  1318  |
|   Memory  |    -   |    -   |    -   |
|Multiplexer|    -   |    -   |    -   |
|  Register |    -   |   382  |    -   |
+-----------+--------+--------+--------+
|   Total   |   31   |  2526  |  1318  |
+-----------+--------+--------+--------+
