

================================================================
== Synthesis Summary Report of 'v_tpg'
================================================================
+ General Information: 
    * Date:           Thu Mar  5 21:14:46 2026
    * Version:        2025.2 (Build 6295257 on Nov 14 2025)
    * Project:        prj
    * Solution:       sol (Vivado IP Flow Target)
    * Product family: zynq
    * Target device:  xc7z020-clg400-2
    

* Performance & Resource Estimates: 
+---------------------------------------------------------+------+---------------+----------+------------+-------+----------+------------+-----------+------+--------+---------+-----------+------------+-----+
|                         Modules                         | Issue|               | Iteration|            |  Trip |          |         Latency        |      |        |         |           |            |     |
|                         & Loops                         | Type | Violation Type|  Latency |  Interval  | Count | Pipelined|  (cycles)  |    (ns)   | Slack|  BRAM  |   DSP   |     FF    |     LUT    | URAM|
+---------------------------------------------------------+------+---------------+----------+------------+-------+----------+------------+-----------+------+--------+---------+-----------+------------+-----+
|+ v_tpg                                                  |     -|              -|         -|  4296540142|      -|        no|  4296540141|  2.865e+10|  0.02|  9 (3%)|  13 (5%)|  6576 (6%)|  6649 (12%)|    -|
| + v_tpgHlsDataFlow*                                     |     -|              -|         -|  4296540137|      -|  dataflow|  4296540136|  2.865e+10|  0.02|  9 (3%)|  13 (5%)|  5734 (5%)|  5758 (10%)|    -|
|  + tpgBackground                                        |     -|              -|         -|  4296540136|      -|        no|  4296540136|  2.865e+10|  0.02|  9 (3%)|  13 (5%)|  4756 (4%)|   4372 (8%)|    -|
|   o VITIS_LOOP_563_1                                    |     -|              -|     65561|           -|  65535|        no|  4296540135|  2.865e+10|  4.87|       -|        -|          -|           -|    -|
|    + tpgBackground_Pipeline_VITIS_LOOP_565_2            |     -|              -|         -|           -|      -|       yes|       65558|  4.371e+05|  0.02|  9 (3%)|  13 (5%)|  4123 (3%)|   3928 (7%)|    -|
|     o VITIS_LOOP_565_2                                  |     -|              -|        23|           1|  65535|       yes|       65556|  4.371e+05|  4.87|       -|        -|          -|           -|    -|
|      + reg_ap_uint_10_s                                 |     -|              -|         -|           1|      -|       yes|           1|      6.667|  4.87|       -|        -|   12 (~0%)|     2 (~0%)|    -|
|      + reg_int_s                                        |     -|              -|         -|           1|      -|       yes|           1|      6.667|  4.87|       -|        -|   18 (~0%)|     2 (~0%)|    -|
|  + tpgForeground                                        |     -|              -|         -|  4295229436|      -|        no|  4295229436|  2.864e+10|  0.48|       -|        -|  551 (~0%)|    784 (1%)|    -|
|   o VITIS_LOOP_772_1                                    |     -|              -|     65541|           -|  65535|        no|  4295229435|  2.864e+10|  4.87|       -|        -|          -|           -|    -|
|    + tpgForeground_Pipeline_VITIS_LOOP_774_2            |     -|              -|         -|           -|      -|       yes|       65539|  4.369e+05|  0.73|       -|        -|  265 (~0%)|    614 (1%)|    -|
|     o VITIS_LOOP_774_2                                  |     -|              -|         4|           1|  65535|       yes|       65537|  4.369e+05|  4.87|       -|        -|          -|           -|    -|
|  + MultiPixStream2AXIvideo                              |     -|              -|         -|     2081161|      -|        no|     2081161|  1.388e+07|  0.69|       -|        -|  229 (~0%)|   463 (~0%)|    -|
|   o VITIS_LOOP_979_1                                    |     -|              -|      1927|           -|   1080|        no|     2081160|  1.388e+07|  4.87|       -|        -|          -|           -|    -|
|    + MultiPixStream2AXIvideo_Pipeline_VITIS_LOOP_981_2  |     -|              -|         -|        1924|      -|        no|        1924|  1.283e+04|  0.69|       -|        -|   66 (~0%)|   202 (~0%)|    -|
|     o VITIS_LOOP_981_2                                  |     -|              -|         3|           1|   1920|       yes|        1921|  1.281e+04|  4.87|       -|        -|          -|           -|    -|
| + reg_unsigned_short_s                                  |     -|              -|         -|           1|      -|       yes|           1|      6.667|  4.87|       -|        -|   18 (~0%)|     2 (~0%)|    -|
+---------------------------------------------------------+------+---------------+----------+------------+-------+----------+------------+-----------+------+--------+---------+-----------+------------+-----+
    Name Prefix: '+' for module, 'o' for loop, '*' for dataflow


================================================================
== HW Interfaces
================================================================
* S_AXILITE Interfaces
+------------+------------+---------------+--------+----------+
| Interface  | Data Width | Address Width | Offset | Register |
+------------+------------+---------------+--------+----------+
| s_axi_CTRL | 32         | 8             | 16     | 0        |
+------------+------------+---------------+--------+----------+

* S_AXILITE Registers
+------------+--------------------+--------+-------+--------+-----------------------------------+----------------------------------------------------------------------+
| Interface  | Register           | Offset | Width | Access | Description                       | Bit Fields                                                           |
+------------+--------------------+--------+-------+--------+-----------------------------------+----------------------------------------------------------------------+
| s_axi_CTRL | CTRL               | 0x00   | 32    | RW     | Control signals                   | 0=AP_START 1=AP_DONE 2=AP_IDLE 3=AP_READY 7=AUTO_RESTART 9=INTERRUPT |
| s_axi_CTRL | GIER               | 0x04   | 32    | RW     | Global Interrupt Enable Register  | 0=Enable                                                             |
| s_axi_CTRL | IP_IER             | 0x08   | 32    | RW     | IP Interrupt Enable Register      | 0=CHAN0_INT_EN 1=CHAN1_INT_EN                                        |
| s_axi_CTRL | IP_ISR             | 0x0c   | 32    | RW     | IP Interrupt Status Register      | 0=CHAN0_INT_ST 1=CHAN1_INT_ST                                        |
| s_axi_CTRL | height             | 0x10   | 32    | W      | Data signal of height             |                                                                      |
| s_axi_CTRL | width              | 0x18   | 32    | W      | Data signal of width              |                                                                      |
| s_axi_CTRL | bckgndId           | 0x20   | 32    | W      | Data signal of bckgndId           |                                                                      |
| s_axi_CTRL | ovrlayId           | 0x28   | 32    | W      | Data signal of ovrlayId           |                                                                      |
| s_axi_CTRL | maskId             | 0x30   | 32    | W      | Data signal of maskId             |                                                                      |
| s_axi_CTRL | motionSpeed        | 0x38   | 32    | W      | Data signal of motionSpeed        |                                                                      |
| s_axi_CTRL | colorFormat        | 0x40   | 32    | W      | Data signal of colorFormat        |                                                                      |
| s_axi_CTRL | crossHairX         | 0x48   | 32    | W      | Data signal of crossHairX         |                                                                      |
| s_axi_CTRL | crossHairY         | 0x50   | 32    | W      | Data signal of crossHairY         |                                                                      |
| s_axi_CTRL | ZplateHorContStart | 0x58   | 32    | W      | Data signal of ZplateHorContStart |                                                                      |
| s_axi_CTRL | ZplateHorContDelta | 0x60   | 32    | W      | Data signal of ZplateHorContDelta |                                                                      |
| s_axi_CTRL | ZplateVerContStart | 0x68   | 32    | W      | Data signal of ZplateVerContStart |                                                                      |
| s_axi_CTRL | ZplateVerContDelta | 0x70   | 32    | W      | Data signal of ZplateVerContDelta |                                                                      |
| s_axi_CTRL | boxSize            | 0x78   | 32    | W      | Data signal of boxSize            |                                                                      |
| s_axi_CTRL | boxColorR          | 0x80   | 32    | W      | Data signal of boxColorR          |                                                                      |
| s_axi_CTRL | boxColorG          | 0x88   | 32    | W      | Data signal of boxColorG          |                                                                      |
| s_axi_CTRL | boxColorB          | 0x90   | 32    | W      | Data signal of boxColorB          |                                                                      |
| s_axi_CTRL | dpDynamicRange     | 0xc0   | 32    | W      | Data signal of dpDynamicRange     |                                                                      |
| s_axi_CTRL | dpYUVCoef          | 0xc8   | 32    | W      | Data signal of dpYUVCoef          |                                                                      |
| s_axi_CTRL | field_id           | 0xd0   | 32    | W      | Data signal of field_id           |                                                                      |
| s_axi_CTRL | bck_motion_en      | 0xd8   | 32    | W      | Data signal of bck_motion_en      |                                                                      |
+------------+--------------------+--------+-------+--------+-----------------------------------+----------------------------------------------------------------------+

* AXIS
+--------------+-----------+---------------+-------+-------+-----+-------+-------+--------+-------+-------+--------+
| Interface    | Direction | Register Mode | TDATA | TDEST | TID | TKEEP | TLAST | TREADY | TSTRB | TUSER | TVALID |
+--------------+-----------+---------------+-------+-------+-----+-------+-------+--------+-------+-------+--------+
| m_axis_video | out       | both          | 24    | 1     | 1   | 3     | 1     | 1      | 3     | 1     | 1      |
+--------------+-----------+---------------+-------+-------+-----+-------+-------+--------+-------+-------+--------+

* Other Ports
+--------+---------+-----------+----------+
| Port   | Mode    | Direction | Bitwidth |
+--------+---------+-----------+----------+
| fid    | ap_none | out       | 1        |
| fid_in | ap_none | in        | 1        |
+--------+---------+-----------+----------+

* TOP LEVEL CONTROL
+-----------+------------+-----------+
| Interface | Type       | Ports     |
+-----------+------------+-----------+
| ap_clk    | clock      | ap_clk    |
| ap_rst_n  | reset      | ap_rst_n  |
| interrupt | interrupt  | interrupt |
| ap_ctrl   | ap_ctrl_hs |           |
+-----------+------------+-----------+


================================================================
== SW I/O Information
================================================================
* Top Function Arguments
+--------------------+-----------+------------------------------------------------------------------------------+
| Argument           | Direction | Datatype                                                                     |
+--------------------+-----------+------------------------------------------------------------------------------+
| height             | in        | unsigned short&                                                              |
| width              | in        | unsigned short&                                                              |
| field_id           | in        | unsigned short&                                                              |
| fid_in             | in        | bool&                                                                        |
| bckgndId           | in        | unsigned char&                                                               |
| ovrlayId           | in        | unsigned char&                                                               |
| maskId             | in        | unsigned char&                                                               |
| motionSpeed        | in        | unsigned char&                                                               |
| colorFormat        | in        | unsigned char&                                                               |
| crossHairX         | in        | unsigned short&                                                              |
| crossHairY         | in        | unsigned short&                                                              |
| ZplateHorContStart | in        | unsigned short&                                                              |
| ZplateHorContDelta | in        | unsigned short&                                                              |
| ZplateVerContStart | in        | unsigned short&                                                              |
| ZplateVerContDelta | in        | unsigned short&                                                              |
| boxSize            | in        | unsigned short&                                                              |
| boxColorR          | in        | unsigned short&                                                              |
| boxColorG          | in        | unsigned short&                                                              |
| boxColorB          | in        | unsigned short&                                                              |
| dpDynamicRange     | in        | unsigned char&                                                               |
| dpYUVCoef          | in        | unsigned char&                                                               |
| bck_motion_en      | in        | unsigned short&                                                              |
| m_axis_video       | out       | stream<hls::axis<ap_uint<24>, 1UL, 1UL, 1UL, (unsigned char)'8', false>, 0>& |
| fid                | out       | bool&                                                                        |
+--------------------+-----------+------------------------------------------------------------------------------+

* SW-to-HW Mapping
+--------------------+--------------+-----------+----------------------------------------------+
| Argument           | HW Interface | HW Type   | HW Info                                      |
+--------------------+--------------+-----------+----------------------------------------------+
| height             | s_axi_CTRL   | register  | name=height offset=0x10 range=32             |
| width              | s_axi_CTRL   | register  | name=width offset=0x18 range=32              |
| field_id           | s_axi_CTRL   | register  | name=field_id offset=0xd0 range=32           |
| fid_in             | fid_in       | port      |                                              |
| bckgndId           | s_axi_CTRL   | register  | name=bckgndId offset=0x20 range=32           |
| ovrlayId           | s_axi_CTRL   | register  | name=ovrlayId offset=0x28 range=32           |
| maskId             | s_axi_CTRL   | register  | name=maskId offset=0x30 range=32             |
| motionSpeed        | s_axi_CTRL   | register  | name=motionSpeed offset=0x38 range=32        |
| colorFormat        | s_axi_CTRL   | register  | name=colorFormat offset=0x40 range=32        |
| crossHairX         | s_axi_CTRL   | register  | name=crossHairX offset=0x48 range=32         |
| crossHairY         | s_axi_CTRL   | register  | name=crossHairY offset=0x50 range=32         |
| ZplateHorContStart | s_axi_CTRL   | register  | name=ZplateHorContStart offset=0x58 range=32 |
| ZplateHorContDelta | s_axi_CTRL   | register  | name=ZplateHorContDelta offset=0x60 range=32 |
| ZplateVerContStart | s_axi_CTRL   | register  | name=ZplateVerContStart offset=0x68 range=32 |
| ZplateVerContDelta | s_axi_CTRL   | register  | name=ZplateVerContDelta offset=0x70 range=32 |
| boxSize            | s_axi_CTRL   | register  | name=boxSize offset=0x78 range=32            |
| boxColorR          | s_axi_CTRL   | register  | name=boxColorR offset=0x80 range=32          |
| boxColorG          | s_axi_CTRL   | register  | name=boxColorG offset=0x88 range=32          |
| boxColorB          | s_axi_CTRL   | register  | name=boxColorB offset=0x90 range=32          |
| dpDynamicRange     | s_axi_CTRL   | register  | name=dpDynamicRange offset=0xc0 range=32     |
| dpYUVCoef          | s_axi_CTRL   | register  | name=dpYUVCoef offset=0xc8 range=32          |
| bck_motion_en      | s_axi_CTRL   | register  | name=bck_motion_en offset=0xd8 range=32      |
| m_axis_video       | m_axis_video | interface |                                              |
| fid                | fid          | port      |                                              |
+--------------------+--------------+-----------+----------------------------------------------+


================================================================
== Bind Op Report
================================================================
+--------------------------------------------------------+-----+--------+-------------------+-----------+-------------------------+---------+
| Name                                                   | DSP | Pragma | Variable          | Op        | Impl                    | Latency |
+--------------------------------------------------------+-----+--------+-------------------+-----------+-------------------------+---------+
| + v_tpg                                                | 13  |        |                   |           |                         |         |
|   icmp_ln500_fu_622_p2                                 |     |        | icmp_ln500        | seteq     | auto                    | 0       |
|   add_ln502_fu_632_p2                                  |     |        | add_ln502         | add       | fabric                  | 0       |
|   icmp_ln503_fu_638_p2                                 |     |        | icmp_ln503        | seteq     | auto                    | 0       |
|   icmp_ln505_fu_657_p2                                 |     |        | icmp_ln505        | setlt     | auto                    | 0       |
|   add_ln507_fu_663_p2                                  |     |        | add_ln507         | add       | fabric                  | 0       |
|   select_ln505_fu_669_p3                               |     |        | select_ln505      | select    | auto_sel                | 0       |
|  + v_tpgHlsDataFlow                                    | 13  |        |                   |           |                         |         |
|   + tpgBackground                                      | 13  |        |                   |           |                         |         |
|     icmp_ln1122_fu_608_p2                              |     |        | icmp_ln1122       | seteq     | auto                    | 0       |
|     select_ln1141_fu_614_p3                            |     |        | select_ln1141     | select    | auto_sel                | 0       |
|     xor_ln1146_fu_622_p2                               |     |        | xor_ln1146        | xor       | auto                    | 0       |
|     select_ln1162_fu_628_p3                            |     |        | select_ln1162     | select    | auto_sel                | 0       |
|     select_ln1188_1_fu_636_p3                          |     |        | select_ln1188_1   | select    | auto_sel                | 0       |
|     select_ln1188_2_fu_644_p3                          |     |        | select_ln1188_2   | select    | auto_sel                | 0       |
|     select_ln1188_fu_652_p3                            |     |        | select_ln1188     | select    | auto_sel                | 0       |
|     select_ln1209_fu_660_p3                            |     |        | select_ln1209     | select    | auto_sel                | 0       |
|     select_ln1230_fu_668_p3                            |     |        | select_ln1230     | select    | auto_sel                | 0       |
|     add_ln1241_fu_684_p2                               |     |        | add_ln1241        | add       | fabric                  | 0       |
|     add_ln1373_fu_700_p2                               |     |        | add_ln1373        | add       | fabric                  | 0       |
|     add_ln1373_1_fu_716_p2                             |     |        | add_ln1373_1      | add       | fabric                  | 0       |
|     add_ln1374_fu_730_p2                               |     |        | add_ln1374        | add       | fabric                  | 0       |
|     icmp_ln1862_fu_746_p2                              |     |        | icmp_ln1862       | setne     | auto                    | 0       |
|     add_ln1386_fu_766_p2                               |     |        | add_ln1386        | add       | fabric                  | 0       |
|     select_ln1122_fu_776_p3                            |     |        | select_ln1122     | select    | auto_sel                | 0       |
|     add_ln1473_fu_800_p2                               |     |        | add_ln1473        | add       | fabric                  | 0       |
|     add_ln1449_fu_806_p2                               |     |        | add_ln1449        | add       | fabric                  | 0       |
|     icmp_ln1801_fu_812_p2                              |     |        | icmp_ln1801       | setne     | auto                    | 0       |
|     icmp_ln563_fu_959_p2                               |     |        | icmp_ln563        | seteq     | auto                    | 0       |
|     add_ln563_fu_964_p2                                |     |        | add_ln563         | add       | fabric                  | 0       |
|     icmp_ln1337_fu_974_p2                              |     |        | icmp_ln1337       | setne     | auto                    | 0       |
|     icmp_ln1449_fu_996_p2                              |     |        | icmp_ln1449       | seteq     | auto                    | 0       |
|     add_ln1533_fu_1002_p2                              |     |        | add_ln1533        | add       | fabric                  | 0       |
|     add_ln750_fu_1013_p2                               |     |        | add_ln750         | add       | fabric                  | 0       |
|    + tpgBackground_Pipeline_VITIS_LOOP_565_2           | 13  |        |                   |           |                         |         |
|      sext_ln1162_cast_fu_1484_p3                       |     |        | sext_ln1162_cast  | select    | auto_sel                | 0       |
|      icmp_ln1797_fu_1496_p2                            |     |        | icmp_ln1797       | seteq     | auto                    | 0       |
|      icmp_ln1122_fu_1502_p2                            |     |        | icmp_ln1122       | seteq     | auto                    | 0       |
|      icmp_ln1782_fu_1508_p2                            |     |        | icmp_ln1782       | seteq     | auto                    | 0       |
|      icmp_ln1449_fu_1518_p2                            |     |        | icmp_ln1449       | seteq     | auto                    | 0       |
|      icmp_ln565_fu_1556_p2                             |     |        | icmp_ln565        | seteq     | auto                    | 0       |
|      add_ln565_fu_1562_p2                              |     |        | add_ln565         | add       | fabric                  | 0       |
|      icmp_ln1072_fu_1572_p2                            |     |        | icmp_ln1072       | seteq     | auto                    | 0       |
|      grp_fu_1918_p0                                    |     |        | add_ln549         | add       | fabric                  | 0       |
|      grp_fu_1912_p0                                    |     |        | add_ln549_1       | add       | fabric                  | 0       |
|      add_ln573_fu_2302_p2                              |     |        | add_ln573         | add       | fabric                  | 0       |
|      or_ln1746_fu_1632_p2                              |     |        | or_ln1746         | or        | auto                    | 0       |
|      icmp_ln1746_fu_1638_p2                            |     |        | icmp_ln1746       | seteq     | auto                    | 0       |
|      icmp_ln1751_fu_1797_p2                            |     |        | icmp_ln1751       | setne     | auto                    | 0       |
|      and_ln1751_fu_1803_p2                             |     |        | and_ln1751        | and       | auto                    | 0       |
|      xor_ln1758_fu_2792_p2                             |     |        | xor_ln1758        | xor       | auto                    | 0       |
|      add_ln1753_fu_1814_p2                             |     |        | add_ln1753        | add       | fabric                  | 0       |
|      icmp_ln1768_fu_2834_p2                            |     |        | icmp_ln1768       | setlt     | auto                    | 0       |
|      add_ln1774_fu_2840_p2                             |     |        | add_ln1774        | add       | fabric                  | 0       |
|      add_ln1775_fu_2852_p2                             |     |        | add_ln1775        | add       | fabric                  | 0       |
|      add_ln1770_fu_2874_p2                             |     |        | add_ln1770        | add       | fabric                  | 0       |
|      or_ln1778_fu_3048_p2                              |     |        | or_ln1778         | or        | auto                    | 0       |
|      and_ln1801_fu_3621_p2                             |     |        | and_ln1801        | and       | auto                    | 0       |
|      phi_ln1811_fu_3625_p3                             |     |        | phi_ln1811        | select    | auto_sel                | 0       |
|      phi_ln1801_fu_3651_p3                             |     |        | phi_ln1801        | select    | auto_sel                | 0       |
|      select_ln718_fu_3737_p3                           |     |        | select_ln718      | select    | auto_sel                | 0       |
|      icmp_ln1629_fu_1644_p2                            |     |        | icmp_ln1629       | seteq     | auto                    | 0       |
|      select_ln1629_fu_3232_p3                          |     |        | select_ln1629     | select    | auto_sel                | 0       |
|      sparsemux_7_16_8_1_1_U18                          |     |        | p_0_0_066_i       | sparsemux | compactencoding_realdef | 0       |
|      sparsemux_7_16_8_1_1_U14                          |     |        | tmp_2             | sparsemux | compactencoding_realdef | 0       |
|      sparsemux_7_16_8_1_1_U19                          |     |        | tmp_5             | sparsemux | compactencoding_realdef | 0       |
|      and_ln1661_fu_3796_p2                             |     |        | and_ln1661        | and       | auto                    | 0       |
|      select_ln1660_fu_3800_p3                          |     |        | select_ln1660     | select    | auto_sel                | 0       |
|      rampVal_2_new_1_out                               |     |        | add_ln1664        | add       | fabric                  | 0       |
|      xor_ln1839_fu_3863_p2                             |     |        | xor_ln1839        | xor       | auto                    | 0       |
|      xor_ln1846_fu_3899_p2                             |     |        | xor_ln1846        | xor       | auto                    | 0       |
|      xor_ln1853_fu_3935_p2                             |     |        | xor_ln1853        | xor       | auto                    | 0       |
|      and_ln1862_fu_3967_p2                             |     |        | and_ln1862        | and       | auto                    | 0       |
|      select_ln1862_fu_4007_p3                          |     |        | select_ln1862     | select    | auto_sel                | 0       |
|      or_ln1563_fu_1650_p2                              |     |        | or_ln1563         | or        | auto                    | 0       |
|      icmp_ln1563_fu_1656_p2                            |     |        | icmp_ln1563       | seteq     | auto                    | 0       |
|      icmp_ln1568_fu_1840_p2                            |     |        | icmp_ln1568       | setgt     | auto                    | 0       |
|      and_ln1568_fu_1845_p2                             |     |        | and_ln1568        | and       | auto                    | 0       |
|      add_ln1575_fu_2633_p2                             |     |        | add_ln1575        | add       | fabric                  | 0       |
|      add_ln1570_fu_1856_p2                             |     |        | add_ln1570        | add       | fabric                  | 0       |
|      icmp_ln1586_fu_1878_p2                            |     |        | icmp_ln1586       | setlt     | auto                    | 0       |
|      sub_ln1592_fu_1883_p2                             |     |        | sub_ln1592        | sub       | fabric                  | 0       |
|      add_ln1593_fu_2663_p2                             |     |        | add_ln1593        | add       | fabric                  | 0       |
|      add_ln1588_fu_1894_p2                             |     |        | add_ln1588        | add       | fabric                  | 0       |
|      tBarSel_fu_2932_p2                                |     |        | tBarSel           | or        | auto                    | 0       |
|      phi_ln1599_fu_3284_p3                             |     |        | phi_ln1599        | select    | auto_sel                | 0       |
|      grp_fu_1440_p2                                    |     |        | icmp_ln1603       | seteq     | auto                    | 0       |
|      grp_fu_1445_p2                                    |     |        | icmp_ln1603_1     | setne     | auto                    | 0       |
|      xor_ln565_2_fu_3295_p2                            |     |        | xor_ln565_2       | xor       | auto                    | 0       |
|      and_ln565_2_fu_3300_p2                            |     |        | and_ln565_2       | and       | auto                    | 0       |
|      or_ln565_2_fu_3306_p2                             |     |        | or_ln565_2        | or        | auto                    | 0       |
|      sparsemux_7_2_8_1_1_U15                           |     |        | phi_ln2           | sparsemux | onehotencoding_realdef  | 0       |
|      select_ln1532_fu_4077_p3                          |     |        | select_ln1532     | select    | auto_sel                | 0       |
|      select_ln1540_fu_4083_p3                          |     |        | select_ln1540     | select    | auto_sel                | 0       |
|      add_ln1545_fu_4090_p2                             |     |        | add_ln1545        | add       | fabric                  | 0       |
|      mul_11ns_13ns_23_1_1_U7                           | 1   |        | mul_ln1281        | mul       | auto                    | 0       |
|      urem_11ns_3ns_2_15_1_U4                           |     |        | urem_ln1281       | urem      | auto                    | 14      |
|      sparsemux_7_2_9_1_1_U10                           |     |        | tmp               | sparsemux | onehotencoding_realdef  | 0       |
|      add_ln1281_fu_2445_p2                             |     |        | add_ln1281        | add       | fabric                  | 0       |
|      r_fu_2462_p3                                      |     |        | r                 | select    | auto_sel                | 0       |
|      mul_11ns_13ns_23_1_1_U8                           | 1   |        | mul_ln1285        | mul       | auto                    | 0       |
|      urem_11ns_3ns_2_15_1_U5                           |     |        | urem_ln1285       | urem      | auto                    | 14      |
|      sparsemux_7_2_9_1_1_U11                           |     |        | tmp_3             | sparsemux | onehotencoding_realdef  | 0       |
|      add_ln1285_fu_2538_p2                             |     |        | add_ln1285        | add       | fabric                  | 0       |
|      g_fu_2555_p3                                      |     |        | g                 | select    | auto_sel                | 0       |
|      mul_11ns_13ns_23_1_1_U9                           | 1   |        | mul_ln1289        | mul       | auto                    | 0       |
|      urem_11ns_3ns_2_15_1_U6                           |     |        | urem_ln1289       | urem      | auto                    | 14      |
|      sparsemux_7_2_9_1_1_U12                           |     |        | tmp_4             | sparsemux | onehotencoding_realdef  | 0       |
|      add_ln1289_fu_2563_p2                             |     |        | add_ln1289        | add       | fabric                  | 0       |
|      b_fu_2580_p3                                      |     |        | b                 | select    | auto_sel                | 0       |
|      mac_muladd_8ns_5ns_16ns_17_4_1_U28                | 1   |        | mul_ln1302        | mul       | dsp_slice               | 3       |
|      mac_muladd_8ns_5ns_16ns_17_4_1_U28                | 1   |        | zext_ln1302_4     | zext      | dsp_slice               | 3       |
|      mac_muladd_8ns_7ns_13ns_15_4_1_U22                | 1   |        | mul_ln1302_1      | mul       | dsp_slice               | 3       |
|      mac_muladd_8ns_8ns_15ns_16_4_1_U24                | 1   |        | mul_ln1302_2      | mul       | dsp_slice               | 3       |
|      mac_muladd_8ns_7ns_13ns_15_4_1_U22                | 1   |        | add_ln1302        | add       | dsp_slice               | 3       |
|      mac_muladd_8ns_8ns_15ns_16_4_1_U24                | 1   |        | add_ln1302_1      | add       | dsp_slice               | 3       |
|      mac_muladd_8ns_5ns_16ns_17_4_1_U28                | 1   |        | add_ln1302_2      | add       | dsp_slice               | 3       |
|      mac_muladd_8ns_7s_16s_16_4_1_U23                  | 1   |        | mul_ln1303        | mul       | dsp_slice               | 3       |
|      mac_muladd_8ns_7s_16s_16_4_1_U23                  | 1   |        | mul_ln1303_cast   | sext      | dsp_slice               | 3       |
|      mac_muladd_8ns_8s_16s_16_4_1_U25                  | 1   |        | mul65_i_neg       | mul       | dsp_slice               | 3       |
|      mac_muladd_8ns_7s_16s_16_4_1_U23                  | 1   |        | add_ln1303        | add       | dsp_slice               | 3       |
|      mac_muladd_8ns_8s_16s_16_4_1_U25                  | 1   |        | add_ln1303_1      | add       | dsp_slice               | 3       |
|      add_ln1303_2_fu_3090_p2                           |     |        | add_ln1303_2      | add       | fabric                  | 0       |
|      mac_muladd_8ns_8s_16s_16_4_1_U26                  | 1   |        | mul74_i_neg       | mul       | dsp_slice               | 3       |
|      mac_muladd_8ns_6s_15ns_16_4_1_U27                 | 1   |        | mul77_i_neg       | mul       | dsp_slice               | 3       |
|      mac_muladd_8ns_6s_15ns_16_4_1_U27                 | 1   |        | sext_ln1304       | sext      | dsp_slice               | 3       |
|      mac_muladd_8ns_8s_16s_16_4_1_U26                  | 1   |        | add_ln1304        | add       | dsp_slice               | 3       |
|      mac_muladd_8ns_6s_15ns_16_4_1_U27                 | 1   |        | add_ln1304_1      | add       | dsp_slice               | 3       |
|      add_ln1304_3_fu_3102_p2                           |     |        | add_ln1304_3      | add       | fabric                  | 0       |
|      add_ln1304_2_fu_3106_p2                           |     |        | add_ln1304_2      | add       | fabric                  | 0       |
|      r_1_fu_3355_p3                                    |     |        | r_1               | select    | auto_sel                | 0       |
|      g_1_fu_3130_p3                                    |     |        | g_1               | select    | auto_sel                | 0       |
|      b_1_fu_3156_p3                                    |     |        | b_1               | select    | auto_sel                | 0       |
|      r_2_fu_3363_p3                                    |     |        | r_2               | select    | auto_sel                | 0       |
|      g_2_fu_3164_p3                                    |     |        | g_2               | select    | auto_sel                | 0       |
|      b_2_fu_3170_p3                                    |     |        | b_2               | select    | auto_sel                | 0       |
|      and_ln1449_fu_1668_p2                             |     |        | and_ln1449        | and       | auto                    | 0       |
|      icmp_ln1454_fu_1937_p2                            |     |        | icmp_ln1454       | seteq     | auto                    | 0       |
|      and_ln1454_fu_1942_p2                             |     |        | and_ln1454        | and       | auto                    | 0       |
|      add_ln1461_fu_1947_p2                             |     |        | add_ln1461        | add       | fabric                  | 0       |
|      icmp_ln1473_fu_1674_p2                            |     |        | icmp_ln1473       | seteq     | auto                    | 0       |
|      icmp_ln1478_fu_2133_p2                            |     |        | icmp_ln1478       | setlt     | auto                    | 0       |
|      icmp_ln1483_fu_2139_p2                            |     |        | icmp_ln1483       | seteq     | auto                    | 0       |
|      sub_ln1490_fu_2145_p2                             |     |        | sub_ln1490        | sub       | fabric                  | 0       |
|      add_ln1480_fu_2163_p2                             |     |        | add_ln1480        | add       | fabric                  | 0       |
|      or_ln1494_fu_2191_p2                              |     |        | or_ln1494         | or        | auto                    | 0       |
|      grp_fu_1450_p3                                    |     |        | select_ln1519     | select    | auto_sel                | 0       |
|      grp_fu_1450_p3                                    |     |        | select_ln1504     | select    | auto_sel                | 0       |
|      or_ln1381_fu_1680_p2                              |     |        | or_ln1381         | or        | auto                    | 0       |
|      icmp_ln1381_fu_1686_p2                            |     |        | icmp_ln1381       | seteq     | auto                    | 0       |
|      icmp_ln1386_fu_1979_p2                            |     |        | icmp_ln1386       | setgt     | auto                    | 0       |
|      and_ln1386_fu_1984_p2                             |     |        | and_ln1386        | and       | auto                    | 0       |
|      add_ln1393_fu_2700_p2                             |     |        | add_ln1393        | add       | fabric                  | 0       |
|      add_ln1388_fu_1995_p2                             |     |        | add_ln1388        | add       | fabric                  | 0       |
|      icmp_ln1405_fu_2017_p2                            |     |        | icmp_ln1405       | setlt     | auto                    | 0       |
|      sub_ln1411_fu_2022_p2                             |     |        | sub_ln1411        | sub       | fabric                  | 0       |
|      add_ln1412_fu_2734_p2                             |     |        | add_ln1412        | add       | fabric                  | 0       |
|      add_ln1407_fu_2033_p2                             |     |        | add_ln1407        | add       | fabric                  | 0       |
|      or_ln1415_fu_2981_p2                              |     |        | or_ln1415         | or        | auto                    | 0       |
|      phi_ln1418_fu_3383_p3                             |     |        | phi_ln1418        | select    | auto_sel                | 0       |
|      grp_fu_1440_p2                                    |     |        | icmp_ln1422       | seteq     | auto                    | 0       |
|      grp_fu_1445_p2                                    |     |        | icmp_ln1422_1     | setne     | auto                    | 0       |
|      xor_ln565_1_fu_3394_p2                            |     |        | xor_ln565_1       | xor       | auto                    | 0       |
|      and_ln565_1_fu_3399_p2                            |     |        | and_ln565_1       | and       | auto                    | 0       |
|      or_ln565_1_fu_3405_p2                             |     |        | or_ln565_1        | or        | auto                    | 0       |
|      sparsemux_7_2_8_1_1_U16                           |     |        | phi_ln1           | sparsemux | onehotencoding_realdef  | 0       |
|      or_ln1330_fu_1692_p2                              |     |        | or_ln1330         | or        | auto                    | 0       |
|      icmp_ln1330_fu_1698_p2                            |     |        | icmp_ln1330       | seteq     | auto                    | 0       |
|      and_ln1337_fu_1704_p2                             |     |        | and_ln1337        | and       | auto                    | 0       |
|      add_ln1341_fu_2260_p2                             |     |        | add_ln1341        | add       | fabric                  | 0       |
|      add_ln1343_fu_2272_p2                             |     |        | add_ln1343        | add       | fabric                  | 0       |
|      am_addmul_16ns_1s_16ns_17_4_1_U20                 | 1   |        | add_ln1347        | add       | dsp_slice               | 3       |
|      am_addmul_16ns_1s_16ns_17_4_1_U20                 | 1   |        | mul_ln1347        | mul       | dsp_slice               | 3       |
|      mac_muladd_16s_16s_16s_16_4_1_U21                 | 1   |        | mul_ln1347_1      | mul       | dsp_slice               | 3       |
|      grp_fu_4537_p2                                    |     |        | add_ln1351_1      | add       | fabric                  | 0       |
|      mac_muladd_16s_16s_16s_16_4_1_U21                 | 1   |        | add_ln1351        | add       | dsp_slice               | 3       |
|      mul_20s_9ns_28_4_1_U13                            | 1   |        | mul_ln1356        | mul       | auto                    | 3       |
|      sub_ln1356_fu_3445_p2                             |     |        | sub_ln1356        | sub       | fabric                  | 0       |
|      sub_ln1356_1_fu_3460_p2                           |     |        | sub_ln1356_1      | sub       | fabric                  | 0       |
|      select_ln1356_fu_3475_p3                          |     |        | select_ln1356     | select    | auto_sel                | 0       |
|      add_ln1359_fu_3483_p2                             |     |        | add_ln1359        | add       | fabric                  | 0       |
|      select_ln1361_fu_4254_p3                          |     |        | select_ln1361     | select    | auto_sel                | 0       |
|      add_ln1250_fu_1724_p2                             |     |        | add_ln1250        | add       | fabric                  | 0       |
|      icmp_ln1250_fu_1730_p2                            |     |        | icmp_ln1250       | setlt     | auto                    | 0       |
|      add_ln1252_fu_1736_p2                             |     |        | add_ln1252        | add       | fabric                  | 0       |
|      sub_ln1256_fu_1742_p2                             |     |        | sub_ln1256        | sub       | fabric                  | 0       |
|      add_ln1257_fu_2992_p2                             |     |        | add_ln1257        | add       | fabric                  | 0       |
|      phi_ln1260_fu_3493_p3                             |     |        | phi_ln1260        | select    | auto_sel                | 0       |
|      grp_fu_1440_p2                                    |     |        | icmp_ln1262       | seteq     | auto                    | 0       |
|      grp_fu_1445_p2                                    |     |        | icmp_ln1262_1     | setne     | auto                    | 0       |
|      xor_ln565_fu_3504_p2                              |     |        | xor_ln565         | xor       | auto                    | 0       |
|      and_ln565_fu_3509_p2                              |     |        | and_ln565         | and       | auto                    | 0       |
|      or_ln565_fu_3515_p2                               |     |        | or_ln565          | or        | auto                    | 0       |
|      sparsemux_7_2_8_1_1_U17                           |     |        | phi_ln            | sparsemux | onehotencoding_realdef  | 0       |
|      grp_fu_1450_p3                                    |     |        | select_ln1228     | select    | auto_sel                | 0       |
|      grp_fu_1450_p3                                    |     |        | select_ln1207     | select    | auto_sel                | 0       |
|      grp_fu_1450_p3                                    |     |        | select_ln1186     | select    | auto_sel                | 0       |
|      grp_fu_1450_p3                                    |     |        | select_ln1165     | select    | auto_sel                | 0       |
|      grp_fu_1450_p3                                    |     |        | select_ln1144     | select    | auto_sel                | 0       |
|      or_ln1095_fu_1766_p2                              |     |        | or_ln1095         | or        | auto                    | 0       |
|      icmp_ln1095_fu_1772_p2                            |     |        | icmp_ln1095       | seteq     | auto                    | 0       |
|      add_ln1101_fu_3573_p2                             |     |        | add_ln1101        | add       | fabric                  | 0       |
|      select_ln1107_fu_4410_p3                          |     |        | select_ln1107     | select    | auto_sel                | 0       |
|      select_ln1072_fu_4435_p3                          |     |        | select_ln1072     | select    | auto_sel                | 0       |
|      select_ln1079_fu_4441_p3                          |     |        | select_ln1079     | select    | auto_sel                | 0       |
|      add_ln1084_fu_4448_p2                             |     |        | add_ln1084        | add       | fabric                  | 0       |
|   + tpgForeground                                      | 0   |        |                   |           |                         |         |
|     icmp_ln1977_fu_222_p2                              |     |        | icmp_ln1977       | seteq     | auto                    | 0       |
|     select_ln1977_fu_228_p3                            |     |        | select_ln1977     | select    | auto_sel                | 0       |
|     sub_ln1881_fu_236_p2                               |     |        | sub_ln1881        | sub       | fabric                  | 0       |
|     sub_ln1882_fu_242_p2                               |     |        | sub_ln1882        | sub       | fabric                  | 0       |
|     and_ln1989_fu_252_p2                               |     |        | and_ln1989        | and       | auto                    | 0       |
|     and_ln1991_fu_266_p2                               |     |        | and_ln1991        | and       | auto                    | 0       |
|     and_ln1993_fu_280_p2                               |     |        | and_ln1993        | and       | auto                    | 0       |
|     icmp_ln1947_fu_296_p2                              |     |        | icmp_ln1947       | setne     | auto                    | 0       |
|     icmp_ln772_fu_337_p2                               |     |        | icmp_ln772        | seteq     | auto                    | 0       |
|     y_2_fu_342_p2                                      |     |        | y_2               | add       | fabric                  | 0       |
|     icmp_ln1963_fu_348_p2                              |     |        | icmp_ln1963       | seteq     | auto                    | 0       |
|    + tpgForeground_Pipeline_VITIS_LOOP_774_2           | 0   |        |                   |           |                         |         |
|      icmp_ln801_fu_357_p2                              |     |        | icmp_ln801        | seteq     | auto                    | 0       |
|      icmp_ln774_fu_371_p2                              |     |        | icmp_ln774        | seteq     | auto                    | 0       |
|      x_2_fu_377_p2                                     |     |        | x_2               | add       | fabric                  | 0       |
|      or_ln1884_fu_391_p2                               |     |        | or_ln1884         | or        | auto                    | 0       |
|      icmp_ln1884_fu_397_p2                             |     |        | icmp_ln1884       | seteq     | auto                    | 0       |
|      sub_ln1914_fu_415_p2                              |     |        | sub_ln1914        | sub       | fabric                  | 0       |
|      add_ln1912_fu_421_p2                              |     |        | add_ln1912        | add       | fabric                  | 0       |
|      icmp_ln1889_fu_427_p2                             |     |        | icmp_ln1889       | setgt     | auto                    | 0       |
|      icmp_ln1894_fu_445_p2                             |     |        | icmp_ln1894       | setgt     | auto                    | 0       |
|      sub_ln1918_fu_473_p2                              |     |        | sub_ln1918        | sub       | fabric                  | 0       |
|      add_ln1916_fu_479_p2                              |     |        | add_ln1916        | add       | fabric                  | 0       |
|      icmp_ln1901_fu_485_p2                             |     |        | icmp_ln1901       | setgt     | auto                    | 0       |
|      icmp_ln1906_fu_497_p2                             |     |        | icmp_ln1906       | setgt     | auto                    | 0       |
|      boxRight_fu_577_p2                                |     |        | boxRight          | add       | fabric                  | 0       |
|      boxBottom_fu_582_p2                               |     |        | boxBottom         | add       | fabric                  | 0       |
|      icmp_ln1932_fu_587_p2                             |     |        | icmp_ln1932       | setlt     | auto                    | 0       |
|      xor_ln1932_fu_592_p2                              |     |        | xor_ln1932        | xor       | auto                    | 0       |
|      icmp_ln1932_1_fu_598_p2                           |     |        | icmp_ln1932_1     | setlt     | auto                    | 0       |
|      icmp_ln1937_fu_603_p2                             |     |        | icmp_ln1937       | setlt     | auto                    | 0       |
|      xor_ln1937_fu_608_p2                              |     |        | xor_ln1937        | xor       | auto                    | 0       |
|      icmp_ln1937_1_fu_614_p2                           |     |        | icmp_ln1937_1     | setlt     | auto                    | 0       |
|      and_ln1942_2_fu_619_p2                            |     |        | and_ln1942_2      | and       | auto                    | 0       |
|      and_ln1942_1_fu_625_p2                            |     |        | and_ln1942_1      | and       | auto                    | 0       |
|      and_ln1942_fu_631_p2                              |     |        | and_ln1942        | and       | auto                    | 0       |
|      and_ln1947_fu_675_p2                              |     |        | and_ln1947        | and       | auto                    | 0       |
|      pixOut_5_fu_679_p3                                |     |        | pixOut_5          | select    | auto_sel                | 0       |
|      icmp_ln1963_1_fu_521_p2                           |     |        | icmp_ln1963_1     | seteq     | auto                    | 0       |
|      or_ln1963_fu_527_p2                               |     |        | or_ln1963         | or        | auto                    | 0       |
|      select_ln1975_fu_637_p3                           |     |        | select_ln1975     | select    | auto_sel                | 0       |
|      pixOut_9_fu_685_p3                                |     |        | pixOut_9          | select    | auto_sel                | 0       |
|      pixOut_10_fu_692_p3                               |     |        | pixOut_10         | select    | auto_sel                | 0       |
|      select_ln1993_fu_699_p3                           |     |        | select_ln1993     | select    | auto_sel                | 0       |
|      p_0_2_0_0_0269598_fu_706_p3                       |     |        | p_0_2_0_0_0269598 | select    | auto_sel                | 0       |
|      pixOut_11_fu_713_p3                               |     |        | pixOut_11         | select    | auto_sel                | 0       |
|      pixOut_12_fu_720_p3                               |     |        | pixOut_12         | select    | auto_sel                | 0       |
|   + MultiPixStream2AXIvideo                            | 0   |        |                   |           |                         |         |
|     add_ln994_fu_201_p2                                |     |        | add_ln994         | add       | fabric                  | 0       |
|     icmp_ln1051_fu_207_p2                              |     |        | icmp_ln1051       | seteq     | auto                    | 0       |
|     icmp_ln981_fu_213_p2                               |     |        | icmp_ln981        | seteq     | auto                    | 0       |
|     icmp_ln1038_fu_237_p2                              |     |        | icmp_ln1038       | setlt     | auto                    | 0       |
|     icmp_ln1038_1_fu_243_p2                            |     |        | icmp_ln1038_1     | setne     | auto                    | 0       |
|     icmp_ln1038_2_fu_249_p2                            |     |        | icmp_ln1038_2     | setne     | auto                    | 0       |
|     icmp_ln979_fu_282_p2                               |     |        | icmp_ln979        | seteq     | auto                    | 0       |
|     i_2_fu_287_p2                                      |     |        | i_2               | add       | fabric                  | 0       |
|     and_ln1038_fu_316_p2                               |     |        | and_ln1038        | and       | auto                    | 0       |
|     or_ln1038_fu_321_p2                                |     |        | or_ln1038         | or        | auto                    | 0       |
|     xor_ln1053_fu_326_p2                               |     |        | xor_ln1053        | xor       | auto                    | 0       |
|     select_ln1051_fu_332_p3                            |     |        | select_ln1051     | select    | auto_sel                | 0       |
|     select_ln1038_fu_338_p3                            |     |        | select_ln1038     | select    | auto_sel                | 0       |
|    + MultiPixStream2AXIvideo_Pipeline_VITIS_LOOP_981_2 | 0   |        |                   |           |                         |         |
|      icmp_ln1020_fu_239_p2                             |     |        | icmp_ln1020       | seteq     | auto                    | 0       |
|      icmp_ln981_fu_258_p2                              |     |        | icmp_ln981        | seteq     | auto                    | 0       |
|      j_2_fu_263_p2                                     |     |        | j_2               | add       | fabric                  | 0       |
|      icmp_ln994_fu_273_p2                              |     |        | icmp_ln994        | seteq     | auto                    | 0       |
|      counter                                           |     |        | add_ln1005        | add       | fabric                  | 0       |
|      select_ln1020_fu_332_p3                           |     |        | select_ln1020     | select    | auto_sel                | 0       |
|      select_ln1020_1_fu_339_p3                         |     |        | select_ln1020_1   | select    | auto_sel                | 0       |
|      icmp_ln1020_1_fu_278_p2                           |     |        | icmp_ln1020_1     | seteq     | auto                    | 0       |
|      sparsemux_7_2_24_1_1_U191                         |     |        | tmp_i             | sparsemux | onehotencoding_realdef  | 0       |
+--------------------------------------------------------+-----+--------+-------------------+-----------+-------------------------+---------+


================================================================
== Storage Report
================================================================
+----------------------------------------------+--------------+-----------+------+------+--------+-------------------------+------+---------+------------------+
| Name                                         | Usage        | Type      | BRAM | URAM | Pragma | Variable                | Impl | Latency | Bitwidth, Depth, |
|                                              |              |           |      |      |        |                         |      |         | Banks            |
+----------------------------------------------+--------------+-----------+------+------+--------+-------------------------+------+---------+------------------+
| + v_tpg                                      |              |           | 9    | 0    |        |                         |      |         |                  |
|   CTRL_s_axi_U                               | interface    | s_axilite |      |      |        |                         |      |         |                  |
|  + v_tpgHlsDataFlow                          |              |           | 9    | 0    |        |                         |      |         |                  |
|    bckgndYUV_U                               | fifo channel | stream    |      |      |        | bckgndYUV               | srl  | 0       | 24, 16, 1        |
|    ovrlayYUV_U                               | fifo channel | stream    |      |      |        | ovrlayYUV               | srl  | 0       | 24, 16, 1        |
|   + tpgBackground                            |              |           | 9    | 0    |        |                         |      |         |                  |
|    + tpgBackground_Pipeline_VITIS_LOOP_565_2 |              |           | 9    | 0    |        |                         |      |         |                  |
|      redYuv_U                                | rom_1p       |           |      |      |        | redYuv                  | auto | 1       | 8, 3, 1          |
|      grnYuv_U                                | rom_1p       |           |      |      |        | grnYuv                  | auto | 1       | 8, 3, 1          |
|      bluYuv_U                                | rom_1p       |           |      |      |        | bluYuv                  | auto | 1       | 8, 3, 1          |
|      blkYuv_U                                | rom_1p       |           |      |      |        | blkYuv                  | auto | 1       | 8, 3, 1          |
|      whiYuv_U                                | rom_1p       |           |      |      |        | whiYuv                  | auto | 1       | 8, 3, 1          |
|      tpgBarSelRgb_r_U                        | rom_1p       |           |      |      |        | tpgBarSelRgb_r          | auto | 1       | 2, 8, 1          |
|      tpgBarSelYuv_y_U                        | rom_1p       |           |      |      |        | tpgBarSelYuv_y          | auto | 1       | 8, 8, 1          |
|      tpgBarSelRgb_g_U                        | rom_1p       |           |      |      |        | tpgBarSelRgb_g          | auto | 1       | 2, 8, 1          |
|      tpgBarSelYuv_u_U                        | rom_1p       |           |      |      |        | tpgBarSelYuv_u          | auto | 1       | 8, 8, 1          |
|      tpgBarSelYuv_v_U                        | rom_1p       |           |      |      |        | tpgBarSelYuv_v          | auto | 1       | 8, 8, 1          |
|      tpgBarSelRgb_b_U                        | rom_1p       |           |      |      |        | tpgBarSelRgb_b          | auto | 1       | 2, 8, 1          |
|      tpgSinTableArray_U                      | rom_1p       |           | 3    |      |        | tpgSinTableArray        | auto | 1       | 20, 2048, 1      |
|      tpgTartanBarArray_U                     | rom_1p       |           |      |      |        | tpgTartanBarArray       | auto | 1       | 3, 64, 1         |
|      whiYuv_1_U                              | rom_1p       |           |      |      |        | whiYuv_1                | auto | 1       | 8, 3, 1          |
|      blkYuv_1_U                              | rom_1p       |           |      |      |        | blkYuv_1                | auto | 1       | 8, 3, 1          |
|      tpgSinTableArray_9bit_0_U               | rom_np       |           | 2    |      |        | tpgSinTableArray_9bit_0 | auto | 1       | 8, 683, 1        |
|      tpgSinTableArray_9bit_1_U               | rom_np       |           | 2    |      |        | tpgSinTableArray_9bit_1 | auto | 1       | 8, 683, 1        |
|      tpgSinTableArray_9bit_2_U               | rom_np       |           | 2    |      |        | tpgSinTableArray_9bit_2 | auto | 1       | 9, 683, 1        |
|      tpgCheckerBoardArray_U                  | rom_1p       |           |      |      |        | tpgCheckerBoardArray    | auto | 1       | 2, 32, 1         |
|      DPtpgBarSelRgb_VESA_r_U                 | rom_1p       |           |      |      |        | DPtpgBarSelRgb_VESA_r   | auto | 1       | 2, 8, 1          |
|      DPtpgBarSelRgb_VESA_g_U                 | rom_1p       |           |      |      |        | DPtpgBarSelRgb_VESA_g   | auto | 1       | 2, 8, 1          |
|      DPtpgBarSelRgb_VESA_b_U                 | rom_1p       |           |      |      |        | DPtpgBarSelRgb_VESA_b   | auto | 1       | 2, 8, 1          |
|      DPtpgBarArray_U                         | rom_1p       |           |      |      |        | DPtpgBarArray           | auto | 1       | 3, 16, 1         |
|      DPtpgBarSelRgb_CEA_r_U                  | rom_1p       |           |      |      |        | DPtpgBarSelRgb_CEA_r    | auto | 1       | 6, 8, 1          |
|      DPtpgBarSelRgb_CEA_g_U                  | rom_1p       |           |      |      |        | DPtpgBarSelRgb_CEA_g    | auto | 1       | 6, 8, 1          |
|      DPtpgBarSelRgb_CEA_b_U                  | rom_1p       |           |      |      |        | DPtpgBarSelRgb_CEA_b    | auto | 1       | 6, 8, 1          |
|      DPtpgBarSelYuv_601_y_U                  | rom_1p       |           |      |      |        | DPtpgBarSelYuv_601_y    | auto | 1       | 8, 8, 1          |
|      DPtpgBarSelYuv_601_v_U                  | rom_1p       |           |      |      |        | DPtpgBarSelYuv_601_v    | auto | 1       | 8, 8, 1          |
|      DPtpgBarSelYuv_601_u_U                  | rom_1p       |           |      |      |        | DPtpgBarSelYuv_601_u    | auto | 1       | 8, 8, 1          |
|      DPtpgBarSelYuv_709_y_U                  | rom_1p       |           |      |      |        | DPtpgBarSelYuv_709_y    | auto | 1       | 8, 8, 1          |
|      DPtpgBarSelYuv_709_v_U                  | rom_1p       |           |      |      |        | DPtpgBarSelYuv_709_v    | auto | 1       | 8, 8, 1          |
|      DPtpgBarSelYuv_709_u_U                  | rom_1p       |           |      |      |        | DPtpgBarSelYuv_709_u    | auto | 1       | 8, 8, 1          |
|   + tpgForeground                            |              |           | 0    | 0    |        |                         |      |         |                  |
|    + tpgForeground_Pipeline_VITIS_LOOP_774_2 |              |           | 0    | 0    |        |                         |      |         |                  |
|      whiYuv_2_U                              | rom_1p       |           |      |      |        | whiYuv_2                | auto | 1       | 8, 3, 1          |
+----------------------------------------------+--------------+-----------+------+------+--------+-------------------------+------+---------+------------------+


================================================================
== Pragma Report
================================================================
* Inferred Pragmas
+-----------------+-----------------------------------------------------------+-------------------------------------------------------------------------------------------------------------------------------------+----------------------------------------------+
| Type            | Options                                                   | Location                                                                                                                            | Inferred From                                |
+-----------------+-----------------------------------------------------------+-------------------------------------------------------------------------------------------------------------------------------------+----------------------------------------------+
| INLINE          |                                                           | function in tpgpatterndpcolorsquare (prj/sol/.autopilot/db/v_tpg.cpp:1735)                                                          | pipeline prj/sol/.autopilot/db/v_tpg.cpp:568 |
| INLINE          |                                                           | function in tpgpatterncrosshatch (prj/sol/.autopilot/db/v_tpg.cpp:1438)                                                             | pipeline prj/sol/.autopilot/db/v_tpg.cpp:568 |
| ARRAY_PARTITION | dim=1 type=cyclic factor=3 variable=tpgSinTableArray_9bit | variable tpgSinTableArray_9bit in v_tpg (hdmi_vmix2.gen/sources_1/bd/top_design/ip/top_design_v_tpg_0_1/src/v_tpg_zoneplate.h:2110) | pipeline prj/sol/.autopilot/db/v_tpg.cpp:568 |
+-----------------+-----------------------------------------------------------+-------------------------------------------------------------------------------------------------------------------------------------+----------------------------------------------+

* Valid Pragma Syntax
+----------------------+-----------------------------------------------------------+---------------------------------------------------------------------------------------------------------------------------------------------------------------+
| Type                 | Options                                                   | Location                                                                                                                                                      |
+----------------------+-----------------------------------------------------------+---------------------------------------------------------------------------------------------------------------------------------------------------------------+
| INLINE               |                                                           | in axigetbitfields (../../hdmi_vmix2.gen/sources_1/bd/top_design/ip/top_design_v_tpg_0_1/src/hls/hls_axi_io.h:61)                                             |
| INLINE               |                                                           | in axigetbitfields (../../hdmi_vmix2.gen/sources_1/bd/top_design/ip/top_design_v_tpg_0_1/src/hls/hls_axi_io.h:68)                                             |
| INLINE               |                                                           | in axigetbitfields (../../hdmi_vmix2.gen/sources_1/bd/top_design/ip/top_design_v_tpg_0_1/src/hls/hls_axi_io.h:76)                                             |
| INLINE               |                                                           | in axigetbitfields (../../hdmi_vmix2.gen/sources_1/bd/top_design/ip/top_design_v_tpg_0_1/src/hls/hls_axi_io.h:84)                                             |
| INLINE               |                                                           | in axisetbitfields (../../hdmi_vmix2.gen/sources_1/bd/top_design/ip/top_design_v_tpg_0_1/src/hls/hls_axi_io.h:90)                                             |
| INLINE               |                                                           | in axisetbitfields (../../hdmi_vmix2.gen/sources_1/bd/top_design/ip/top_design_v_tpg_0_1/src/hls/hls_axi_io.h:97)                                             |
| INLINE               |                                                           | in axisetbitfields (../../hdmi_vmix2.gen/sources_1/bd/top_design/ip/top_design_v_tpg_0_1/src/hls/hls_axi_io.h:105)                                            |
| INLINE               |                                                           | in axisetbitfields (../../hdmi_vmix2.gen/sources_1/bd/top_design/ip/top_design_v_tpg_0_1/src/hls/hls_axi_io.h:113)                                            |
| INLINE               |                                                           | in apply (../../hdmi_vmix2.gen/sources_1/bd/top_design/ip/top_design_v_tpg_0_1/src/hls/hls_video_arithm.h:131)                                                |
| INLINE               |                                                           | in apply (../../hdmi_vmix2.gen/sources_1/bd/top_design/ip/top_design_v_tpg_0_1/src/hls/hls_video_arithm.h:145)                                                |
| INLINE               |                                                           | in apply (../../hdmi_vmix2.gen/sources_1/bd/top_design/ip/top_design_v_tpg_0_1/src/hls/hls_video_arithm.h:159)                                                |
| INLINE               |                                                           | in kernel_and_apply (../../hdmi_vmix2.gen/sources_1/bd/top_design/ip/top_design_v_tpg_0_1/src/hls/hls_video_arithm.h:171)                                     |
| INLINE               |                                                           | in kernel_and_apply (../../hdmi_vmix2.gen/sources_1/bd/top_design/ip/top_design_v_tpg_0_1/src/hls/hls_video_arithm.h:177)                                     |
| INLINE               |                                                           | in apply (../../hdmi_vmix2.gen/sources_1/bd/top_design/ip/top_design_v_tpg_0_1/src/hls/hls_video_arithm.h:189)                                                |
| INLINE               |                                                           | in apply (../../hdmi_vmix2.gen/sources_1/bd/top_design/ip/top_design_v_tpg_0_1/src/hls/hls_video_arithm.h:198)                                                |
| INLINE               |                                                           | in apply (../../hdmi_vmix2.gen/sources_1/bd/top_design/ip/top_design_v_tpg_0_1/src/hls/hls_video_arithm.h:207)                                                |
| INLINE               |                                                           | in apply (../../hdmi_vmix2.gen/sources_1/bd/top_design/ip/top_design_v_tpg_0_1/src/hls/hls_video_arithm.h:216)                                                |
| INLINE               |                                                           | in apply (../../hdmi_vmix2.gen/sources_1/bd/top_design/ip/top_design_v_tpg_0_1/src/hls/hls_video_arithm.h:230)                                                |
| INLINE               |                                                           | in apply (../../hdmi_vmix2.gen/sources_1/bd/top_design/ip/top_design_v_tpg_0_1/src/hls/hls_video_arithm.h:241)                                                |
| INLINE               |                                                           | in apply (../../hdmi_vmix2.gen/sources_1/bd/top_design/ip/top_design_v_tpg_0_1/src/hls/hls_video_arithm.h:252)                                                |
| INLINE               |                                                           | in apply (../../hdmi_vmix2.gen/sources_1/bd/top_design/ip/top_design_v_tpg_0_1/src/hls/hls_video_arithm.h:263)                                                |
| INLINE               |                                                           | in apply (../../hdmi_vmix2.gen/sources_1/bd/top_design/ip/top_design_v_tpg_0_1/src/hls/hls_video_arithm.h:276)                                                |
| INLINE               |                                                           | in apply (../../hdmi_vmix2.gen/sources_1/bd/top_design/ip/top_design_v_tpg_0_1/src/hls/hls_video_arithm.h:288)                                                |
| INLINE               |                                                           | in apply (../../hdmi_vmix2.gen/sources_1/bd/top_design/ip/top_design_v_tpg_0_1/src/hls/hls_video_arithm.h:304)                                                |
| INLINE               |                                                           | in apply (../../hdmi_vmix2.gen/sources_1/bd/top_design/ip/top_design_v_tpg_0_1/src/hls/hls_video_arithm.h:334)                                                |
| INLINE               |                                                           | in apply (../../hdmi_vmix2.gen/sources_1/bd/top_design/ip/top_design_v_tpg_0_1/src/hls/hls_video_arithm.h:343)                                                |
| LOOP_FLATTEN         | off                                                       | in arithm_pro (../../hdmi_vmix2.gen/sources_1/bd/top_design/ip/top_design_v_tpg_0_1/src/hls/hls_video_arithm.h:370)                                           |
| PIPELINE             | ii=1                                                      | in arithm_pro (../../hdmi_vmix2.gen/sources_1/bd/top_design/ip/top_design_v_tpg_0_1/src/hls/hls_video_arithm.h:371)                                           |
| LOOP_FLATTEN         | off                                                       | in arithm_pro (../../hdmi_vmix2.gen/sources_1/bd/top_design/ip/top_design_v_tpg_0_1/src/hls/hls_video_arithm.h:402)                                           |
| PIPELINE             | ii=1                                                      | in arithm_pro (../../hdmi_vmix2.gen/sources_1/bd/top_design/ip/top_design_v_tpg_0_1/src/hls/hls_video_arithm.h:403)                                           |
| LOOP_FLATTEN         | off                                                       | in arithm_pro (../../hdmi_vmix2.gen/sources_1/bd/top_design/ip/top_design_v_tpg_0_1/src/hls/hls_video_arithm.h:442)                                           |
| PIPELINE             | ii=1                                                      | in arithm_pro (../../hdmi_vmix2.gen/sources_1/bd/top_design/ip/top_design_v_tpg_0_1/src/hls/hls_video_arithm.h:443)                                           |
| LOOP_FLATTEN         | off                                                       | in arithm_pro (../../hdmi_vmix2.gen/sources_1/bd/top_design/ip/top_design_v_tpg_0_1/src/hls/hls_video_arithm.h:474)                                           |
| PIPELINE             | ii=1                                                      | in arithm_pro (../../hdmi_vmix2.gen/sources_1/bd/top_design/ip/top_design_v_tpg_0_1/src/hls/hls_video_arithm.h:475)                                           |
| LOOP_FLATTEN         | off                                                       | in arithm_pro (../../hdmi_vmix2.gen/sources_1/bd/top_design/ip/top_design_v_tpg_0_1/src/hls/hls_video_arithm.h:506)                                           |
| PIPELINE             | ii=1                                                      | in arithm_pro (../../hdmi_vmix2.gen/sources_1/bd/top_design/ip/top_design_v_tpg_0_1/src/hls/hls_video_arithm.h:507)                                           |
| UNROLL               |                                                           | in arithm_pro (../../hdmi_vmix2.gen/sources_1/bd/top_design/ip/top_design_v_tpg_0_1/src/hls/hls_video_arithm.h:538)                                           |
| LOOP_FLATTEN         | off                                                       | in arithm_pro (../../hdmi_vmix2.gen/sources_1/bd/top_design/ip/top_design_v_tpg_0_1/src/hls/hls_video_arithm.h:545)                                           |
| PIPELINE             | ii=1                                                      | in arithm_pro (../../hdmi_vmix2.gen/sources_1/bd/top_design/ip/top_design_v_tpg_0_1/src/hls/hls_video_arithm.h:546)                                           |
| UNROLL               |                                                           | in arithm_pro (../../hdmi_vmix2.gen/sources_1/bd/top_design/ip/top_design_v_tpg_0_1/src/hls/hls_video_arithm.h:570)                                           |
| LOOP_FLATTEN         | off                                                       | in arithm_pro (../../hdmi_vmix2.gen/sources_1/bd/top_design/ip/top_design_v_tpg_0_1/src/hls/hls_video_arithm.h:579)                                           |
| PIPELINE             | ii=1                                                      | in arithm_pro (../../hdmi_vmix2.gen/sources_1/bd/top_design/ip/top_design_v_tpg_0_1/src/hls/hls_video_arithm.h:580)                                           |
| ARRAY_PARTITION      | variable=dst_buffer complete dim=1                        | in reduce_opr (../../hdmi_vmix2.gen/sources_1/bd/top_design/ip/top_design_v_tpg_0_1/src/hls/hls_video_arithm.h:602)                                           |
| ARRAY_PARTITION      | variable=dst_buffer complete dim=2                        | in reduce_opr (../../hdmi_vmix2.gen/sources_1/bd/top_design/ip/top_design_v_tpg_0_1/src/hls/hls_video_arithm.h:603)                                           |
| UNROLL               |                                                           | in reduce_opr (../../hdmi_vmix2.gen/sources_1/bd/top_design/ip/top_design_v_tpg_0_1/src/hls/hls_video_arithm.h:610)                                           |
| LOOP_FLATTEN         | off                                                       | in reduce_opr (../../hdmi_vmix2.gen/sources_1/bd/top_design/ip/top_design_v_tpg_0_1/src/hls/hls_video_arithm.h:615)                                           |
| PIPELINE             | ii=1                                                      | in reduce_opr (../../hdmi_vmix2.gen/sources_1/bd/top_design/ip/top_design_v_tpg_0_1/src/hls/hls_video_arithm.h:616)                                           |
| UNROLL               |                                                           | in mins (../../hdmi_vmix2.gen/sources_1/bd/top_design/ip/top_design_v_tpg_0_1/src/hls/hls_video_arithm.h:719)                                                 |
| UNROLL               |                                                           | in maxs (../../hdmi_vmix2.gen/sources_1/bd/top_design/ip/top_design_v_tpg_0_1/src/hls/hls_video_arithm.h:739)                                                 |
| UNROLL               |                                                           | in zero (../../hdmi_vmix2.gen/sources_1/bd/top_design/ip/top_design_v_tpg_0_1/src/hls/hls_video_arithm.h:943)                                                 |
| UNROLL               |                                                           | in zero (../../hdmi_vmix2.gen/sources_1/bd/top_design/ip/top_design_v_tpg_0_1/src/hls/hls_video_arithm.h:955)                                                 |
| UNROLL               |                                                           | in cmps (../../hdmi_vmix2.gen/sources_1/bd/top_design/ip/top_design_v_tpg_0_1/src/hls/hls_video_arithm.h:1026)                                                |
| LOOP_FLATTEN         | off                                                       | in range (../../hdmi_vmix2.gen/sources_1/bd/top_design/ip/top_design_v_tpg_0_1/src/hls/hls_video_arithm.h:1102)                                               |
| PIPELINE             | ii=1                                                      | in range (../../hdmi_vmix2.gen/sources_1/bd/top_design/ip/top_design_v_tpg_0_1/src/hls/hls_video_arithm.h:1103)                                               |
| UNROLL               |                                                           | in sum (../../hdmi_vmix2.gen/sources_1/bd/top_design/ip/top_design_v_tpg_0_1/src/hls/hls_video_arithm.h:1122)                                                 |
| UNROLL               |                                                           | in avg (../../hdmi_vmix2.gen/sources_1/bd/top_design/ip/top_design_v_tpg_0_1/src/hls/hls_video_arithm.h:1138)                                                 |
| UNROLL               |                                                           | in avg (../../hdmi_vmix2.gen/sources_1/bd/top_design/ip/top_design_v_tpg_0_1/src/hls/hls_video_arithm.h:1156)                                                 |
| INLINE               |                                                           | in get_max_min (../../hdmi_vmix2.gen/sources_1/bd/top_design/ip/top_design_v_tpg_0_1/src/hls/hls_video_arithm.h:1233)                                         |
| LOOP_FLATTEN         | off                                                       | in get_max_min (../../hdmi_vmix2.gen/sources_1/bd/top_design/ip/top_design_v_tpg_0_1/src/hls/hls_video_arithm.h:1248)                                         |
| PIPELINE             | ii=1                                                      | in get_max_min (../../hdmi_vmix2.gen/sources_1/bd/top_design/ip/top_design_v_tpg_0_1/src/hls/hls_video_arithm.h:1249)                                         |
| INLINE               |                                                           | in get_max_min (../../hdmi_vmix2.gen/sources_1/bd/top_design/ip/top_design_v_tpg_0_1/src/hls/hls_video_arithm.h:1276)                                         |
| LOOP_FLATTEN         | off                                                       | in get_max_min (../../hdmi_vmix2.gen/sources_1/bd/top_design/ip/top_design_v_tpg_0_1/src/hls/hls_video_arithm.h:1292)                                         |
| PIPELINE             | ii=1                                                      | in get_max_min (../../hdmi_vmix2.gen/sources_1/bd/top_design/ip/top_design_v_tpg_0_1/src/hls/hls_video_arithm.h:1293)                                         |
| INLINE               |                                                           | in get_max_min (../../hdmi_vmix2.gen/sources_1/bd/top_design/ip/top_design_v_tpg_0_1/src/hls/hls_video_arithm.h:1328)                                         |
| LOOP_FLATTEN         | off                                                       | in get_max_min (../../hdmi_vmix2.gen/sources_1/bd/top_design/ip/top_design_v_tpg_0_1/src/hls/hls_video_arithm.h:1343)                                         |
| PIPELINE             | ii=1                                                      | in get_max_min (../../hdmi_vmix2.gen/sources_1/bd/top_design/ip/top_design_v_tpg_0_1/src/hls/hls_video_arithm.h:1344)                                         |
| INLINE               |                                                           | in get_max_min (../../hdmi_vmix2.gen/sources_1/bd/top_design/ip/top_design_v_tpg_0_1/src/hls/hls_video_arithm.h:1393)                                         |
| LOOP_FLATTEN         | off                                                       | in get_max_min (../../hdmi_vmix2.gen/sources_1/bd/top_design/ip/top_design_v_tpg_0_1/src/hls/hls_video_arithm.h:1409)                                         |
| PIPELINE             | ii=1                                                      | in get_max_min (../../hdmi_vmix2.gen/sources_1/bd/top_design/ip/top_design_v_tpg_0_1/src/hls/hls_video_arithm.h:1410)                                         |
| LOOP_FLATTEN         | off                                                       | in threshold (../../hdmi_vmix2.gen/sources_1/bd/top_design/ip/top_design_v_tpg_0_1/src/hls/hls_video_arithm.h:1505)                                           |
| PIPELINE             | ii=1                                                      | in threshold (../../hdmi_vmix2.gen/sources_1/bd/top_design/ip/top_design_v_tpg_0_1/src/hls/hls_video_arithm.h:1506)                                           |
| LOOP_FLATTEN         | off                                                       | in consume (../../hdmi_vmix2.gen/sources_1/bd/top_design/ip/top_design_v_tpg_0_1/src/hls/hls_video_arithm.h:1546)                                             |
| PIPELINE             | ii=1                                                      | in consume (../../hdmi_vmix2.gen/sources_1/bd/top_design/ip/top_design_v_tpg_0_1/src/hls/hls_video_arithm.h:1547)                                             |
| LOOP_FLATTEN         | off                                                       | in duplicate (../../hdmi_vmix2.gen/sources_1/bd/top_design/ip/top_design_v_tpg_0_1/src/hls/hls_video_arithm.h:1573)                                           |
| PIPELINE             | ii=1                                                      | in duplicate (../../hdmi_vmix2.gen/sources_1/bd/top_design/ip/top_design_v_tpg_0_1/src/hls/hls_video_arithm.h:1574)                                           |
| LOOP_FLATTEN         | off                                                       | in split (../../hdmi_vmix2.gen/sources_1/bd/top_design/ip/top_design_v_tpg_0_1/src/hls/hls_video_arithm.h:1604)                                               |
| PIPELINE             | ii=1                                                      | in split (../../hdmi_vmix2.gen/sources_1/bd/top_design/ip/top_design_v_tpg_0_1/src/hls/hls_video_arithm.h:1605)                                               |
| LOOP_FLATTEN         | off                                                       | in split (../../hdmi_vmix2.gen/sources_1/bd/top_design/ip/top_design_v_tpg_0_1/src/hls/hls_video_arithm.h:1637)                                               |
| PIPELINE             | ii=1                                                      | in split (../../hdmi_vmix2.gen/sources_1/bd/top_design/ip/top_design_v_tpg_0_1/src/hls/hls_video_arithm.h:1638)                                               |
| LOOP_FLATTEN         | off                                                       | in split (../../hdmi_vmix2.gen/sources_1/bd/top_design/ip/top_design_v_tpg_0_1/src/hls/hls_video_arithm.h:1673)                                               |
| PIPELINE             | ii=1                                                      | in split (../../hdmi_vmix2.gen/sources_1/bd/top_design/ip/top_design_v_tpg_0_1/src/hls/hls_video_arithm.h:1674)                                               |
| LOOP_FLATTEN         | off                                                       | in merge (../../hdmi_vmix2.gen/sources_1/bd/top_design/ip/top_design_v_tpg_0_1/src/hls/hls_video_arithm.h:1706)                                               |
| PIPELINE             | ii=1                                                      | in merge (../../hdmi_vmix2.gen/sources_1/bd/top_design/ip/top_design_v_tpg_0_1/src/hls/hls_video_arithm.h:1707)                                               |
| LOOP_FLATTEN         | off                                                       | in merge (../../hdmi_vmix2.gen/sources_1/bd/top_design/ip/top_design_v_tpg_0_1/src/hls/hls_video_arithm.h:1739)                                               |
| PIPELINE             | ii=1                                                      | in merge (../../hdmi_vmix2.gen/sources_1/bd/top_design/ip/top_design_v_tpg_0_1/src/hls/hls_video_arithm.h:1740)                                               |
| LOOP_FLATTEN         | off                                                       | in merge (../../hdmi_vmix2.gen/sources_1/bd/top_design/ip/top_design_v_tpg_0_1/src/hls/hls_video_arithm.h:1775)                                               |
| PIPELINE             | ii=1                                                      | in merge (../../hdmi_vmix2.gen/sources_1/bd/top_design/ip/top_design_v_tpg_0_1/src/hls/hls_video_arithm.h:1776)                                               |
| INLINE               |                                                           | in scalar<n, t> (../../hdmi_vmix2.gen/sources_1/bd/top_design/ip/top_design_v_tpg_0_1/src/hls/hls_video_core.h:197)                                           |
| ARRAY_PARTITION      | variable=val dim=1 complete                               | in scalar<n, t> (../../hdmi_vmix2.gen/sources_1/bd/top_design/ip/top_design_v_tpg_0_1/src/hls/hls_video_core.h:198)                                           |
| INLINE               |                                                           | in scalar<n, t> (../../hdmi_vmix2.gen/sources_1/bd/top_design/ip/top_design_v_tpg_0_1/src/hls/hls_video_core.h:202)                                           |
| ARRAY_PARTITION      | variable=val dim=1 complete                               | in scalar<n, t> (../../hdmi_vmix2.gen/sources_1/bd/top_design/ip/top_design_v_tpg_0_1/src/hls/hls_video_core.h:203)                                           |
| INLINE               |                                                           | in scalar<n, t> (../../hdmi_vmix2.gen/sources_1/bd/top_design/ip/top_design_v_tpg_0_1/src/hls/hls_video_core.h:208)                                           |
| ARRAY_PARTITION      | variable=val dim=1 complete                               | in scalar<n, t> (../../hdmi_vmix2.gen/sources_1/bd/top_design/ip/top_design_v_tpg_0_1/src/hls/hls_video_core.h:209)                                           |
| INLINE               |                                                           | in scalar<n, t> (../../hdmi_vmix2.gen/sources_1/bd/top_design/ip/top_design_v_tpg_0_1/src/hls/hls_video_core.h:214)                                           |
| ARRAY_PARTITION      | variable=val dim=1 complete                               | in scalar<n, t> (../../hdmi_vmix2.gen/sources_1/bd/top_design/ip/top_design_v_tpg_0_1/src/hls/hls_video_core.h:215)                                           |
| INLINE               |                                                           | in scalar<n, t> (../../hdmi_vmix2.gen/sources_1/bd/top_design/ip/top_design_v_tpg_0_1/src/hls/hls_video_core.h:220)                                           |
| ARRAY_PARTITION      | variable=val dim=1 complete                               | in scalar<n, t> (../../hdmi_vmix2.gen/sources_1/bd/top_design/ip/top_design_v_tpg_0_1/src/hls/hls_video_core.h:221)                                           |
| INLINE               |                                                           | in operator= (../../hdmi_vmix2.gen/sources_1/bd/top_design/ip/top_design_v_tpg_0_1/src/hls/hls_video_core.h:231)                                              |
| UNROLL               |                                                           | in operator= (../../hdmi_vmix2.gen/sources_1/bd/top_design/ip/top_design_v_tpg_0_1/src/hls/hls_video_core.h:233)                                              |
| INLINE               |                                                           | in operator= (../../hdmi_vmix2.gen/sources_1/bd/top_design/ip/top_design_v_tpg_0_1/src/hls/hls_video_core.h:252)                                              |
| UNROLL               |                                                           | in operator= (../../hdmi_vmix2.gen/sources_1/bd/top_design/ip/top_design_v_tpg_0_1/src/hls/hls_video_core.h:254)                                              |
| INLINE               |                                                           | in operator+ (../../hdmi_vmix2.gen/sources_1/bd/top_design/ip/top_design_v_tpg_0_1/src/hls/hls_video_core.h:261)                                              |
| UNROLL               |                                                           | in operator+ (../../hdmi_vmix2.gen/sources_1/bd/top_design/ip/top_design_v_tpg_0_1/src/hls/hls_video_core.h:264)                                              |
| INLINE               |                                                           | in operator+ (../../hdmi_vmix2.gen/sources_1/bd/top_design/ip/top_design_v_tpg_0_1/src/hls/hls_video_core.h:272)                                              |
| UNROLL               |                                                           | in operator+ (../../hdmi_vmix2.gen/sources_1/bd/top_design/ip/top_design_v_tpg_0_1/src/hls/hls_video_core.h:275)                                              |
| INLINE               |                                                           | in operator- (../../hdmi_vmix2.gen/sources_1/bd/top_design/ip/top_design_v_tpg_0_1/src/hls/hls_video_core.h:283)                                              |
| UNROLL               |                                                           | in operator- (../../hdmi_vmix2.gen/sources_1/bd/top_design/ip/top_design_v_tpg_0_1/src/hls/hls_video_core.h:286)                                              |
| INLINE               |                                                           | in operator- (../../hdmi_vmix2.gen/sources_1/bd/top_design/ip/top_design_v_tpg_0_1/src/hls/hls_video_core.h:294)                                              |
| UNROLL               |                                                           | in operator- (../../hdmi_vmix2.gen/sources_1/bd/top_design/ip/top_design_v_tpg_0_1/src/hls/hls_video_core.h:297)                                              |
| INLINE               |                                                           | in operator* (../../hdmi_vmix2.gen/sources_1/bd/top_design/ip/top_design_v_tpg_0_1/src/hls/hls_video_core.h:306)                                              |
| UNROLL               |                                                           | in operator* (../../hdmi_vmix2.gen/sources_1/bd/top_design/ip/top_design_v_tpg_0_1/src/hls/hls_video_core.h:309)                                              |
| INLINE               |                                                           | in operator* (../../hdmi_vmix2.gen/sources_1/bd/top_design/ip/top_design_v_tpg_0_1/src/hls/hls_video_core.h:317)                                              |
| UNROLL               |                                                           | in operator* (../../hdmi_vmix2.gen/sources_1/bd/top_design/ip/top_design_v_tpg_0_1/src/hls/hls_video_core.h:320)                                              |
| INLINE               |                                                           | in operator/ (../../hdmi_vmix2.gen/sources_1/bd/top_design/ip/top_design_v_tpg_0_1/src/hls/hls_video_core.h:329)                                              |
| UNROLL               |                                                           | in operator/ (../../hdmi_vmix2.gen/sources_1/bd/top_design/ip/top_design_v_tpg_0_1/src/hls/hls_video_core.h:332)                                              |
| INLINE               |                                                           | in operator/ (../../hdmi_vmix2.gen/sources_1/bd/top_design/ip/top_design_v_tpg_0_1/src/hls/hls_video_core.h:340)                                              |
| UNROLL               |                                                           | in operator/ (../../hdmi_vmix2.gen/sources_1/bd/top_design/ip/top_design_v_tpg_0_1/src/hls/hls_video_core.h:343)                                              |
| INLINE               |                                                           | in scalar_to_yuv422_8 (../../hdmi_vmix2.gen/sources_1/bd/top_design/ip/top_design_v_tpg_0_1/src/hls/hls_video_core.h:355)                                     |
| INLINE               |                                                           | in yuv422_8_to_scalar (../../hdmi_vmix2.gen/sources_1/bd/top_design/ip/top_design_v_tpg_0_1/src/hls/hls_video_core.h:363)                                     |
| INLINE               |                                                           | in scalar_to_yuv444_8 (../../hdmi_vmix2.gen/sources_1/bd/top_design/ip/top_design_v_tpg_0_1/src/hls/hls_video_core.h:373)                                     |
| INLINE               |                                                           | in yuv444_8_to_scalar (../../hdmi_vmix2.gen/sources_1/bd/top_design/ip/top_design_v_tpg_0_1/src/hls/hls_video_core.h:382)                                     |
| INLINE               |                                                           | in scalar_to_rgb_8 (../../hdmi_vmix2.gen/sources_1/bd/top_design/ip/top_design_v_tpg_0_1/src/hls/hls_video_core.h:393)                                        |
| INLINE               |                                                           | in rgb_8_to_scalar (../../hdmi_vmix2.gen/sources_1/bd/top_design/ip/top_design_v_tpg_0_1/src/hls/hls_video_core.h:402)                                        |
| INLINE               |                                                           | in scalar_to_yuva422_8 (../../hdmi_vmix2.gen/sources_1/bd/top_design/ip/top_design_v_tpg_0_1/src/hls/hls_video_core.h:413)                                    |
| INLINE               |                                                           | in yuva422_8_to_scalar (../../hdmi_vmix2.gen/sources_1/bd/top_design/ip/top_design_v_tpg_0_1/src/hls/hls_video_core.h:422)                                    |
| INLINE               |                                                           | in scalar_to_yuva444_8 (../../hdmi_vmix2.gen/sources_1/bd/top_design/ip/top_design_v_tpg_0_1/src/hls/hls_video_core.h:433)                                    |
| INLINE               |                                                           | in yuva444_8_to_scalar (../../hdmi_vmix2.gen/sources_1/bd/top_design/ip/top_design_v_tpg_0_1/src/hls/hls_video_core.h:443)                                    |
| INLINE               |                                                           | in scalar_to_rgba_8 (../../hdmi_vmix2.gen/sources_1/bd/top_design/ip/top_design_v_tpg_0_1/src/hls/hls_video_core.h:455)                                       |
| INLINE               |                                                           | in rgba_8_to_scalar (../../hdmi_vmix2.gen/sources_1/bd/top_design/ip/top_design_v_tpg_0_1/src/hls/hls_video_core.h:465)                                       |
| INLINE               |                                                           | in scalar_to_yuva420_8 (../../hdmi_vmix2.gen/sources_1/bd/top_design/ip/top_design_v_tpg_0_1/src/hls/hls_video_core.h:477)                                    |
| INLINE               |                                                           | in yuva420_8_to_scalar (../../hdmi_vmix2.gen/sources_1/bd/top_design/ip/top_design_v_tpg_0_1/src/hls/hls_video_core.h:485)                                    |
| INLINE               |                                                           | in scalar_to_yuvd422_8 (../../hdmi_vmix2.gen/sources_1/bd/top_design/ip/top_design_v_tpg_0_1/src/hls/hls_video_core.h:495)                                    |
| INLINE               |                                                           | in yuvd422_8_to_scalar (../../hdmi_vmix2.gen/sources_1/bd/top_design/ip/top_design_v_tpg_0_1/src/hls/hls_video_core.h:504)                                    |
| INLINE               |                                                           | in scalar_to_yuvd444_8 (../../hdmi_vmix2.gen/sources_1/bd/top_design/ip/top_design_v_tpg_0_1/src/hls/hls_video_core.h:515)                                    |
| INLINE               |                                                           | in yuvd444_8_to_scalar (../../hdmi_vmix2.gen/sources_1/bd/top_design/ip/top_design_v_tpg_0_1/src/hls/hls_video_core.h:525)                                    |
| INLINE               |                                                           | in scalar_to_rgbd_8 (../../hdmi_vmix2.gen/sources_1/bd/top_design/ip/top_design_v_tpg_0_1/src/hls/hls_video_core.h:537)                                       |
| INLINE               |                                                           | in rgbd_8_to_scalar (../../hdmi_vmix2.gen/sources_1/bd/top_design/ip/top_design_v_tpg_0_1/src/hls/hls_video_core.h:547)                                       |
| INLINE               |                                                           | in scalar_to_bayer_8 (../../hdmi_vmix2.gen/sources_1/bd/top_design/ip/top_design_v_tpg_0_1/src/hls/hls_video_core.h:559)                                      |
| INLINE               |                                                           | in bayer_8_to_scalar (../../hdmi_vmix2.gen/sources_1/bd/top_design/ip/top_design_v_tpg_0_1/src/hls/hls_video_core.h:566)                                      |
| INLINE               |                                                           | in scalar_to_luma_8 (../../hdmi_vmix2.gen/sources_1/bd/top_design/ip/top_design_v_tpg_0_1/src/hls/hls_video_core.h:575)                                       |
| INLINE               |                                                           | in luma_8_to_scalar (../../hdmi_vmix2.gen/sources_1/bd/top_design/ip/top_design_v_tpg_0_1/src/hls/hls_video_core.h:582)                                       |
| INLINE               |                                                           | in read (../../hdmi_vmix2.gen/sources_1/bd/top_design/ip/top_design_v_tpg_0_1/src/hls/hls_video_core.h:604)                                                   |
| INLINE               |                                                           | in write (../../hdmi_vmix2.gen/sources_1/bd/top_design/ip/top_design_v_tpg_0_1/src/hls/hls_video_core.h:611)                                                  |
| AGGREGATE            | variable=data_stream                                      | in write (../../hdmi_vmix2.gen/sources_1/bd/top_design/ip/top_design_v_tpg_0_1/src/hls/hls_video_core.h:612)                                                  |
| PROTOCOL             | floating                                                  | in write (../../hdmi_vmix2.gen/sources_1/bd/top_design/ip/top_design_v_tpg_0_1/src/hls/hls_video_core.h:618)                                                  |
| UNROLL               |                                                           | in write (../../hdmi_vmix2.gen/sources_1/bd/top_design/ip/top_design_v_tpg_0_1/src/hls/hls_video_core.h:620)                                                  |
| INLINE               |                                                           | in operator>> (../../hdmi_vmix2.gen/sources_1/bd/top_design/ip/top_design_v_tpg_0_1/src/hls/hls_video_core.h:629)                                             |
| INLINE               |                                                           | in operator<< (../../hdmi_vmix2.gen/sources_1/bd/top_design/ip/top_design_v_tpg_0_1/src/hls/hls_video_core.h:636)                                             |
| INLINE               |                                                           | in mat<rows, cols, t> (../../hdmi_vmix2.gen/sources_1/bd/top_design/ip/top_design_v_tpg_0_1/src/hls/hls_video_core.h:654)                                     |
| INLINE               |                                                           | in mat<rows, cols, t> (../../hdmi_vmix2.gen/sources_1/bd/top_design/ip/top_design_v_tpg_0_1/src/hls/hls_video_core.h:660)                                     |
| INLINE               |                                                           | in mat<rows, cols, t> (../../hdmi_vmix2.gen/sources_1/bd/top_design/ip/top_design_v_tpg_0_1/src/hls/hls_video_core.h:666)                                     |
| INLINE               |                                                           | in init (../../hdmi_vmix2.gen/sources_1/bd/top_design/ip/top_design_v_tpg_0_1/src/hls/hls_video_core.h:672)                                                   |
| INLINE               |                                                           | in assignto (../../hdmi_vmix2.gen/sources_1/bd/top_design/ip/top_design_v_tpg_0_1/src/hls/hls_video_core.h:681)                                               |
| INLINE               |                                                           | in read (../../hdmi_vmix2.gen/sources_1/bd/top_design/ip/top_design_v_tpg_0_1/src/hls/hls_video_core.h:688)                                                   |
| PROTOCOL             | floating                                                  | in read (../../hdmi_vmix2.gen/sources_1/bd/top_design/ip/top_design_v_tpg_0_1/src/hls/hls_video_core.h:695)                                                   |
| UNROLL               |                                                           | in read (../../hdmi_vmix2.gen/sources_1/bd/top_design/ip/top_design_v_tpg_0_1/src/hls/hls_video_core.h:697)                                                   |
| INLINE               |                                                           | in read (../../hdmi_vmix2.gen/sources_1/bd/top_design/ip/top_design_v_tpg_0_1/src/hls/hls_video_core.h:706)                                                   |
| INLINE               |                                                           | in write (../../hdmi_vmix2.gen/sources_1/bd/top_design/ip/top_design_v_tpg_0_1/src/hls/hls_video_core.h:712)                                                  |
| AGGREGATE            | variable=data_stream                                      | in write (../../hdmi_vmix2.gen/sources_1/bd/top_design/ip/top_design_v_tpg_0_1/src/hls/hls_video_core.h:713)                                                  |
| PROTOCOL             | floating                                                  | in write (../../hdmi_vmix2.gen/sources_1/bd/top_design/ip/top_design_v_tpg_0_1/src/hls/hls_video_core.h:719)                                                  |
| UNROLL               |                                                           | in write (../../hdmi_vmix2.gen/sources_1/bd/top_design/ip/top_design_v_tpg_0_1/src/hls/hls_video_core.h:721)                                                  |
| INLINE               |                                                           | in operator>> (../../hdmi_vmix2.gen/sources_1/bd/top_design/ip/top_design_v_tpg_0_1/src/hls/hls_video_core.h:729)                                             |
| INLINE               |                                                           | in operator<< (../../hdmi_vmix2.gen/sources_1/bd/top_design/ip/top_design_v_tpg_0_1/src/hls/hls_video_core.h:735)                                             |
| INLINE               |                                                           | in empty (../../hdmi_vmix2.gen/sources_1/bd/top_design/ip/top_design_v_tpg_0_1/src/hls/hls_video_core.h:741)                                                  |
| UNROLL               |                                                           | in empty (../../hdmi_vmix2.gen/sources_1/bd/top_design/ip/top_design_v_tpg_0_1/src/hls/hls_video_core.h:744)                                                  |
| INLINE               |                                                           | in type (../../hdmi_vmix2.gen/sources_1/bd/top_design/ip/top_design_v_tpg_0_1/src/hls/hls_video_core.h:756)                                                   |
| INLINE               |                                                           | in depth (../../hdmi_vmix2.gen/sources_1/bd/top_design/ip/top_design_v_tpg_0_1/src/hls/hls_video_core.h:762)                                                  |
| INLINE               |                                                           | in channels (../../hdmi_vmix2.gen/sources_1/bd/top_design/ip/top_design_v_tpg_0_1/src/hls/hls_video_core.h:767)                                               |
| INLINE               |                                                           | in fast_pixel_diff (../../hdmi_vmix2.gen/sources_1/bd/top_design/ip/top_design_v_tpg_0_1/src/hls/hls_video_fast.h:63)                                         |
| INLINE               |                                                           | in corescore (../../hdmi_vmix2.gen/sources_1/bd/top_design/ip/top_design_v_tpg_0_1/src/hls/hls_video_fast.h:105)                                              |
| ARRAY_PARTITION      | variable=flag_d_min2 dim=0                                | in corescore (../../hdmi_vmix2.gen/sources_1/bd/top_design/ip/top_design_v_tpg_0_1/src/hls/hls_video_fast.h:113)                                              |
| ARRAY_PARTITION      | variable=flag_d_max2 dim=0                                | in corescore (../../hdmi_vmix2.gen/sources_1/bd/top_design/ip/top_design_v_tpg_0_1/src/hls/hls_video_fast.h:114)                                              |
| ARRAY_PARTITION      | variable=flag_d_min4 dim=0                                | in corescore (../../hdmi_vmix2.gen/sources_1/bd/top_design/ip/top_design_v_tpg_0_1/src/hls/hls_video_fast.h:115)                                              |
| ARRAY_PARTITION      | variable=flag_d_max4 dim=0                                | in corescore (../../hdmi_vmix2.gen/sources_1/bd/top_design/ip/top_design_v_tpg_0_1/src/hls/hls_video_fast.h:116)                                              |
| ARRAY_PARTITION      | variable=flag_val dim=0                                   | in fast_judge (../../hdmi_vmix2.gen/sources_1/bd/top_design/ip/top_design_v_tpg_0_1/src/hls/hls_video_fast.h:174)                                             |
| ARRAY_PARTITION      | variable=flag_d dim=0                                     | in fast_judge (../../hdmi_vmix2.gen/sources_1/bd/top_design/ip/top_design_v_tpg_0_1/src/hls/hls_video_fast.h:175)                                             |
| INLINE               |                                                           | in fast_judge (../../hdmi_vmix2.gen/sources_1/bd/top_design/ip/top_design_v_tpg_0_1/src/hls/hls_video_fast.h:177)                                             |
| INLINE               |                                                           | in fast_nonmax (../../hdmi_vmix2.gen/sources_1/bd/top_design/ip/top_design_v_tpg_0_1/src/hls/hls_video_fast.h:207)                                            |
| ARRAY_PARTITION      | variable=flag_val dim=0                                   | in fast_t_opr (../../hdmi_vmix2.gen/sources_1/bd/top_design/ip/top_design_v_tpg_0_1/src/hls/hls_video_fast.h:249)                                             |
| ARRAY_PARTITION      | variable=flag_d dim=0                                     | in fast_t_opr (../../hdmi_vmix2.gen/sources_1/bd/top_design/ip/top_design_v_tpg_0_1/src/hls/hls_video_fast.h:250)                                             |
| LOOP_FLATTEN         | off                                                       | in fast_t_opr (../../hdmi_vmix2.gen/sources_1/bd/top_design/ip/top_design_v_tpg_0_1/src/hls/hls_video_fast.h:260)                                             |
| PIPELINE             | ii=1                                                      | in fast_t_opr (../../hdmi_vmix2.gen/sources_1/bd/top_design/ip/top_design_v_tpg_0_1/src/hls/hls_video_fast.h:261)                                             |
| INLINE               |                                                           | in fastx (../../hdmi_vmix2.gen/sources_1/bd/top_design/ip/top_design_v_tpg_0_1/src/hls/hls_video_fast.h:338)                                                  |
| ARRAY_PARTITION      | variable=flag_val dim=0                                   | in fast_t_opr (../../hdmi_vmix2.gen/sources_1/bd/top_design/ip/top_design_v_tpg_0_1/src/hls/hls_video_fast.h:366)                                             |
| ARRAY_PARTITION      | variable=flag_d dim=0                                     | in fast_t_opr (../../hdmi_vmix2.gen/sources_1/bd/top_design/ip/top_design_v_tpg_0_1/src/hls/hls_video_fast.h:367)                                             |
| LOOP_FLATTEN         | off                                                       | in fast_t_opr (../../hdmi_vmix2.gen/sources_1/bd/top_design/ip/top_design_v_tpg_0_1/src/hls/hls_video_fast.h:377)                                             |
| PIPELINE             | ii=1                                                      | in fast_t_opr (../../hdmi_vmix2.gen/sources_1/bd/top_design/ip/top_design_v_tpg_0_1/src/hls/hls_video_fast.h:378)                                             |
| INLINE               |                                                           | in fastx (../../hdmi_vmix2.gen/sources_1/bd/top_design/ip/top_design_v_tpg_0_1/src/hls/hls_video_fast.h:460)                                                  |
| LOOP_FLATTEN         | off                                                       | in paintmask (../../hdmi_vmix2.gen/sources_1/bd/top_design/ip/top_design_v_tpg_0_1/src/hls/hls_video_fast.h:488)                                              |
| PIPELINE             | ii=1                                                      | in paintmask (../../hdmi_vmix2.gen/sources_1/bd/top_design/ip/top_design_v_tpg_0_1/src/hls/hls_video_fast.h:489)                                              |
| ARRAY_PARTITION      | variable=rect complete dim=1                              | in haarfeature (../../hdmi_vmix2.gen/sources_1/bd/top_design/ip/top_design_v_tpg_0_1/src/hls/hls_video_haar.h:73)                                             |
| ARRAY_PARTITION      | variable=haar_feature complete dim=1                      | in haarclassifier<feature_max> (../../hdmi_vmix2.gen/sources_1/bd/top_design/ip/top_design_v_tpg_0_1/src/hls/hls_video_haar.h:84)                             |
| ARRAY_PARTITION      | variable=classifier complete dim=1                        | in haarstageclassifier<stage, classifier_all, feature_max> (../../hdmi_vmix2.gen/sources_1/bd/top_design/ip/top_design_v_tpg_0_1/src/hls/hls_video_haar.h:99) |
| INLINE               |                                                           | in intergral_win (../../hdmi_vmix2.gen/sources_1/bd/top_design/ip/top_design_v_tpg_0_1/src/hls/hls_video_haar.h:188)                                          |
| INLINE               | off                                                       | in icvevalhidhaarclassifier (../../hdmi_vmix2.gen/sources_1/bd/top_design/ip/top_design_v_tpg_0_1/src/hls/hls_video_haar.h:205)                               |
| FUNCTION_INSTANTIATE | variable=classifier                                       | in icvevalhidhaarclassifier (../../hdmi_vmix2.gen/sources_1/bd/top_design/ip/top_design_v_tpg_0_1/src/hls/hls_video_haar.h:206)                               |
| INLINE               |                                                           | in runhaarclassifiercascade (../../hdmi_vmix2.gen/sources_1/bd/top_design/ip/top_design_v_tpg_0_1/src/hls/hls_video_haar.h:241)                               |
| LOOP_FLATTEN         | off                                                       | in haarclassifierobject_opr (../../hdmi_vmix2.gen/sources_1/bd/top_design/ip/top_design_v_tpg_0_1/src/hls/hls_video_haar.h:298)                               |
| PIPELINE             |                                                           | in haarclassifierobject_opr (../../hdmi_vmix2.gen/sources_1/bd/top_design/ip/top_design_v_tpg_0_1/src/hls/hls_video_haar.h:299)                               |
| DEPENDENCE           | array inter false                                         | in haarclassifierobject_opr (../../hdmi_vmix2.gen/sources_1/bd/top_design/ip/top_design_v_tpg_0_1/src/hls/hls_video_haar.h:300)                               |
| EXPRESSION_BALANCE   | off                                                       | in haarclassifierobject_opr (../../hdmi_vmix2.gen/sources_1/bd/top_design/ip/top_design_v_tpg_0_1/src/hls/hls_video_haar.h:303)                               |
| INLINE               |                                                           | in haarclassifierobject (../../hdmi_vmix2.gen/sources_1/bd/top_design/ip/top_design_v_tpg_0_1/src/hls/hls_video_haar.h:412)                                   |
| PIPELINE             |                                                           | in combin_mask (../../hdmi_vmix2.gen/sources_1/bd/top_design/ip/top_design_v_tpg_0_1/src/hls/hls_video_haar.h:476)                                            |
| INLINE               |                                                           | in haarclassifierobject_group (../../hdmi_vmix2.gen/sources_1/bd/top_design/ip/top_design_v_tpg_0_1/src/hls/hls_video_haar.h:517)                             |
| INLINE               |                                                           | in ismax (../../hdmi_vmix2.gen/sources_1/bd/top_design/ip/top_design_v_tpg_0_1/src/hls/hls_video_harris.h:102)                                                |
| LOOP_TRIPCOUNT       | MAX=ROWS                                                  | in findmax (../../hdmi_vmix2.gen/sources_1/bd/top_design/ip/top_design_v_tpg_0_1/src/hls/hls_video_harris.h:129)                                              |
| DEPENDENCE           | ARRAY INTER FALSE                                         | in findmax (../../hdmi_vmix2.gen/sources_1/bd/top_design/ip/top_design_v_tpg_0_1/src/hls/hls_video_harris.h:132)                                              |
| LOOP_TRIPCOUNT       | MAX=COLS                                                  | in findmax (../../hdmi_vmix2.gen/sources_1/bd/top_design/ip/top_design_v_tpg_0_1/src/hls/hls_video_harris.h:133)                                              |
| LOOP_FLATTEN         | off                                                       | in findmax (../../hdmi_vmix2.gen/sources_1/bd/top_design/ip/top_design_v_tpg_0_1/src/hls/hls_video_harris.h:134)                                              |
| PIPELINE             | ii=1                                                      | in findmax (../../hdmi_vmix2.gen/sources_1/bd/top_design/ip/top_design_v_tpg_0_1/src/hls/hls_video_harris.h:135)                                              |
| LOOP_TRIPCOUNT       | MAX=ROWS                                                  | in calcim (../../hdmi_vmix2.gen/sources_1/bd/top_design/ip/top_design_v_tpg_0_1/src/hls/hls_video_harris.h:198)                                               |
| DEPENDENCE           | ARRAY INTER FALSE                                         | in calcim (../../hdmi_vmix2.gen/sources_1/bd/top_design/ip/top_design_v_tpg_0_1/src/hls/hls_video_harris.h:201)                                               |
| LOOP_TRIPCOUNT       | MAX=COLS                                                  | in calcim (../../hdmi_vmix2.gen/sources_1/bd/top_design/ip/top_design_v_tpg_0_1/src/hls/hls_video_harris.h:202)                                               |
| LOOP_FLATTEN         | off                                                       | in calcim (../../hdmi_vmix2.gen/sources_1/bd/top_design/ip/top_design_v_tpg_0_1/src/hls/hls_video_harris.h:203)                                               |
| PIPELINE             | ii=1                                                      | in calcim (../../hdmi_vmix2.gen/sources_1/bd/top_design/ip/top_design_v_tpg_0_1/src/hls/hls_video_harris.h:204)                                               |
| INLINE               |                                                           | in harris_opr (../../hdmi_vmix2.gen/sources_1/bd/top_design/ip/top_design_v_tpg_0_1/src/hls/hls_video_harris.h:228)                                           |
| DATAFLOW             |                                                           | in harris_opr (../../hdmi_vmix2.gen/sources_1/bd/top_design/ip/top_design_v_tpg_0_1/src/hls/hls_video_harris.h:229)                                           |
| INLINE               |                                                           | in cornerharris (../../hdmi_vmix2.gen/sources_1/bd/top_design/ip/top_design_v_tpg_0_1/src/hls/hls_video_harris.h:284)                                         |
| INLINE               |                                                           | in harris (../../hdmi_vmix2.gen/sources_1/bd/top_design/ip/top_design_v_tpg_0_1/src/hls/hls_video_harris.h:325)                                               |
| UNROLL               |                                                           | in equalize (../../hdmi_vmix2.gen/sources_1/bd/top_design/ip/top_design_v_tpg_0_1/src/hls/hls_video_histogram.h:78)                                           |
| PIPELINE             |                                                           | in equalize (../../hdmi_vmix2.gen/sources_1/bd/top_design/ip/top_design_v_tpg_0_1/src/hls/hls_video_histogram.h:94)                                           |
| LOOP_FLATTEN         | OFF                                                       | in equalize (../../hdmi_vmix2.gen/sources_1/bd/top_design/ip/top_design_v_tpg_0_1/src/hls/hls_video_histogram.h:95)                                           |
| DEPENDENCE           | array inter false                                         | in equalize (../../hdmi_vmix2.gen/sources_1/bd/top_design/ip/top_design_v_tpg_0_1/src/hls/hls_video_histogram.h:96)                                           |
| LATENCY              | min=0 max=1                                               | in equalize (../../hdmi_vmix2.gen/sources_1/bd/top_design/ip/top_design_v_tpg_0_1/src/hls/hls_video_histogram.h:112)                                          |
| PIPELINE             |                                                           | in equalize (../../hdmi_vmix2.gen/sources_1/bd/top_design/ip/top_design_v_tpg_0_1/src/hls/hls_video_histogram.h:157)                                          |
| PIPELINE             |                                                           | in equalize (../../hdmi_vmix2.gen/sources_1/bd/top_design/ip/top_design_v_tpg_0_1/src/hls/hls_video_histogram.h:168)                                          |
| INLINE               |                                                           | in equalizehist (../../hdmi_vmix2.gen/sources_1/bd/top_design/ip/top_design_v_tpg_0_1/src/hls/hls_video_histogram.h:192)                                      |
| ARRAY_PARTITION      | variable=addr complete dim=0                              | in houghpolar (../../hdmi_vmix2.gen/sources_1/bd/top_design/ip/top_design_v_tpg_0_1/src/hls/hls_video_hough.h:118)                                            |
| ARRAY_PARTITION      | variable=accbuf complete dim=0                            | in houghpolar (../../hdmi_vmix2.gen/sources_1/bd/top_design/ip/top_design_v_tpg_0_1/src/hls/hls_video_hough.h:119)                                            |
| ARRAY_PARTITION      | variable=sinval complete dim=0                            | in houghpolar (../../hdmi_vmix2.gen/sources_1/bd/top_design/ip/top_design_v_tpg_0_1/src/hls/hls_video_hough.h:125)                                            |
| ARRAY_PARTITION      | variable=cosval complete dim=0                            | in houghpolar (../../hdmi_vmix2.gen/sources_1/bd/top_design/ip/top_design_v_tpg_0_1/src/hls/hls_video_hough.h:126)                                            |
| PIPELINE             |                                                           | in houghpolar (../../hdmi_vmix2.gen/sources_1/bd/top_design/ip/top_design_v_tpg_0_1/src/hls/hls_video_hough.h:131)                                            |
| PIPELINE             |                                                           | in houghpolar (../../hdmi_vmix2.gen/sources_1/bd/top_design/ip/top_design_v_tpg_0_1/src/hls/hls_video_hough.h:149)                                            |
| DEPENDENCE           | array inter false                                         | in houghpolar (../../hdmi_vmix2.gen/sources_1/bd/top_design/ip/top_design_v_tpg_0_1/src/hls/hls_video_hough.h:150)                                            |
| ARRAY_PARTITION      | variable=&accum_buf complete dim=1                        | in sort_insert (../../hdmi_vmix2.gen/sources_1/bd/top_design/ip/top_design_v_tpg_0_1/src/hls/hls_video_hough.h:192)                                           |
| ARRAY_PARTITION      | variable=lines_val complete dim=1                         | in sort_insert (../../hdmi_vmix2.gen/sources_1/bd/top_design/ip/top_design_v_tpg_0_1/src/hls/hls_video_hough.h:193)                                           |
| ARRAY_PARTITION      | variable=lines complete dim=0                             | in sort_insert (../../hdmi_vmix2.gen/sources_1/bd/top_design/ip/top_design_v_tpg_0_1/src/hls/hls_video_hough.h:194)                                           |
| ARRAY_PARTITION      | variable=&accum_win complete dim=0                        | in sort_insert (../../hdmi_vmix2.gen/sources_1/bd/top_design/ip/top_design_v_tpg_0_1/src/hls/hls_video_hough.h:195)                                           |
| ARRAY_PARTITION      | variable=lines_flag complete dim=0                        | in sort_insert (../../hdmi_vmix2.gen/sources_1/bd/top_design/ip/top_design_v_tpg_0_1/src/hls/hls_video_hough.h:196)                                           |
| DEPENDENCE           | array intra false                                         | in sort_insert (../../hdmi_vmix2.gen/sources_1/bd/top_design/ip/top_design_v_tpg_0_1/src/hls/hls_video_hough.h:212)                                           |
| DEPENDENCE           | array inter false                                         | in sort_insert (../../hdmi_vmix2.gen/sources_1/bd/top_design/ip/top_design_v_tpg_0_1/src/hls/hls_video_hough.h:213)                                           |
| PIPELINE             |                                                           | in sort_insert (../../hdmi_vmix2.gen/sources_1/bd/top_design/ip/top_design_v_tpg_0_1/src/hls/hls_video_hough.h:214)                                           |
| ARRAY_PARTITION      | variable=_accum complete dim=1                            | in houghlines2 (../../hdmi_vmix2.gen/sources_1/bd/top_design/ip/top_design_v_tpg_0_1/src/hls/hls_video_hough.h:334)                                           |
| INLINE               |                                                           | in borderinterpolate (../../hdmi_vmix2.gen/sources_1/bd/top_design/ip/top_design_v_tpg_0_1/src/hls/hls_video_imgbase.h:129)                                   |
| INLINE               |                                                           | in normalizeanchor (../../hdmi_vmix2.gen/sources_1/bd/top_design/ip/top_design_v_tpg_0_1/src/hls/hls_video_imgbase.h:175)                                     |
| LOOP_TRIPCOUNT       | min=20 max=2000                                           | in duplicateimagen (../../hdmi_vmix2.gen/sources_1/bd/top_design/ip/top_design_v_tpg_0_1/src/hls/hls_video_imgbase.h:202)                                     |
| LOOP_TRIPCOUNT       | min=20 max=2000                                           | in duplicateimagen (../../hdmi_vmix2.gen/sources_1/bd/top_design/ip/top_design_v_tpg_0_1/src/hls/hls_video_imgbase.h:204)                                     |
| PIPELINE             |                                                           | in duplicateimagen (../../hdmi_vmix2.gen/sources_1/bd/top_design/ip/top_design_v_tpg_0_1/src/hls/hls_video_imgbase.h:206)                                     |
| INLINE               |                                                           | in apply (../../hdmi_vmix2.gen/sources_1/bd/top_design/ip/top_design_v_tpg_0_1/src/hls/hls_video_imgproc.h:166)                                               |
| INLINE               |                                                           | in apply (../../hdmi_vmix2.gen/sources_1/bd/top_design/ip/top_design_v_tpg_0_1/src/hls/hls_video_imgproc.h:192)                                               |
| INLINE               |                                                           | in apply (../../hdmi_vmix2.gen/sources_1/bd/top_design/ip/top_design_v_tpg_0_1/src/hls/hls_video_imgproc.h:294)                                               |
| INLINE               |                                                           | in apply (../../hdmi_vmix2.gen/sources_1/bd/top_design/ip/top_design_v_tpg_0_1/src/hls/hls_video_imgproc.h:316)                                               |
| INLINE               |                                                           | in getstructuringelement (../../hdmi_vmix2.gen/sources_1/bd/top_design/ip/top_design_v_tpg_0_1/src/hls/hls_video_imgproc.h:330)                               |
| INLINE               |                                                           | in fill_pixelkernel (../../hdmi_vmix2.gen/sources_1/bd/top_design/ip/top_design_v_tpg_0_1/src/hls/hls_video_imgproc.h:387)                                    |
| INLINE               |                                                           | in filter (../../hdmi_vmix2.gen/sources_1/bd/top_design/ip/top_design_v_tpg_0_1/src/hls/hls_video_imgproc.h:410)                                              |
| ARRAY_PARTITION      | variable=col_buf complete dim=0                           | in filter (../../hdmi_vmix2.gen/sources_1/bd/top_design/ip/top_design_v_tpg_0_1/src/hls/hls_video_imgproc.h:427)                                              |
| ARRAY_PARTITION      | variable=&kernel complete dim=0                           | in filter (../../hdmi_vmix2.gen/sources_1/bd/top_design/ip/top_design_v_tpg_0_1/src/hls/hls_video_imgproc.h:428)                                              |
| ARRAY_PARTITION      | variable=src_kernel_win complete dim=0                    | in filter (../../hdmi_vmix2.gen/sources_1/bd/top_design/ip/top_design_v_tpg_0_1/src/hls/hls_video_imgproc.h:429)                                              |
| ARRAY_PARTITION      | variable=k_buf complete dim=1                             | in filter (../../hdmi_vmix2.gen/sources_1/bd/top_design/ip/top_design_v_tpg_0_1/src/hls/hls_video_imgproc.h:430)                                              |
| ARRAY_PARTITION      | variable=right_border_buf complete dim=0                  | in filter (../../hdmi_vmix2.gen/sources_1/bd/top_design/ip/top_design_v_tpg_0_1/src/hls/hls_video_imgproc.h:431)                                              |
| DEPENDENCE           | array inter false                                         | in filter (../../hdmi_vmix2.gen/sources_1/bd/top_design/ip/top_design_v_tpg_0_1/src/hls/hls_video_imgproc.h:461)                                              |
| LOOP_FLATTEN         | OFF                                                       | in filter (../../hdmi_vmix2.gen/sources_1/bd/top_design/ip/top_design_v_tpg_0_1/src/hls/hls_video_imgproc.h:462)                                              |
| PIPELINE             |                                                           | in filter (../../hdmi_vmix2.gen/sources_1/bd/top_design/ip/top_design_v_tpg_0_1/src/hls/hls_video_imgproc.h:463)                                              |
| INLINE               |                                                           | in get_parameters (../../hdmi_vmix2.gen/sources_1/bd/top_design/ip/top_design_v_tpg_0_1/src/hls/hls_video_imgproc.h:541)                                      |
| INLINE               |                                                           | in filter (../../hdmi_vmix2.gen/sources_1/bd/top_design/ip/top_design_v_tpg_0_1/src/hls/hls_video_imgproc.h:603)                                              |
| ARRAY_PARTITION      | variable=&kernel complete dim=0                           | in filter (../../hdmi_vmix2.gen/sources_1/bd/top_design/ip/top_design_v_tpg_0_1/src/hls/hls_video_imgproc.h:612)                                              |
| ARRAY_PARTITION      | variable=src_kernel_win complete dim=0                    | in filter (../../hdmi_vmix2.gen/sources_1/bd/top_design/ip/top_design_v_tpg_0_1/src/hls/hls_video_imgproc.h:613)                                              |
| ARRAY_PARTITION      | variable=k_buf complete dim=1                             | in filter (../../hdmi_vmix2.gen/sources_1/bd/top_design/ip/top_design_v_tpg_0_1/src/hls/hls_video_imgproc.h:614)                                              |
| ARRAY_PARTITION      | variable=col_buf complete dim=0                           | in filter (../../hdmi_vmix2.gen/sources_1/bd/top_design/ip/top_design_v_tpg_0_1/src/hls/hls_video_imgproc.h:615)                                              |
| LOOP_FLATTEN         | OFF                                                       | in filter (../../hdmi_vmix2.gen/sources_1/bd/top_design/ip/top_design_v_tpg_0_1/src/hls/hls_video_imgproc.h:642)                                              |
| PIPELINE             |                                                           | in filter (../../hdmi_vmix2.gen/sources_1/bd/top_design/ip/top_design_v_tpg_0_1/src/hls/hls_video_imgproc.h:643)                                              |
| ARRAY_PARTITION      | variable=col_buf complete dim=0                           | in column_filter (../../hdmi_vmix2.gen/sources_1/bd/top_design/ip/top_design_v_tpg_0_1/src/hls/hls_video_imgproc.h:730)                                       |
| ARRAY_PARTITION      | variable=&kernelY complete dim=0                          | in column_filter (../../hdmi_vmix2.gen/sources_1/bd/top_design/ip/top_design_v_tpg_0_1/src/hls/hls_video_imgproc.h:731)                                       |
| ARRAY_PARTITION      | variable=src_kernel_winY complete dim=0                   | in column_filter (../../hdmi_vmix2.gen/sources_1/bd/top_design/ip/top_design_v_tpg_0_1/src/hls/hls_video_imgproc.h:732)                                       |
| ARRAY_PARTITION      | variable=k_buf complete dim=1                             | in column_filter (../../hdmi_vmix2.gen/sources_1/bd/top_design/ip/top_design_v_tpg_0_1/src/hls/hls_video_imgproc.h:733)                                       |
| DEPENDENCE           | array inter false                                         | in column_filter (../../hdmi_vmix2.gen/sources_1/bd/top_design/ip/top_design_v_tpg_0_1/src/hls/hls_video_imgproc.h:776)                                       |
| LOOP_FLATTEN         | OFF                                                       | in column_filter (../../hdmi_vmix2.gen/sources_1/bd/top_design/ip/top_design_v_tpg_0_1/src/hls/hls_video_imgproc.h:777)                                       |
| PIPELINE             |                                                           | in column_filter (../../hdmi_vmix2.gen/sources_1/bd/top_design/ip/top_design_v_tpg_0_1/src/hls/hls_video_imgproc.h:778)                                       |
| ARRAY_PARTITION      | variable=&kernelX complete dim=0                          | in row_filter (../../hdmi_vmix2.gen/sources_1/bd/top_design/ip/top_design_v_tpg_0_1/src/hls/hls_video_imgproc.h:864)                                          |
| ARRAY_PARTITION      | variable=src_kernel_winX complete dim=0                   | in row_filter (../../hdmi_vmix2.gen/sources_1/bd/top_design/ip/top_design_v_tpg_0_1/src/hls/hls_video_imgproc.h:865)                                          |
| ARRAY_PARTITION      | variable=src_kernel_winX_temp complete dim=0              | in row_filter (../../hdmi_vmix2.gen/sources_1/bd/top_design/ip/top_design_v_tpg_0_1/src/hls/hls_video_imgproc.h:866)                                          |
| ARRAY_PARTITION      | variable=row_buf complete dim=0                           | in row_filter (../../hdmi_vmix2.gen/sources_1/bd/top_design/ip/top_design_v_tpg_0_1/src/hls/hls_video_imgproc.h:867)                                          |
| ARRAY_PARTITION      | variable=l_border_buf complete dim=1                      | in row_filter (../../hdmi_vmix2.gen/sources_1/bd/top_design/ip/top_design_v_tpg_0_1/src/hls/hls_video_imgproc.h:868)                                          |
| ARRAY_PARTITION      | variable=r_border_buf complete dim=1                      | in row_filter (../../hdmi_vmix2.gen/sources_1/bd/top_design/ip/top_design_v_tpg_0_1/src/hls/hls_video_imgproc.h:869)                                          |
| DEPENDENCE           | array inter false                                         | in row_filter (../../hdmi_vmix2.gen/sources_1/bd/top_design/ip/top_design_v_tpg_0_1/src/hls/hls_video_imgproc.h:925)                                          |
| LOOP_FLATTEN         | OFF                                                       | in row_filter (../../hdmi_vmix2.gen/sources_1/bd/top_design/ip/top_design_v_tpg_0_1/src/hls/hls_video_imgproc.h:926)                                          |
| PIPELINE             |                                                           | in row_filter (../../hdmi_vmix2.gen/sources_1/bd/top_design/ip/top_design_v_tpg_0_1/src/hls/hls_video_imgproc.h:927)                                          |
| INLINE               |                                                           | in filter (../../hdmi_vmix2.gen/sources_1/bd/top_design/ip/top_design_v_tpg_0_1/src/hls/hls_video_imgproc.h:993)                                              |
| DATAFLOW             |                                                           | in filter (../../hdmi_vmix2.gen/sources_1/bd/top_design/ip/top_design_v_tpg_0_1/src/hls/hls_video_imgproc.h:994)                                              |
| INLINE               |                                                           | in filter (../../hdmi_vmix2.gen/sources_1/bd/top_design/ip/top_design_v_tpg_0_1/src/hls/hls_video_imgproc.h:1016)                                             |
| INLINE               |                                                           | in filter (../../hdmi_vmix2.gen/sources_1/bd/top_design/ip/top_design_v_tpg_0_1/src/hls/hls_video_imgproc.h:1037)                                             |
| ARRAY_PARTITION      | variable=&kernelX complete dim=0                          | in filter (../../hdmi_vmix2.gen/sources_1/bd/top_design/ip/top_design_v_tpg_0_1/src/hls/hls_video_imgproc.h:1048)                                             |
| ARRAY_PARTITION      | variable=&kernelY complete dim=0                          | in filter (../../hdmi_vmix2.gen/sources_1/bd/top_design/ip/top_design_v_tpg_0_1/src/hls/hls_video_imgproc.h:1049)                                             |
| ARRAY_PARTITION      | variable=src_kernel_winX complete dim=0                   | in filter (../../hdmi_vmix2.gen/sources_1/bd/top_design/ip/top_design_v_tpg_0_1/src/hls/hls_video_imgproc.h:1050)                                             |
| ARRAY_PARTITION      | variable=src_kernel_winX_temp complete dim=0              | in filter (../../hdmi_vmix2.gen/sources_1/bd/top_design/ip/top_design_v_tpg_0_1/src/hls/hls_video_imgproc.h:1051)                                             |
| ARRAY_PARTITION      | variable=src_kernel_winY complete dim=0                   | in filter (../../hdmi_vmix2.gen/sources_1/bd/top_design/ip/top_design_v_tpg_0_1/src/hls/hls_video_imgproc.h:1052)                                             |
| ARRAY_PARTITION      | variable=k_buf complete dim=1                             | in filter (../../hdmi_vmix2.gen/sources_1/bd/top_design/ip/top_design_v_tpg_0_1/src/hls/hls_video_imgproc.h:1053)                                             |
| LOOP_FLATTEN         | OFF                                                       | in filter (../../hdmi_vmix2.gen/sources_1/bd/top_design/ip/top_design_v_tpg_0_1/src/hls/hls_video_imgproc.h:1074)                                             |
| PIPELINE             |                                                           | in filter (../../hdmi_vmix2.gen/sources_1/bd/top_design/ip/top_design_v_tpg_0_1/src/hls/hls_video_imgproc.h:1075)                                             |
| INLINE               |                                                           | in filter (../../hdmi_vmix2.gen/sources_1/bd/top_design/ip/top_design_v_tpg_0_1/src/hls/hls_video_imgproc.h:1144)                                             |
| DATAFLOW             |                                                           | in filter_opr_iter (../../hdmi_vmix2.gen/sources_1/bd/top_design/ip/top_design_v_tpg_0_1/src/hls/hls_video_imgproc.h:1171)                                    |
| ARRAY_PARTITION      | dim=1 type=complete variable=internal                     | in filter_opr_iter (../../hdmi_vmix2.gen/sources_1/bd/top_design/ip/top_design_v_tpg_0_1/src/hls/hls_video_imgproc.h:1173)                                    |
| UNROLL               |                                                           | in filter_opr_iter (../../hdmi_vmix2.gen/sources_1/bd/top_design/ip/top_design_v_tpg_0_1/src/hls/hls_video_imgproc.h:1177)                                    |
| INLINE               |                                                           | in morp_opr (../../hdmi_vmix2.gen/sources_1/bd/top_design/ip/top_design_v_tpg_0_1/src/hls/hls_video_imgproc.h:1188)                                           |
| INLINE               |                                                           | in morp_opr (../../hdmi_vmix2.gen/sources_1/bd/top_design/ip/top_design_v_tpg_0_1/src/hls/hls_video_imgproc.h:1210)                                           |
| INLINE               |                                                           | in erode (../../hdmi_vmix2.gen/sources_1/bd/top_design/ip/top_design_v_tpg_0_1/src/hls/hls_video_imgproc.h:1255)                                              |
| INLINE               |                                                           | in dilate (../../hdmi_vmix2.gen/sources_1/bd/top_design/ip/top_design_v_tpg_0_1/src/hls/hls_video_imgproc.h:1282)                                             |
| INLINE               |                                                           | in convert (../../hdmi_vmix2.gen/sources_1/bd/top_design/ip/top_design_v_tpg_0_1/src/hls/hls_video_imgproc.h:1507)                                            |
| INLINE               |                                                           | in max (../../hdmi_vmix2.gen/sources_1/bd/top_design/ip/top_design_v_tpg_0_1/src/hls/hls_video_imgproc.h:1523)                                                |
| INLINE               |                                                           | in min (../../hdmi_vmix2.gen/sources_1/bd/top_design/ip/top_design_v_tpg_0_1/src/hls/hls_video_imgproc.h:1532)                                                |
| INLINE               |                                                           | in apply (../../hdmi_vmix2.gen/sources_1/bd/top_design/ip/top_design_v_tpg_0_1/src/hls/hls_video_imgproc.h:1569)                                              |
| INLINE               |                                                           | in apply (../../hdmi_vmix2.gen/sources_1/bd/top_design/ip/top_design_v_tpg_0_1/src/hls/hls_video_imgproc.h:1580)                                              |
| INLINE               |                                                           | in apply (../../hdmi_vmix2.gen/sources_1/bd/top_design/ip/top_design_v_tpg_0_1/src/hls/hls_video_imgproc.h:1721)                                              |
| INLINE               |                                                           | in apply (../../hdmi_vmix2.gen/sources_1/bd/top_design/ip/top_design_v_tpg_0_1/src/hls/hls_video_imgproc.h:1786)                                              |
| ARRAY_PARTITION      | variable=tab dim=0 complete                               | in apply (../../hdmi_vmix2.gen/sources_1/bd/top_design/ip/top_design_v_tpg_0_1/src/hls/hls_video_imgproc.h:1797)                                              |
| INLINE               |                                                           | in apply (../../hdmi_vmix2.gen/sources_1/bd/top_design/ip/top_design_v_tpg_0_1/src/hls/hls_video_imgproc.h:1836)                                              |
| INLINE               |                                                           | in apply (../../hdmi_vmix2.gen/sources_1/bd/top_design/ip/top_design_v_tpg_0_1/src/hls/hls_video_imgproc.h:1919)                                              |
| ARRAY_PARTITION      | variable=tab dim=0 complete                               | in apply (../../hdmi_vmix2.gen/sources_1/bd/top_design/ip/top_design_v_tpg_0_1/src/hls/hls_video_imgproc.h:1930)                                              |
| LOOP_FLATTEN         | OFF                                                       | in cvtcolor (../../hdmi_vmix2.gen/sources_1/bd/top_design/ip/top_design_v_tpg_0_1/src/hls/hls_video_imgproc.h:1985)                                           |
| PIPELINE             |                                                           | in cvtcolor (../../hdmi_vmix2.gen/sources_1/bd/top_design/ip/top_design_v_tpg_0_1/src/hls/hls_video_imgproc.h:1986)                                           |
| LOOP_FLATTEN         | OFF                                                       | in integral (../../hdmi_vmix2.gen/sources_1/bd/top_design/ip/top_design_v_tpg_0_1/src/hls/hls_video_imgproc.h:2012)                                           |
| PIPELINE             |                                                           | in integral (../../hdmi_vmix2.gen/sources_1/bd/top_design/ip/top_design_v_tpg_0_1/src/hls/hls_video_imgproc.h:2013)                                           |
| LOOP_FLATTEN         | OFF                                                       | in integral (../../hdmi_vmix2.gen/sources_1/bd/top_design/ip/top_design_v_tpg_0_1/src/hls/hls_video_imgproc.h:2052)                                           |
| PIPELINE             |                                                           | in integral (../../hdmi_vmix2.gen/sources_1/bd/top_design/ip/top_design_v_tpg_0_1/src/hls/hls_video_imgproc.h:2053)                                           |
| INLINE               | off                                                       | in init_scale_coefficients (../../hdmi_vmix2.gen/sources_1/bd/top_design/ip/top_design_v_tpg_0_1/src/hls/hls_video_imgproc.h:2089)                            |
| INLINE               |                                                           | in scale_operator (../../hdmi_vmix2.gen/sources_1/bd/top_design/ip/top_design_v_tpg_0_1/src/hls/hls_video_imgproc.h:2120)                                     |
| ARRAY_PARTITION      | variable= temp_in dim=0 complete                          | in resize_opr_bicubic (../../hdmi_vmix2.gen/sources_1/bd/top_design/ip/top_design_v_tpg_0_1/src/hls/hls_video_imgproc.h:2160)                                 |
| ARRAY_PARTITION      | variable= temp_out dim=0 complete                         | in resize_opr_bicubic (../../hdmi_vmix2.gen/sources_1/bd/top_design/ip/top_design_v_tpg_0_1/src/hls/hls_video_imgproc.h:2161)                                 |
| ARRAY_PARTITION      | variable= h_fir dim=0 complete                            | in resize_opr_bicubic (../../hdmi_vmix2.gen/sources_1/bd/top_design/ip/top_design_v_tpg_0_1/src/hls/hls_video_imgproc.h:2162)                                 |
| ARRAY_PARTITION      | variable= v_fir dim=0 complete                            | in resize_opr_bicubic (../../hdmi_vmix2.gen/sources_1/bd/top_design/ip/top_design_v_tpg_0_1/src/hls/hls_video_imgproc.h:2163)                                 |
| ARRAY_PARTITION      | variable=hcoeffs dim=2 complete                           | in resize_opr_bicubic (../../hdmi_vmix2.gen/sources_1/bd/top_design/ip/top_design_v_tpg_0_1/src/hls/hls_video_imgproc.h:2164)                                 |
| ARRAY_PARTITION      | variable=vcoeffs dim=2 complete                           | in resize_opr_bicubic (../../hdmi_vmix2.gen/sources_1/bd/top_design/ip/top_design_v_tpg_0_1/src/hls/hls_video_imgproc.h:2165)                                 |
| PIPELINE             |                                                           | in resize_opr_bicubic (../../hdmi_vmix2.gen/sources_1/bd/top_design/ip/top_design_v_tpg_0_1/src/hls/hls_video_imgproc.h:2187)                                 |
| LOOP_FLATTEN         | off                                                       | in resize_opr_bicubic (../../hdmi_vmix2.gen/sources_1/bd/top_design/ip/top_design_v_tpg_0_1/src/hls/hls_video_imgproc.h:2188)                                 |
| DEPENDENCE           | array inter false                                         | in resize_opr_bicubic (../../hdmi_vmix2.gen/sources_1/bd/top_design/ip/top_design_v_tpg_0_1/src/hls/hls_video_imgproc.h:2189)                                 |
| LOOP_FLATTEN         | OFF                                                       | in resize_opr_linear (../../hdmi_vmix2.gen/sources_1/bd/top_design/ip/top_design_v_tpg_0_1/src/hls/hls_video_imgproc.h:2331)                                  |
| DEPENDENCE           | array inter false                                         | in resize_opr_linear (../../hdmi_vmix2.gen/sources_1/bd/top_design/ip/top_design_v_tpg_0_1/src/hls/hls_video_imgproc.h:2332)                                  |
| PIPELINE             |                                                           | in resize_opr_linear (../../hdmi_vmix2.gen/sources_1/bd/top_design/ip/top_design_v_tpg_0_1/src/hls/hls_video_imgproc.h:2333)                                  |
| LOOP_FLATTEN         | OFF                                                       | in convertscale (../../hdmi_vmix2.gen/sources_1/bd/top_design/ip/top_design_v_tpg_0_1/src/hls/hls_video_imgproc.h:2515)                                       |
| PIPELINE             |                                                           | in convertscale (../../hdmi_vmix2.gen/sources_1/bd/top_design/ip/top_design_v_tpg_0_1/src/hls/hls_video_imgproc.h:2516)                                       |
| LOOP_FLATTEN         | OFF                                                       | in convertscaleabs (../../hdmi_vmix2.gen/sources_1/bd/top_design/ip/top_design_v_tpg_0_1/src/hls/hls_video_imgproc.h:2544)                                    |
| PIPELINE             |                                                           | in convertscaleabs (../../hdmi_vmix2.gen/sources_1/bd/top_design/ip/top_design_v_tpg_0_1/src/hls/hls_video_imgproc.h:2545)                                    |
| INLINE               | off                                                       | in getgaussiankernel (../../hdmi_vmix2.gen/sources_1/bd/top_design/ip/top_design_v_tpg_0_1/src/hls/hls_video_imgproc.h:2653)                                  |
| INLINE               |                                                           | in pyrup_opr (../../hdmi_vmix2.gen/sources_1/bd/top_design/ip/top_design_v_tpg_0_1/src/hls/hls_video_imgproc.h:2790)                                          |
| ARRAY_PARTITION      | variable=col_buf complete dim=0                           | in pyrup_opr (../../hdmi_vmix2.gen/sources_1/bd/top_design/ip/top_design_v_tpg_0_1/src/hls/hls_video_imgproc.h:2801)                                          |
| ARRAY_PARTITION      | variable=&kernel complete dim=0                           | in pyrup_opr (../../hdmi_vmix2.gen/sources_1/bd/top_design/ip/top_design_v_tpg_0_1/src/hls/hls_video_imgproc.h:2802)                                          |
| ARRAY_PARTITION      | variable=src_kernel_win complete dim=0                    | in pyrup_opr (../../hdmi_vmix2.gen/sources_1/bd/top_design/ip/top_design_v_tpg_0_1/src/hls/hls_video_imgproc.h:2803)                                          |
| ARRAY_PARTITION      | variable=k_buf complete dim=1                             | in pyrup_opr (../../hdmi_vmix2.gen/sources_1/bd/top_design/ip/top_design_v_tpg_0_1/src/hls/hls_video_imgproc.h:2804)                                          |
| ARRAY_PARTITION      | variable=right_border_buf complete dim=0                  | in pyrup_opr (../../hdmi_vmix2.gen/sources_1/bd/top_design/ip/top_design_v_tpg_0_1/src/hls/hls_video_imgproc.h:2805)                                          |
| LOOP_FLATTEN         | OFF                                                       | in pyrup_opr (../../hdmi_vmix2.gen/sources_1/bd/top_design/ip/top_design_v_tpg_0_1/src/hls/hls_video_imgproc.h:2817)                                          |
| DEPENDENCE           | array inter false                                         | in pyrup_opr (../../hdmi_vmix2.gen/sources_1/bd/top_design/ip/top_design_v_tpg_0_1/src/hls/hls_video_imgproc.h:2818)                                          |
| PIPELINE             |                                                           | in pyrup_opr (../../hdmi_vmix2.gen/sources_1/bd/top_design/ip/top_design_v_tpg_0_1/src/hls/hls_video_imgproc.h:2819)                                          |
| INLINE               |                                                           | in pyrdown_opr (../../hdmi_vmix2.gen/sources_1/bd/top_design/ip/top_design_v_tpg_0_1/src/hls/hls_video_imgproc.h:2986)                                        |
| ARRAY_PARTITION      | variable=col_buf complete dim=0                           | in pyrdown_opr (../../hdmi_vmix2.gen/sources_1/bd/top_design/ip/top_design_v_tpg_0_1/src/hls/hls_video_imgproc.h:2997)                                        |
| ARRAY_PARTITION      | variable=&kernel complete dim=0                           | in pyrdown_opr (../../hdmi_vmix2.gen/sources_1/bd/top_design/ip/top_design_v_tpg_0_1/src/hls/hls_video_imgproc.h:2998)                                        |
| ARRAY_PARTITION      | variable=src_kernel_win complete dim=0                    | in pyrdown_opr (../../hdmi_vmix2.gen/sources_1/bd/top_design/ip/top_design_v_tpg_0_1/src/hls/hls_video_imgproc.h:2999)                                        |
| ARRAY_PARTITION      | variable=k_buf complete dim=1                             | in pyrdown_opr (../../hdmi_vmix2.gen/sources_1/bd/top_design/ip/top_design_v_tpg_0_1/src/hls/hls_video_imgproc.h:3000)                                        |
| ARRAY_PARTITION      | variable=right_border_buf complete dim=0                  | in pyrdown_opr (../../hdmi_vmix2.gen/sources_1/bd/top_design/ip/top_design_v_tpg_0_1/src/hls/hls_video_imgproc.h:3001)                                        |
| LOOP_FLATTEN         | OFF                                                       | in pyrdown_opr (../../hdmi_vmix2.gen/sources_1/bd/top_design/ip/top_design_v_tpg_0_1/src/hls/hls_video_imgproc.h:3018)                                        |
| DEPENDENCE           | array inter false                                         | in pyrdown_opr (../../hdmi_vmix2.gen/sources_1/bd/top_design/ip/top_design_v_tpg_0_1/src/hls/hls_video_imgproc.h:3019)                                        |
| PIPELINE             |                                                           | in pyrdown_opr (../../hdmi_vmix2.gen/sources_1/bd/top_design/ip/top_design_v_tpg_0_1/src/hls/hls_video_imgproc.h:3020)                                        |
| PIPELINE             | ii=1                                                      | in axivideo2mat (../../hdmi_vmix2.gen/sources_1/bd/top_design/ip/top_design_v_tpg_0_1/src/hls/hls_video_io.h:80)                                              |
| LOOP_TRIPCOUNT       | avg=0 max=0                                               | in axivideo2mat (../../hdmi_vmix2.gen/sources_1/bd/top_design/ip/top_design_v_tpg_0_1/src/hls/hls_video_io.h:81)                                              |
| LOOP_FLATTEN         | off                                                       | in axivideo2mat (../../hdmi_vmix2.gen/sources_1/bd/top_design/ip/top_design_v_tpg_0_1/src/hls/hls_video_io.h:88)                                              |
| PIPELINE             | ii=1                                                      | in axivideo2mat (../../hdmi_vmix2.gen/sources_1/bd/top_design/ip/top_design_v_tpg_0_1/src/hls/hls_video_io.h:89)                                              |
| PIPELINE             | ii=1                                                      | in axivideo2mat (../../hdmi_vmix2.gen/sources_1/bd/top_design/ip/top_design_v_tpg_0_1/src/hls/hls_video_io.h:111)                                             |
| LOOP_TRIPCOUNT       | avg=0 max=0                                               | in axivideo2mat (../../hdmi_vmix2.gen/sources_1/bd/top_design/ip/top_design_v_tpg_0_1/src/hls/hls_video_io.h:112)                                             |
| LOOP_FLATTEN         | off                                                       | in mat2axivideo (../../hdmi_vmix2.gen/sources_1/bd/top_design/ip/top_design_v_tpg_0_1/src/hls/hls_video_io.h:141)                                             |
| PIPELINE             | ii=1                                                      | in mat2axivideo (../../hdmi_vmix2.gen/sources_1/bd/top_design/ip/top_design_v_tpg_0_1/src/hls/hls_video_io.h:142)                                             |
| LOOP_FLATTEN         | off                                                       | in array2mat (../../hdmi_vmix2.gen/sources_1/bd/top_design/ip/top_design_v_tpg_0_1/src/hls/hls_video_io.h:190)                                                |
| PIPELINE             | ii=1                                                      | in array2mat (../../hdmi_vmix2.gen/sources_1/bd/top_design/ip/top_design_v_tpg_0_1/src/hls/hls_video_io.h:191)                                                |
| UNROLL               |                                                           | in array2mat (../../hdmi_vmix2.gen/sources_1/bd/top_design/ip/top_design_v_tpg_0_1/src/hls/hls_video_io.h:197)                                                |
| LOOP_FLATTEN         | off                                                       | in mat2array (../../hdmi_vmix2.gen/sources_1/bd/top_design/ip/top_design_v_tpg_0_1/src/hls/hls_video_io.h:256)                                                |
| PIPELINE             | ii=1                                                      | in mat2array (../../hdmi_vmix2.gen/sources_1/bd/top_design/ip/top_design_v_tpg_0_1/src/hls/hls_video_io.h:257)                                                |
| UNROLL               |                                                           | in mat2array (../../hdmi_vmix2.gen/sources_1/bd/top_design/ip/top_design_v_tpg_0_1/src/hls/hls_video_io.h:262)                                                |
| ARRAY_PARTITION      | variable=val dim=1 complete                               | in window<rows, cols, t> (../../hdmi_vmix2.gen/sources_1/bd/top_design/ip/top_design_v_tpg_0_1/src/hls/hls_video_mem.h:66)                                    |
| ARRAY_PARTITION      | variable=val dim=2 complete                               | in window<rows, cols, t> (../../hdmi_vmix2.gen/sources_1/bd/top_design/ip/top_design_v_tpg_0_1/src/hls/hls_video_mem.h:67)                                    |
| INLINE               |                                                           | in shift_pixels_left (../../hdmi_vmix2.gen/sources_1/bd/top_design/ip/top_design_v_tpg_0_1/src/hls/hls_video_mem.h:128)                                       |
| UNROLL               |                                                           | in shift_pixels_left (../../hdmi_vmix2.gen/sources_1/bd/top_design/ip/top_design_v_tpg_0_1/src/hls/hls_video_mem.h:138)                                       |
| UNROLL               |                                                           | in shift_pixels_left (../../hdmi_vmix2.gen/sources_1/bd/top_design/ip/top_design_v_tpg_0_1/src/hls/hls_video_mem.h:140)                                       |
| INLINE               |                                                           | in shift_pixels_right (../../hdmi_vmix2.gen/sources_1/bd/top_design/ip/top_design_v_tpg_0_1/src/hls/hls_video_mem.h:166)                                      |
| UNROLL               |                                                           | in shift_pixels_right (../../hdmi_vmix2.gen/sources_1/bd/top_design/ip/top_design_v_tpg_0_1/src/hls/hls_video_mem.h:176)                                      |
| UNROLL               |                                                           | in shift_pixels_right (../../hdmi_vmix2.gen/sources_1/bd/top_design/ip/top_design_v_tpg_0_1/src/hls/hls_video_mem.h:178)                                      |
| INLINE               |                                                           | in shift_pixels_up (../../hdmi_vmix2.gen/sources_1/bd/top_design/ip/top_design_v_tpg_0_1/src/hls/hls_video_mem.h:204)                                         |
| UNROLL               |                                                           | in shift_pixels_up (../../hdmi_vmix2.gen/sources_1/bd/top_design/ip/top_design_v_tpg_0_1/src/hls/hls_video_mem.h:214)                                         |
| UNROLL               |                                                           | in shift_pixels_up (../../hdmi_vmix2.gen/sources_1/bd/top_design/ip/top_design_v_tpg_0_1/src/hls/hls_video_mem.h:216)                                         |
| INLINE               |                                                           | in shift_pixels_down (../../hdmi_vmix2.gen/sources_1/bd/top_design/ip/top_design_v_tpg_0_1/src/hls/hls_video_mem.h:242)                                       |
| UNROLL               |                                                           | in shift_pixels_down (../../hdmi_vmix2.gen/sources_1/bd/top_design/ip/top_design_v_tpg_0_1/src/hls/hls_video_mem.h:252)                                       |
| UNROLL               |                                                           | in shift_pixels_down (../../hdmi_vmix2.gen/sources_1/bd/top_design/ip/top_design_v_tpg_0_1/src/hls/hls_video_mem.h:254)                                       |
| INLINE               |                                                           | in insert_pixel (../../hdmi_vmix2.gen/sources_1/bd/top_design/ip/top_design_v_tpg_0_1/src/hls/hls_video_mem.h:279)                                            |
| INLINE               |                                                           | in insert_row (../../hdmi_vmix2.gen/sources_1/bd/top_design/ip/top_design_v_tpg_0_1/src/hls/hls_video_mem.h:311)                                              |
| UNROLL               |                                                           | in insert_row (../../hdmi_vmix2.gen/sources_1/bd/top_design/ip/top_design_v_tpg_0_1/src/hls/hls_video_mem.h:321)                                              |
| INLINE               |                                                           | in insert_top_row (../../hdmi_vmix2.gen/sources_1/bd/top_design/ip/top_design_v_tpg_0_1/src/hls/hls_video_mem.h:346)                                          |
| INLINE               |                                                           | in insert_bottom_row (../../hdmi_vmix2.gen/sources_1/bd/top_design/ip/top_design_v_tpg_0_1/src/hls/hls_video_mem.h:377)                                       |
| INLINE               |                                                           | in insert_col (../../hdmi_vmix2.gen/sources_1/bd/top_design/ip/top_design_v_tpg_0_1/src/hls/hls_video_mem.h:408)                                              |
| UNROLL               |                                                           | in insert_col (../../hdmi_vmix2.gen/sources_1/bd/top_design/ip/top_design_v_tpg_0_1/src/hls/hls_video_mem.h:418)                                              |
| INLINE               |                                                           | in insert_left_col (../../hdmi_vmix2.gen/sources_1/bd/top_design/ip/top_design_v_tpg_0_1/src/hls/hls_video_mem.h:443)                                         |
| INLINE               |                                                           | in insert_right_col (../../hdmi_vmix2.gen/sources_1/bd/top_design/ip/top_design_v_tpg_0_1/src/hls/hls_video_mem.h:474)                                        |
| INLINE               |                                                           | in getval (../../hdmi_vmix2.gen/sources_1/bd/top_design/ip/top_design_v_tpg_0_1/src/hls/hls_video_mem.h:505)                                                  |
| INLINE               |                                                           | in operator() (../../hdmi_vmix2.gen/sources_1/bd/top_design/ip/top_design_v_tpg_0_1/src/hls/hls_video_mem.h:514)                                              |
| INLINE               |                                                           | in shift_left (../../hdmi_vmix2.gen/sources_1/bd/top_design/ip/top_design_v_tpg_0_1/src/hls/hls_video_mem.h:546)                                              |
| INLINE               |                                                           | in shift_right (../../hdmi_vmix2.gen/sources_1/bd/top_design/ip/top_design_v_tpg_0_1/src/hls/hls_video_mem.h:556)                                             |
| INLINE               |                                                           | in shift_up (../../hdmi_vmix2.gen/sources_1/bd/top_design/ip/top_design_v_tpg_0_1/src/hls/hls_video_mem.h:566)                                                |
| INLINE               |                                                           | in shift_down (../../hdmi_vmix2.gen/sources_1/bd/top_design/ip/top_design_v_tpg_0_1/src/hls/hls_video_mem.h:576)                                              |
| INLINE               |                                                           | in insert (../../hdmi_vmix2.gen/sources_1/bd/top_design/ip/top_design_v_tpg_0_1/src/hls/hls_video_mem.h:586)                                                  |
| INLINE               |                                                           | in insert_top (../../hdmi_vmix2.gen/sources_1/bd/top_design/ip/top_design_v_tpg_0_1/src/hls/hls_video_mem.h:596)                                              |
| INLINE               |                                                           | in insert_bottom (../../hdmi_vmix2.gen/sources_1/bd/top_design/ip/top_design_v_tpg_0_1/src/hls/hls_video_mem.h:606)                                           |
| INLINE               |                                                           | in insert_left (../../hdmi_vmix2.gen/sources_1/bd/top_design/ip/top_design_v_tpg_0_1/src/hls/hls_video_mem.h:616)                                             |
| INLINE               |                                                           | in insert_right (../../hdmi_vmix2.gen/sources_1/bd/top_design/ip/top_design_v_tpg_0_1/src/hls/hls_video_mem.h:626)                                            |
| INLINE               |                                                           | in linebuffer<rows, cols, type-parameter-0-2, 0> (../../hdmi_vmix2.gen/sources_1/bd/top_design/ip/top_design_v_tpg_0_1/src/hls/hls_video_mem.h:638)           |
| ARRAY_PARTITION      | variable=val dim=1 complete                               | in linebuffer<rows, cols, type-parameter-0-2, 0> (../../hdmi_vmix2.gen/sources_1/bd/top_design/ip/top_design_v_tpg_0_1/src/hls/hls_video_mem.h:639)           |
| DEPENDENCE           | variable=val inter false                                  | in linebuffer<rows, cols, type-parameter-0-2, 0> (../../hdmi_vmix2.gen/sources_1/bd/top_design/ip/top_design_v_tpg_0_1/src/hls/hls_video_mem.h:640)           |
| DEPENDENCE           | variable=val intra false                                  | in linebuffer<rows, cols, type-parameter-0-2, 0> (../../hdmi_vmix2.gen/sources_1/bd/top_design/ip/top_design_v_tpg_0_1/src/hls/hls_video_mem.h:641)           |
| INLINE               |                                                           | in shift_pixels_down (../../hdmi_vmix2.gen/sources_1/bd/top_design/ip/top_design_v_tpg_0_1/src/hls/hls_video_mem.h:692)                                       |
| UNROLL               |                                                           | in shift_pixels_down (../../hdmi_vmix2.gen/sources_1/bd/top_design/ip/top_design_v_tpg_0_1/src/hls/hls_video_mem.h:703)                                       |
| INLINE               |                                                           | in shift_pixels_up (../../hdmi_vmix2.gen/sources_1/bd/top_design/ip/top_design_v_tpg_0_1/src/hls/hls_video_mem.h:732)                                         |
| UNROLL               |                                                           | in shift_pixels_up (../../hdmi_vmix2.gen/sources_1/bd/top_design/ip/top_design_v_tpg_0_1/src/hls/hls_video_mem.h:743)                                         |
| INLINE               |                                                           | in insert_bottom_row (../../hdmi_vmix2.gen/sources_1/bd/top_design/ip/top_design_v_tpg_0_1/src/hls/hls_video_mem.h:771)                                       |
| INLINE               |                                                           | in insert_top_row (../../hdmi_vmix2.gen/sources_1/bd/top_design/ip/top_design_v_tpg_0_1/src/hls/hls_video_mem.h:803)                                          |
| INLINE               |                                                           | in get_col (../../hdmi_vmix2.gen/sources_1/bd/top_design/ip/top_design_v_tpg_0_1/src/hls/hls_video_mem.h:835)                                                 |
| UNROLL               |                                                           | in get_col (../../hdmi_vmix2.gen/sources_1/bd/top_design/ip/top_design_v_tpg_0_1/src/hls/hls_video_mem.h:839)                                                 |
| INLINE               |                                                           | in getval (../../hdmi_vmix2.gen/sources_1/bd/top_design/ip/top_design_v_tpg_0_1/src/hls/hls_video_mem.h:848)                                                  |
| INLINE               |                                                           | in operator() (../../hdmi_vmix2.gen/sources_1/bd/top_design/ip/top_design_v_tpg_0_1/src/hls/hls_video_mem.h:857)                                              |
| INLINE               |                                                           | in shift_down (../../hdmi_vmix2.gen/sources_1/bd/top_design/ip/top_design_v_tpg_0_1/src/hls/hls_video_mem.h:867)                                              |
| INLINE               |                                                           | in shift_up (../../hdmi_vmix2.gen/sources_1/bd/top_design/ip/top_design_v_tpg_0_1/src/hls/hls_video_mem.h:877)                                                |
| INLINE               |                                                           | in insert_bottom (../../hdmi_vmix2.gen/sources_1/bd/top_design/ip/top_design_v_tpg_0_1/src/hls/hls_video_mem.h:887)                                           |
| INLINE               |                                                           | in insert_top (../../hdmi_vmix2.gen/sources_1/bd/top_design/ip/top_design_v_tpg_0_1/src/hls/hls_video_mem.h:897)                                              |
| ARRAY_RESHAPE        | variable=val dim=1                                        | in linebuffer<rows, cols, type-parameter-0-2, 1> (../../hdmi_vmix2.gen/sources_1/bd/top_design/ip/top_design_v_tpg_0_1/src/hls/hls_video_mem.h:926)           |
| DEPENDENCE           | variable=val inter false                                  | in linebuffer<rows, cols, type-parameter-0-2, 1> (../../hdmi_vmix2.gen/sources_1/bd/top_design/ip/top_design_v_tpg_0_1/src/hls/hls_video_mem.h:927)           |
| DEPENDENCE           | variable=val intra false                                  | in linebuffer<rows, cols, type-parameter-0-2, 1> (../../hdmi_vmix2.gen/sources_1/bd/top_design/ip/top_design_v_tpg_0_1/src/hls/hls_video_mem.h:928)           |
| INLINE               |                                                           | in shift_pixels_down (../../hdmi_vmix2.gen/sources_1/bd/top_design/ip/top_design_v_tpg_0_1/src/hls/hls_video_mem.h:980)                                       |
| UNROLL               |                                                           | in shift_pixels_down (../../hdmi_vmix2.gen/sources_1/bd/top_design/ip/top_design_v_tpg_0_1/src/hls/hls_video_mem.h:991)                                       |
| INLINE               |                                                           | in shift_pixels_up (../../hdmi_vmix2.gen/sources_1/bd/top_design/ip/top_design_v_tpg_0_1/src/hls/hls_video_mem.h:1020)                                        |
| UNROLL               |                                                           | in shift_pixels_up (../../hdmi_vmix2.gen/sources_1/bd/top_design/ip/top_design_v_tpg_0_1/src/hls/hls_video_mem.h:1031)                                        |
| INLINE               |                                                           | in insert_bottom_row (../../hdmi_vmix2.gen/sources_1/bd/top_design/ip/top_design_v_tpg_0_1/src/hls/hls_video_mem.h:1059)                                      |
| INLINE               |                                                           | in insert_top_row (../../hdmi_vmix2.gen/sources_1/bd/top_design/ip/top_design_v_tpg_0_1/src/hls/hls_video_mem.h:1091)                                         |
| INLINE               |                                                           | in get_col (../../hdmi_vmix2.gen/sources_1/bd/top_design/ip/top_design_v_tpg_0_1/src/hls/hls_video_mem.h:1123)                                                |
| UNROLL               |                                                           | in get_col (../../hdmi_vmix2.gen/sources_1/bd/top_design/ip/top_design_v_tpg_0_1/src/hls/hls_video_mem.h:1127)                                                |
| INLINE               |                                                           | in getval (../../hdmi_vmix2.gen/sources_1/bd/top_design/ip/top_design_v_tpg_0_1/src/hls/hls_video_mem.h:1136)                                                 |
| INLINE               |                                                           | in operator() (../../hdmi_vmix2.gen/sources_1/bd/top_design/ip/top_design_v_tpg_0_1/src/hls/hls_video_mem.h:1145)                                             |
| INLINE               |                                                           | in shift_down (../../hdmi_vmix2.gen/sources_1/bd/top_design/ip/top_design_v_tpg_0_1/src/hls/hls_video_mem.h:1155)                                             |
| INLINE               |                                                           | in shift_up (../../hdmi_vmix2.gen/sources_1/bd/top_design/ip/top_design_v_tpg_0_1/src/hls/hls_video_mem.h:1165)                                               |
| INLINE               |                                                           | in insert_bottom (../../hdmi_vmix2.gen/sources_1/bd/top_design/ip/top_design_v_tpg_0_1/src/hls/hls_video_mem.h:1175)                                          |
| INLINE               |                                                           | in insert_top (../../hdmi_vmix2.gen/sources_1/bd/top_design/ip/top_design_v_tpg_0_1/src/hls/hls_video_mem.h:1185)                                             |
| ARRAY_PARTITION      | variable=tmp complete dim=0                               | in prefilternorm (../../hdmi_vmix2.gen/sources_1/bd/top_design/ip/top_design_v_tpg_0_1/src/hls/hls_video_stereobm.h:167)                                      |
| ARRAY_PARTITION      | variable=tmp complete dim=0                               | in prefilternorm (../../hdmi_vmix2.gen/sources_1/bd/top_design/ip/top_design_v_tpg_0_1/src/hls/hls_video_stereobm.h:169)                                      |
| LOOP_FLATTEN         | off                                                       | in prefilternorm (../../hdmi_vmix2.gen/sources_1/bd/top_design/ip/top_design_v_tpg_0_1/src/hls/hls_video_stereobm.h:181)                                      |
| PIPELINE             | ii=1                                                      | in prefilternorm (../../hdmi_vmix2.gen/sources_1/bd/top_design/ip/top_design_v_tpg_0_1/src/hls/hls_video_stereobm.h:182)                                      |
| PIPELINE             | ii=1                                                      | in clip (../../hdmi_vmix2.gen/sources_1/bd/top_design/ip/top_design_v_tpg_0_1/src/hls/hls_video_stereobm.h:232)                                               |
| INLINE               |                                                           | in absdiff (../../hdmi_vmix2.gen/sources_1/bd/top_design/ip/top_design_v_tpg_0_1/src/hls/hls_video_stereobm.h:245)                                            |
| INLINE               |                                                           | in updatetexture (../../hdmi_vmix2.gen/sources_1/bd/top_design/ip/top_design_v_tpg_0_1/src/hls/hls_video_stereobm.h:268)                                      |
| INLINE               |                                                           | in sad_compute_inc (../../hdmi_vmix2.gen/sources_1/bd/top_design/ip/top_design_v_tpg_0_1/src/hls/hls_video_stereobm.h:285)                                    |
| INLINE               |                                                           | in find (../../hdmi_vmix2.gen/sources_1/bd/top_design/ip/top_design_v_tpg_0_1/src/hls/hls_video_stereobm.h:310)                                               |
| ARRAY_PARTITION      | variable=a complete dim=0                                 | in find (../../hdmi_vmix2.gen/sources_1/bd/top_design/ip/top_design_v_tpg_0_1/src/hls/hls_video_stereobm.h:311)                                               |
| INLINE               |                                                           | in find (../../hdmi_vmix2.gen/sources_1/bd/top_design/ip/top_design_v_tpg_0_1/src/hls/hls_video_stereobm.h:339)                                               |
| ARRAY_PARTITION      | variable=a complete dim=0                                 | in find (../../hdmi_vmix2.gen/sources_1/bd/top_design/ip/top_design_v_tpg_0_1/src/hls/hls_video_stereobm.h:340)                                               |
| INLINE               |                                                           | in find (../../hdmi_vmix2.gen/sources_1/bd/top_design/ip/top_design_v_tpg_0_1/src/hls/hls_video_stereobm.h:351)                                               |
| ARRAY_PARTITION      | variable=a complete dim=0                                 | in find (../../hdmi_vmix2.gen/sources_1/bd/top_design/ip/top_design_v_tpg_0_1/src/hls/hls_video_stereobm.h:352)                                               |
| ARRAY_PARTITION      | variable=l_tmp complete dim=0                             | in sadblockmatching (../../hdmi_vmix2.gen/sources_1/bd/top_design/ip/top_design_v_tpg_0_1/src/hls/hls_video_stereobm.h:390)                                   |
| ARRAY_PARTITION      | variable=r_tmp complete dim=0                             | in sadblockmatching (../../hdmi_vmix2.gen/sources_1/bd/top_design/ip/top_design_v_tpg_0_1/src/hls/hls_video_stereobm.h:392)                                   |
| ARRAY_PARTITION      | variable=sad complete dim=0                               | in sadblockmatching (../../hdmi_vmix2.gen/sources_1/bd/top_design/ip/top_design_v_tpg_0_1/src/hls/hls_video_stereobm.h:395)                                   |
| ARRAY_PARTITION      | variable=sad_cols complete dim=0                          | in sadblockmatching (../../hdmi_vmix2.gen/sources_1/bd/top_design/ip/top_design_v_tpg_0_1/src/hls/hls_video_stereobm.h:397)                                   |
| LOOP_FLATTEN         | off                                                       | in sadblockmatching (../../hdmi_vmix2.gen/sources_1/bd/top_design/ip/top_design_v_tpg_0_1/src/hls/hls_video_stereobm.h:414)                                   |
| PIPELINE             | ii=1                                                      | in sadblockmatching (../../hdmi_vmix2.gen/sources_1/bd/top_design/ip/top_design_v_tpg_0_1/src/hls/hls_video_stereobm.h:415)                                   |
| UNROLL               |                                                           | in sadblockmatching (../../hdmi_vmix2.gen/sources_1/bd/top_design/ip/top_design_v_tpg_0_1/src/hls/hls_video_stereobm.h:419)                                   |
| UNROLL               |                                                           | in sadblockmatching (../../hdmi_vmix2.gen/sources_1/bd/top_design/ip/top_design_v_tpg_0_1/src/hls/hls_video_stereobm.h:422)                                   |
| DATAFLOW             |                                                           | in findstereocorrespondencebm (../../hdmi_vmix2.gen/sources_1/bd/top_design/ip/top_design_v_tpg_0_1/src/hls/hls_video_stereobm.h:578)                         |
| LOOP_FLATTEN         | OFF                                                       | in remap_nearest (../../hdmi_vmix2.gen/sources_1/bd/top_design/ip/top_design_v_tpg_0_1/src/hls/hls_video_undistort.h:243)                                     |
| PIPELINE             | ii=1                                                      | in remap_nearest (../../hdmi_vmix2.gen/sources_1/bd/top_design/ip/top_design_v_tpg_0_1/src/hls/hls_video_undistort.h:246)                                     |
| DEPENDENCE           | array inter false                                         | in remap_nearest (../../hdmi_vmix2.gen/sources_1/bd/top_design/ip/top_design_v_tpg_0_1/src/hls/hls_video_undistort.h:247)                                     |
| ARRAY_PARTITION      | complete variable=buf dim=2                               | in remap_linear (../../hdmi_vmix2.gen/sources_1/bd/top_design/ip/top_design_v_tpg_0_1/src/hls/hls_video_undistort.h:288)                                      |
| ARRAY_PARTITION      | complete variable=buf dim=4                               | in remap_linear (../../hdmi_vmix2.gen/sources_1/bd/top_design/ip/top_design_v_tpg_0_1/src/hls/hls_video_undistort.h:289)                                      |
| LOOP_FLATTEN         | OFF                                                       | in remap_linear (../../hdmi_vmix2.gen/sources_1/bd/top_design/ip/top_design_v_tpg_0_1/src/hls/hls_video_undistort.h:303)                                      |
| PIPELINE             | ii=1                                                      | in remap_linear (../../hdmi_vmix2.gen/sources_1/bd/top_design/ip/top_design_v_tpg_0_1/src/hls/hls_video_undistort.h:306)                                      |
| DEPENDENCE           | array inter false                                         | in remap_linear (../../hdmi_vmix2.gen/sources_1/bd/top_design/ip/top_design_v_tpg_0_1/src/hls/hls_video_undistort.h:307)                                      |
| ARRAY_PARTITION      | variable=distCoeffs complete                              | in initundistortrectifymapinverse (../../hdmi_vmix2.gen/sources_1/bd/top_design/ip/top_design_v_tpg_0_1/src/hls/hls_video_undistort.h:687)                    |
| PIPELINE             | ii=1                                                      | in initundistortrectifymapinverse (../../hdmi_vmix2.gen/sources_1/bd/top_design/ip/top_design_v_tpg_0_1/src/hls/hls_video_undistort.h:701)                    |
| DATAFLOW             |                                                           | in v_tpghlsdataflow (prj/sol/.autopilot/db/v_tpg.cpp:332)                                                                                                     |
| STREAM               | variable=bckgndYUV depth=16                               | in v_tpghlsdataflow (prj/sol/.autopilot/db/v_tpg.cpp:334)                                                                                                     |
| STREAM               | variable=ovrlayYUV depth=16                               | in v_tpghlsdataflow (prj/sol/.autopilot/db/v_tpg.cpp:335)                                                                                                     |
| INTERFACE            | axis port=m_axis_video register                           | in v_tpg (prj/sol/.autopilot/db/v_tpg.cpp:431)                                                                                                                |
| INTERFACE            | s_axilite port=height bundle=CTRL offset=0x10             | in v_tpg (prj/sol/.autopilot/db/v_tpg.cpp:433)                                                                                                                |
| INTERFACE            | s_axilite port=width bundle=CTRL offset=0x18              | in v_tpg (prj/sol/.autopilot/db/v_tpg.cpp:434)                                                                                                                |
| INTERFACE            | s_axilite port=bckgndId bundle=CTRL offset=0x20           | in v_tpg (prj/sol/.autopilot/db/v_tpg.cpp:444)                                                                                                                |
| INTERFACE            | s_axilite port=ovrlayId bundle=CTRL offset=0x28           | in v_tpg (prj/sol/.autopilot/db/v_tpg.cpp:445)                                                                                                                |
| INTERFACE            | s_axilite port=maskId bundle=CTRL offset=0x30             | in v_tpg (prj/sol/.autopilot/db/v_tpg.cpp:446)                                                                                                                |
| INTERFACE            | s_axilite port=motionSpeed bundle=CTRL offset=0x38        | in v_tpg (prj/sol/.autopilot/db/v_tpg.cpp:447)                                                                                                                |
| INTERFACE            | s_axilite port=colorFormat bundle=CTRL offset=0x40        | in v_tpg (prj/sol/.autopilot/db/v_tpg.cpp:448)                                                                                                                |
| INTERFACE            | s_axilite port=crossHairX bundle=CTRL offset=0x48         | in v_tpg (prj/sol/.autopilot/db/v_tpg.cpp:449)                                                                                                                |
| INTERFACE            | s_axilite port=crossHairY bundle=CTRL offset=0x50         | in v_tpg (prj/sol/.autopilot/db/v_tpg.cpp:450)                                                                                                                |
| INTERFACE            | s_axilite port=ZplateHorContStart bundle=CTRL offset=0x58 | in v_tpg (prj/sol/.autopilot/db/v_tpg.cpp:451)                                                                                                                |
| INTERFACE            | s_axilite port=ZplateHorContDelta bundle=CTRL offset=0x60 | in v_tpg (prj/sol/.autopilot/db/v_tpg.cpp:452)                                                                                                                |
| INTERFACE            | s_axilite port=ZplateVerContStart bundle=CTRL offset=0x68 | in v_tpg (prj/sol/.autopilot/db/v_tpg.cpp:453)                                                                                                                |
| INTERFACE            | s_axilite port=ZplateVerContDelta bundle=CTRL offset=0x70 | in v_tpg (prj/sol/.autopilot/db/v_tpg.cpp:454)                                                                                                                |
| INTERFACE            | s_axilite port=boxSize bundle=CTRL offset=0x78            | in v_tpg (prj/sol/.autopilot/db/v_tpg.cpp:455)                                                                                                                |
| INTERFACE            | s_axilite port=boxColorR bundle=CTRL offset=0x80          | in v_tpg (prj/sol/.autopilot/db/v_tpg.cpp:456)                                                                                                                |
| INTERFACE            | s_axilite port=boxColorG bundle=CTRL offset=0x88          | in v_tpg (prj/sol/.autopilot/db/v_tpg.cpp:457)                                                                                                                |
| INTERFACE            | s_axilite port=boxColorB bundle=CTRL offset=0x90          | in v_tpg (prj/sol/.autopilot/db/v_tpg.cpp:458)                                                                                                                |
| INTERFACE            | s_axilite port=dpDynamicRange bundle=CTRL offset=0xc0     | in v_tpg (prj/sol/.autopilot/db/v_tpg.cpp:459)                                                                                                                |
| INTERFACE            | s_axilite port=dpYUVCoef bundle=CTRL offset=0xc8          | in v_tpg (prj/sol/.autopilot/db/v_tpg.cpp:460)                                                                                                                |
| INTERFACE            | s_axilite port=field_id bundle=CTRL offset=0xd0           | in v_tpg (prj/sol/.autopilot/db/v_tpg.cpp:461)                                                                                                                |
| INTERFACE            | s_axilite port=bck_motion_en bundle=CTRL offset=0xd8      | in v_tpg (prj/sol/.autopilot/db/v_tpg.cpp:462)                                                                                                                |
| INTERFACE            | s_axilite port=return bundle=CTRL                         | in v_tpg (prj/sol/.autopilot/db/v_tpg.cpp:463)                                                                                                                |
| STABLE               | variable=width                                            | in v_tpg (prj/sol/.autopilot/db/v_tpg.cpp:465)                                                                                                                |
| STABLE               | variable=height                                           | in v_tpg (prj/sol/.autopilot/db/v_tpg.cpp:466)                                                                                                                |
| STABLE               | variable=field_id                                         | in v_tpg (prj/sol/.autopilot/db/v_tpg.cpp:467)                                                                                                                |
| STABLE               | variable=bck_motion_en                                    | in v_tpg (prj/sol/.autopilot/db/v_tpg.cpp:468)                                                                                                                |
| INTERFACE            | ap_none port=fid                                          | in v_tpg (prj/sol/.autopilot/db/v_tpg.cpp:469)                                                                                                                |
| STABLE               | variable=fid_in                                           | in v_tpg (prj/sol/.autopilot/db/v_tpg.cpp:470)                                                                                                                |
| STABLE               | variable=bckgndId                                         | in v_tpg (prj/sol/.autopilot/db/v_tpg.cpp:480)                                                                                                                |
| STABLE               | variable=ovrlayId                                         | in v_tpg (prj/sol/.autopilot/db/v_tpg.cpp:481)                                                                                                                |
| STABLE               | variable=maskId                                           | in v_tpg (prj/sol/.autopilot/db/v_tpg.cpp:482)                                                                                                                |
| STABLE               | variable=motionSpeed                                      | in v_tpg (prj/sol/.autopilot/db/v_tpg.cpp:483)                                                                                                                |
| STABLE               | variable=colorFormat                                      | in v_tpg (prj/sol/.autopilot/db/v_tpg.cpp:484)                                                                                                                |
| STABLE               | variable=crossHairX                                       | in v_tpg (prj/sol/.autopilot/db/v_tpg.cpp:485)                                                                                                                |
| STABLE               | variable=crossHairY                                       | in v_tpg (prj/sol/.autopilot/db/v_tpg.cpp:486)                                                                                                                |
| STABLE               | variable=ZplateHorContStart                               | in v_tpg (prj/sol/.autopilot/db/v_tpg.cpp:487)                                                                                                                |
| STABLE               | variable=ZplateHorContDelta                               | in v_tpg (prj/sol/.autopilot/db/v_tpg.cpp:488)                                                                                                                |
| STABLE               | variable=ZplateVerContStart                               | in v_tpg (prj/sol/.autopilot/db/v_tpg.cpp:489)                                                                                                                |
| STABLE               | variable=ZplateVerContDelta                               | in v_tpg (prj/sol/.autopilot/db/v_tpg.cpp:490)                                                                                                                |
| STABLE               | variable=boxSize                                          | in v_tpg (prj/sol/.autopilot/db/v_tpg.cpp:491)                                                                                                                |
| STABLE               | variable=boxColorR                                        | in v_tpg (prj/sol/.autopilot/db/v_tpg.cpp:492)                                                                                                                |
| STABLE               | variable=boxColorG                                        | in v_tpg (prj/sol/.autopilot/db/v_tpg.cpp:493)                                                                                                                |
| STABLE               | variable=boxColorB                                        | in v_tpg (prj/sol/.autopilot/db/v_tpg.cpp:494)                                                                                                                |
| STABLE               | variable=dpDynamicRange                                   | in v_tpg (prj/sol/.autopilot/db/v_tpg.cpp:495)                                                                                                                |
| STABLE               | variable=dpYUVCoef                                        | in v_tpg (prj/sol/.autopilot/db/v_tpg.cpp:496)                                                                                                                |
| LOOP_FLATTEN         | OFF                                                       | in tpgbackground (prj/sol/.autopilot/db/v_tpg.cpp:567)                                                                                                        |
| PIPELINE             | ii=1                                                      | in tpgbackground (prj/sol/.autopilot/db/v_tpg.cpp:568)                                                                                                        |
| LOOP_FLATTEN         | OFF                                                       | in tpgforeground (prj/sol/.autopilot/db/v_tpg.cpp:776)                                                                                                        |
| PIPELINE             | ii=1                                                      | in tpgforeground (prj/sol/.autopilot/db/v_tpg.cpp:777)                                                                                                        |
| PIPELINE             | ii=1                                                      | in axivideo2multipixstream (prj/sol/.autopilot/db/v_tpg.cpp:839)                                                                                              |
| LOOP_TRIPCOUNT       | avg=0 max=0                                               | in axivideo2multipixstream (prj/sol/.autopilot/db/v_tpg.cpp:840)                                                                                              |
| LOOP_FLATTEN         | off                                                       | in axivideo2multipixstream (prj/sol/.autopilot/db/v_tpg.cpp:852)                                                                                              |
| PIPELINE             | ii=1                                                      | in axivideo2multipixstream (prj/sol/.autopilot/db/v_tpg.cpp:853)                                                                                              |
| ARRAY_PARTITION      | variable=map complete dim=0                               | in axivideo2multipixstream (prj/sol/.autopilot/db/v_tpg.cpp:876)                                                                                              |
| PIPELINE             | ii=1                                                      | in axivideo2multipixstream (prj/sol/.autopilot/db/v_tpg.cpp:899)                                                                                              |
| LOOP_TRIPCOUNT       | avg=0 max=0                                               | in axivideo2multipixstream (prj/sol/.autopilot/db/v_tpg.cpp:900)                                                                                              |
| LOOP_FLATTEN         | off                                                       | in multipixstream2axivideo (prj/sol/.autopilot/db/v_tpg.cpp:983)                                                                                              |
| PIPELINE             | ii=1                                                      | in multipixstream2axivideo (prj/sol/.autopilot/db/v_tpg.cpp:984)                                                                                              |
+----------------------+-----------------------------------------------------------+---------------------------------------------------------------------------------------------------------------------------------------------------------------+


